{
"type": "FeatureCollection",
"name": "Samos_WCMC013_014_Seagrasses_Py_v7_1",
"crs": { "type": "name", "properties": { "name": "urn:ogc:def:crs:OGC:1.3:CRS84" } },
"features": [
{ "type": "Feature", "properties": { "datasetID": 583.0, "BIO_CLASS": "Posidonia beds (posidonion oceanicae) (Posidonia oceanica meadows (= association with Posidonia oceanica))", "fieldNotes": "Not reported", "habitat": "Posidonia beds", "AREA_SQKM": 0.01154549155, "vernacular": "Neptune grass", "FAMILY": "Posidoniaceae", "GENUS": "Posidonia", "scientific": "Posidonia oceanica", "habitatID": "EUNIS:A5.535", "nameAccord": "urn:lsid:marinespecies.org:taxname:145794", "eventDate": "2018-01-17", "verif": "Panayotidis Panayotis", "Shape_Leng": 920.48572607899996, "Shape_Area": 11565.056470199999 }, "geometry": { "type": "MultiPolygon", "coordinates": [ [ [ [ 26.580999054963822, 37.747161504995425 ], [ 26.581057795257472, 37.747094077048708 ], [ 26.581033610467738, 37.747037282841887 ], [ 26.580936792196052, 37.74712759519533 ], [ 26.580889186039514, 37.747036038940998 ], [ 26.580808593624944, 37.746954024602964 ], [ 26.580826808064007, 37.746838980207642 ], [ 26.580814026002724, 37.746790756337219 ], [ 26.58071200092991, 37.746731256936414 ], [ 26.580815594248364, 37.746676075393502 ], [ 26.580770282887261, 37.746650610394575 ], [ 26.580806217710435, 37.746566043883263 ], [ 26.580837980801263, 37.74652125472231 ], [ 26.580990859394326, 37.746606091742372 ], [ 26.581015278876006, 37.746989180926015 ], [ 26.581128092611948, 37.747039623002308 ], [ 26.581244773137911, 37.747041474266361 ], [ 26.581304244002443, 37.747154818692479 ], [ 26.581521875845421, 37.747185325669832 ], [ 26.581443767005378, 37.74701506590673 ], [ 26.581381963984697, 37.746994374896239 ], [ 26.581342968314569, 37.746990819126303 ], [ 26.581296434342011, 37.746930106707701 ], [ 26.581194562297611, 37.746875016169319 ], [ 26.58118579875433, 37.746782608664098 ], [ 26.581166855825312, 37.746716881814557 ], [ 26.581143588512827, 37.746686526087124 ], [ 26.581150552059938, 37.746567317839848 ], [ 26.580989672758228, 37.74641210207146 ], [ 26.580880655762421, 37.746271184598868 ], [ 26.580782403365433, 37.746240264899143 ], [ 26.580701277100129, 37.746302673648991 ], [ 26.580569252224869, 37.746498478224034 ], [ 26.580437466112247, 37.746501364738151 ], [ 26.580432300589205, 37.74635265936584 ], [ 26.580389536874023, 37.746320524931491 ], [ 26.580333665448588, 37.746310725821971 ], [ 26.580226131621114, 37.746412293916265 ], [ 26.580083967897387, 37.74631619560634 ], [ 26.579997673310029, 37.746229895564191 ], [ 26.580209822300191, 37.746142571799538 ], [ 26.580018914513051, 37.746042029372106 ], [ 26.579948788020083, 37.746021517046998 ], [ 26.579767685886651, 37.746003435047832 ], [ 26.579541717177097, 37.745892635651678 ], [ 26.579380658373811, 37.745852068101406 ], [ 26.579351958862606, 37.745825136528801 ], [ 26.579398214752697, 37.745757982218095 ], [ 26.579293411610688, 37.745738230226522 ], [ 26.579181859919967, 37.745724137196767 ], [ 26.579135654919099, 37.745592864576281 ], [ 26.579064742659124, 37.745449732201898 ], [ 26.578994349574163, 37.745496017855615 ], [ 26.57898379293227, 37.74550295871542 ], [ 26.579085269948273, 37.745640749553409 ], [ 26.579093758424069, 37.745651825232514 ], [ 26.579103224822063, 37.745666621980064 ], [ 26.579164739118522, 37.745746887967449 ], [ 26.579248973751753, 37.745875589800271 ], [ 26.579342152712684, 37.74599366159228 ], [ 26.579434631255655, 37.746119883752613 ], [ 26.579602687987332, 37.746308570442316 ], [ 26.579687221180961, 37.746417475494177 ], [ 26.579832061496205, 37.746571694026649 ], [ 26.579961015081828, 37.746691285966733 ], [ 26.580106865663591, 37.746874628058407 ], [ 26.58026658019957, 37.747034351231839 ], [ 26.580379852462897, 37.747125138335221 ], [ 26.580438356937961, 37.747163799185117 ], [ 26.580497202546233, 37.747202683715059 ], [ 26.580582667115962, 37.74723192823199 ], [ 26.580694550886729, 37.747270208947846 ], [ 26.580848272129781, 37.747295584734545 ], [ 26.580912361947505, 37.747297809967449 ], [ 26.580932004490059, 37.747314412132894 ], [ 26.580942308068199, 37.747311431894239 ], [ 26.581003648131617, 37.747293689264055 ], [ 26.580999054963822, 37.747161504995425 ] ] ] ] } },
{ "type": "Feature", "properties": { "datasetID": 583.0, "BIO_CLASS": "Posidonia beds (posidonion oceanicae) (Posidonia oceanica meadows (= association with Posidonia oceanica))", "fieldNotes": "Not reported", "habitat": "Posidonia beds", "AREA_SQKM": 0.00090785043, "vernacular": "Neptune grass", "FAMILY": "Posidoniaceae", "GENUS": "Posidonia", "scientific": "Posidonia oceanica", "habitatID": "EUNIS:A5.535", "nameAccord": "urn:lsid:marinespecies.org:taxname:145794", "eventDate": "2018-01-17", "verif": "Panayotidis Panayotis", "Shape_Leng": 138.62680431000001, "Shape_Area": 909.38768197800005 }, "geometry": { "type": "MultiPolygon", "coordinates": [ [ [ [ 26.591872207117149, 37.752246527473119 ], [ 26.591872995605137, 37.752244460438924 ], [ 26.591918245635842, 37.752243464938275 ], [ 26.591931194167408, 37.752225202895481 ], [ 26.591933587513836, 37.752164022942623 ], [ 26.592052118718797, 37.752186584374186 ], [ 26.592077888660342, 37.752146465537415 ], [ 26.59223224325773, 37.752157450519334 ], [ 26.592160226129412, 37.75204037937678 ], [ 26.592104672649331, 37.752005645638128 ], [ 26.592062190151719, 37.751956239343322 ], [ 26.591943537355494, 37.751930085830928 ], [ 26.591816958503269, 37.751936467280558 ], [ 26.591842845975634, 37.752029385560334 ], [ 26.591770194436826, 37.752023791843122 ], [ 26.591709098222061, 37.752089858189116 ], [ 26.59173335668957, 37.752136069368753 ], [ 26.591802484969591, 37.752170505187614 ], [ 26.59180492710988, 37.752179372743463 ], [ 26.591832680631772, 37.752192311595628 ], [ 26.591850905122939, 37.752227868467564 ], [ 26.591872207117149, 37.752246527473119 ] ] ] ] } },
{ "type": "Feature", "properties": { "datasetID": 583.0, "BIO_CLASS": "Posidonia beds (posidonion oceanicae) (Posidonia oceanica meadows (= association with Posidonia oceanica))", "fieldNotes": "Not reported", "habitat": "Posidonia beds", "AREA_SQKM": 0.00211403783, "vernacular": "Neptune grass", "FAMILY": "Posidoniaceae", "GENUS": "Posidonia", "scientific": "Posidonia oceanica", "habitatID": "EUNIS:A5.535", "nameAccord": "urn:lsid:marinespecies.org:taxname:145794", "eventDate": "2018-01-17", "verif": "Panayotidis Panayotis", "Shape_Leng": 396.75147175000001, "Shape_Area": 2117.61737971 }, "geometry": { "type": "MultiPolygon", "coordinates": [ [ [ [ 26.591457953510194, 37.752160106365359 ], [ 26.591309387742772, 37.752055503721799 ], [ 26.591029848518534, 37.751960974595264 ], [ 26.59073207059668, 37.75199269353665 ], [ 26.590597261960081, 37.751990266675428 ], [ 26.590442644343117, 37.7521015371887 ], [ 26.590407696900964, 37.752112203006931 ], [ 26.590447824065237, 37.752130138805235 ], [ 26.590595398480364, 37.752126894146969 ], [ 26.59084857114809, 37.752102563632214 ], [ 26.591017956593962, 37.752047240897753 ], [ 26.591095351470699, 37.752064301428369 ], [ 26.591161919001099, 37.752109741664235 ], [ 26.591222911248646, 37.752164686904138 ], [ 26.591328836310677, 37.752152976073091 ], [ 26.591353591387136, 37.752185263523806 ], [ 26.591428681652882, 37.752305567036103 ], [ 26.591506237129739, 37.752327311571804 ], [ 26.591595108862766, 37.752334738045207 ], [ 26.59163839333948, 37.752390071469613 ], [ 26.591665931296067, 37.752502038883065 ], [ 26.591691341207845, 37.752553074720112 ], [ 26.591740365055646, 37.752603592484711 ], [ 26.59173576953739, 37.752641218237365 ], [ 26.591709037223513, 37.752721545415135 ], [ 26.59170525961288, 37.752782606186685 ], [ 26.591735919614969, 37.752814763776911 ], [ 26.591766416964326, 37.752842237377315 ], [ 26.591819545327532, 37.752841068588843 ], [ 26.591804630372003, 37.752752276048518 ], [ 26.591816448933276, 37.752583156394095 ], [ 26.591887122680891, 37.752576910191607 ], [ 26.591914346079385, 37.752510643874736 ], [ 26.591883523674447, 37.752473797927266 ], [ 26.591799245639944, 37.752428748381661 ], [ 26.591844555070782, 37.752375310465744 ], [ 26.591763880789717, 37.75236192424488 ], [ 26.591742144776688, 37.752258126912643 ], [ 26.591568309762518, 37.752208016808247 ], [ 26.591457953510194, 37.752160106365359 ] ] ] ] } },
{ "type": "Feature", "properties": { "datasetID": 583.0, "BIO_CLASS": "Posidonia beds (posidonion oceanicae) (Posidonia oceanica meadows (= association with Posidonia oceanica))", "fieldNotes": "Not reported", "habitat": "Posidonia beds", "AREA_SQKM": 0.00041965799, "vernacular": "Neptune grass", "FAMILY": "Posidoniaceae", "GENUS": "Posidonia", "scientific": "Posidonia oceanica", "habitatID": "EUNIS:A5.535", "nameAccord": "urn:lsid:marinespecies.org:taxname:145794", "eventDate": "2018-01-17", "verif": "Panayotidis Panayotis", "Shape_Leng": 85.196437316100003, "Shape_Area": 420.36850659300001 }, "geometry": { "type": "MultiPolygon", "coordinates": [ [ [ [ 26.590043182637849, 37.752935255103985 ], [ 26.590024329618391, 37.752902836682644 ], [ 26.589935948287302, 37.752909470134163 ], [ 26.589838212423082, 37.752986666798613 ], [ 26.589821947342788, 37.753125211705829 ], [ 26.589868663624266, 37.75313990468954 ], [ 26.589988888444168, 37.753144074141055 ], [ 26.590067103216168, 37.753112969469122 ], [ 26.590010381328099, 37.753011024829782 ], [ 26.590043182637849, 37.752935255103985 ] ] ] ] } },
{ "type": "Feature", "properties": { "datasetID": 583.0, "BIO_CLASS": "Posidonia beds (posidonion oceanicae) (Posidonia oceanica meadows (= association with Posidonia oceanica))", "fieldNotes": "Not reported", "habitat": "Posidonia beds", "AREA_SQKM": 0.00047029964, "vernacular": "Neptune grass", "FAMILY": "Posidoniaceae", "GENUS": "Posidonia", "scientific": "Posidonia oceanica", "habitatID": "EUNIS:A5.535", "nameAccord": "urn:lsid:marinespecies.org:taxname:145794", "eventDate": "2018-01-17", "verif": "Panayotidis Panayotis", "Shape_Leng": 120.52739799699999, "Shape_Area": 471.09584341499999 }, "geometry": { "type": "MultiPolygon", "coordinates": [ [ [ [ 26.591661437009542, 37.753304217924494 ], [ 26.591557314495571, 37.75328305679249 ], [ 26.59140563207778, 37.753380204398724 ], [ 26.59140254655901, 37.753503398793292 ], [ 26.591323846812681, 37.753623027650107 ], [ 26.591365823754646, 37.753650176010709 ], [ 26.591480424894574, 37.753618948367667 ], [ 26.591521834509745, 37.753535952582091 ], [ 26.591517746353617, 37.753418779832529 ], [ 26.591560178792776, 37.753365078183883 ], [ 26.591663277610188, 37.753356946153005 ], [ 26.591661437009542, 37.753304217924494 ] ] ] ] } },
{ "type": "Feature", "properties": { "datasetID": 583.0, "BIO_CLASS": "Posidonia beds (posidonion oceanicae) (Posidonia oceanica meadows (= association with Posidonia oceanica))", "fieldNotes": "Not reported", "habitat": "Posidonia beds", "AREA_SQKM": 0.00901388954, "vernacular": "Neptune grass", "FAMILY": "Posidoniaceae", "GENUS": "Posidonia", "scientific": "Posidonia oceanica", "habitatID": "EUNIS:A5.535", "nameAccord": "urn:lsid:marinespecies.org:taxname:145794", "eventDate": "2018-01-17", "verif": "Panayotidis Panayotis", "Shape_Leng": 619.53762105700002, "Shape_Area": 9029.0918163400002 }, "geometry": { "type": "MultiPolygon", "coordinates": [ [ [ [ 26.649860264946572, 37.78283170272173 ], [ 26.649892187755427, 37.782770044617465 ], [ 26.649912403063048, 37.782770571624845 ], [ 26.649885875121694, 37.782746278885213 ], [ 26.649747839618314, 37.782737240179472 ], [ 26.649578360692889, 37.782704621437396 ], [ 26.649573159101667, 37.782559007456051 ], [ 26.649539545960003, 37.782474753586342 ], [ 26.649460501576741, 37.782403667838253 ], [ 26.649365732527318, 37.782320790794429 ], [ 26.649378855010482, 37.782259774807109 ], [ 26.649280618083004, 37.782079820905444 ], [ 26.64926186359747, 37.781983090655821 ], [ 26.64927498394222, 37.781922074773135 ], [ 26.649195939784864, 37.781850986571818 ], [ 26.649025595676505, 37.781794099228762 ], [ 26.648887994988694, 37.781797193171187 ], [ 26.648932995153231, 37.781771893406741 ], [ 26.648868372953366, 37.781676193442905 ], [ 26.648834328330331, 37.781579805590574 ], [ 26.648754850917534, 37.781496583157612 ], [ 26.648632540030302, 37.781499334012253 ], [ 26.648597196573807, 37.781366544086936 ], [ 26.648411998091436, 37.781322134310287 ], [ 26.648240354897855, 37.781228838796274 ], [ 26.648176600268243, 37.781157406878407 ], [ 26.648053857039162, 37.781148023394607 ], [ 26.647994865782856, 37.781210070938023 ], [ 26.647914489513873, 37.781200667114334 ], [ 26.647733659093781, 37.781179510944305 ], [ 26.647815298879156, 37.781323405838876 ], [ 26.648031509335095, 37.781379266449939 ], [ 26.648127575793836, 37.781498547927463 ], [ 26.648224505912019, 37.781642099087527 ], [ 26.64831970519338, 37.78173711198346 ], [ 26.64846033850035, 37.781818957762148 ], [ 26.648555106201133, 37.781901834594791 ], [ 26.648664294726817, 37.781960100494345 ], [ 26.648778683178104, 37.782163979108503 ], [ 26.648999662592178, 37.782353314859371 ], [ 26.648964947654413, 37.782609370214153 ], [ 26.64898915296401, 37.782566922285042 ], [ 26.649273839724909, 37.782655310900587 ], [ 26.64933810181854, 37.78278251329408 ], [ 26.649555321277031, 37.782892733034089 ], [ 26.649830277167691, 37.782947485251626 ], [ 26.64981081166707, 37.78288021306453 ], [ 26.649860264946572, 37.78283170272173 ] ] ] ] } },
{ "type": "Feature", "properties": { "datasetID": 583.0, "BIO_CLASS": "Posidonia beds (posidonion oceanicae) (Posidonia oceanica meadows (= association with Posidonia oceanica))", "fieldNotes": "Not reported", "habitat": "Posidonia beds", "AREA_SQKM": 0.00147078272, "vernacular": "Neptune grass", "FAMILY": "Posidoniaceae", "GENUS": "Posidonia", "scientific": "Posidonia oceanica", "habitatID": "EUNIS:A5.535", "nameAccord": "urn:lsid:marinespecies.org:taxname:145794", "eventDate": "2018-01-17", "verif": "Panayotidis Panayotis", "Shape_Leng": 271.873852371, "Shape_Area": 1473.26239833 }, "geometry": { "type": "MultiPolygon", "coordinates": [ [ [ [ 26.652853936739469, 37.784504748324522 ], [ 26.652872274716483, 37.784357619180057 ], [ 26.652902431988533, 37.784370102105143 ], [ 26.65304475140141, 37.784341246450445 ], [ 26.653043944537902, 37.784428671147793 ], [ 26.653126476439372, 37.78442681069 ], [ 26.653164216442519, 37.784382258743598 ], [ 26.653458711150684, 37.784384846936916 ], [ 26.653459083627936, 37.784378735016112 ], [ 26.653512542398964, 37.784333827613047 ], [ 26.653471456126816, 37.784284806701436 ], [ 26.653434970775596, 37.78425441423753 ], [ 26.653375124486399, 37.784230788921455 ], [ 26.65333908627564, 37.784212873191301 ], [ 26.65331034634378, 37.784179182497567 ], [ 26.653274420103219, 37.784164382857881 ], [ 26.653239047904524, 37.784165179564262 ], [ 26.653204123929232, 37.784178452993878 ], [ 26.653175362034425, 37.784254020747511 ], [ 26.653148519480482, 37.784273355698353 ], [ 26.653105402649242, 37.78427744887923 ], [ 26.65306891488736, 37.784247055532234 ], [ 26.653028386135478, 37.784213630106755 ], [ 26.652988640893863, 37.784202037628326 ], [ 26.652957199476838, 37.784202747678663 ], [ 26.65288802007387, 37.784248008750701 ], [ 26.652870489424714, 37.784307714899292 ], [ 26.652797267790643, 37.784349943910229 ], [ 26.65274188580436, 37.784451084183452 ], [ 26.652718640404061, 37.784460973614607 ], [ 26.652636220799497, 37.7844659519318 ], [ 26.652578831274241, 37.784510947789826 ], [ 26.652547948536174, 37.78452724979369 ], [ 26.652539169234416, 37.78461173267771 ], [ 26.652509400239111, 37.784659227456856 ], [ 26.652562021450994, 37.784673795460449 ], [ 26.652568688023269, 37.784667256438361 ], [ 26.652681657888547, 37.784636616325749 ], [ 26.65270322936291, 37.784579941281919 ], [ 26.652800476942566, 37.784549657535045 ], [ 26.652853936739469, 37.784504748324522 ] ] ] ] } },
{ "type": "Feature", "properties": { "datasetID": 583.0, "BIO_CLASS": "Posidonia beds (posidonion oceanicae) (Posidonia oceanica meadows (= association with Posidonia oceanica))", "fieldNotes": "Not reported", "habitat": "Posidonia beds", "AREA_SQKM": 0.1916906605, "vernacular": "Neptune grass", "FAMILY": "Posidoniaceae", "GENUS": "Posidonia", "scientific": "Posidonia oceanica", "habitatID": "EUNIS:A5.535", "nameAccord": "urn:lsid:marinespecies.org:taxname:145794", "eventDate": "2018-01-17", "verif": "Panayotidis Panayotis", "Shape_Leng": 3714.06778545, "Shape_Area": 192015.115303 }, "geometry": { "type": "MultiPolygon", "coordinates": [ [ [ [ 26.593627626147399, 37.759082389136573 ], [ 26.593524826997868, 37.758923786124164 ], [ 26.593517390499851, 37.75891661756949 ], [ 26.593452025792683, 37.758918055170611 ], [ 26.5933323998111, 37.75898989368465 ], [ 26.593216674774759, 37.759061269822695 ], [ 26.593035983508432, 37.759077761577927 ], [ 26.593011573022537, 37.759074439885616 ], [ 26.592838013427084, 37.75905083438743 ], [ 26.592748984694182, 37.758983966451453 ], [ 26.592651207264673, 37.758892261460971 ], [ 26.592569179356001, 37.758800211701285 ], [ 26.592531128452471, 37.758613337020066 ], [ 26.592509047120412, 37.758432366744998 ], [ 26.592573525901589, 37.758309629017937 ], [ 26.592575557732729, 37.758305762714038 ], [ 26.592667874341167, 37.758241161057235 ], [ 26.592769159283705, 37.758207644557551 ], [ 26.592941536364851, 37.758178821026647 ], [ 26.592992503715855, 37.758177699065428 ], [ 26.593067537170526, 37.758176047510219 ], [ 26.593232912523284, 37.758172405778005 ], [ 26.593350821428626, 37.758163554751007 ], [ 26.593468382558328, 37.758160964249711 ], [ 26.593509493552865, 37.758150652640353 ], [ 26.59364954030471, 37.758069580581243 ], [ 26.593790824882539, 37.758023931201102 ], [ 26.594013159234841, 37.757997767158258 ], [ 26.594091979975918, 37.757953490847399 ], [ 26.594117015900611, 37.757903311217248 ], [ 26.594123218088825, 37.757825186944679 ], [ 26.594119504675714, 37.757718921786434 ], [ 26.594026808976157, 37.757621706616469 ], [ 26.593917504710713, 37.757560305725129 ], [ 26.593923458587863, 37.757475100614855 ], [ 26.593991872157996, 37.757388516303799 ], [ 26.594059294941797, 37.757273594017576 ], [ 26.594127954578159, 37.757194095178988 ], [ 26.594246192753594, 37.75700006679741 ], [ 26.594414243636898, 37.756953827069658 ], [ 26.594537927115525, 37.756915652336616 ], [ 26.594542888619841, 37.756802107791344 ], [ 26.594556278397778, 37.756674197188886 ], [ 26.594552565548838, 37.756567932651166 ], [ 26.594567439227415, 37.756482529042266 ], [ 26.594562487429101, 37.756340841374204 ], [ 26.594478718318992, 37.756243430608919 ], [ 26.594356778791862, 37.756075963033453 ], [ 26.594234903442697, 37.75591026472442 ], [ 26.594109741315609, 37.755842122953183 ], [ 26.594019274927845, 37.755808667865693 ], [ 26.593916727340453, 37.755748889898044 ], [ 26.593851662062217, 37.755803497534501 ], [ 26.593683434670393, 37.755780613869504 ], [ 26.593680029731804, 37.75568320514931 ], [ 26.593731157517478, 37.75554914446105 ], [ 26.593682831710936, 37.755443862784844 ], [ 26.593626755085612, 37.755436235499566 ], [ 26.59355983537202, 37.755437711092348 ], [ 26.59336929832282, 37.755415318155201 ], [ 26.593289059755325, 37.755355050505706 ], [ 26.593307345747398, 37.755239438909619 ], [ 26.593305181434371, 37.755177449938607 ], [ 26.593225870196552, 37.755143748295374 ], [ 26.593146249998302, 37.755101189579626 ], [ 26.593086771770324, 37.754996153042768 ], [ 26.592959756540274, 37.754874878898065 ], [ 26.592856900587865, 37.75480624414854 ], [ 26.592795770428271, 37.754802911034723 ], [ 26.5926597948324, 37.754838588617183 ], [ 26.592498586650979, 37.754927214999363 ], [ 26.592307045727367, 37.754965460076569 ], [ 26.592052840774038, 37.755050459871207 ], [ 26.592023282374623, 37.755226937495372 ], [ 26.591817264193597, 37.755259830185643 ], [ 26.591730616602113, 37.755233377403435 ], [ 26.591622358611385, 37.755201729554081 ], [ 26.591626314355739, 37.755315076903486 ], [ 26.591592402513136, 37.75536686938932 ], [ 26.591552346624994, 37.755447157008312 ], [ 26.591548964173267, 37.755554994672657 ], [ 26.591163501862411, 37.755563475136874 ], [ 26.59104195282897, 37.755560478859394 ], [ 26.590905339237807, 37.755535124995937 ], [ 26.59075484412713, 37.75552142027793 ], [ 26.590703293190263, 37.755477178119783 ], [ 26.590650954443106, 37.755410268074343 ], [ 26.590632918623111, 37.755302899955446 ], [ 26.590671398721874, 37.755177273115272 ], [ 26.590606560979943, 37.75516168436949 ], [ 26.590504847275856, 37.755112874946434 ], [ 26.590395797741518, 37.755058555723174 ], [ 26.590328193099772, 37.754963621115742 ], [ 26.590322460157843, 37.754799265828353 ], [ 26.590392256532265, 37.754752355573707 ], [ 26.590415471262446, 37.754598706200369 ], [ 26.590231285709589, 37.754438273144373 ], [ 26.590459705623964, 37.754433248727814 ], [ 26.590523552838491, 37.754420501581173 ], [ 26.590584236053715, 37.754317075376562 ], [ 26.590597741405563, 37.754089906238463 ], [ 26.590759739857411, 37.753884887876524 ], [ 26.59068479523598, 37.753779046563118 ], [ 26.590662301674847, 37.753784879924076 ], [ 26.590666692997161, 37.75373652262229 ], [ 26.590598444250801, 37.753685254842047 ], [ 26.590533258416876, 37.753721867610828 ], [ 26.590291597557378, 37.75377995012402 ], [ 26.590098521040396, 37.753749016869158 ], [ 26.590070027555395, 37.753778960804411 ], [ 26.58998025511054, 37.753745754502035 ], [ 26.589969403058443, 37.753646321291598 ], [ 26.589841304297629, 37.753572914546424 ], [ 26.589802981718247, 37.753532715857695 ], [ 26.589807294846072, 37.753444674498482 ], [ 26.589910802397004, 37.7534482613286 ], [ 26.589918998216373, 37.753471532846739 ], [ 26.589861807160538, 37.7535255598766 ], [ 26.589936412907928, 37.753547372623295 ], [ 26.590003232907947, 37.753557629177074 ], [ 26.590023325033012, 37.75349855652707 ], [ 26.590053247995439, 37.753509623806515 ], [ 26.590082354813092, 37.753497257770661 ], [ 26.590134415566389, 37.753507838789922 ], [ 26.590179301782563, 37.753524442362412 ], [ 26.590244278282924, 37.753481970638951 ], [ 26.590332008754675, 37.753456587867227 ], [ 26.590345336111469, 37.753415252238227 ], [ 26.590240395808124, 37.753370655141083 ], [ 26.590143858898003, 37.753355190313385 ], [ 26.590047321220972, 37.753339721950447 ], [ 26.59000202716534, 37.753311402189006 ], [ 26.589886009639148, 37.75337258515026 ], [ 26.589724901166093, 37.7534113055764 ], [ 26.589658288330934, 37.753406908019173 ], [ 26.589469322383096, 37.753282073664131 ], [ 26.589400664760099, 37.753219086266611 ], [ 26.589413992488744, 37.753177750687392 ], [ 26.589583500259142, 37.75316816165472 ], [ 26.589708537566885, 37.752996355726545 ], [ 26.589701790745828, 37.752970904057008 ], [ 26.58963587461043, 37.752944210220804 ], [ 26.589572248973266, 37.752983134791506 ], [ 26.589478618070547, 37.753008644813676 ], [ 26.58946501292283, 37.752957347163083 ], [ 26.589469608328066, 37.752919723118325 ], [ 26.58937942886859, 37.752874799898017 ], [ 26.589321379604545, 37.752904218541175 ], [ 26.589221192801659, 37.752911112804156 ], [ 26.589119533959334, 37.752875821925045 ], [ 26.589094449942831, 37.752834158414402 ], [ 26.589069692682298, 37.752801869973311 ], [ 26.588939501244429, 37.752795351459234 ], [ 26.588816355090433, 37.752821508622837 ], [ 26.588814230788518, 37.752760577802789 ], [ 26.588943443630875, 37.752738978212641 ], [ 26.588989031799365, 37.752691070293054 ], [ 26.589020038360029, 37.752563744099206 ], [ 26.589064647375146, 37.752487715502646 ], [ 26.589110238752845, 37.752439806760002 ], [ 26.589152050484685, 37.752452961350762 ], [ 26.589204522414448, 37.752433045129152 ], [ 26.589238306045313, 37.752385397210553 ], [ 26.589272907754228, 37.752361182481529 ], [ 26.589380792490633, 37.752405717462985 ], [ 26.58942146129716, 37.752386062056921 ], [ 26.589455407610011, 37.752343099016855 ], [ 26.589504429183364, 37.752393616727645 ], [ 26.58958739902884, 37.752401174935081 ], [ 26.589609703470977, 37.752363161106544 ], [ 26.589549365406427, 37.752326961466643 ], [ 26.589530512965194, 37.752294544029454 ], [ 26.589718631784894, 37.752268127009287 ], [ 26.5897633887434, 37.75232343123956 ], [ 26.589793067578665, 37.752327468058198 ], [ 26.589842925252906, 37.752232561289077 ], [ 26.590114624869948, 37.752231276686636 ], [ 26.590148571730712, 37.752188317216728 ], [ 26.590151585478054, 37.752187245683487 ], [ 26.58997410594678, 37.752138808320183 ], [ 26.589863973706716, 37.752064822164911 ], [ 26.589865352811881, 37.752061338799983 ], [ 26.589754213971876, 37.752158507022664 ], [ 26.589527153750147, 37.752054328749253 ], [ 26.589341335234263, 37.752147113585018 ], [ 26.589320041073822, 37.752140032802984 ], [ 26.58933274866607, 37.752147303667186 ], [ 26.588994507148257, 37.752304846491469 ], [ 26.588764327244924, 37.752357667283611 ], [ 26.588650561503492, 37.752298760320585 ], [ 26.588376020469994, 37.752311615190735 ], [ 26.588055219854148, 37.752229965561099 ], [ 26.587711443757371, 37.752152889431002 ], [ 26.587461681370137, 37.752064360663248 ], [ 26.587201470394099, 37.751957752042358 ], [ 26.587092099077687, 37.751834985634815 ], [ 26.586905936050918, 37.751779365033215 ], [ 26.586854289843572, 37.751822705461848 ], [ 26.586735877177134, 37.752007020417523 ], [ 26.586656168585751, 37.752107888584376 ], [ 26.586660769182998, 37.752239945321932 ], [ 26.586581059590969, 37.752340814492051 ], [ 26.586584840726882, 37.752350732371205 ], [ 26.586442774835305, 37.752469950304004 ], [ 26.586430469284156, 37.752645812048904 ], [ 26.586435550551361, 37.752791709826411 ], [ 26.58643709028081, 37.752835893030841 ], [ 26.586479014060338, 37.75298129761736 ], [ 26.586726562292096, 37.753209986143574 ], [ 26.586805317793292, 37.75335458381489 ], [ 26.586904524911979, 37.753557263155763 ], [ 26.587040056368082, 37.753744512327053 ], [ 26.587232870412965, 37.753989032636959 ], [ 26.587385799233946, 37.7541466326321 ], [ 26.587503426009874, 37.754348906979402 ], [ 26.587541098766309, 37.754410799321533 ], [ 26.587539095282708, 37.754411815167735 ], [ 26.587573277050964, 37.754451506554588 ], [ 26.587575990453857, 37.754450089320677 ], [ 26.587595587946282, 37.754477416386131 ], [ 26.587596027388237, 37.754478031729192 ], [ 26.587658394576277, 37.754564993162596 ], [ 26.587776024779167, 37.754767266170973 ], [ 26.588047092251273, 37.755141759917187 ], [ 26.588406677189131, 37.755411879821061 ], [ 26.58865474984805, 37.755655185651612 ], [ 26.589033775493188, 37.755954140069875 ], [ 26.589485446602875, 37.756222232912421 ], [ 26.589932022746556, 37.7563441082049 ], [ 26.59026861382447, 37.756483033876272 ], [ 26.590952049090358, 37.75652653271289 ], [ 26.591394035751648, 37.756516809130659 ], [ 26.591761336431453, 37.756479462020998 ], [ 26.591849762132036, 37.756459827427676 ], [ 26.591899435646607, 37.756487733872049 ], [ 26.59192125094021, 37.756496246204819 ], [ 26.591993411437688, 37.756504169712244 ], [ 26.592189139428381, 37.756546799460736 ], [ 26.592343845321405, 37.756623856974016 ], [ 26.592431508440832, 37.756715797854248 ], [ 26.592536519513505, 37.75682077076636 ], [ 26.592608476053503, 37.75694658520429 ], [ 26.592620190591408, 37.757040198999732 ], [ 26.592623697504113, 37.757140699293402 ], [ 26.59257634157786, 37.757235612846223 ], [ 26.592546563057279, 37.757350256610444 ], [ 26.592482796306498, 37.757458943193697 ], [ 26.592441770741026, 37.757493371985269 ], [ 26.592424460029509, 37.757511152666787 ], [ 26.59242702440644, 37.757584560878534 ], [ 26.592356702981942, 37.757695506538106 ], [ 26.592202188124272, 37.758020825254171 ], [ 26.592136178555556, 37.758241767570738 ], [ 26.592109045265605, 37.758520385576254 ], [ 26.592213890844953, 37.75888389755913 ], [ 26.592442548524939, 37.759098353065376 ], [ 26.592689625708822, 37.759312406523406 ], [ 26.593030321729483, 37.759568293124971 ], [ 26.593242610117343, 37.759841640892724 ], [ 26.593601214314727, 37.760082499590474 ], [ 26.593827328267192, 37.760223846018022 ], [ 26.593854656906828, 37.760212236384199 ], [ 26.594081588204578, 37.760115819245989 ], [ 26.594100275037071, 37.760036696788148 ], [ 26.594105176871736, 37.759992019504587 ], [ 26.5940086766728, 37.75978180511715 ], [ 26.5939405181662, 37.759686786010072 ], [ 26.593758975140382, 37.759594263750401 ], [ 26.593557647032842, 37.759399225091393 ], [ 26.593530654374874, 37.75932260325596 ], [ 26.593552705631787, 37.759257770506615 ], [ 26.59361569519335, 37.759204907195276 ], [ 26.593627626147399, 37.759082389136573 ] ] ] ] } },
{ "type": "Feature", "properties": { "datasetID": 583.0, "BIO_CLASS": "Posidonia beds (posidonion oceanicae) (Posidonia oceanica meadows (= association with Posidonia oceanica))", "fieldNotes": "Not reported", "habitat": "Posidonia beds", "AREA_SQKM": 0.00247027514, "vernacular": "Neptune grass", "FAMILY": "Posidoniaceae", "GENUS": "Posidonia", "scientific": "Posidonia oceanica", "habitatID": "EUNIS:A5.535", "nameAccord": "urn:lsid:marinespecies.org:taxname:145794", "eventDate": "2018-01-17", "verif": "Panayotidis Panayotis", "Shape_Leng": 243.21269381600001, "Shape_Area": 2474.4491699800001 }, "geometry": { "type": "MultiPolygon", "coordinates": [ [ [ [ 26.629172756656402, 37.769449901665865 ], [ 26.629084733355796, 37.769349073252975 ], [ 26.628787045590141, 37.76936912646368 ], [ 26.628884195413626, 37.769250755078353 ], [ 26.628758371776584, 37.769195462897329 ], [ 26.628610953199168, 37.769076943074246 ], [ 26.628579009068297, 37.769098908736851 ], [ 26.628541102541796, 37.769224649669134 ], [ 26.628585083522918, 37.769230616998442 ], [ 26.628754693343112, 37.76972739138688 ], [ 26.629085101622969, 37.769836217423972 ], [ 26.629174006778502, 37.769802948291591 ], [ 26.629172756656402, 37.769449901665865 ] ] ] ] } },
{ "type": "Feature", "properties": { "datasetID": 583.0, "BIO_CLASS": "Posidonia beds (posidonion oceanicae) (Posidonia oceanica meadows (= association with Posidonia oceanica))", "fieldNotes": "Not reported", "habitat": "Posidonia beds", "AREA_SQKM": 6.311957e-05, "vernacular": "Neptune grass", "FAMILY": "Posidoniaceae", "GENUS": "Posidonia", "scientific": "Posidonia oceanica", "habitatID": "EUNIS:A5.535", "nameAccord": "urn:lsid:marinespecies.org:taxname:145794", "eventDate": "2018-01-17", "verif": "Panayotidis Panayotis", "Shape_Leng": 34.1246566242, "Shape_Area": 63.226169723399998 }, "geometry": { "type": "MultiPolygon", "coordinates": [ [ [ [ 26.633721273911227, 37.771749393412293 ], [ 26.633669873254092, 37.771750542860708 ], [ 26.633663558604393, 37.771820516872481 ], [ 26.633715480328533, 37.771872358790183 ], [ 26.633738998658043, 37.771828015699988 ], [ 26.633721273911227, 37.771749393412293 ] ] ] ] } },
{ "type": "Feature", "properties": { "datasetID": 583.0, "BIO_CLASS": "Posidonia beds (posidonion oceanicae) (Posidonia oceanica meadows (= association with Posidonia oceanica))", "fieldNotes": "Not reported", "habitat": "Posidonia beds", "AREA_SQKM": 0.00107455528, "vernacular": "Neptune grass", "FAMILY": "Posidoniaceae", "GENUS": "Posidonia", "scientific": "Posidonia oceanica", "habitatID": "EUNIS:A5.535", "nameAccord": "urn:lsid:marinespecies.org:taxname:145794", "eventDate": "2018-01-17", "verif": "Panayotidis Panayotis", "Shape_Leng": 183.80089989000001, "Shape_Area": 1076.3697985700001 }, "geometry": { "type": "MultiPolygon", "coordinates": [ [ [ [ 26.637840930738751, 37.77282483885854 ], [ 26.637885025265309, 37.772787802547491 ], [ 26.637965901033322, 37.772796650694602 ], [ 26.637967672215879, 37.772745096781435 ], [ 26.637973552404315, 37.77274016031766 ], [ 26.638004998928182, 37.772773099256867 ], [ 26.638023661337566, 37.772787101380274 ], [ 26.638094628683245, 37.772785511596318 ], [ 26.63809941406263, 37.772697387363074 ], [ 26.638097544054716, 37.772644860861242 ], [ 26.638124038370961, 37.772591698637271 ], [ 26.638075706004223, 37.772562742141496 ], [ 26.638030304166588, 37.772616327002844 ], [ 26.637922049478448, 37.772498594707479 ], [ 26.637955625479986, 37.772431756691525 ], [ 26.637865940746, 37.772463804311307 ], [ 26.637789245211515, 37.772435482685722 ], [ 26.637798513161378, 37.772483337932755 ], [ 26.637824404233285, 37.772572877666093 ], [ 26.637787230485966, 37.772591732236677 ], [ 26.637725236387332, 37.772551066350253 ], [ 26.637697758541638, 37.772629784450949 ], [ 26.637639605566953, 37.772697172503591 ], [ 26.637689461484687, 37.772822222522827 ], [ 26.637756247776423, 37.772784678683927 ], [ 26.637840930738751, 37.77282483885854 ] ] ] ] } },
{ "type": "Feature", "properties": { "datasetID": 583.0, "BIO_CLASS": "Posidonia beds (posidonion oceanicae) (Posidonia oceanica meadows (= association with Posidonia oceanica))", "fieldNotes": "Not reported", "habitat": "Posidonia beds", "AREA_SQKM": 0.0007534483, "vernacular": "Neptune grass", "FAMILY": "Posidoniaceae", "GENUS": "Posidonia", "scientific": "Posidonia oceanica", "habitatID": "EUNIS:A5.535", "nameAccord": "urn:lsid:marinespecies.org:taxname:145794", "eventDate": "2018-01-17", "verif": "Panayotidis Panayotis", "Shape_Leng": 155.19456091800001, "Shape_Area": 754.72019330399996 }, "geometry": { "type": "MultiPolygon", "coordinates": [ [ [ [ 26.641932575733556, 37.774994831173835 ], [ 26.641914024192225, 37.774954490178949 ], [ 26.641917950488462, 37.77490458562805 ], [ 26.641961786612683, 37.774853788042719 ], [ 26.641951320252893, 37.774828697842487 ], [ 26.641909525560024, 37.774801849846277 ], [ 26.641889016568303, 37.774757249677343 ], [ 26.641863578737151, 37.774738168543145 ], [ 26.641855465577745, 37.774752014302024 ], [ 26.641743380559841, 37.774808871316679 ], [ 26.641745315398715, 37.77486317299509 ], [ 26.641723157436925, 37.774881784628455 ], [ 26.641661574762075, 37.774914867167006 ], [ 26.641628175158331, 37.774938258819631 ], [ 26.641635325911629, 37.774978857115045 ], [ 26.641676198267128, 37.775005110949103 ], [ 26.641704380611174, 37.774995421823213 ], [ 26.641736975203454, 37.774949404229112 ], [ 26.641765157334223, 37.774939714221745 ], [ 26.641777041599116, 37.774953033008323 ], [ 26.641789085724053, 37.774970878043973 ], [ 26.641823131615268, 37.774965586073805 ], [ 26.641824098605461, 37.774992737374845 ], [ 26.641808286061224, 37.775029319618604 ], [ 26.64180339044804, 37.775052072888158 ], [ 26.641805484682088, 37.775110898232377 ], [ 26.641806612318398, 37.775142574037147 ], [ 26.641840978935239, 37.775146333682471 ], [ 26.641909549959784, 37.775149321415704 ], [ 26.641955155500959, 37.77514829927317 ], [ 26.641989523079904, 37.775152058034386 ], [ 26.642039542453876, 37.775114704740012 ], [ 26.642032389402068, 37.775074107300846 ], [ 26.641979792846289, 37.775039057377505 ], [ 26.641932575733556, 37.774994831173835 ] ] ] ] } },
{ "type": "Feature", "properties": { "datasetID": 583.0, "BIO_CLASS": "Posidonia beds (posidonion oceanicae) (Posidonia oceanica meadows (= association with Posidonia oceanica))", "fieldNotes": "Not reported", "habitat": "Posidonia beds", "AREA_SQKM": 0.00012594125, "vernacular": "Neptune grass", "FAMILY": "Posidoniaceae", "GENUS": "Posidonia", "scientific": "Posidonia oceanica", "habitatID": "EUNIS:A5.535", "nameAccord": "urn:lsid:marinespecies.org:taxname:145794", "eventDate": "2018-01-17", "verif": "Panayotidis Panayotis", "Shape_Leng": 51.106715891699999, "Shape_Area": 126.153838686 }, "geometry": { "type": "MultiPolygon", "coordinates": [ [ [ [ 26.64230838522974, 37.77545017816238 ], [ 26.642314870725311, 37.775378227542056 ], [ 26.642257650237035, 37.775392768332978 ], [ 26.642240267146974, 37.775388188138443 ], [ 26.642206750782655, 37.775429956333241 ], [ 26.642166744830924, 37.775454283538807 ], [ 26.642157464832209, 37.775466618236919 ], [ 26.642172887356288, 37.775499203064626 ], [ 26.642240027800359, 37.775535544013628 ], [ 26.642247411584421, 37.775516171015397 ], [ 26.642258396231838, 37.775477459508771 ], [ 26.64230838522974, 37.77545017816238 ] ] ] ] } },
{ "type": "Feature", "properties": { "datasetID": 583.0, "BIO_CLASS": "Posidonia beds (posidonion oceanicae) (Posidonia oceanica meadows (= association with Posidonia oceanica))", "fieldNotes": "Not reported", "habitat": "Posidonia beds", "AREA_SQKM": 0.00067638439, "vernacular": "Neptune grass", "FAMILY": "Posidoniaceae", "GENUS": "Posidonia", "scientific": "Posidonia oceanica", "habitatID": "EUNIS:A5.535", "nameAccord": "urn:lsid:marinespecies.org:taxname:145794", "eventDate": "2018-01-17", "verif": "Panayotidis Panayotis", "Shape_Leng": 124.22196119100001, "Shape_Area": 677.52588008099997 }, "geometry": { "type": "MultiPolygon", "coordinates": [ [ [ [ 26.643139410999723, 37.777141936489784 ], [ 26.643261872310021, 37.777024299637475 ], [ 26.643230664226525, 37.77691011040681 ], [ 26.643235510693966, 37.776907337510906 ], [ 26.643167132599579, 37.776904355056288 ], [ 26.643082196814021, 37.776932498713059 ], [ 26.643097117298591, 37.776970553534255 ], [ 26.643028127615342, 37.77706544834453 ], [ 26.642873434234104, 37.777040196935474 ], [ 26.642858167452054, 37.777119527822769 ], [ 26.642933293025767, 37.777196827698909 ], [ 26.643079969848344, 37.777250978834708 ], [ 26.643139410999723, 37.777141936489784 ] ] ] ] } },
{ "type": "Feature", "properties": { "datasetID": 583.0, "BIO_CLASS": "Posidonia beds (posidonion oceanicae) (Posidonia oceanica meadows (= association with Posidonia oceanica))", "fieldNotes": "Not reported", "habitat": "Posidonia beds", "AREA_SQKM": 0.00062873717, "vernacular": "Neptune grass", "FAMILY": "Posidoniaceae", "GENUS": "Posidonia", "scientific": "Posidonia oceanica", "habitatID": "EUNIS:A5.535", "nameAccord": "urn:lsid:marinespecies.org:taxname:145794", "eventDate": "2018-01-17", "verif": "Panayotidis Panayotis", "Shape_Leng": 133.27224263, "Shape_Area": 629.79695145799997 }, "geometry": { "type": "MultiPolygon", "coordinates": [ [ [ [ 26.652119898507046, 37.785935623872277 ], [ 26.652059077197521, 37.785933979158393 ], [ 26.652025789965204, 37.785958840867131 ], [ 26.652045840037303, 37.785988529727092 ], [ 26.652000843798874, 37.786004611673754 ], [ 26.651972796857589, 37.786032482511871 ], [ 26.651974577032071, 37.786052403898623 ], [ 26.652014007269493, 37.786086183338384 ], [ 26.652058118042444, 37.786098190643578 ], [ 26.652107220283789, 37.786097084439945 ], [ 26.652173619416388, 37.786121590698535 ], [ 26.652256542245283, 37.786150055773078 ], [ 26.652322940094358, 37.786174561153999 ], [ 26.65234584833787, 37.786204378263605 ], [ 26.65236329809477, 37.786234318289317 ], [ 26.652392436235061, 37.786285662627677 ], [ 26.652415190396948, 37.78631115131865 ], [ 26.652447771133513, 37.786306085413422 ], [ 26.652457858789948, 37.786301476668896 ], [ 26.652457191719751, 37.786300442973129 ], [ 26.652502065338471, 37.786210368213744 ], [ 26.65245452653712, 37.786160157510942 ], [ 26.652396420993899, 37.786128312809829 ], [ 26.652353497382112, 37.786096126791243 ], [ 26.652329330856006, 37.7860574901352 ], [ 26.652218532889957, 37.786038888056758 ], [ 26.652183520333356, 37.786015568478867 ], [ 26.652159461381107, 37.785979940958306 ], [ 26.652119898507046, 37.785935623872277 ] ] ] ] } },
{ "type": "Feature", "properties": { "datasetID": 583.0, "BIO_CLASS": "Posidonia beds (posidonion oceanicae) (Posidonia oceanica meadows (= association with Posidonia oceanica))", "fieldNotes": "Not reported", "habitat": "Posidonia beds", "AREA_SQKM": 0.00065053392, "vernacular": "Neptune grass", "FAMILY": "Posidoniaceae", "GENUS": "Posidonia", "scientific": "Posidonia oceanica", "habitatID": "EUNIS:A5.535", "nameAccord": "urn:lsid:marinespecies.org:taxname:145794", "eventDate": "2018-01-17", "verif": "Panayotidis Panayotis", "Shape_Leng": 130.023240461, "Shape_Area": 651.63031765000005 }, "geometry": { "type": "MultiPolygon", "coordinates": [ [ [ [ 26.652962688580583, 37.786891186391571 ], [ 26.652850572430115, 37.786770422283062 ], [ 26.652794290181021, 37.786703752738347 ], [ 26.652724866852534, 37.786712866788129 ], [ 26.652716463579392, 37.786655184861111 ], [ 26.65267871506563, 37.786630435365204 ], [ 26.652670687302759, 37.786651526685752 ], [ 26.652631121816004, 37.786690335004437 ], [ 26.652529019730778, 37.786698052809882 ], [ 26.652521221809288, 37.786709062709079 ], [ 26.652471963210211, 37.786705836934999 ], [ 26.652450915558489, 37.786727978762535 ], [ 26.652452153949326, 37.786762618701701 ], [ 26.652464922443766, 37.786814331029433 ], [ 26.652465853287577, 37.786840312321033 ], [ 26.652465296509352, 37.786841772232385 ], [ 26.652469417156603, 37.786839396228856 ], [ 26.65268465401661, 37.786829516405106 ], [ 26.652781847864237, 37.786887713021969 ], [ 26.652844308698704, 37.7868611445762 ], [ 26.652928440308141, 37.78691961885977 ], [ 26.652962688580583, 37.786891186391571 ] ] ] ] } },
{ "type": "Feature", "properties": { "datasetID": 583.0, "BIO_CLASS": "Posidonia beds (posidonion oceanicae) (Posidonia oceanica meadows (= association with Posidonia oceanica))", "fieldNotes": "Not reported", "habitat": "Posidonia beds", "AREA_SQKM": 0.85364411321, "vernacular": "Neptune grass", "FAMILY": "Posidoniaceae", "GENUS": "Posidonia", "scientific": "Posidonia oceanica", "habitatID": "EUNIS:A5.535", "nameAccord": "urn:lsid:marinespecies.org:taxname:145794", "eventDate": "2018-01-17", "verif": "Panayotidis Panayotis", "Shape_Leng": 17836.016284599998, "Shape_Area": 855083.64568399999 }, "geometry": { "type": "MultiPolygon", "coordinates": [ [ [ [ 26.671720922324536, 37.798468963694951 ], [ 26.672141601349299, 37.798311406053671 ], [ 26.672411662720112, 37.798410998881081 ], [ 26.673074686196568, 37.798196354655516 ], [ 26.673031803357478, 37.797771081664564 ], [ 26.672129574208597, 37.797417372070896 ], [ 26.67198156831207, 37.797384880889631 ], [ 26.671881544004634, 37.797497262975789 ], [ 26.671874196961646, 37.797539684057547 ], [ 26.67153562727481, 37.797547366916064 ], [ 26.671214785536577, 37.797482945166387 ], [ 26.670978752842029, 37.797452448969757 ], [ 26.670881755957215, 37.797268225902535 ], [ 26.670815717069246, 37.797190852707885 ], [ 26.670688025549094, 37.797157899956687 ], [ 26.670624051879571, 37.797137840378895 ], [ 26.670365062819013, 37.797222586007337 ], [ 26.670294641011751, 37.797274374480047 ], [ 26.670141670070752, 37.797292182629199 ], [ 26.670068668789561, 37.797272327312321 ], [ 26.669887837429979, 37.797018306242542 ], [ 26.669790585281675, 37.796826918068646 ], [ 26.669751892065413, 37.796756094198166 ], [ 26.669362117475185, 37.796721910569694 ], [ 26.669021291649095, 37.796478685770367 ], [ 26.668788488502564, 37.796286784342094 ], [ 26.668223246603578, 37.795959015695651 ], [ 26.668016239594618, 37.795856154854171 ], [ 26.667989481561449, 37.795740246236946 ], [ 26.667860183704207, 37.795599772767133 ], [ 26.667614811380918, 37.795372303991996 ], [ 26.66752130563339, 37.795284796617018 ], [ 26.667489387907175, 37.795025604098413 ], [ 26.667320516788447, 37.794883787010228 ], [ 26.667219352953666, 37.794818859431395 ], [ 26.667202023804599, 37.794729624391422 ], [ 26.667368889205434, 37.794658624416748 ], [ 26.667478922976226, 37.794577708883367 ], [ 26.66754703890161, 37.79450894710979 ], [ 26.667630470246408, 37.794473444506167 ], [ 26.667600242824697, 37.794418113408767 ], [ 26.667528101008603, 37.794374935160889 ], [ 26.667399125630681, 37.794321841351035 ], [ 26.667323760972245, 37.794189109099811 ], [ 26.667250408816638, 37.794112347276581 ], [ 26.667121033568026, 37.794048059294738 ], [ 26.667021883982141, 37.794039101424929 ], [ 26.666767562548248, 37.794033658612825 ], [ 26.666288751822243, 37.793910062161849 ], [ 26.666208144157807, 37.793867075032132 ], [ 26.665809621431034, 37.793777508814848 ], [ 26.665580374844676, 37.793684111011515 ], [ 26.665463981914442, 37.793588156772564 ], [ 26.665334050042631, 37.793429770038188 ], [ 26.665255703987398, 37.793323990599411 ], [ 26.665144790616427, 37.793254800384226 ], [ 26.66489123188806, 37.793239030883157 ], [ 26.664783409256753, 37.793255811125029 ], [ 26.664712471747976, 37.793293266016548 ], [ 26.664645156711906, 37.793180067480385 ], [ 26.664724347587047, 37.793120914857852 ], [ 26.664650269423692, 37.793070966794438 ], [ 26.664631911350977, 37.792962396740741 ], [ 26.664515115824461, 37.792930622566608 ], [ 26.664418340167064, 37.792852507392446 ], [ 26.664235307078759, 37.792787816587818 ], [ 26.664225819141034, 37.792724935052107 ], [ 26.664274523399307, 37.792672206896988 ], [ 26.664276810853767, 37.792670054547223 ], [ 26.664241026782754, 37.792645154851051 ], [ 26.664140834912825, 37.79259323672207 ], [ 26.664090055022143, 37.792639468014869 ], [ 26.664090926112689, 37.792663723950838 ], [ 26.664060359689845, 37.792664416345993 ], [ 26.664041773935622, 37.792633624660411 ], [ 26.664018448920508, 37.792592537252908 ], [ 26.664004228787586, 37.792561650075847 ], [ 26.664015834992277, 37.792519771248841 ], [ 26.664014341480708, 37.792478191318814 ], [ 26.664000244780581, 37.79245076613168 ], [ 26.663969180704363, 37.792437597374196 ], [ 26.663911171295592, 37.792404229805292 ], [ 26.663875242867036, 37.792377300711621 ], [ 26.663855786489627, 37.792322254058355 ], [ 26.663841068620673, 37.792277504898806 ], [ 26.663804020765394, 37.792219388042831 ], [ 26.663757617186434, 37.792144143532397 ], [ 26.66372131640982, 37.792106817964729 ], [ 26.663685513100805, 37.792083352645825 ], [ 26.663637605746111, 37.792087904931634 ], [ 26.663647581950947, 37.792122358345914 ], [ 26.663688873720055, 37.792176910629188 ], [ 26.663731035533505, 37.792255719697565 ], [ 26.663777304328644, 37.792448873763838 ], [ 26.663771932055266, 37.792542629116355 ], [ 26.66362833652687, 37.792559748864086 ], [ 26.663575314911732, 37.792543608903529 ], [ 26.663573573191858, 37.792495097948461 ], [ 26.663542135862428, 37.792471534427733 ], [ 26.663425495667497, 37.792387473511695 ], [ 26.663346400235991, 37.792375392427388 ], [ 26.663340662532747, 37.792337375306161 ], [ 26.663355765635199, 37.79227114336512 ], [ 26.663376603157314, 37.792242929426294 ], [ 26.663405799280032, 37.792204122665993 ], [ 26.663426261790136, 37.792165511339832 ], [ 26.663428322152562, 37.792131652155902 ], [ 26.663389183043069, 37.792106528804361 ], [ 26.663350199493415, 37.792085737555453 ], [ 26.663305134303922, 37.792047742597219 ], [ 26.663232934218449, 37.792014698741632 ], [ 26.663189578902617, 37.792024347143659 ], [ 26.66316337765754, 37.792055282871928 ], [ 26.663164933885575, 37.79209859767483 ], [ 26.663187699172351, 37.792124090655477 ], [ 26.663226994739809, 37.792153545225894 ], [ 26.663255997471719, 37.792200574922902 ], [ 26.663256931622243, 37.792226561346673 ], [ 26.663213888877081, 37.792244875733424 ], [ 26.663137943203711, 37.792259598163554 ], [ 26.663099425430573, 37.792251799670332 ], [ 26.663071510662558, 37.792235091140995 ], [ 26.663049056978611, 37.792218259697741 ], [ 26.663084152001517, 37.792130767873282 ], [ 26.663082130003982, 37.792074460302324 ], [ 26.663079485570748, 37.792000827893389 ], [ 26.663060309804191, 37.791923233930071 ], [ 26.663013846542828, 37.791846256341408 ], [ 26.662980319024697, 37.791825339552055 ], [ 26.662919814036545, 37.791813704179958 ], [ 26.662870535424254, 37.791810482743657 ], [ 26.662827181891736, 37.791820133788505 ], [ 26.662811586068898, 37.791842160350342 ], [ 26.662758249594152, 37.791878046257594 ], [ 26.662730958954466, 37.791878664370344 ], [ 26.662697899904217, 37.791870742092811 ], [ 26.662663906115014, 37.791836829902707 ], [ 26.662630381371201, 37.791815914882918 ], [ 26.662608547738731, 37.79181640742754 ], [ 26.662576731532447, 37.79184313659691 ], [ 26.662572051051313, 37.791864918215367 ], [ 26.662528387631021, 37.791865905073422 ], [ 26.662467105771331, 37.791832611881034 ], [ 26.662433887793977, 37.791820357511646 ], [ 26.662358096189347, 37.791839410235497 ], [ 26.662315988620815, 37.791883711849017 ], [ 26.662316767047042, 37.791905371441118 ], [ 26.662335784305807, 37.791978632415955 ], [ 26.662343264662649, 37.792034817044296 ], [ 26.66230552467934, 37.792048674630692 ], [ 26.662272775041771, 37.792049414774915 ], [ 26.662217727591347, 37.792037656474363 ], [ 26.662140537805985, 37.792017726523497 ], [ 26.662064472849401, 37.791968294276302 ], [ 26.662046508076582, 37.791954828432402 ], [ 26.662015942776765, 37.791955519940778 ], [ 26.662003962232863, 37.791987002144495 ], [ 26.661970025254679, 37.792015512281147 ], [ 26.661939336977198, 37.792012738288271 ], [ 26.661916634138983, 37.791988975861834 ], [ 26.661881950739115, 37.791996695643562 ], [ 26.661873716110822, 37.792010753959303 ], [ 26.661795119085067, 37.792012531366254 ], [ 26.661768920646541, 37.792013122950969 ], [ 26.661737608955775, 37.791993024104713 ], [ 26.661748593629529, 37.791933819666227 ], [ 26.66175533595257, 37.791878182436939 ], [ 26.661758831406164, 37.791853827558242 ], [ 26.66178416030181, 37.791828979253644 ], [ 26.661853401967289, 37.791810075090034 ], [ 26.66190217861627, 37.79182977864388 ], [ 26.66192413521058, 37.791832751597468 ], [ 26.66194971344872, 37.791814834291309 ], [ 26.661948716338582, 37.791787112078154 ], [ 26.661947224946847, 37.791745532302848 ], [ 26.661994507665085, 37.791723655195284 ], [ 26.662033808192962, 37.791722765608824 ], [ 26.662055267364501, 37.79171187746001 ], [ 26.66205476920614, 37.791698018128749 ], [ 26.662045414521046, 37.791680888728848 ], [ 26.662014350940954, 37.791667720022865 ], [ 26.661974182073333, 37.791644352911426 ], [ 26.661934635268544, 37.791638309739135 ], [ 26.661912554251366, 37.791631874830841 ], [ 26.661804511447279, 37.791665527891467 ], [ 26.661634468866264, 37.791676308155495 ], [ 26.661578077559231, 37.791687987733503 ], [ 26.661486632510478, 37.791696988826068 ], [ 26.661373102024772, 37.791699555892833 ], [ 26.661342165469541, 37.791689850028483 ], [ 26.661328444621955, 37.791672823205836 ], [ 26.66132059330511, 37.791600174266705 ], [ 26.661295641665927, 37.791586864965559 ], [ 26.661249933835172, 37.791579575844359 ], [ 26.661204621133226, 37.791583373827521 ], [ 26.66117338117725, 37.791589627456808 ], [ 26.661104016017632, 37.791605068757782 ], [ 26.661061998791169, 37.791603245371931 ], [ 26.661008308035676, 37.791568389701062 ], [ 26.660953049823121, 37.791489878025821 ], [ 26.660904396240365, 37.791473639113633 ], [ 26.660865098850859, 37.791474526930386 ], [ 26.660843640748162, 37.791485415066084 ], [ 26.660810574686401, 37.791538180043105 ], [ 26.660812191435806, 37.791583227921308 ], [ 26.660827652839181, 37.791648767239323 ], [ 26.660869188991782, 37.791710251267773 ], [ 26.66087666371088, 37.791796779038926 ], [ 26.660878031060818, 37.791834895095263 ], [ 26.660857319318563, 37.791866574474447 ], [ 26.660819139080246, 37.791898649132584 ], [ 26.660731809875742, 37.791900622849056 ], [ 26.660656957488602, 37.791884974603022 ], [ 26.66063911812665, 37.791874974263791 ], [ 26.660621154495182, 37.791861507541995 ], [ 26.660615671360791, 37.791830419747789 ], [ 26.66058336335216, 37.791782599591947 ], [ 26.660547312683288, 37.791752203317863 ], [ 26.660501536172571, 37.791694284695851 ], [ 26.660474340858773, 37.791667153199057 ], [ 26.66044377486644, 37.791667846474979 ], [ 26.660432294342399, 37.791713188848327 ], [ 26.660359431315548, 37.791752981485075 ], [ 26.660303287578294, 37.791771590293337 ], [ 26.660271976993201, 37.791751489703181 ], [ 26.660222952143734, 37.791724853395742 ], [ 26.660209231050118, 37.791707824801499 ], [ 26.660220739347032, 37.79166317393674 ], [ 26.660205672448662, 37.791632996982628 ], [ 26.660169548097727, 37.791600520904559 ], [ 26.660107975719832, 37.791540877096949 ], [ 26.660071453171202, 37.791497314818436 ], [ 26.660014368412995, 37.791465310968057 ], [ 26.659936127437074, 37.791428238433006 ], [ 26.659861874163248, 37.791404948282299 ], [ 26.659792011016545, 37.791406524952372 ], [ 26.65963392580008, 37.791385127161831 ], [ 26.659572140560883, 37.791417039918407 ], [ 26.659502078973262, 37.791413073925341 ], [ 26.659452678109421, 37.791400317311449 ], [ 26.659413359686404, 37.791376237502696 ], [ 26.659401884190757, 37.791348754106657 ], [ 26.659400890686381, 37.791321034611961 ], [ 26.659407380070192, 37.791307014369465 ], [ 26.659410476424355, 37.791295846811515 ], [ 26.659484429574821, 37.791310822958735 ], [ 26.659498898944026, 37.791324368343702 ], [ 26.659586226597369, 37.791322394633021 ], [ 26.659698206414941, 37.79132541444573 ], [ 26.659788730001356, 37.791315046274896 ], [ 26.659861889003214, 37.791307844707354 ], [ 26.659875065190214, 37.791285353074642 ], [ 26.659912595832811, 37.791259535672332 ], [ 26.659964096851454, 37.791233404354514 ], [ 26.659985553841405, 37.791246790564003 ], [ 26.660011100212397, 37.791276731356476 ], [ 26.660044226318853, 37.791323147154422 ], [ 26.660051810060022, 37.791339619503873 ], [ 26.660054496284957, 37.79141446666538 ], [ 26.660069365565029, 37.791439100037778 ], [ 26.660083534234989, 37.791444327898219 ], [ 26.660136032621235, 37.791445916948511 ], [ 26.660191623816758, 37.791436338432916 ], [ 26.660251008052697, 37.791434996096655 ], [ 26.660287430636892, 37.791475788797463 ], [ 26.660364877630212, 37.791490684488934 ], [ 26.660403502752729, 37.791495359675892 ], [ 26.660422670341273, 37.79144498933929 ], [ 26.660551619020897, 37.791433751915442 ], [ 26.660628667693064, 37.791437561391447 ], [ 26.660806918674339, 37.79143630659884 ], [ 26.660855820359217, 37.791435203018061 ], [ 26.660908717100011, 37.791447878280515 ], [ 26.660954028209954, 37.791444078531391 ], [ 26.66095582966987, 37.791396873927795 ], [ 26.660939568562654, 37.791333432203459 ], [ 26.660924902087402, 37.791314345925976 ], [ 26.660810633967685, 37.79124757049776 ], [ 26.660757738858376, 37.791234891711085 ], [ 26.660637579077903, 37.791198768050172 ], [ 26.660595463130186, 37.791194169802452 ], [ 26.660596458241102, 37.791221890163563 ], [ 26.66062190300919, 37.791249058738707 ], [ 26.660668310188747, 37.791275753344181 ], [ 26.660686571596994, 37.791297534899847 ], [ 26.660645052439982, 37.791309570819791 ], [ 26.660613512687153, 37.791307511334196 ], [ 26.660578083862134, 37.791294438155305 ], [ 26.660531976152733, 37.791276060188892 ], [ 26.66048537244593, 37.791243821156378 ], [ 26.660438569709388, 37.791206036818899 ], [ 26.660421102669851, 37.791206432975628 ], [ 26.660408523172411, 37.791245557879584 ], [ 26.660371094181667, 37.791274146609652 ], [ 26.660318497794336, 37.791269786231162 ], [ 26.660191750894796, 37.791244907050519 ], [ 26.660146039419928, 37.791237616173404 ], [ 26.660052731921382, 37.791170366798042 ], [ 26.659950439096047, 37.791120659753119 ], [ 26.659848272116786, 37.791074415552828 ], [ 26.659782400299971, 37.791065500263656 ], [ 26.659693580717551, 37.791025891695611 ], [ 26.659574445132399, 37.79099390472313 ], [ 26.659471265755396, 37.79104131791965 ], [ 26.659381062476143, 37.79108496940934 ], [ 26.659287485932346, 37.791156441184036 ], [ 26.659203264247971, 37.791245040576577 ], [ 26.659177812164625, 37.791266424203457 ], [ 26.659179053438336, 37.791301073783885 ], [ 26.659188655265332, 37.79132513236074 ], [ 26.659242916742265, 37.791375926236405 ], [ 26.659208979899077, 37.791404434516004 ], [ 26.65914859672268, 37.79142660870599 ], [ 26.659079975997223, 37.79146283498514 ], [ 26.659002000878449, 37.791481936309765 ], [ 26.658928391642881, 37.791500938596904 ], [ 26.658876365644424, 37.791512517356608 ], [ 26.658694356581819, 37.791463739603181 ], [ 26.658584729595834, 37.791453211370467 ], [ 26.658382779990788, 37.791457771600207 ], [ 26.658197204823402, 37.791461960432606 ], [ 26.658136857361963, 37.791454653630439 ], [ 26.658112230734186, 37.791377181028636 ], [ 26.658626374676384, 37.791395918021863 ], [ 26.658782638753987, 37.791336036405184 ], [ 26.658713104729763, 37.791224899363385 ], [ 26.658696907956887, 37.791077879269217 ], [ 26.658901186966553, 37.791138289605719 ], [ 26.659042783667392, 37.791126420824789 ], [ 26.6591410288224, 37.79112420217109 ], [ 26.659276704003098, 37.791099464493293 ], [ 26.65928888379942, 37.790982147369903 ], [ 26.659192835302701, 37.790893285465351 ], [ 26.659081343845401, 37.790830778583832 ], [ 26.659020373826245, 37.790806147056124 ], [ 26.659015693118285, 37.79082792590701 ], [ 26.658931803516914, 37.790773467730844 ], [ 26.65884838015586, 37.790732001356993 ], [ 26.658810174661212, 37.790732865294963 ], [ 26.65869258030088, 37.790804879003396 ], [ 26.658569195584551, 37.790791408817697 ], [ 26.658369593144474, 37.790747148126663 ], [ 26.658259269106924, 37.790717127829851 ], [ 26.658223215669658, 37.790663754690975 ], [ 26.65809320028421, 37.790655853684953 ], [ 26.658059475559696, 37.790667452733302 ], [ 26.658056341151408, 37.790770475339158 ], [ 26.657981485816688, 37.790777584038011 ], [ 26.657831389320201, 37.790780974354242 ], [ 26.657795725687194, 37.790738430045941 ], [ 26.657779751327837, 37.790673766464266 ], [ 26.657798289546918, 37.790665518821633 ], [ 26.657737659696412, 37.790631527254305 ], [ 26.657694956252218, 37.790575951408066 ], [ 26.657593258716961, 37.790578246987572 ], [ 26.657533976842686, 37.790628047628786 ], [ 26.657587137923421, 37.790691462597536 ], [ 26.657602226314065, 37.790828433481884 ], [ 26.657471752978211, 37.790879839149071 ], [ 26.657340127069357, 37.790898964292623 ], [ 26.657168108927706, 37.790927077231238 ], [ 26.656963846577817, 37.790907455121229 ], [ 26.656967606266459, 37.791012371975242 ], [ 26.65671393773426, 37.791034251656612 ], [ 26.65664477438775, 37.791092350477157 ], [ 26.656480902549703, 37.791063738782263 ], [ 26.65621591020529, 37.791053563397746 ], [ 26.656151133920403, 37.790950023341537 ], [ 26.65612327732757, 37.790740647811035 ], [ 26.656131713688016, 37.790691996700325 ], [ 26.656162510113834, 37.790699377753413 ], [ 26.656224107439034, 37.790714144281779 ], [ 26.656304019787949, 37.790671956351169 ], [ 26.656240399691242, 37.790600697862821 ], [ 26.656418538306635, 37.79045936854493 ], [ 26.656325565555225, 37.790421082089829 ], [ 26.656125353468951, 37.790514445626968 ], [ 26.65585163602368, 37.790544850552713 ], [ 26.655508179909308, 37.790617214365604 ], [ 26.655303917618504, 37.790597588749371 ], [ 26.655390821429119, 37.790466396763513 ], [ 26.655315297591432, 37.790346944494203 ], [ 26.655216051136907, 37.790303952836837 ], [ 26.655285573196231, 37.790198997452286 ], [ 26.65533369483078, 37.790178528280492 ], [ 26.65540576019756, 37.790144594275048 ], [ 26.655299302552635, 37.79012761003117 ], [ 26.655160533048672, 37.790117815816963 ], [ 26.655102656593577, 37.790093275458602 ], [ 26.655060130058622, 37.790042541160133 ], [ 26.655056894581048, 37.789952151656252 ], [ 26.65521193328372, 37.789961580657526 ], [ 26.655251456724613, 37.789928378867266 ], [ 26.655069927972818, 37.789861394336555 ], [ 26.654872361432535, 37.789801233756599 ], [ 26.654833819761087, 37.789861873612189 ], [ 26.654650188414131, 37.789849859887568 ], [ 26.654596161973085, 37.789762229400651 ], [ 26.654480829337242, 37.789667905017055 ], [ 26.654475918896846, 37.789530706798203 ], [ 26.654473030417741, 37.789450002060242 ], [ 26.654399820120084, 37.789395112741289 ], [ 26.654367291586176, 37.78933930644957 ], [ 26.654509663679541, 37.789336097433534 ], [ 26.654641578846132, 37.78932504582675 ], [ 26.654689826223745, 37.789251265004481 ], [ 26.654525670213083, 37.789214581964927 ], [ 26.654233123015516, 37.789003098415158 ], [ 26.654396122168084, 37.789007498535533 ], [ 26.65452047011566, 37.789069311571431 ], [ 26.654634066453411, 37.789115213972934 ], [ 26.654716579999608, 37.789145661127506 ], [ 26.654718600860278, 37.78920215532596 ], [ 26.654730793362123, 37.789258420514784 ], [ 26.654802558307303, 37.789272955256415 ], [ 26.654862997956048, 37.78925543875738 ], [ 26.654953656523684, 37.789229162685338 ], [ 26.655005947859312, 37.789268369433451 ], [ 26.655068123026176, 37.78929927466352 ], [ 26.655169528269422, 37.789288911904997 ], [ 26.655197435565899, 37.789215589147908 ], [ 26.655236958191566, 37.78918238925197 ], [ 26.655308144791498, 37.789180782534544 ], [ 26.65534038871872, 37.789228518937087 ], [ 26.655280815154907, 37.789270248506675 ], [ 26.65525348704962, 37.789359710982374 ], [ 26.655297053084848, 37.789439498694797 ], [ 26.655439716761652, 37.789444357761319 ], [ 26.655530376861936, 37.789418083432622 ], [ 26.655598383484342, 37.789327701289579 ], [ 26.655573131405731, 37.789190962243588 ], [ 26.655487727504475, 37.789079810495799 ], [ 26.655243660372367, 37.789085314185506 ], [ 26.655048418304744, 37.789033176812374 ], [ 26.654916559932783, 37.788761531426644 ], [ 26.654820410800991, 37.788634466653505 ], [ 26.654766097665949, 37.788538768660089 ], [ 26.654825958441165, 37.788505109059813 ], [ 26.654832082071838, 37.788391892938513 ], [ 26.654752459484566, 37.788442150192232 ], [ 26.654701613697988, 37.788443297085301 ], [ 26.654648744151878, 37.788387950881564 ], [ 26.654556641196926, 37.788373873370666 ], [ 26.65452786563263, 37.788422984611117 ], [ 26.654270105485764, 37.788614566227949 ], [ 26.654119584926953, 37.788674496535855 ], [ 26.65405683583327, 37.788627449995801 ], [ 26.654184127704827, 37.788487272524698 ], [ 26.654255313152852, 37.788485667581483 ], [ 26.654405832889932, 37.788425734678228 ], [ 26.654430852826632, 37.788271706219057 ], [ 26.654230947348687, 37.788258466115614 ], [ 26.654093774539799, 37.788241238861531 ], [ 26.654006800695999, 37.788195784101859 ], [ 26.65403994112782, 37.788167944791049 ], [ 26.65408917269438, 37.788112649067806 ], [ 26.654085055128768, 37.787997595671492 ], [ 26.654023906246415, 37.787958335236311 ], [ 26.65396469543635, 37.787973216513429 ], [ 26.653894778101684, 37.787927378929425 ], [ 26.653836778327985, 37.787976099213871 ], [ 26.653655754436336, 37.787925992403927 ], [ 26.653570476525893, 37.787927914793251 ], [ 26.653517373318397, 37.78787492529657 ], [ 26.65333586475797, 37.787811283095067 ], [ 26.653334898033354, 37.78778421137897 ], [ 26.653478416080109, 37.787740339555356 ], [ 26.653521782964436, 37.787759681038381 ], [ 26.65367891681661, 37.787857737867888 ], [ 26.653701353285481, 37.787769179791432 ], [ 26.653655807305551, 37.78768892674946 ], [ 26.653532784516859, 37.787590102464392 ], [ 26.653544512847457, 37.787440825796111 ], [ 26.653636139084671, 37.787377800949258 ], [ 26.653575234974078, 37.78734530788784 ], [ 26.653412478430059, 37.787328653714795 ], [ 26.653416353889103, 37.78743693858241 ], [ 26.653347647067868, 37.787424940922463 ], [ 26.653326233162026, 37.787303504448289 ], [ 26.653296533282965, 37.78718902983109 ], [ 26.653228312314099, 37.787190565791427 ], [ 26.653184946724629, 37.787171223480044 ], [ 26.65316595393983, 37.787117467533513 ], [ 26.653234175425283, 37.787115928920969 ], [ 26.653257580082226, 37.78705444190593 ], [ 26.653170122388932, 37.786995454711757 ], [ 26.653124336329601, 37.786908432096972 ], [ 26.653058293142376, 37.786970881140689 ], [ 26.652939872590828, 37.787000640894014 ], [ 26.652881831985269, 37.787023846519077 ], [ 26.652846245313839, 37.787092584456246 ], [ 26.65279093102103, 37.787141637015957 ], [ 26.652707375918364, 37.787198874302454 ], [ 26.652591964039914, 37.787251799066162 ], [ 26.652560822821073, 37.787267596384034 ], [ 26.652462078173677, 37.787254725084821 ], [ 26.652474769940763, 37.787166373312218 ], [ 26.652701531442677, 37.787035456848848 ], [ 26.65253978915997, 37.787034070329604 ], [ 26.652515904802659, 37.786986801348085 ], [ 26.65244740121647, 37.786932988859306 ], [ 26.65241039585079, 37.786873435775775 ], [ 26.652419620875207, 37.786868114305243 ], [ 26.652373413350794, 37.78685106137182 ], [ 26.652329917924352, 37.786856373999285 ], [ 26.652309181473374, 37.786887175392458 ], [ 26.652225484225994, 37.786837060017042 ], [ 26.652208187279445, 37.786811448346022 ], [ 26.65220009889924, 37.786737962039417 ], [ 26.652209926218166, 37.786707405609114 ], [ 26.652220065744054, 37.78668551314469 ], [ 26.65225233456998, 37.786671784153171 ], [ 26.652275396799276, 37.786705933319134 ], [ 26.652351778815937, 37.786704210784102 ], [ 26.652432225316534, 37.786663400502455 ], [ 26.652527952333486, 37.786591908252277 ], [ 26.652505200548227, 37.786566420409194 ], [ 26.652384085925188, 37.786538814772747 ], [ 26.652221030129716, 37.786559821194764 ], [ 26.652115510552427, 37.786510196665482 ], [ 26.651910198738697, 37.78657115560879 ], [ 26.651874984184307, 37.786502614158771 ], [ 26.651991608563492, 37.786404651735303 ], [ 26.651871269759194, 37.786398694496761 ], [ 26.651940183686886, 37.786340810167012 ], [ 26.651952991293602, 37.786240852057908 ], [ 26.651777475341685, 37.786218804900535 ], [ 26.651648390411513, 37.78627371367196 ], [ 26.651543645894652, 37.786245738457445 ], [ 26.651579706795403, 37.786032588622504 ], [ 26.651587523380201, 37.78594574416848 ], [ 26.651434604790396, 37.785944854608132 ], [ 26.651276075728951, 37.785939758647672 ], [ 26.65117957278455, 37.785989597022898 ], [ 26.651187765759904, 37.785798743048488 ], [ 26.651091709282522, 37.785784655111634 ], [ 26.651014562560732, 37.785726806332562 ], [ 26.651150185119956, 37.785702087017945 ], [ 26.651209821892941, 37.785651993166233 ], [ 26.651393568980463, 37.785637021870677 ], [ 26.651481838168706, 37.785624201080481 ], [ 26.65143023125507, 37.78551702871561 ], [ 26.651354052865369, 37.785486241684794 ], [ 26.651312989655736, 37.785292163331576 ], [ 26.651303496385164, 37.785265292686972 ], [ 26.651170487374714, 37.785363081230173 ], [ 26.651253012093431, 37.785523726931451 ], [ 26.651220366577906, 37.785565087866559 ], [ 26.651057188071736, 37.785534906541542 ], [ 26.651000417016874, 37.785617435657976 ], [ 26.650853319091365, 37.785559808875547 ], [ 26.650841172147132, 37.785445115093154 ], [ 26.650589040111974, 37.785450791110527 ], [ 26.65061163363805, 37.78535559603538 ], [ 26.65056538221171, 37.785255071621037 ], [ 26.65035256759948, 37.7852683265548 ], [ 26.650318786711747, 37.785218305322047 ], [ 26.650199457741028, 37.785161745063476 ], [ 26.650237547886476, 37.785033931000171 ], [ 26.650320980820378, 37.784981270339216 ], [ 26.65036118736348, 37.784912656934061 ], [ 26.650220243060581, 37.784848119060563 ], [ 26.650156309769024, 37.784849557735164 ], [ 26.65010121693134, 37.784800015872086 ], [ 26.64999405357506, 37.784785500029876 ], [ 26.649896641969367, 37.784745373670688 ], [ 26.649882662513651, 37.784652587630859 ], [ 26.64979227956464, 37.784510739107212 ], [ 26.6498620355481, 37.78437374962715 ], [ 26.64982765199035, 37.784306813851117 ], [ 26.649740894978002, 37.7842664488427 ], [ 26.649602371733863, 37.784269565814419 ], [ 26.64952687451736, 37.784245871525236 ], [ 26.649499823406394, 37.78408566987391 ], [ 26.649540633574468, 37.784033969757935 ], [ 26.649473377084202, 37.783942383090633 ], [ 26.649438689424894, 37.783866989652942 ], [ 26.649246585470554, 37.783862848731346 ], [ 26.649193161593288, 37.783740481575478 ], [ 26.649080167479585, 37.783682085165232 ], [ 26.649074610424396, 37.783526476735616 ], [ 26.648967482424755, 37.783393467035346 ], [ 26.648804551776163, 37.783370048735456 ], [ 26.648776803873471, 37.783309733627753 ], [ 26.64882650258588, 37.783267991173417 ], [ 26.648876023263522, 37.78298249590722 ], [ 26.648836611750696, 37.782834421762331 ], [ 26.648851461016161, 37.782808381755146 ], [ 26.648719009251963, 37.782754384717663 ], [ 26.648661951541335, 37.782676683867997 ], [ 26.648596109821323, 37.782606359377503 ], [ 26.648486346827784, 37.782572923619654 ], [ 26.64836780191234, 37.782546868614943 ], [ 26.648311512500076, 37.782490690230802 ], [ 26.648182903021031, 37.782436138862558 ], [ 26.64810981543215, 37.782416239947608 ], [ 26.648080390243532, 37.782352277647384 ], [ 26.648087380619682, 37.782294675694864 ], [ 26.648003973089001, 37.782239106622768 ], [ 26.647939411677839, 37.782204655822007 ], [ 26.647867349631259, 37.782213457527504 ], [ 26.647837923367728, 37.782149494408905 ], [ 26.647872033338949, 37.782091282391818 ], [ 26.647907682010043, 37.782076119487442 ], [ 26.64795364950384, 37.782096626723437 ], [ 26.648062640938669, 37.782108536519253 ], [ 26.64824395294891, 37.782118821971224 ], [ 26.648326336185445, 37.782145690418027 ], [ 26.648475075852694, 37.782257234390563 ], [ 26.648603429493907, 37.782304610998125 ], [ 26.648703124907545, 37.782309549470071 ], [ 26.648645043120432, 37.782203147311932 ], [ 26.648506881209013, 37.782134451756392 ], [ 26.6483689753296, 37.782072926506046 ], [ 26.648239598097856, 37.781996850268783 ], [ 26.648129838233025, 37.781963414614381 ], [ 26.648046428943978, 37.781907846519985 ], [ 26.647961997198319, 37.7818235796653 ], [ 26.647605937038474, 37.781670025015082 ], [ 26.647547197208819, 37.781608514057581 ], [ 26.647566594882008, 37.781518322072536 ], [ 26.647462014986633, 37.781439892217001 ], [ 26.647381957252325, 37.781414763155702 ], [ 26.647267357935714, 37.781372463151179 ], [ 26.647208936589678, 37.781319921956666 ], [ 26.647195077052181, 37.781248428993649 ], [ 26.647192194981244, 37.781167710849623 ], [ 26.647212237804734, 37.781095455732974 ], [ 26.647291014332513, 37.781084707880581 ], [ 26.647483111413511, 37.781080389286657 ], [ 26.647661987758713, 37.781022514478238 ], [ 26.647659107064712, 37.780941798195258 ], [ 26.647667526832532, 37.780860828170766 ], [ 26.647630425104804, 37.780771905400449 ], [ 26.647705041699819, 37.780644567249787 ], [ 26.647691501824514, 37.780582040631437 ], [ 26.647565282984392, 37.78053102582966 ], [ 26.647428086856547, 37.780489230910447 ], [ 26.647179492897667, 37.780494821014649 ], [ 26.647044215775502, 37.780506836821239 ], [ 26.646842740271421, 37.780565219910763 ], [ 26.646500813528167, 37.780411344381925 ], [ 26.646413665921699, 37.780345984765709 ], [ 26.646480288752773, 37.780232290546053 ], [ 26.646519864203324, 37.78015286379253 ], [ 26.64651586496495, 37.780040757758414 ], [ 26.646329445278162, 37.779966410971795 ], [ 26.645950882496702, 37.780053455277368 ], [ 26.645675316344978, 37.779857691635058 ], [ 26.645574046085052, 37.779792651408584 ], [ 26.645275032782642, 37.779732050022702 ], [ 26.645158439111526, 37.779633693949449 ], [ 26.645040246497082, 37.77949049440668 ], [ 26.644920454069524, 37.779302451492192 ], [ 26.644795333398338, 37.779361357686078 ], [ 26.6446843352618, 37.779419949997497 ], [ 26.644626638310651, 37.779387587345965 ], [ 26.644593594457643, 37.779253692679248 ], [ 26.644572275386516, 37.779052220398221 ], [ 26.644327765974413, 37.778934294148208 ], [ 26.64419051822674, 37.779049571263506 ], [ 26.643964127427015, 37.779043435634236 ], [ 26.643985629942193, 37.779016477419816 ], [ 26.644396699780081, 37.778501138366558 ], [ 26.64441065122918, 37.778483649352275 ], [ 26.644544951933277, 37.778442249230174 ], [ 26.644153984395217, 37.778222944826346 ], [ 26.644097024039549, 37.778112027397682 ], [ 26.644144659271461, 37.77806047032491 ], [ 26.644371847679952, 37.778089028845855 ], [ 26.644411823216359, 37.778020812203664 ], [ 26.644280309364031, 37.777900349747689 ], [ 26.644318285302361, 37.777776081690483 ], [ 26.64440652600198, 37.777712527637377 ], [ 26.644403299364271, 37.777702366206007 ], [ 26.644254488154729, 37.777651854385667 ], [ 26.644054938472745, 37.777764043060799 ], [ 26.643916789128806, 37.777695339327167 ], [ 26.643877138296027, 37.777534667295306 ], [ 26.643801496793905, 37.777443018218278 ], [ 26.64379689409304, 37.77731387222947 ], [ 26.643696183888387, 37.777280230463546 ], [ 26.64368551979311, 37.777488704813628 ], [ 26.643661214481686, 37.777568238367301 ], [ 26.643579091906702, 37.777548541545691 ], [ 26.643591800556692, 37.777397463381767 ], [ 26.643642201927769, 37.777288623441216 ], [ 26.643762105933295, 37.777099236853473 ], [ 26.643733966567673, 37.777071146225751 ], [ 26.643661907552467, 37.777079945049238 ], [ 26.643608948417906, 37.77711703610435 ], [ 26.643513861480628, 37.777241240082255 ], [ 26.64349782677105, 37.777299043926533 ], [ 26.643492367464241, 37.777399696028311 ], [ 26.643397281197725, 37.777523898416021 ], [ 26.643325219801479, 37.777532698143915 ], [ 26.643287529486628, 37.777490459984094 ], [ 26.643194577971347, 37.777420741265267 ], [ 26.643130789597748, 37.777407810482899 ], [ 26.643124307893231, 37.77747976184456 ], [ 26.643042952881636, 37.777481587752298 ], [ 26.642898064965518, 37.777477659177002 ], [ 26.642778508342307, 37.77742289698525 ], [ 26.642740817535852, 37.777380660617389 ], [ 26.642605224848378, 37.777383702321728 ], [ 26.64253495507911, 37.777442725542571 ], [ 26.642488733839222, 37.777415039837038 ], [ 26.642432707993354, 37.777366032142311 ], [ 26.642356304615234, 37.777252857793243 ], [ 26.642354260425638, 37.777195459817449 ], [ 26.642476978918499, 37.777084998338132 ], [ 26.642568906866209, 37.777126017962416 ], [ 26.642668340148855, 37.777123787087419 ], [ 26.642739889345286, 37.777100640102837 ], [ 26.642774511734487, 37.777056779501287 ], [ 26.64271695306681, 37.776964723023738 ], [ 26.642670479933248, 37.776929865522717 ], [ 26.642588868693835, 37.776924515141765 ], [ 26.642513488447776, 37.776840039976243 ], [ 26.642411242442908, 37.776763347694875 ], [ 26.64223872891284, 37.776745677571121 ], [ 26.642168714819618, 37.776811873343114 ], [ 26.642111410755117, 37.776726991487699 ], [ 26.642136740328947, 37.776676158948085 ], [ 26.642263547263589, 37.77668049601391 ], [ 26.642369974110679, 37.776620663966597 ], [ 26.642395049540383, 37.776562656068265 ], [ 26.642338257142761, 37.776492125086676 ], [ 26.64247001450212, 37.776381460633033 ], [ 26.64269650801463, 37.776390737784332 ], [ 26.642815040327584, 37.776416799932569 ], [ 26.642868254617582, 37.776386883504607 ], [ 26.642877765247686, 37.776411136554522 ], [ 26.642895373161352, 37.776386275166793 ], [ 26.642909835986444, 37.776385950661037 ], [ 26.642907790563363, 37.77632855205362 ], [ 26.642856556706565, 37.776312469128634 ], [ 26.642805528057295, 37.776302123853498 ], [ 26.642783016378139, 37.776279651618808 ], [ 26.642780561248163, 37.77621077509751 ], [ 26.642814469964414, 37.776146824538806 ], [ 26.64279877885226, 37.776112709919481 ], [ 26.642733084449141, 37.776096950633217 ], [ 26.642682464202707, 37.776098086843845 ], [ 26.642617177702462, 37.776093807264537 ], [ 26.6425890703817, 37.77611741657298 ], [ 26.64259009171105, 37.776146115401716 ], [ 26.642612399841468, 37.776162847323924 ], [ 26.64260721296705, 37.776220407693678 ], [ 26.642565869000268, 37.776278781554765 ], [ 26.642538170304249, 37.776313868835572 ], [ 26.642451391288056, 37.776315816753709 ], [ 26.642343125242228, 37.776323990405807 ], [ 26.642281517337665, 37.776423027438085 ], [ 26.642235188206595, 37.776544700361846 ], [ 26.642147186559438, 37.77651220908772 ], [ 26.642130269795931, 37.776443656106764 ], [ 26.642056932804369, 37.776416577995334 ], [ 26.642019141352066, 37.776371469923205 ], [ 26.642032171426791, 37.776330965951438 ], [ 26.642074335199123, 37.776295553277748 ], [ 26.642109673960388, 37.776271783905685 ], [ 26.642265495131902, 37.776176376635405 ], [ 26.642351455825537, 37.776151468414142 ], [ 26.642392594747193, 37.776087356948359 ], [ 26.642419272225872, 37.776023570892818 ], [ 26.642388710252373, 37.775978299331811 ], [ 26.642317489528562, 37.775959794584253 ], [ 26.642324483147473, 37.775902190964374 ], [ 26.642313656538466, 37.775852170341942 ], [ 26.642224539792348, 37.775890072870361 ], [ 26.642134402984382, 37.775899276609124 ], [ 26.642101823620838, 37.776000533679621 ], [ 26.642105146020196, 37.776093806380317 ], [ 26.642043148739607, 37.77613110061823 ], [ 26.64201577509078, 37.776124533585026 ], [ 26.641986356987427, 37.776060569791149 ], [ 26.641921549620321, 37.776018940283649 ], [ 26.641801739232434, 37.775957003133335 ], [ 26.641844125142686, 37.775877067030621 ], [ 26.641953108562728, 37.775888981755621 ], [ 26.642015615899339, 37.775866037400142 ], [ 26.642013827238895, 37.775815813418752 ], [ 26.642011528722954, 37.77575124050508 ], [ 26.642045130133692, 37.775678680554961 ], [ 26.642099364601993, 37.775677463883746 ], [ 26.6421365422996, 37.775705352713089 ], [ 26.642156922825848, 37.77576952152814 ], [ 26.642202375044388, 37.775775680044866 ], [ 26.642265136489026, 37.775759911943467 ], [ 26.642309566776092, 37.775737373454938 ], [ 26.642369264069313, 37.77563550641586 ], [ 26.642461446721683, 37.775683701092177 ], [ 26.642505873292706, 37.775661161728202 ], [ 26.642494791760797, 37.775603966699904 ], [ 26.642457101813847, 37.775561728953662 ], [ 26.642355882480107, 37.775513736790799 ], [ 26.642222849193701, 37.775588527537757 ], [ 26.642179002956755, 37.775607202902663 ], [ 26.642038792584813, 37.77545904499744 ], [ 26.642001076555953, 37.775446444153289 ], [ 26.641869474349903, 37.775506004392085 ], [ 26.641843136497169, 37.775567448896624 ], [ 26.641807102970894, 37.775556936545257 ], [ 26.641805088170162, 37.775500372871711 ], [ 26.641740550794754, 37.77549049980621 ], [ 26.641765833342397, 37.775399357446958 ], [ 26.64182875895964, 37.775363982077465 ], [ 26.64189289496607, 37.775362542587963 ], [ 26.641963148340306, 37.775332662572573 ], [ 26.641989839792007, 37.775281118606202 ], [ 26.642009204558725, 37.775224074003411 ], [ 26.641979571886687, 37.77519303746687 ], [ 26.641933482142015, 37.7751804861553 ], [ 26.641836726228821, 37.77518718667222 ], [ 26.641785904789902, 37.775201912248214 ], [ 26.641704641488896, 37.775162977099093 ], [ 26.641659034586361, 37.775163998357527 ], [ 26.641637679511035, 37.775205236865013 ], [ 26.641541088792412, 37.775216461868176 ], [ 26.641472999365888, 37.775227046706327 ], [ 26.641522697693429, 37.775180644428282 ], [ 26.641531359126052, 37.775103462058546 ], [ 26.641551746751379, 37.775035074914349 ], [ 26.641539217170543, 37.775003655546513 ], [ 26.641510069242567, 37.774986194253138 ], [ 26.641475703483433, 37.77498243814771 ], [ 26.641400462332083, 37.77495242467495 ], [ 26.641376693692258, 37.774925786218589 ], [ 26.641328347891005, 37.774849882509152 ], [ 26.641322227884345, 37.774677930351857 ], [ 26.641341648220738, 37.774582393875583 ], [ 26.641436531968203, 37.774506683054824 ], [ 26.6413344817405, 37.774382181056346 ], [ 26.641231464111083, 37.774252318217798 ], [ 26.641152843229559, 37.774169970703866 ], [ 26.641102254591164, 37.774237193053359 ], [ 26.641078710195153, 37.774213688306084 ], [ 26.641090416920992, 37.774117300568712 ], [ 26.641102978952382, 37.774044922481743 ], [ 26.641054823482833, 37.773967900597377 ], [ 26.6409718453084, 37.773975769986869 ], [ 26.640870025262338, 37.774092202504477 ], [ 26.640848404781767, 37.77412272779894 ], [ 26.640914037403437, 37.774265445970165 ], [ 26.640945996701895, 37.774312792361016 ], [ 26.641194205677916, 37.77448145496308 ], [ 26.641211254675376, 37.774535142913919 ], [ 26.641189421117545, 37.774559663649576 ], [ 26.641137978472969, 37.774602872036851 ], [ 26.641074695631257, 37.774526188584311 ], [ 26.640963174784435, 37.774582762588572 ], [ 26.640827899253726, 37.774609825416441 ], [ 26.640834819247853, 37.774591647952853 ], [ 26.640876990944069, 37.774500584703596 ], [ 26.640895621677185, 37.774386016728613 ], [ 26.640817001614376, 37.774303667390406 ], [ 26.640751370401194, 37.774160950075711 ], [ 26.640748164580728, 37.774070903857286 ], [ 26.640854770619196, 37.773876261137644 ], [ 26.640869897138998, 37.773875921604592 ], [ 26.64080704325249, 37.773811244991172 ], [ 26.640723852034878, 37.773813109769712 ], [ 26.640685396598226, 37.773795948325755 ], [ 26.640645019149822, 37.773724758721592 ], [ 26.64053700454463, 37.773667103587485 ], [ 26.640429628941231, 37.773627455192731 ], [ 26.640297643639453, 37.773534287995275 ], [ 26.64024427576015, 37.773523468935338 ], [ 26.640183774070351, 37.773524825296697 ], [ 26.640129552363689, 37.773489991393546 ], [ 26.640111222180508, 37.773400285014027 ], [ 26.64007669745672, 37.77328090322095 ], [ 26.640023119174728, 37.773264080471144 ], [ 26.640002566200941, 37.77332461885748 ], [ 26.639968597025707, 37.773433522922744 ], [ 26.639940482765304, 37.773494232011544 ], [ 26.639916939077942, 37.773470728237122 ], [ 26.639884552475724, 37.773411373747749 ], [ 26.639852592254609, 37.773364029341955 ], [ 26.639895619022717, 37.773296977056454 ], [ 26.639917453803815, 37.773272455593769 ], [ 26.639863232954216, 37.773237624387832 ], [ 26.639794100470791, 37.773209134653435 ], [ 26.639725608283644, 37.773198653374841 ], [ 26.639653290153767, 37.773293397822819 ], [ 26.639539315220102, 37.773280931515295 ], [ 26.639443176432511, 37.773238027582018 ], [ 26.639396977211508, 37.773269101831055 ], [ 26.639302442753074, 37.77327122036926 ], [ 26.639243320862043, 37.773204958588025 ], [ 26.639214159213566, 37.773183081771563 ], [ 26.639167158718404, 37.773191646109012 ], [ 26.639139600117229, 37.773214791750064 ], [ 26.63909526729611, 37.773298394425915 ], [ 26.639063704474989, 37.773208983455653 ], [ 26.638987276613751, 37.773188165023235 ], [ 26.638913516921654, 37.773242387561275 ], [ 26.638884354761238, 37.773220513393262 ], [ 26.63888793770553, 37.773055214471768 ], [ 26.638865294947742, 37.77295058393721 ], [ 26.63883400004476, 37.772868676412926 ], [ 26.638775945000116, 37.772832427912249 ], [ 26.638741333766916, 37.772923320624692 ], [ 26.638714572568247, 37.772968980530131 ], [ 26.638646264549678, 37.772910431694747 ], [ 26.63859392618054, 37.772768918779704 ], [ 26.638461579373718, 37.7727718826036 ], [ 26.638377564564252, 37.772803805607104 ], [ 26.638309789327771, 37.772760263388477 ], [ 26.638214721259917, 37.772747373585005 ], [ 26.638218254640041, 37.772846700603843 ], [ 26.638225707301856, 37.772849864257232 ], [ 26.638274621961397, 37.772863184670904 ], [ 26.638360690650476, 37.772899707278079 ], [ 26.638507946148803, 37.772954083586932 ], [ 26.638557029372361, 37.772972210500214 ], [ 26.638594185194304, 37.772995410051479 ], [ 26.638625974126398, 37.773037954063795 ], [ 26.638597259498606, 37.773081855327803 ], [ 26.638524996915649, 37.773093086399356 ], [ 26.63842717054202, 37.773066439352426 ], [ 26.638256056959573, 37.773022210054826 ], [ 26.638205777017316, 37.772970467748756 ], [ 26.638161716274972, 37.772923390476215 ], [ 26.638115164461311, 37.772913432657027 ], [ 26.638079035196217, 37.773050208148682 ], [ 26.638033192432427, 37.773123329480086 ], [ 26.637901454018554, 37.773164730252724 ], [ 26.637838903852877, 37.773108457282746 ], [ 26.637921045687001, 37.77303452072735 ], [ 26.637873059977515, 37.772876986972378 ], [ 26.637733733344451, 37.772875302578726 ], [ 26.637737830515569, 37.772990562001119 ], [ 26.637514239675966, 37.773173403345659 ], [ 26.637449127556682, 37.773045090416907 ], [ 26.637541151203106, 37.77290845286344 ], [ 26.637473234338977, 37.772871524408622 ], [ 26.637427810617083, 37.772786027082446 ], [ 26.637484214468973, 37.772669413192624 ], [ 26.637554598205693, 37.772605354143387 ], [ 26.637595753974004, 37.772570789198021 ], [ 26.637574361798336, 37.772479947931487 ], [ 26.637446623978615, 37.772463583262734 ], [ 26.637366587468762, 37.772392321636126 ], [ 26.63734490423936, 37.772327438608443 ], [ 26.637338289580271, 37.772277601921751 ], [ 26.637269162328113, 37.772240700110999 ], [ 26.637169356181168, 37.77215834282763 ], [ 26.637094433112321, 37.772094655305473 ], [ 26.636996325124503, 37.771923824055811 ], [ 26.637147872435289, 37.771962726733804 ], [ 26.637192797688126, 37.772000172270708 ], [ 26.637270042970648, 37.772129172420897 ], [ 26.637337060165528, 37.77224302377099 ], [ 26.637425275318165, 37.772271808686249 ], [ 26.637551255200279, 37.772272831698068 ], [ 26.637601021834936, 37.772310168538105 ], [ 26.637734574037154, 37.772387922771124 ], [ 26.637822104485352, 37.77239749859195 ], [ 26.637881202564692, 37.772288511985202 ], [ 26.637879017095855, 37.772227041093402 ], [ 26.637843284123843, 37.772039433061714 ], [ 26.637813423091238, 37.772017031164467 ], [ 26.637779543315073, 37.77201778980146 ], [ 26.637737622949661, 37.772064871278559 ], [ 26.637625145933701, 37.772171205182595 ], [ 26.637514507328355, 37.772192909469027 ], [ 26.637401195975158, 37.772003193555541 ], [ 26.637292392439807, 37.771940266488606 ], [ 26.637170296335235, 37.771912238490003 ], [ 26.63687321995144, 37.771765088689008 ], [ 26.63679644532586, 37.77181967689063 ], [ 26.636903486537609, 37.772105660851615 ], [ 26.636869062767193, 37.772159299524404 ], [ 26.636906481982951, 37.77236032707961 ], [ 26.636890551116334, 37.772423167629675 ], [ 26.636701877924626, 37.772225525586201 ], [ 26.636536816564249, 37.772181157659098 ], [ 26.63654338440411, 37.772159539140674 ], [ 26.636482366183834, 37.772182377845489 ], [ 26.636490634497399, 37.772244674559921 ], [ 26.6364931936426, 37.772316710686738 ], [ 26.636527027558895, 37.772416887198951 ], [ 26.636565719982805, 37.772483308754346 ], [ 26.636609606410705, 37.772525582976698 ], [ 26.63680313421602, 37.772689471162266 ], [ 26.636826576276921, 37.772837941758297 ], [ 26.636586599586156, 37.772559742068744 ], [ 26.636510584330765, 37.77246531805195 ], [ 26.636448034695594, 37.772409041744964 ], [ 26.636383779855226, 37.772304743126178 ], [ 26.636369631316757, 37.772247382844057 ], [ 26.636250754576348, 37.77213949802465 ], [ 26.636201670054433, 37.772121372072199 ], [ 26.636143045360207, 37.772175554527934 ], [ 26.636172534693998, 37.772323890339216 ], [ 26.636155921427825, 37.772367518228194 ], [ 26.63619529271044, 37.772453149770286 ], [ 26.636187799513287, 37.772583089231986 ], [ 26.635920395943554, 37.772555429851089 ], [ 26.635839184823809, 37.77248515318383 ], [ 26.635721842966806, 37.77242049117411 ], [ 26.63564889989053, 37.772412510438279 ], [ 26.635819918691009, 37.772283719656421 ], [ 26.635818212862002, 37.772235693808604 ], [ 26.635773301489174, 37.772164604682061 ], [ 26.635723536687706, 37.772127267869621 ], [ 26.635649911774497, 37.772100078943225 ], [ 26.635554474352499, 37.772140664275035 ], [ 26.635513829653171, 37.772189637070447 ], [ 26.635504969237601, 37.772281155495314 ], [ 26.635392745419527, 37.772360568464514 ], [ 26.635444388172871, 37.772450734151604 ], [ 26.63559734875496, 37.772495371818721 ], [ 26.635665263957041, 37.772532301971403 ], [ 26.635674215893292, 37.77261380969972 ], [ 26.635736593179818, 37.77266528311678 ], [ 26.635861179255016, 37.772763427040466 ], [ 26.635880522825538, 37.772796639200074 ], [ 26.635667493148627, 37.772935984085414 ], [ 26.635449174817168, 37.772926450679847 ], [ 26.6354116789663, 37.772893646112841 ], [ 26.635346570704485, 37.772765333366294 ], [ 26.635273878775802, 37.77259393034516 ], [ 26.635253167924258, 37.772522301730646 ], [ 26.635220869441238, 37.772465347230373 ], [ 26.635202038567336, 37.772446541302564 ], [ 26.6350936475928, 37.772463387855801 ], [ 26.635054194211776, 37.772545977809855 ], [ 26.63495909718004, 37.772596169126608 ], [ 26.634830679880999, 37.772560590895694 ], [ 26.63476037592854, 37.772456424825833 ], [ 26.634687432136104, 37.772448445856924 ], [ 26.634629317679227, 37.772517033699522 ], [ 26.634556033832325, 37.772499447070928 ], [ 26.634524589364343, 37.772466507293316 ], [ 26.634452157469546, 37.772472932733457 ], [ 26.634389779961651, 37.772421460250854 ], [ 26.634310443976595, 37.772404008028296 ], [ 26.63421586049985, 37.772468607254801 ], [ 26.634136440183422, 37.77244875355651 ], [ 26.634099115711443, 37.772420751127164 ], [ 26.634091019504474, 37.772363257297997 ], [ 26.634090167500744, 37.772339244362925 ], [ 26.634118711211464, 37.772290542977728 ], [ 26.634178532839869, 37.772269978405866 ], [ 26.63423332557154, 37.772278365864913 ], [ 26.634270649243735, 37.772306370042401 ], [ 26.634318366968923, 37.772286076916288 ], [ 26.634317345140275, 37.772257261052168 ], [ 26.634296979465599, 37.772195234012649 ], [ 26.634293227843852, 37.772089579155576 ], [ 26.634273885209566, 37.772056367999383 ], [ 26.634218749764468, 37.772038375567604 ], [ 26.634164298827642, 37.772039593100551 ], [ 26.634118797461269, 37.77212231904263 ], [ 26.634075763754613, 37.772104056041869 ], [ 26.634025826492028, 37.772061917191408 ], [ 26.633995575380919, 37.772062592714484 ], [ 26.633966348476928, 37.772092084957485 ], [ 26.633960808631027, 37.772106626390041 ], [ 26.633977429893463, 37.772404248529071 ], [ 26.63388667805242, 37.772406277754378 ], [ 26.633757408439259, 37.772346687505973 ], [ 26.633710966065397, 37.772232373662881 ], [ 26.633731840158383, 37.771967558843443 ], [ 26.633644851290558, 37.771906386024398 ], [ 26.633614283358337, 37.771919384528452 ], [ 26.633449494235688, 37.771985919976842 ], [ 26.633273932275905, 37.771996826487367 ], [ 26.633213636947652, 37.772033091633965 ], [ 26.633182931096474, 37.772159479015542 ], [ 26.633113845761073, 37.772195939598745 ], [ 26.633000065375992, 37.772212449252955 ], [ 26.632918970250305, 37.772158395879217 ], [ 26.633117189403649, 37.772042231530662 ], [ 26.633157179456884, 37.771929605786575 ], [ 26.633134894125615, 37.77179742179414 ], [ 26.633019875101606, 37.771779042994446 ], [ 26.633015542251108, 37.77190483957294 ], [ 26.632874150901724, 37.771887051403304 ], [ 26.632836018156659, 37.77180410451215 ], [ 26.632604497168671, 37.771725482234004 ], [ 26.632628142666519, 37.7716481376427 ], [ 26.632563887942194, 37.771572756868409 ], [ 26.632425964129048, 37.771652655856904 ], [ 26.632440575279333, 37.771568528670436 ], [ 26.632333356816485, 37.771522043256056 ], [ 26.632246689913142, 37.771558897185919 ], [ 26.632202242473603, 37.771545925231365 ], [ 26.632217843293152, 37.771489708427744 ], [ 26.632207073743917, 37.771434084931428 ], [ 26.632118180317068, 37.771408136618653 ], [ 26.632066425477433, 37.771437228225764 ], [ 26.631949430181045, 37.771363027040756 ], [ 26.632017523735339, 37.771298655413347 ], [ 26.632077076747315, 37.771241458114893 ], [ 26.632091440736527, 37.771150354857348 ], [ 26.631995489388412, 37.771173448975659 ], [ 26.631906350392331, 37.771041362751227 ], [ 26.631822159548978, 37.771048829718325 ], [ 26.631582269037111, 37.771031844468538 ], [ 26.631383584173665, 37.770986004637798 ], [ 26.631384678132743, 37.770818382179534 ], [ 26.631433017326859, 37.770593838619533 ], [ 26.631417962795542, 37.77056624052674 ], [ 26.631266525959777, 37.770463477829239 ], [ 26.630998112387751, 37.77043595579466 ], [ 26.630780800079229, 37.770658689245558 ], [ 26.630715622292271, 37.770805397010932 ], [ 26.630665407176974, 37.770778584930518 ], [ 26.630606179892503, 37.770696108893205 ], [ 26.630599056006123, 37.770495150234211 ], [ 26.63060312069948, 37.770411259619401 ], [ 26.630587472056224, 37.770366916858066 ], [ 26.630523192409413, 37.770340419607109 ], [ 26.63046614436788, 37.770319348600971 ], [ 26.63042474198857, 37.770342617690432 ], [ 26.630384329376561, 37.77039380138563 ], [ 26.63040175758595, 37.77048838356297 ], [ 26.630346488890119, 37.770517551074228 ], [ 26.630269135426726, 37.770519278772824 ], [ 26.630228127619286, 37.770553714267145 ], [ 26.630164838235078, 37.770555128964311 ], [ 26.630079262110122, 37.770523520211079 ], [ 26.629978832349625, 37.770469895246414 ], [ 26.629914157598385, 37.770432234259189 ], [ 26.629758259350304, 37.770402197606657 ], [ 26.629701014772134, 37.770375541197659 ], [ 26.629775006522966, 37.770278916608284 ], [ 26.629817397049401, 37.770283555040201 ], [ 26.629867808859114, 37.770315949795119 ], [ 26.629905147043182, 37.770376570388912 ], [ 26.630012212730485, 37.770418871568978 ], [ 26.630057877150758, 37.77031729287161 ], [ 26.630132110598304, 37.770148036126244 ], [ 26.630059062852954, 37.769993242994722 ], [ 26.629913424203647, 37.770014371437881 ], [ 26.629755428105156, 37.770004491573864 ], [ 26.629517248171883, 37.769956180690528 ], [ 26.629221209114089, 37.770181784544661 ], [ 26.628876928942937, 37.770158184789381 ], [ 26.628771393124897, 37.770039869517731 ], [ 26.628763800438755, 37.769825512626653 ], [ 26.62864518462543, 37.769814752126408 ], [ 26.628621098734371, 37.769770596945961 ], [ 26.628502258269265, 37.769594478538082 ], [ 26.628346477324801, 37.769647118286095 ], [ 26.628359083038358, 37.769526164040705 ], [ 26.628358831150024, 37.769246775384751 ], [ 26.628242584844084, 37.769190225017255 ], [ 26.628202487886728, 37.769502444999532 ], [ 26.628172960470557, 37.769631693737679 ], [ 26.628227188485667, 37.769718468222138 ], [ 26.628347896725735, 37.76975638194903 ], [ 26.628375369376926, 37.769809911227782 ], [ 26.628359289100469, 37.769837342988296 ], [ 26.628282617132808, 37.769839054765669 ], [ 26.628197425122, 37.769840954873906 ], [ 26.62813731190283, 37.769828761113025 ], [ 26.628151953349615, 37.769760755113978 ], [ 26.628141996956792, 37.769720370097581 ], [ 26.628106484753093, 37.76968055361835 ], [ 26.628029812483518, 37.769682263625974 ], [ 26.627981091829874, 37.7697510326471 ], [ 26.627982528539675, 37.769791607769001 ], [ 26.627975447531245, 37.769832371230102 ], [ 26.627915810626888, 37.769833704577302 ], [ 26.627861583866792, 37.769746930042089 ], [ 26.627734034842199, 37.769756544638533 ], [ 26.627683876809211, 37.769784735904224 ], [ 26.627617638868106, 37.769840356282337 ], [ 26.627574086439267, 37.769814255215906 ], [ 26.627510379814453, 37.76970062189389 ], [ 26.627515308945021, 37.769598994936857 ], [ 26.627437198703433, 37.769560128092841 ], [ 26.627307281402768, 37.769563027323237 ], [ 26.627198696693466, 37.769506229294272 ], [ 26.627090114620668, 37.769449432165885 ], [ 26.626920028950401, 37.769461686027576 ], [ 26.626862594411563, 37.76934452856618 ], [ 26.626956040967293, 37.769274764984466 ], [ 26.627103031385968, 37.769212265847777 ], [ 26.627153282956275, 37.769126545527989 ], [ 26.627157349758548, 37.768940336566494 ], [ 26.627176251800705, 37.768872235382872 ], [ 26.627372895727415, 37.768707110755848 ], [ 26.627574924886634, 37.768694142525746 ], [ 26.627659515034384, 37.768675336957898 ], [ 26.627720715866158, 37.768597832643778 ], [ 26.627770966725901, 37.768512110822968 ], [ 26.627706473571013, 37.768496630660266 ], [ 26.627473397327226, 37.768535669708946 ], [ 26.627386112132186, 37.768478398941767 ], [ 26.627278426465168, 37.768446960283541 ], [ 26.627171639058144, 37.768440883340098 ], [ 26.62710924246349, 37.768484574914126 ], [ 26.627103381620849, 37.76862006350607 ], [ 26.627073530329273, 37.768679950595093 ], [ 26.627026867467947, 37.768867109802009 ], [ 26.626895315279128, 37.769064621154705 ], [ 26.626811321761789, 37.769100334917908 ], [ 26.626746829100369, 37.769084852940644 ], [ 26.626680842486927, 37.769027106325595 ], [ 26.626668698502247, 37.768985076887184 ], [ 26.626633758864898, 37.768901255881268 ], [ 26.626561311582861, 37.76896209266355 ], [ 26.626502802965845, 37.769115675427706 ], [ 26.626291020718991, 37.769154238910502 ], [ 26.626197274674485, 37.769215547922862 ], [ 26.626121536272155, 37.769183398266627 ], [ 26.625800871879246, 37.76915670753953 ], [ 26.625709997094269, 37.768997994738243 ], [ 26.625581911332013, 37.768992392581808 ], [ 26.625504977446354, 37.768926426671058 ], [ 26.625660822315226, 37.768812973349185 ], [ 26.625382457370517, 37.768776880325817 ], [ 26.625347817671205, 37.768701513028525 ], [ 26.624693751858686, 37.768589191582635 ], [ 26.624581988198074, 37.768963823885237 ], [ 26.624591519345714, 37.768970369459453 ], [ 26.62458818310359, 37.769266217616718 ], [ 26.624623781822791, 37.769353205027663 ], [ 26.624677959407762, 37.769485582784213 ], [ 26.625245374469948, 37.769759407620349 ], [ 26.625763162231117, 37.770021316697878 ], [ 26.626064184508191, 37.770183884481817 ], [ 26.626367052735432, 37.770398493755529 ], [ 26.62665306858306, 37.770600460287902 ], [ 26.62703098249747, 37.770618073272544 ], [ 26.627296925737213, 37.770716311668515 ], [ 26.627462679792899, 37.770764698778315 ], [ 26.627777797537973, 37.770861841739574 ], [ 26.628027350292292, 37.770960444542368 ], [ 26.628490451201646, 37.771067301289634 ], [ 26.628826763920433, 37.771147181505206 ], [ 26.628825565942549, 37.771156252394107 ], [ 26.628882742230005, 37.771169952894319 ], [ 26.629086525041938, 37.77122327477278 ], [ 26.629418037115514, 37.771320046600692 ], [ 26.629716767177047, 37.771417547048372 ], [ 26.630197185439457, 37.77155005528374 ], [ 26.630415346273505, 37.771688420488132 ], [ 26.630798803598569, 37.771862155218876 ], [ 26.63111531117509, 37.771998320772198 ], [ 26.631448214826467, 37.772134115942883 ], [ 26.631766109267819, 37.772309315291288 ], [ 26.632165967605037, 37.772482679207926 ], [ 26.632533962927226, 37.772682795487782 ], [ 26.632967529582789, 37.772881445973645 ], [ 26.633053815108969, 37.772922798064648 ], [ 26.633085648337559, 37.77296095556224 ], [ 26.633145449926552, 37.77296671521853 ], [ 26.633201164035, 37.772993414419574 ], [ 26.633212762010416, 37.772995897243845 ], [ 26.633356352891418, 37.773111913609611 ], [ 26.633754756982995, 37.773343885536399 ], [ 26.634043645013804, 37.773543893050388 ], [ 26.634309657561914, 37.773710000540625 ], [ 26.634643089792984, 37.773943424145415 ], [ 26.634954251719488, 37.774160135725744 ], [ 26.635509775005175, 37.774543438512246 ], [ 26.635762683736537, 37.774950717274201 ], [ 26.636323716711853, 37.775488744653572 ], [ 26.636748687288762, 37.775857757661896 ], [ 26.637196544824519, 37.776260666716155 ], [ 26.637841791688807, 37.776727978269896 ], [ 26.638350971655338, 37.777026274089067 ], [ 26.638852818142706, 37.777118264279252 ], [ 26.639415975780679, 37.777105642992012 ], [ 26.639827514181626, 37.777096417091521 ], [ 26.639921934737956, 37.777091712183058 ], [ 26.640455039377727, 37.777065142406137 ], [ 26.64118902598576, 37.776979859892386 ], [ 26.641448331902602, 37.776956837598966 ], [ 26.641560017953164, 37.776954333503618 ], [ 26.641935482077415, 37.777311354866335 ], [ 26.642195612225038, 37.777602866084784 ], [ 26.642232997087746, 37.77762336224442 ], [ 26.642327354105756, 37.777900641539858 ], [ 26.642576026759937, 37.778187559223312 ], [ 26.64315082747623, 37.778501566329716 ], [ 26.643508417884153, 37.778803243449985 ], [ 26.643735436447617, 37.779090643466162 ], [ 26.643942022546003, 37.779412915983571 ], [ 26.644349683112281, 37.779902729767372 ], [ 26.644542582238323, 37.780448980750187 ], [ 26.644664983248511, 37.780841963966346 ], [ 26.644762660823638, 37.781149474421412 ], [ 26.644906111637567, 37.781524776987737 ], [ 26.645136210594455, 37.781898134948612 ], [ 26.645386133993423, 37.782219430555728 ], [ 26.645964657365038, 37.782636575623314 ], [ 26.646283862202232, 37.783076750770249 ], [ 26.646750412607851, 37.783393174350806 ], [ 26.647434196857727, 37.783721917738475 ], [ 26.647834537833383, 37.784005413027671 ], [ 26.648490530560018, 37.784162716936848 ], [ 26.648812776413397, 37.784191887357323 ], [ 26.648906101768834, 37.78437356658786 ], [ 26.649182616872913, 37.784537921788562 ], [ 26.649366967850622, 37.784748412836024 ], [ 26.649677514690822, 37.784997345129597 ], [ 26.649875504475766, 37.785298339831115 ], [ 26.650091630993558, 37.785524627100919 ], [ 26.650254019241302, 37.785702591042586 ], [ 26.650365032380186, 37.785898223435659 ], [ 26.650517912911788, 37.786101167047647 ], [ 26.650669912231496, 37.786279364069784 ], [ 26.650888991166372, 37.786588138661614 ], [ 26.651095318764533, 37.786831155820934 ], [ 26.651173198206656, 37.786950422915616 ], [ 26.651225066756041, 37.78699404962336 ], [ 26.651797080593884, 37.787475174938592 ], [ 26.652206975805534, 37.788023469238972 ], [ 26.652471385757519, 37.788141408006055 ], [ 26.652639184101993, 37.788468013206952 ], [ 26.653299480270594, 37.788742222563116 ], [ 26.653702892687761, 37.78929065745367 ], [ 26.653996262842877, 37.789490536142729 ], [ 26.654003647506666, 37.789696862259326 ], [ 26.654022732963615, 37.789901662337677 ], [ 26.654142690311463, 37.790015136650588 ], [ 26.654356185054379, 37.790167176857629 ], [ 26.654528989825479, 37.790344898282811 ], [ 26.654776623372051, 37.790578722727886 ], [ 26.655139480584296, 37.79083471361546 ], [ 26.655405838208214, 37.791010324872673 ], [ 26.655672197253409, 37.791185938055044 ], [ 26.655752975038254, 37.791242923613574 ], [ 26.656222938517885, 37.791369919327828 ], [ 26.656579888946958, 37.791589991780242 ], [ 26.657160563613086, 37.791903259776696 ], [ 26.657806263294979, 37.792265269071692 ], [ 26.658321930078625, 37.792529786653645 ], [ 26.658995653906022, 37.792790733845884 ], [ 26.659395641349931, 37.792928003310912 ], [ 26.659476116207635, 37.792955620454634 ], [ 26.659767816057474, 37.793149875260859 ], [ 26.660157047641636, 37.793417243208587 ], [ 26.661096279286575, 37.794023652858719 ], [ 26.661328364292416, 37.794319673065985 ], [ 26.661654386031199, 37.794588462778073 ], [ 26.662199891046861, 37.794802079940624 ], [ 26.662711986101257, 37.794966238690407 ], [ 26.663412851624177, 37.795101016842146 ], [ 26.664147134943271, 37.795285246724063 ], [ 26.665102705294004, 37.795464465463972 ], [ 26.665525384936867, 37.795781267094711 ], [ 26.665948970263042, 37.796123152418467 ], [ 26.666464689616621, 37.796387631853591 ], [ 26.666784422931634, 37.796480811632698 ], [ 26.667331759747093, 37.796744571725469 ], [ 26.667982029925216, 37.796851966856799 ], [ 26.668375110237697, 37.797225877392343 ], [ 26.668508678107184, 37.79726265477683 ], [ 26.668753256363331, 37.797337090335198 ], [ 26.66903898238365, 37.797434584210478 ], [ 26.669355782763184, 37.797555367241067 ], [ 26.66961245012919, 37.797685514278236 ], [ 26.669899904989851, 37.797830953742768 ], [ 26.670229947954091, 37.79803941271161 ], [ 26.670548481468831, 37.79820814162187 ], [ 26.670744725281324, 37.798339651813144 ], [ 26.670760927359382, 37.798346520252885 ], [ 26.670770000058038, 37.79834023811101 ], [ 26.671082278687503, 37.798123996899569 ], [ 26.671295293748909, 37.798489194964773 ], [ 26.671720922324536, 37.798468963694951 ] ] ] ] } },
{ "type": "Feature", "properties": { "datasetID": 583.0, "BIO_CLASS": "Posidonia beds (posidonion oceanicae) (Posidonia oceanica meadows (= association with Posidonia oceanica))", "fieldNotes": "Not reported", "habitat": "Posidonia beds", "AREA_SQKM": 0.00773848288, "vernacular": "Neptune grass", "FAMILY": "Posidoniaceae", "GENUS": "Posidonia", "scientific": "Posidonia oceanica", "habitatID": "EUNIS:A5.535", "nameAccord": "urn:lsid:marinespecies.org:taxname:145794", "eventDate": "2018-01-17", "verif": "Panayotidis Panayotis", "Shape_Leng": 545.24598251600003, "Shape_Area": 7751.5050987799996 }, "geometry": { "type": "MultiPolygon", "coordinates": [ [ [ [ 26.676719918619099, 37.798639568598844 ], [ 26.676784390877128, 37.798470054050505 ], [ 26.67686458784145, 37.798344993932908 ], [ 26.676806139156369, 37.798290307293726 ], [ 26.676777519080094, 37.798279755703838 ], [ 26.676945593893198, 37.79824232285555 ], [ 26.677156798930863, 37.798226316844158 ], [ 26.677410728136497, 37.798220544068656 ], [ 26.677566717661474, 37.798239401979437 ], [ 26.677625976132848, 37.798316478457991 ], [ 26.67772553574148, 37.798336621281116 ], [ 26.677823881578089, 37.798323178877936 ], [ 26.677892396905037, 37.79826560497213 ], [ 26.677946803856138, 37.798208351203314 ], [ 26.677985486723035, 37.798106642325905 ], [ 26.67792865246777, 37.798096731870174 ], [ 26.677873841438192, 37.798142791130829 ], [ 26.677746877330531, 37.79814567928603 ], [ 26.677262783943483, 37.798033451583748 ], [ 26.676882291610074, 37.798053306977401 ], [ 26.676444565330232, 37.798052055679868 ], [ 26.676205954924715, 37.798091089976268 ], [ 26.676153565698723, 37.798204311675704 ], [ 26.676041114284843, 37.798218071538031 ], [ 26.675887955506038, 37.798277568804671 ], [ 26.675818630658011, 37.79831275551129 ], [ 26.675537293920144, 37.798341554849344 ], [ 26.675432552448346, 37.798429566756155 ], [ 26.675479914007209, 37.798551240014632 ], [ 26.675715809593299, 37.79864832328628 ], [ 26.676249534739949, 37.798613851043534 ], [ 26.676719918619099, 37.798639568598844 ] ] ] ] } }
]
}
