{
"type": "FeatureCollection",
"name": "Samos_Seagrass_Data_Topouzelis",
"crs": { "type": "name", "properties": { "name": "urn:ogc:def:crs:OGC:1.3:CRS84" } },
"features": [
{ "type": "Feature", "properties": { "FX_CODE": 239, "PATH": 181, "ROW": 34, "DATE": 20150625, "ID": 0.0, "Pres_Topo": 1.0 }, "geometry": { "type": "MultiPolygon", "coordinates": [ [ [ [ 26.732386953315611, 37.81384689474006 ], [ 26.758971931292198, 37.81390429076157 ], [ 26.758972810349992, 37.813633897578413 ], [ 26.759654474940202, 37.813635290366335 ], [ 26.759656228048502, 37.813094503935652 ], [ 26.758633738638853, 37.81309241331504 ], [ 26.75863461890436, 37.812822020101251 ], [ 26.761020418990068, 37.812826884363282 ], [ 26.761021290543045, 37.812556491089936 ], [ 26.758635499158093, 37.812551626874999 ], [ 26.758636379400055, 37.812281233636291 ], [ 26.757273075267658, 37.81227843241787 ], [ 26.757272190053911, 37.812548825629456 ], [ 26.756590535572798, 37.812547419090102 ], [ 26.756589647861279, 37.812817812275611 ], [ 26.756248819395559, 37.812817107519955 ], [ 26.756247930429193, 37.81308750068618 ], [ 26.755907100732383, 37.81308679493759 ], [ 26.755907990941733, 37.812816401778214 ], [ 26.753522192099236, 37.812811433974929 ], [ 26.752840535395052, 37.81281000572762 ], [ 26.75284143677915, 37.812539612617698 ], [ 26.752500609688095, 37.812538897021795 ], [ 26.75181895554222, 37.812537462871738 ], [ 26.751817145304152, 37.813078249037503 ], [ 26.743978068964026, 37.813061472484556 ], [ 26.743979002677545, 37.812791079570339 ], [ 26.742615690693768, 37.812788108687613 ], [ 26.742274862729168, 37.81278736350167 ], [ 26.742273922800784, 37.813057756379919 ], [ 26.741251435253574, 37.813055514883786 ], [ 26.741252378910872, 37.81278512202725 ], [ 26.740911550996657, 37.812784372896914 ], [ 26.740912495884295, 37.812513980035163 ], [ 26.739890015946415, 37.812511726749328 ], [ 26.739890964550227, 37.812241333896935 ], [ 26.739550139172557, 37.812240580836772 ], [ 26.7395510890066, 37.811970187979206 ], [ 26.738869440775236, 37.811968678915235 ], [ 26.738868488455353, 37.812239071758171 ], [ 26.738527663115846, 37.812238315739769 ], [ 26.738526709540288, 37.812508708562937 ], [ 26.738185882970601, 37.812507951551112 ], [ 26.738184928139329, 37.812778344354484 ], [ 26.737844100339462, 37.812777586349227 ], [ 26.737843144252452, 37.813047979132804 ], [ 26.735457341311559, 37.813042645433541 ], [ 26.73545830609935, 37.812772252701599 ], [ 26.733413340110872, 37.812767642545744 ], [ 26.733414312343474, 37.812497249845983 ], [ 26.733755138732857, 37.812498020663071 ], [ 26.733757080673193, 37.811957235211239 ], [ 26.733416256769665, 37.811956464409064 ], [ 26.733417228963255, 37.811686071671915 ], [ 26.732394761059453, 37.811683753371412 ], [ 26.732393785137159, 37.81195414608613 ], [ 26.732734609001632, 37.811954919846514 ], [ 26.732732659603737, 37.812495705253518 ], [ 26.732391833253416, 37.812494931478149 ], [ 26.732392809201812, 37.812224538788364 ], [ 26.732051984107482, 37.812223764034414 ], [ 26.732050029711743, 37.812764549386507 ], [ 26.731709202144597, 37.812763773631453 ], [ 26.73171018059195, 37.812493380969151 ], [ 26.731369354280837, 37.812492604235516 ], [ 26.731372293273129, 37.81168142619638 ], [ 26.731031470703872, 37.811680648499248 ], [ 26.731032451584646, 37.811410255802137 ], [ 26.73035080897127, 37.811408697464785 ], [ 26.730351792324658, 37.811138304770289 ], [ 26.728306872257917, 37.811133606138497 ], [ 26.728307863055246, 37.810863213477042 ], [ 26.727967044333258, 37.81086242692821 ], [ 26.727971012361287, 37.809780856188183 ], [ 26.727630198623796, 37.809780068683828 ], [ 26.727631191840398, 37.809509675975271 ], [ 26.727290379358951, 37.809508887492562 ], [ 26.727291373805016, 37.809238494779187 ], [ 26.724905695507488, 37.809232947846397 ], [ 26.724903689203472, 37.809773733153271 ], [ 26.724562875586134, 37.809772936774984 ], [ 26.724564884375663, 37.809232151483535 ], [ 26.723542451060851, 37.809229756479127 ], [ 26.72354345916365, 37.808959363837893 ], [ 26.722861839506628, 37.808957762253932 ], [ 26.72286285008137, 37.80868736961574 ], [ 26.72184042442538, 37.808684959868415 ], [ 26.721841438714694, 37.808414567241087 ], [ 26.721159824163898, 37.808412955828707 ], [ 26.721160840925002, 37.80814256320452 ], [ 26.720479228913955, 37.808140947864011 ], [ 26.720480248146789, 37.807870555242992 ], [ 26.719457833960483, 37.807868124861272 ], [ 26.719455788025179, 37.808408910043781 ], [ 26.720478209667498, 37.808411340472574 ], [ 26.720476171133676, 37.808952125652262 ], [ 26.722521029698381, 37.808956959983007 ], [ 26.722520017867389, 37.809227352600956 ], [ 26.722860828918364, 37.809228154879648 ], [ 26.722859818316586, 37.809498547492915 ], [ 26.723541442944565, 37.80950014910789 ], [ 26.72353942667154, 37.810040934328036 ], [ 26.724561871171222, 37.810043329402014 ], [ 26.724560866742873, 37.810313722016588 ], [ 26.724901682845786, 37.81031451841028 ], [ 26.724900679646819, 37.810584911020086 ], [ 26.72524149700596, 37.810585706435489 ], [ 26.725240495036406, 37.810856099040521 ], [ 26.725922132280541, 37.810857686928621 ], [ 26.725920133272641, 37.811398472132069 ], [ 26.726942596696205, 37.811400846614973 ], [ 26.726941600900844, 37.811671239220971 ], [ 26.727623245735604, 37.811672817294621 ], [ 26.727620265727094, 37.812483995083696 ], [ 26.727961091893153, 37.812484782664292 ], [ 26.727960099773362, 37.812755175243346 ], [ 26.72864175463117, 37.812756747461513 ], [ 26.728642744265066, 37.812486354867247 ], [ 26.729324396689925, 37.812487923125843 ], [ 26.729322422380719, 37.81302870833229 ], [ 26.729663251098877, 37.813029490997614 ], [ 26.729662265167452, 37.813299883589721 ], [ 26.730003095141775, 37.813300665276515 ], [ 26.730005064505491, 37.812759880064689 ], [ 26.730345892007037, 37.812760660750243 ], [ 26.730344908574732, 37.81303105336994 ], [ 26.731367394887126, 37.81303338953262 ], [ 26.731366415170616, 37.813303782162471 ], [ 26.732048075263723, 37.813305334688728 ], [ 26.732047098020111, 37.813575727321151 ], [ 26.732387929329281, 37.81357650211261 ], [ 26.732386953315611, 37.81384689474006 ] ] ] ] } },
{ "type": "Feature", "properties": { "FX_CODE": 239, "PATH": 181, "ROW": 34, "DATE": 20150625, "ID": 0.0, "Pres_Topo": 1.0 }, "geometry": { "type": "MultiPolygon", "coordinates": [ [ [ [ 26.781251188258011, 37.655764523241594 ], [ 26.779890748750965, 37.65576199264374 ], [ 26.779889950533171, 37.656032393485511 ], [ 26.779549839449672, 37.65603175837844 ], [ 26.77954903998782, 37.656302159201623 ], [ 26.780229264632261, 37.656303428447465 ], [ 26.780228467626529, 37.656573829270513 ], [ 26.780568581198143, 37.656574462428686 ], [ 26.780565398002445, 37.657656065620991 ], [ 26.780225279497046, 37.657655432438268 ], [ 26.780223685368373, 37.658196233947493 ], [ 26.779883564406642, 37.658195599771823 ], [ 26.779881967768286, 37.658736401218981 ], [ 26.779201720942748, 37.65873512990099 ], [ 26.779200920140454, 37.659005530593596 ], [ 26.778860795510184, 37.659004893457407 ], [ 26.778858389338318, 37.659816095442011 ], [ 26.778518261018014, 37.659815457306557 ], [ 26.778515851048741, 37.66062665916062 ], [ 26.777835587038563, 37.660625379910357 ], [ 26.777834781226659, 37.660895780491082 ], [ 26.777494648004055, 37.660895139388622 ], [ 26.7774922268026, 37.661706341037522 ], [ 26.77647181609629, 37.661704411789451 ], [ 26.776470194505592, 37.662245212789095 ], [ 26.776810333864361, 37.662245856865063 ], [ 26.776807905098366, 37.663057058289965 ], [ 26.776467762038251, 37.663056414195246 ], [ 26.77646695119412, 37.663326814639078 ], [ 26.776126806911037, 37.663326169557301 ], [ 26.776125182722581, 37.663866970395112 ], [ 26.775785035982668, 37.663866324319955 ], [ 26.77578422263829, 37.664136724713948 ], [ 26.775444074675391, 37.664136077651655 ], [ 26.775443260086259, 37.664406478026919 ], [ 26.775103110900371, 37.664405829977483 ], [ 26.77510229506645, 37.66467623033401 ], [ 26.774762144657569, 37.664675581297388 ], [ 26.774761327578833, 37.664945981635199 ], [ 26.774421175946962, 37.664945331611378 ], [ 26.774419539288839, 37.665486132237071 ], [ 26.774079385200032, 37.665485481219726 ], [ 26.774078565620595, 37.665755881507586 ], [ 26.773738410308788, 37.665755229503006 ], [ 26.773737589484416, 37.666025629772115 ], [ 26.773397432949601, 37.666024976780264 ], [ 26.773394144606296, 37.667106577706932 ], [ 26.773734306077188, 37.667107230724092 ], [ 26.773733485197948, 37.667377630930993 ], [ 26.773393322492993, 37.667376977907495 ], [ 26.773392500368701, 37.667647378095609 ], [ 26.773052336440657, 37.66764672408479 ], [ 26.773051513071277, 37.66791712425411 ], [ 26.773391678233413, 37.667917778271274 ], [ 26.773390856087136, 37.668188178434498 ], [ 26.773731022494374, 37.668188831476996 ], [ 26.773729380637114, 37.668729631778774 ], [ 26.773389211761611, 37.668728978723635 ], [ 26.773388389582355, 37.668999378849527 ], [ 26.77304821948368, 37.668998724806997 ], [ 26.773047396059258, 37.669269124914109 ], [ 26.771006368293911, 37.669265180018819 ], [ 26.77100553745333, 37.669535580075241 ], [ 26.771345709954073, 37.669536240016811 ], [ 26.771341561755747, 37.670888240144272 ], [ 26.772702276554305, 37.670890870227453 ], [ 26.772703101279053, 37.670620470201349 ], [ 26.773043278772025, 37.670621125263018 ], [ 26.773044102251493, 37.670350725218128 ], [ 26.773724454801929, 37.670352032385502 ], [ 26.773725275801898, 37.670081632315494 ], [ 26.773385100755426, 37.670080979228679 ], [ 26.773385922978647, 37.669810579152553 ], [ 26.773726096790892, 37.66981123223303 ], [ 26.773726917768915, 37.669540832138146 ], [ 26.774067090357924, 37.669541484231225 ], [ 26.774072828257736, 37.667648683174278 ], [ 26.774753156190609, 37.667649984328953 ], [ 26.774756424876994, 37.666568383400758 ], [ 26.775096583923613, 37.666569032481441 ], [ 26.775097399833882, 37.666298632211991 ], [ 26.77510066336589, 37.665217031009774 ], [ 26.775780969152041, 37.665218326165473 ], [ 26.775781782539916, 37.664947925821252 ], [ 26.776121934215382, 37.664948571921471 ], [ 26.776123558490696, 37.664407771183186 ], [ 26.776463707709208, 37.664408416289987 ], [ 26.776466140339153, 37.663597215070475 ], [ 26.777486576954889, 37.663599144449492 ], [ 26.777487384108362, 37.663328743999386 ], [ 26.777827528434713, 37.663329385157809 ], [ 26.777828334343578, 37.663058984689059 ], [ 26.777829140241671, 37.66278858420786 ], [ 26.777488998382939, 37.662787943061872 ], [ 26.777489805504036, 37.662517542574442 ], [ 26.777829946128993, 37.662518183714212 ], [ 26.777830752005535, 37.662247783208137 ], [ 26.779191309677856, 37.662250337934282 ], [ 26.77919211060863, 37.661979937390988 ], [ 26.779532248819773, 37.661980573614336 ], [ 26.779536247144517, 37.660628570680394 ], [ 26.779876379197844, 37.660629205892164 ], [ 26.779877177597069, 37.660358805261886 ], [ 26.779196915968409, 37.660357533869941 ], [ 26.779199318503757, 37.659546331941463 ], [ 26.780219699860201, 37.65954823750284 ], [ 26.780220496983151, 37.659277836816649 ], [ 26.780560622889716, 37.659278470036206 ], [ 26.780561418768436, 37.659008069331442 ], [ 26.780901543452071, 37.659008701564183 ], [ 26.780902338086602, 37.658738300840831 ], [ 26.78192270850052, 37.658740191636539 ], [ 26.781924290336537, 37.658199390115882 ], [ 26.781584169321693, 37.658198760843533 ], [ 26.781584961457344, 37.657928360070642 ], [ 26.78124484168659, 37.657927729823733 ], [ 26.781246428393082, 37.657386928252848 ], [ 26.781586545696875, 37.657387558487521 ], [ 26.781587337800758, 37.657117157677305 ], [ 26.781927453881689, 37.657117786925255 ], [ 26.781929035590824, 37.656576985255292 ], [ 26.781248808373274, 37.656575725803208 ], [ 26.781251188258011, 37.655764523241594 ] ] ] ] } },
{ "type": "Feature", "properties": { "FX_CODE": 239, "PATH": 181, "ROW": 34, "DATE": 20150625, "ID": 0.0, "Pres_Topo": 1.0 }, "geometry": { "type": "MultiPolygon", "coordinates": [ [ [ [ 26.798294726605171, 37.641733954461898 ], [ 26.798299844081388, 37.639841141464863 ], [ 26.797959806418795, 37.639840559648263 ], [ 26.797958341866767, 37.640381363412601 ], [ 26.797618301749136, 37.64038078060468 ], [ 26.797617568225998, 37.640651182462541 ], [ 26.797277526885733, 37.64065059866892 ], [ 26.797276792120336, 37.640921000508683 ], [ 26.796596707004376, 37.640919829969938 ], [ 26.796595969764208, 37.641190231785906 ], [ 26.795575838466814, 37.641188468610231 ], [ 26.795575097519329, 37.641458870396676 ], [ 26.794895007572254, 37.641457690034443 ], [ 26.794894264149857, 37.641728091797006 ], [ 26.793534079445081, 37.641725719288587 ], [ 26.793533331082664, 37.641996121015694 ], [ 26.792853236325197, 37.641994928869401 ], [ 26.792852485487703, 37.642265330572499 ], [ 26.792512436891482, 37.64226473302341 ], [ 26.792511684811398, 37.642535134708297 ], [ 26.791831585184028, 37.642533936658182 ], [ 26.791830076063388, 37.643074739967396 ], [ 26.791490023799671, 37.643074139460523 ], [ 26.791488512173466, 37.643614942708318 ], [ 26.791148457454636, 37.643614341209641 ], [ 26.79114770039374, 37.643884742809057 ], [ 26.790807644452396, 37.643884140324381 ], [ 26.790806886148733, 37.644154541905515 ], [ 26.790466828984872, 37.644153938434833 ], [ 26.790466069438402, 37.644424339997663 ], [ 26.790126011052031, 37.644423735540947 ], [ 26.790124489463249, 37.6449645386176 ], [ 26.789444367790267, 37.644963326740104 ], [ 26.789442077934417, 37.645774531226522 ], [ 26.789102013415025, 37.645773923799815 ], [ 26.78910124887657, 37.646044325264512 ], [ 26.788421117402933, 37.646043107458588 ], [ 26.788420350388698, 37.646313508899055 ], [ 26.788080283434468, 37.646312898519817 ], [ 26.788079515177181, 37.646583299941902 ], [ 26.787739447000423, 37.646582688576487 ], [ 26.787737907989385, 37.647123491371516 ], [ 26.787397837357275, 37.64712287901397 ], [ 26.787397066603479, 37.647393280386886 ], [ 26.787056994748824, 37.647392667043121 ], [ 26.787055450744571, 37.647933469739719 ], [ 26.786715376434497, 37.647932855403752 ], [ 26.786713829923155, 37.648473658038704 ], [ 26.786373753157608, 37.648473042710492 ], [ 26.7863729786535, 37.648743444003337 ], [ 26.786032900665379, 37.648742827688835 ], [ 26.786031349160197, 37.649283630225256 ], [ 26.785691268716537, 37.649283012918438 ], [ 26.785690491715414, 37.649553414162014 ], [ 26.785010328393319, 37.649552176595336 ], [ 26.785009548915816, 37.649822577814454 ], [ 26.7846694660374, 37.649821957554558 ], [ 26.784668685316465, 37.650092358755231 ], [ 26.784328601215474, 37.650091737508944 ], [ 26.784327037276231, 37.650632539860922 ], [ 26.78364686417348, 37.650631294403041 ], [ 26.783643726304863, 37.651712898909416 ], [ 26.783303634836876, 37.651712274685671 ], [ 26.783300491867859, 37.652793878968779 ], [ 26.782960395477776, 37.652793253740349 ], [ 26.782958821463843, 37.653334055795142 ], [ 26.782618722617883, 37.653333429574083 ], [ 26.782617934361909, 37.653603830576735 ], [ 26.782277834293261, 37.653603203369109 ], [ 26.78227704479351, 37.653873604353265 ], [ 26.781936943502174, 37.653872976159043 ], [ 26.781935362004479, 37.654413778077803 ], [ 26.781595258257187, 37.654413148890882 ], [ 26.781594466259193, 37.654683549825513 ], [ 26.782274676230927, 37.654684807231035 ], [ 26.782273886688955, 37.654955208165404 ], [ 26.78261399292397, 37.654955835403449 ], [ 26.782614781232635, 37.654685434462991 ], [ 26.78295488624488, 37.654686060714404 ], [ 26.782955673309718, 37.654415659755422 ], [ 26.783635880899183, 37.654416909304508 ], [ 26.783638234631017, 37.653605706316604 ], [ 26.783978334741715, 37.653606329602205 ], [ 26.783980684679531, 37.652795126484214 ], [ 26.78432078110108, 37.652795748771233 ], [ 26.784322345207595, 37.652254946618285 ], [ 26.784662439173264, 37.652255567912775 ], [ 26.784663219977695, 37.651985166811627 ], [ 26.78432312724517, 37.651984545523163 ], [ 26.784324691288958, 37.65144374329558 ], [ 26.784664781555247, 37.651444364572001 ], [ 26.784667904585099, 37.650362759943462 ], [ 26.785007989929557, 37.650363380215381 ], [ 26.785008769427897, 37.650092979021139 ], [ 26.786369105977659, 37.650095450280986 ], [ 26.786368331411428, 37.650365851499188 ], [ 26.786708416807826, 37.65036646686918 ], [ 26.786709190141028, 37.650096065644995 ], [ 26.787049274314736, 37.650096680028632 ], [ 26.787051590553332, 37.649285476263586 ], [ 26.787391671038378, 37.649286089648989 ], [ 26.787392441864306, 37.64901568836315 ], [ 26.787732521126692, 37.64901630076227 ], [ 26.787734060281757, 37.648475498141387 ], [ 26.788074137088557, 37.648476109548298 ], [ 26.788074905417744, 37.648205708213283 ], [ 26.7884149810019, 37.648206318633953 ], [ 26.788415748087917, 37.647935917280563 ], [ 26.788755822449435, 37.647936526715014 ], [ 26.788758119947374, 37.647125322562502 ], [ 26.789098190620535, 37.647125930998953 ], [ 26.789099719768995, 37.646585128156609 ], [ 26.78943978798673, 37.646585735600993 ], [ 26.789440551312833, 37.646315334155283 ], [ 26.789780618307976, 37.646315940613526 ], [ 26.789782142464013, 37.645775137673013 ], [ 26.790122207003797, 37.645775743139261 ], [ 26.790122967833785, 37.64550534164448 ], [ 26.790803094478349, 37.645506549624599 ], [ 26.790803852832699, 37.64523614810566 ], [ 26.791143914937464, 37.645236750619539 ], [ 26.79114694332273, 37.644155144396024 ], [ 26.791487000506844, 37.644155745906367 ], [ 26.791487756345209, 37.643885344313553 ], [ 26.791827812306781, 37.643885944837898 ], [ 26.791829321487942, 37.643345141603326 ], [ 26.792169374994344, 37.643345741135882 ], [ 26.792170128337194, 37.643075339494139 ], [ 26.792510180621068, 37.643075938040738 ], [ 26.79251093272126, 37.642805536380727 ], [ 26.792850983782603, 37.642806133941413 ], [ 26.792851734640173, 37.64253573226317 ], [ 26.793871884186657, 37.642537519047117 ], [ 26.793871137026795, 37.642807920742676 ], [ 26.795231341492148, 37.642810289422627 ], [ 26.795232083721725, 37.642539887704103 ], [ 26.795572133630344, 37.642540477418059 ], [ 26.795572874617445, 37.642270075681367 ], [ 26.796252971999269, 37.642271252157514 ], [ 26.796253710511397, 37.642000850396983 ], [ 26.797613900463226, 37.642003191565301 ], [ 26.797614634035394, 37.641732789769627 ], [ 26.798294726605171, 37.641733954461898 ] ] ] ] } },
{ "type": "Feature", "properties": { "FX_CODE": 239, "PATH": 181, "ROW": 34, "DATE": 20150625, "ID": 0.0, "Pres_Topo": 1.0 }, "geometry": { "type": "MultiPolygon", "coordinates": [ [ [ [ 26.776708319583769, 37.809612923769549 ], [ 26.775685876946817, 37.809610981311415 ], [ 26.775685058961848, 37.809881375000856 ], [ 26.774662612694989, 37.809879423649839 ], [ 26.774661790970665, 37.810149817307924 ], [ 26.773980157695409, 37.810148511464554 ], [ 26.773979333474443, 37.810418905097542 ], [ 26.773978509242461, 37.810689298718067 ], [ 26.7736376901357, 37.81068864430469 ], [ 26.773636864649834, 37.810959037906414 ], [ 26.773296044311262, 37.810958382500651 ], [ 26.773295217571484, 37.811228776083581 ], [ 26.772613574441781, 37.811227462301211 ], [ 26.772614403667301, 37.810957068731007 ], [ 26.771591942784585, 37.810955090681198 ], [ 26.771591109830453, 37.811225484232246 ], [ 26.769205359461395, 37.811220834226113 ], [ 26.769206201115619, 37.810950440720077 ], [ 26.768524560739834, 37.810949103285367 ], [ 26.768523716599876, 37.811219496778449 ], [ 26.767160431012449, 37.811216810050489 ], [ 26.767159581889658, 37.811487203505095 ], [ 26.766477936678253, 37.811485854211725 ], [ 26.766478788286818, 37.811215460770185 ], [ 26.766137966941074, 37.811214784650957 ], [ 26.766136261226773, 37.811755571508485 ], [ 26.76545461359796, 37.811754216285621 ], [ 26.765453758237861, 37.812024609682581 ], [ 26.76749870871857, 37.812028663557541 ], [ 26.767499556621161, 37.811758270121338 ], [ 26.769544500052625, 37.811762288458461 ], [ 26.769543659607553, 37.812032681933566 ], [ 26.770225309993982, 37.812034013503592 ], [ 26.770224472023539, 37.812304406979116 ], [ 26.771246951416018, 37.812306396957808 ], [ 26.771246117163226, 37.812576790440161 ], [ 26.771586944892679, 37.812577451800607 ], [ 26.771587777902514, 37.812307058311845 ], [ 26.774314390194196, 37.81231231364486 ], [ 26.774315213249395, 37.812041920092767 ], [ 26.776360165473346, 37.812045820138856 ], [ 26.776360981060002, 37.811775426536535 ], [ 26.777383453590698, 37.8117773632287 ], [ 26.777385077273895, 37.811236575949181 ], [ 26.779430007713248, 37.811240422634995 ], [ 26.77942920333442, 37.811510816318226 ], [ 26.781814964703166, 37.811515259295781 ], [ 26.781813373314062, 37.812056046710921 ], [ 26.782154198895277, 37.812056677489942 ], [ 26.782154993352226, 37.81178628378251 ], [ 26.782836642060662, 37.811787542370119 ], [ 26.782835850089569, 37.812057936089744 ], [ 26.78317667570261, 37.812058563910526 ], [ 26.78317588496386, 37.812328957623762 ], [ 26.783516711830426, 37.812329584464514 ], [ 26.783518290811475, 37.811788797013428 ], [ 26.784199939604523, 37.811790047712435 ], [ 26.78420072659339, 37.811519653956104 ], [ 26.785564019334029, 37.811522143497079 ], [ 26.785567147298345, 37.810440568250719 ], [ 26.781818147353665, 37.810433684316052 ], [ 26.781818942989684, 37.810163290539982 ], [ 26.780455675571918, 37.810160757734671 ], [ 26.780454874964597, 37.810431151486227 ], [ 26.779432420785177, 37.810429241510562 ], [ 26.779433225120968, 37.810158847777508 ], [ 26.778751591540765, 37.810157569542639 ], [ 26.778752398351418, 37.809887175809493 ], [ 26.778411582820301, 37.809886535219228 ], [ 26.77841239086295, 37.809616141479829 ], [ 26.776708319583769, 37.809612923769549 ] ] ] ] } },
{ "type": "Feature", "properties": { "FX_CODE": 239, "PATH": 181, "ROW": 34, "DATE": 20150625, "ID": 0.0, "Pres_Topo": 1.0 }, "geometry": { "type": "MultiPolygon", "coordinates": [ [ [ [ 26.691205993545591, 37.799415210085833 ], [ 26.691204867911438, 37.799685602384798 ], [ 26.691886400429205, 37.799687386769087 ], [ 26.691885277264287, 37.799957779072855 ], [ 26.692907579879993, 37.799960448282938 ], [ 26.692906460426542, 37.800230840600086 ], [ 26.693928766903486, 37.80023350096522 ], [ 26.693927651161601, 37.800503893295641 ], [ 26.694609191371899, 37.800505661961303 ], [ 26.694608078099485, 37.800776054296392 ], [ 26.695289620853735, 37.800777819036512 ], [ 26.695288510050862, 37.801048211376212 ], [ 26.696310828020263, 37.801050851119456 ], [ 26.696313042157914, 37.80051006637644 ], [ 26.695972271971034, 37.800509187464726 ], [ 26.695973380259833, 37.800238795083033 ], [ 26.694951073514734, 37.800236152459533 ], [ 26.694952185515202, 37.799965760090956 ], [ 26.694270650243798, 37.799963993430829 ], [ 26.694272879168675, 37.79942320869047 ], [ 26.691205993545591, 37.799415210085833 ] ] ] ] } },
{ "type": "Feature", "properties": { "FX_CODE": 239, "PATH": 181, "ROW": 34, "DATE": 20150625, "ID": 0.0, "Pres_Topo": 1.0 }, "geometry": { "type": "MultiPolygon", "coordinates": [ [ [ [ 26.691205993545591, 37.799415210085833 ], [ 26.691208244768728, 37.798874425450506 ], [ 26.690526719763856, 37.798872637175663 ], [ 26.690527847837, 37.798602244856603 ], [ 26.689164802976745, 37.7985986565145 ], [ 26.68916593600305, 37.798328264217716 ], [ 26.687802896353499, 37.798324660141134 ], [ 26.687801758358955, 37.798595052402995 ], [ 26.688824041799528, 37.798597756965009 ], [ 26.688822907515991, 37.79886814924059 ], [ 26.68984519481933, 37.798870844958422 ], [ 26.689844064246909, 37.799141237247646 ], [ 26.690866355412616, 37.799143924121118 ], [ 26.690865228551409, 37.799414316423899 ], [ 26.691205993545591, 37.799415210085833 ] ] ] ] } },
{ "type": "Feature", "properties": { "FX_CODE": 239, "PATH": 181, "ROW": 34, "DATE": 20150625, "ID": 0.0, "Pres_Topo": 1.0 }, "geometry": { "type": "MultiPolygon", "coordinates": [ [ [ [ 26.698024598854861, 37.798621698859989 ], [ 26.696320791173314, 37.798617319383119 ], [ 26.696321898116295, 37.798346926905623 ], [ 26.694618097015194, 37.798342522831653 ], [ 26.694619210153608, 37.798072130384348 ], [ 26.693256174508797, 37.798068589419024 ], [ 26.693257292600446, 37.797798196993519 ], [ 26.692916534968617, 37.797797309296868 ], [ 26.692917654287328, 37.79752691686749 ], [ 26.691554628877931, 37.797523356259752 ], [ 26.691553504591173, 37.797793748654641 ], [ 26.691894262163018, 37.797794640293553 ], [ 26.691893139103254, 37.798065032684605 ], [ 26.692574656776049, 37.798066813022949 ], [ 26.692573536185353, 37.79833720541879 ], [ 26.693255056402194, 37.798338981832053 ], [ 26.693253938280638, 37.798609374232619 ], [ 26.694276222444202, 37.798612031486414 ], [ 26.694275108033931, 37.798882423900238 ], [ 26.697001209728018, 37.798889466612671 ], [ 26.697000105239624, 37.799159859082209 ], [ 26.698022397345397, 37.799162483862396 ], [ 26.698024598854861, 37.798621698859989 ] ] ] ] } },
{ "type": "Feature", "properties": { "FX_CODE": 239, "PATH": 181, "ROW": 34, "DATE": 20150625, "ID": 0.0, "Pres_Topo": 1.0 }, "geometry": { "type": "MultiPolygon", "coordinates": [ [ [ [ 26.714694891756576, 37.805693525414114 ], [ 26.714692811249201, 37.806234310574197 ], [ 26.715374405395995, 37.806235959324617 ], [ 26.715375443171556, 37.805965566734855 ], [ 26.715034647333752, 37.805964742860546 ], [ 26.715035686337956, 37.805694350266286 ], [ 26.714694891756576, 37.805693525414114 ] ] ] ] } },
{ "type": "Feature", "properties": { "FX_CODE": 239, "PATH": 181, "ROW": 34, "DATE": 20150625, "ID": 0.0, "Pres_Topo": 1.0 }, "geometry": { "type": "MultiPolygon", "coordinates": [ [ [ [ 26.714016430747233, 37.804880694966627 ], [ 26.713675639935111, 37.804879867180979 ], [ 26.713673552056314, 37.805420652367822 ], [ 26.71435513866443, 37.805422306985371 ], [ 26.714354097189105, 37.805692699576106 ], [ 26.714694891756576, 37.805693525414114 ], [ 26.714696972208298, 37.805152740204171 ], [ 26.714015388057287, 37.805151087574302 ], [ 26.714016430747233, 37.804880694966627 ] ] ] ] } },
{ "type": "Feature", "properties": { "FX_CODE": 239, "PATH": 181, "ROW": 34, "DATE": 20150625, "ID": 0.0, "Pres_Topo": 1.0 }, "geometry": { "type": "MultiPolygon", "coordinates": [ [ [ [ 26.65921141626864, 37.791215148639573 ], [ 26.658870690019274, 37.791214162616825 ], [ 26.658868203729675, 37.791754946221445 ], [ 26.659208932462274, 37.791755932263278 ], [ 26.659206448589472, 37.792296715837082 ], [ 26.659547179821985, 37.792297700912663 ], [ 26.659545939102344, 37.792568092690381 ], [ 26.659886671593128, 37.792569076790144 ], [ 26.659885432098584, 37.792839468564921 ], [ 26.660226165847636, 37.792840451688832 ], [ 26.660222450989725, 37.793651626966884 ], [ 26.660563188480516, 37.79365260913395 ], [ 26.660564425541306, 37.79338221737757 ], [ 26.661586634387653, 37.79338515793787 ], [ 26.66158540105209, 37.793655549722743 ], [ 26.661926138608965, 37.793656527948201 ], [ 26.661924906498669, 37.793926919730048 ], [ 26.662265645313781, 37.793927896979561 ], [ 26.662264414428783, 37.794198288758416 ], [ 26.662945894591932, 37.794200240320102 ], [ 26.662944666174059, 37.794470632105366 ], [ 26.663966890267339, 37.794473552085499 ], [ 26.663965665558475, 37.794743943886573 ], [ 26.664306408197493, 37.794744915251826 ], [ 26.664647150852879, 37.794745885631635 ], [ 26.664645928611289, 37.795016277439039 ], [ 26.665668160400937, 37.795019182693935 ], [ 26.66566694186854, 37.795289574516993 ], [ 26.666689177530397, 37.795292470930868 ], [ 26.666687962707297, 37.795562862769494 ], [ 26.667369455713526, 37.795564788803411 ], [ 26.667368243357934, 37.795835180648211 ], [ 26.668049738912785, 37.795837102758853 ], [ 26.668047319120578, 37.796377886448276 ], [ 26.668388069406099, 37.79637884604395 ], [ 26.668385652033042, 37.796919629702053 ], [ 26.670089416122174, 37.796924412990563 ], [ 26.670088213621227, 37.797194804847223 ], [ 26.672132738510523, 37.797200512326476 ], [ 26.672131543445385, 37.797470904225939 ], [ 26.673835320836073, 37.797475633402314 ], [ 26.673834131964956, 37.79774602533508 ], [ 26.674515645516657, 37.797747910125089 ], [ 26.67451683190377, 37.797477518174077 ], [ 26.674857587461428, 37.797478459081638 ], [ 26.674854031978533, 37.798289634924615 ], [ 26.675194791278095, 37.798290574873946 ], [ 26.675195975212876, 37.798020182929655 ], [ 26.675877491375417, 37.798022059853423 ], [ 26.675876309924707, 37.798292451815897 ], [ 26.676217069271722, 37.798293388808503 ], [ 26.676219429673289, 37.797752604852953 ], [ 26.676560186552035, 37.797753540841867 ], [ 26.67655900760116, 37.798023932834937 ], [ 26.677240523889981, 37.798025801874211 ], [ 26.677241700356813, 37.797755409863029 ], [ 26.677923214224528, 37.797757274941986 ], [ 26.677922040241736, 37.798027666971223 ], [ 26.678603556656299, 37.79802952812598 ], [ 26.678605899638129, 37.797488744019006 ], [ 26.675539098624277, 37.797480337940129 ], [ 26.675541463899041, 37.796939553946068 ], [ 26.673837698530612, 37.796934849499344 ], [ 26.673836509691291, 37.797205241457071 ], [ 26.673155001171168, 37.797203352761422 ], [ 26.673156192494421, 37.796932960822005 ], [ 26.671452427683068, 37.796928221881984 ], [ 26.671453625200137, 37.796657829975963 ], [ 26.670431370231238, 37.796654974813343 ], [ 26.67043257145809, 37.796384582922492 ], [ 26.669751070709651, 37.79638267457166 ], [ 26.669753478082793, 37.795841890789511 ], [ 26.669071982366379, 37.795839978533692 ], [ 26.669073188512563, 37.795569586642436 ], [ 26.668732441920426, 37.795568629045576 ], [ 26.668733649292349, 37.795298237151101 ], [ 26.668052158640265, 37.795296319019542 ], [ 26.668055788110127, 37.794485143317011 ], [ 26.667715046533839, 37.794484182800943 ], [ 26.667717468583096, 37.793943398955491 ], [ 26.667035990446283, 37.79394147500431 ], [ 26.667037203930143, 37.793671083081492 ], [ 26.666355728341784, 37.793669155207326 ], [ 26.666356944292907, 37.793398763290703 ], [ 26.665334734757614, 37.793395864116974 ], [ 26.665337174061406, 37.792855080302466 ], [ 26.664996440065689, 37.792854111959194 ], [ 26.664998881787611, 37.792313328113558 ], [ 26.664317418811923, 37.792311388508431 ], [ 26.664318642131718, 37.792040996585683 ], [ 26.66397791191007, 37.792040025314492 ], [ 26.663979136455151, 37.791769633388661 ], [ 26.663297678544293, 37.791767687909079 ], [ 26.663298905556253, 37.791497295989629 ], [ 26.662958177867061, 37.791496321781253 ], [ 26.662959406104225, 37.791225929858754 ], [ 26.661596500478332, 37.791222023209855 ], [ 26.661594034054623, 37.791762806966716 ], [ 26.661253305206106, 37.791761827822249 ], [ 26.661252070727866, 37.792032219672471 ], [ 26.660911340654213, 37.792031239533166 ], [ 26.660912576374095, 37.791760847692416 ], [ 26.660571847558611, 37.791759866577259 ], [ 26.660573084503593, 37.791489474733545 ], [ 26.659550901881346, 37.791486525504624 ], [ 26.659552142534618, 37.791216133676976 ], [ 26.65921141626864, 37.791215148639573 ] ] ] ] } },
{ "type": "Feature", "properties": { "FX_CODE": 239, "PATH": 181, "ROW": 34, "DATE": 20150625, "ID": 0.0, "Pres_Topo": 1.0 }, "geometry": { "type": "MultiPolygon", "coordinates": [ [ [ [ 26.642587473422427, 37.7762941319343 ], [ 26.643268787780432, 37.776296196484523 ], [ 26.643270087057239, 37.776025804426737 ], [ 26.643610743021643, 37.776026835214687 ], [ 26.643613339041845, 37.775486051041725 ], [ 26.643272685558731, 37.775485020273749 ], [ 26.643273984783409, 37.775214628178531 ], [ 26.642933332558286, 37.77521359643579 ], [ 26.642934633006195, 37.774943204338079 ], [ 26.642593982039063, 37.774942171620587 ], [ 26.642596585363862, 37.774401387407771 ], [ 26.642255936895292, 37.774400353725568 ], [ 26.642257239772128, 37.774129961610448 ], [ 26.641916592561536, 37.774128926953551 ], [ 26.641917896661486, 37.773858534835973 ], [ 26.641577250708867, 37.773857499204404 ], [ 26.641578556031895, 37.773587107084381 ], [ 26.641237911337249, 37.773586070478146 ], [ 26.641239217883321, 37.773315678355686 ], [ 26.640898574446648, 37.773314640774814 ], [ 26.640899882215734, 37.773044248649917 ], [ 26.64124052441192, 37.77304528622075 ], [ 26.64124444389288, 37.772234109741071 ], [ 26.640563166960703, 37.772232033675074 ], [ 26.640560549029097, 37.772772817967123 ], [ 26.640219908108374, 37.77277177843704 ], [ 26.640218597875844, 37.773042170554262 ], [ 26.639196671497469, 37.773039046025765 ], [ 26.639192729530247, 37.773850222211827 ], [ 26.639533375360323, 37.77385126473628 ], [ 26.639534688126453, 37.773580872676646 ], [ 26.639875332733563, 37.773581914206325 ], [ 26.639874021207952, 37.773852306276041 ], [ 26.640214667073121, 37.773853346831118 ], [ 26.640212046450358, 37.77439413095329 ], [ 26.640552694814136, 37.774395170543798 ], [ 26.640551385717036, 37.774665562596233 ], [ 26.641232684978227, 37.774667638843205 ], [ 26.641230071693876, 37.775208422950861 ], [ 26.641911375987331, 37.775210495299071 ], [ 26.641908767595581, 37.775751279396964 ], [ 26.642249422249733, 37.775752314113994 ], [ 26.642246816269534, 37.776293098182023 ], [ 26.642587473422427, 37.7762941319343 ] ] ] ] } },
{ "type": "Feature", "properties": { "FX_CODE": 239, "PATH": 181, "ROW": 34, "DATE": 20150625, "ID": 0.0, "Pres_Topo": 1.0 }, "geometry": { "type": "MultiPolygon", "coordinates": [ [ [ [ 26.572732862369588, 37.720359828287727 ], [ 26.572739074429339, 37.719278258824801 ], [ 26.570696716452684, 37.719270839476906 ], [ 26.570693595618454, 37.719811624089537 ], [ 26.570012804844346, 37.719809143063515 ], [ 26.570006553027866, 37.720890712042767 ], [ 26.569325752439713, 37.720888226989366 ], [ 26.569324186958852, 37.721158619178865 ], [ 26.568983785458919, 37.721157375165902 ], [ 26.568985352177023, 37.720886982988453 ], [ 26.568644951935287, 37.720885738004732 ], [ 26.568643383979936, 37.721156130170129 ], [ 26.568302982521917, 37.721154884191527 ], [ 26.56830141330834, 37.721425276332369 ], [ 26.56796101063404, 37.721424029358872 ], [ 26.567959440162202, 37.721694421475128 ], [ 26.568980651959862, 37.721698159483353 ], [ 26.56897908517891, 37.721968551623348 ], [ 26.569319490390676, 37.721969795672472 ], [ 26.569322621457061, 37.721429011355895 ], [ 26.570343829794176, 37.72143273753403 ], [ 26.570350076828891, 37.72035116860657 ], [ 26.571030872593504, 37.720353647715115 ], [ 26.571032431825579, 37.720083255428001 ], [ 26.572394018656059, 37.72008820180374 ], [ 26.572390910068702, 37.720628986461335 ], [ 26.572731309302732, 37.720630220622233 ], [ 26.572732862369588, 37.720359828287727 ] ] ] ] } },
{ "type": "Feature", "properties": { "FX_CODE": 239, "PATH": 181, "ROW": 34, "DATE": 20150625, "ID": 0.0, "Pres_Topo": 1.0 }, "geometry": { "type": "MultiPolygon", "coordinates": [ [ [ [ 26.581378207654616, 37.696325368498819 ], [ 26.581037919190234, 37.69632415996243 ], [ 26.581040962252956, 37.695783372465421 ], [ 26.580700676280365, 37.695782162970531 ], [ 26.580691539433523, 37.697404525241446 ], [ 26.58001095272034, 37.697402103165061 ], [ 26.580009427369635, 37.697672496809709 ], [ 26.579328838266392, 37.697670070781882 ], [ 26.579325782560435, 37.698210857986709 ], [ 26.579666079573535, 37.698212071515144 ], [ 26.579663026257617, 37.69875285869356 ], [ 26.580003325762878, 37.69875407126348 ], [ 26.5800018003102, 37.699024464845714 ], [ 26.579321198848294, 37.699022038700313 ], [ 26.579318142938057, 37.699562825780298 ], [ 26.58033905257706, 37.699566463595851 ], [ 26.58033295534311, 37.700648037747058 ], [ 26.57999264716581, 37.700646826076955 ], [ 26.579991121570359, 37.700917219571799 ], [ 26.579650812177444, 37.700916006907853 ], [ 26.579643177713876, 37.702267974136078 ], [ 26.581004440129156, 37.702272819134009 ], [ 26.581002918119655, 37.70254321258917 ], [ 26.581343235010504, 37.702544421394997 ], [ 26.581358441829412, 37.699840486164589 ], [ 26.581698746380184, 37.699841693871186 ], [ 26.581701785028105, 37.699300906651892 ], [ 26.580680878852444, 37.699297280656189 ], [ 26.580682401853686, 37.699026887062956 ], [ 26.580342101071754, 37.699025676445345 ], [ 26.580345149484931, 37.698484889244916 ], [ 26.58068544779508, 37.698486099839052 ], [ 26.580686970735233, 37.69821570620838 ], [ 26.581027267829878, 37.698216915808757 ], [ 26.581031832820671, 37.697405734806665 ], [ 26.581372126228157, 37.697406943389893 ], [ 26.581378207654616, 37.696325368498819 ] ] ] ] } },
{ "type": "Feature", "properties": { "FX_CODE": 239, "PATH": 181, "ROW": 34, "DATE": 20150625, "ID": 0.0, "Pres_Topo": 1.0 }, "geometry": { "type": "MultiPolygon", "coordinates": [ [ [ [ 26.638899039371694, 37.694081944566918 ], [ 26.63890297323351, 37.693270757402196 ], [ 26.640604357680154, 37.693275954995379 ], [ 26.640609577872635, 37.692194371733017 ], [ 26.639929033925984, 37.692192295721803 ], [ 26.63993034140152, 37.691921899895156 ], [ 26.637548446788376, 37.691914602999319 ], [ 26.637555027145176, 37.690562624032701 ], [ 26.637214762733741, 37.690561577742479 ], [ 26.637213445462137, 37.690831973550608 ], [ 26.636532914221249, 37.690829878004564 ], [ 26.636530274683384, 37.691370669542771 ], [ 26.636190006618484, 37.69136962027676 ], [ 26.636188685587605, 37.69164001601699 ], [ 26.635848416304885, 37.691638965758997 ], [ 26.635845771719119, 37.692179757181684 ], [ 26.635165228264718, 37.692177653679543 ], [ 26.63516257866608, 37.692718445011565 ], [ 26.635843127062639, 37.69272054855449 ], [ 26.635839159945316, 37.693531735520196 ], [ 26.636179437876862, 37.693532785849435 ], [ 26.63618075903139, 37.693262390196494 ], [ 26.637541865991668, 37.6932665816542 ], [ 26.637540549779533, 37.693536977347769 ], [ 26.637880827799236, 37.69353802276769 ], [ 26.637879512805121, 37.693808418458929 ], [ 26.638560071368481, 37.693810506373396 ], [ 26.638558758828047, 37.694080902072393 ], [ 26.638899039371694, 37.694081944566918 ] ] ] ] } },
{ "type": "Feature", "properties": { "FX_CODE": 239, "PATH": 181, "ROW": 34, "DATE": 20150625, "ID": 0.0, "Pres_Topo": 1.0 }, "geometry": { "type": "MultiPolygon", "coordinates": [ [ [ [ 26.651123810496035, 37.699526739144893 ], [ 26.651804422308221, 37.699528750882187 ], [ 26.651803157602565, 37.699799146706418 ], [ 26.652483771954362, 37.699801154534846 ], [ 26.652485034188047, 37.699530758691168 ], [ 26.652144728239687, 37.699529755277723 ], [ 26.652145991692471, 37.699259359431302 ], [ 26.651805686996973, 37.699258355045508 ], [ 26.651808216323747, 37.698717563334732 ], [ 26.65146791411706, 37.698716557986359 ], [ 26.651469179991004, 37.698446162122011 ], [ 26.650448277180313, 37.698443140213847 ], [ 26.650449546745051, 37.698172744366317 ], [ 26.649428647794842, 37.698169713649136 ], [ 26.64942992105027, 37.697899317818518 ], [ 26.648068727631955, 37.6978952631531 ], [ 26.648070005813835, 37.697624867349326 ], [ 26.646708817612431, 37.697620797010977 ], [ 26.646710100720636, 37.697350401234161 ], [ 26.646029509194509, 37.697348360192699 ], [ 26.64603079475723, 37.697077964423215 ], [ 26.645690500255775, 37.697076942439374 ], [ 26.64569178703713, 37.696806546667325 ], [ 26.645351493788699, 37.696805523711411 ], [ 26.645352781788645, 37.696535127936805 ], [ 26.644672197815066, 37.696533079098877 ], [ 26.644673488269365, 37.696262683331668 ], [ 26.644333197544231, 37.696261657449689 ], [ 26.644334489217044, 37.69599126167995 ], [ 26.643994199744949, 37.695990234825956 ], [ 26.643995492636243, 37.695719839053702 ], [ 26.643314916215431, 37.695717782419791 ], [ 26.643316211560908, 37.695447386654998 ], [ 26.642975924612209, 37.695446356875102 ], [ 26.642972034816566, 37.69625754410211 ], [ 26.642970738183344, 37.696527939819511 ], [ 26.643311030075079, 37.696528969639331 ], [ 26.643309734660328, 37.696799365354252 ], [ 26.643990320967347, 37.696801422067907 ], [ 26.643989028006903, 37.697071817790281 ], [ 26.64432932242217, 37.697072844684079 ], [ 26.644328030680274, 37.697343240403946 ], [ 26.645348917737135, 37.697346315223207 ], [ 26.645347629685524, 37.697616710960411 ], [ 26.6460282236146, 37.697618755949719 ], [ 26.646026938017503, 37.697889151694262 ], [ 26.646367236243702, 37.697890172725792 ], [ 26.646365951865299, 37.69816056846777 ], [ 26.647386850354522, 37.698163625699863 ], [ 26.647385569666653, 37.698434021459001 ], [ 26.648406472017694, 37.698437069882338 ], [ 26.648405195020459, 37.698707465658565 ], [ 26.65078730975447, 37.698714544343439 ], [ 26.650784773012013, 37.69925533599568 ], [ 26.651125077656729, 37.699256343327697 ], [ 26.651123810496035, 37.699526739144893 ] ] ] ] } },
{ "type": "Feature", "properties": { "FX_CODE": 239, "PATH": 181, "ROW": 34, "DATE": 20150625, "ID": 0.0, "Pres_Topo": 1.0 }, "geometry": { "type": "MultiPolygon", "coordinates": [ [ [ [ 26.69703884147161, 37.706143240121101 ], [ 26.696017828453478, 37.706140612285502 ], [ 26.696018932818291, 37.705870215562115 ], [ 26.6932962419787, 37.705863164846363 ], [ 26.693297356219791, 37.705592768178853 ], [ 26.691595681110599, 37.705588329599166 ], [ 26.691594560687612, 37.70585872622366 ], [ 26.691593440249644, 37.706129122835691 ], [ 26.692954790198236, 37.706132675732931 ], [ 26.69295255916872, 37.706673468988477 ], [ 26.693633239178251, 37.70667523957745 ], [ 26.693632126114014, 37.706945636203699 ], [ 26.693972467377559, 37.706946520033227 ], [ 26.693973579205352, 37.70667612339841 ], [ 26.694313919247318, 37.70667700623703 ], [ 26.694315029823816, 37.706406609581208 ], [ 26.694995707479414, 37.706408372294305 ], [ 26.694996815568238, 37.706137975608939 ], [ 26.695677490810276, 37.70613973437564 ], [ 26.695675279563503, 37.706680527768015 ], [ 26.696696299955921, 37.706683158601592 ], [ 26.6966951980197, 37.706953555304594 ], [ 26.697035539416444, 37.706954430292903 ], [ 26.69703884147161, 37.706143240121101 ] ] ] ] } },
{ "type": "Feature", "properties": { "FX_CODE": 239, "PATH": 181, "ROW": 34, "DATE": 20150625, "ID": 0.0, "Pres_Topo": 1.0 }, "geometry": { "type": "MultiPolygon", "coordinates": [ [ [ [ 26.689211078417024, 37.706122867445927 ], [ 26.68887074107262, 37.706121969889509 ], [ 26.688871871401737, 37.705851573346791 ], [ 26.687510527120988, 37.705847973332759 ], [ 26.687511662380494, 37.705577576812473 ], [ 26.686150323288118, 37.705573961116407 ], [ 26.686151463477881, 37.705303564618703 ], [ 26.684790129574854, 37.705299933240937 ], [ 26.684791274694742, 37.705029536765977 ], [ 26.683770278137199, 37.705026802945035 ], [ 26.683771426950749, 37.704756406484094 ], [ 26.682410103367779, 37.704752747672948 ], [ 26.682411257111195, 37.704482351235015 ], [ 26.681049938720271, 37.704478676743072 ], [ 26.681051097393418, 37.704208280328288 ], [ 26.680030112471702, 37.704205514172337 ], [ 26.680031274838171, 37.703935117771906 ], [ 26.678669966771963, 37.703931415848253 ], [ 26.678671134067912, 37.703661019471241 ], [ 26.677309831196435, 37.703657301867686 ], [ 26.677311003421728, 37.703386905514236 ], [ 26.675949705745975, 37.703383172231092 ], [ 26.675950882900473, 37.70311277590136 ], [ 26.675270236629405, 37.703110903384577 ], [ 26.675267877359762, 37.703651695995283 ], [ 26.675948528575738, 37.703653568548376 ], [ 26.675947351389762, 37.703923964853168 ], [ 26.67764898588613, 37.703928629091941 ], [ 26.677646643829735, 37.704469421754574 ], [ 26.680369279617697, 37.704476833603493 ], [ 26.680368118456446, 37.704747229987959 ], [ 26.681729441668786, 37.704750912373726 ], [ 26.681727129190357, 37.705291705176627 ], [ 26.682407795834674, 37.705293540511427 ], [ 26.682406642044977, 37.705563936911986 ], [ 26.683087311223712, 37.705565768335354 ], [ 26.683086159891335, 37.705836164741186 ], [ 26.686149183083103, 37.705844357601642 ], [ 26.686148042862847, 37.70611475407442 ], [ 26.686828717324147, 37.706116563922151 ], [ 26.687509391846298, 37.706118369840574 ], [ 26.687508256556427, 37.706388766335927 ], [ 26.687848595076691, 37.706389667830393 ], [ 26.689209949309202, 37.706393263984872 ], [ 26.689211078417024, 37.706122867445927 ] ] ] ] } },
{ "type": "Feature", "properties": { "FX_CODE": 239, "PATH": 181, "ROW": 34, "DATE": 20150625, "ID": 0.0, "Pres_Topo": 1.0 }, "geometry": { "type": "MultiPolygon", "coordinates": [ [ [ [ 26.672887975178355, 37.703104318636029 ], [ 26.672889163442932, 37.702833922375817 ], [ 26.671868198196215, 37.702831085634983 ], [ 26.671869390153454, 37.702560689389784 ], [ 26.671188749207669, 37.702558793336586 ], [ 26.671189943621307, 37.702288397097298 ], [ 26.669828666866174, 37.702284593241416 ], [ 26.669827467507869, 37.70255498944384 ], [ 26.669487147122972, 37.702554036015158 ], [ 26.669485946512449, 37.702824432195875 ], [ 26.670847233092935, 37.702828240054309 ], [ 26.670846037411156, 37.703098636259462 ], [ 26.671186360332484, 37.70309958577775 ], [ 26.671185165870938, 37.703369981979655 ], [ 26.671525490044452, 37.703370930524926 ], [ 26.671526683269786, 37.70310053431384 ], [ 26.672887975178355, 37.703104318636029 ] ] ] ] } },
{ "type": "Feature", "properties": { "FX_CODE": 239, "PATH": 181, "ROW": 34, "DATE": 20150625, "ID": 0.0, "Pres_Topo": 1.0 }, "geometry": { "type": "MultiPolygon", "coordinates": [ [ [ [ 26.714730202644429, 37.707809767335604 ], [ 26.714732275522138, 37.707268973119241 ], [ 26.714051588782823, 37.707267324309875 ], [ 26.714052627673841, 37.706996927198993 ], [ 26.70826681366643, 37.706982753803409 ], [ 26.708265753755377, 37.707253150776921 ], [ 26.70792541064522, 37.707252308198342 ], [ 26.707924349483509, 37.707522705151234 ], [ 26.705882283702191, 37.707517629000719 ], [ 26.705881215107272, 37.707788025891965 ], [ 26.714730202644429, 37.707809767335604 ] ] ] ] } },
{ "type": "Feature", "properties": { "FX_CODE": 239, "PATH": 181, "ROW": 34, "DATE": 20150625, "ID": 0.0, "Pres_Topo": 1.0 }, "geometry": { "type": "MultiPolygon", "coordinates": [ [ [ [ 26.745052527328223, 37.69868563124021 ], [ 26.745053453303004, 37.698415233042375 ], [ 26.744032542091084, 37.698413021357581 ], [ 26.744034401419128, 37.697872224967426 ], [ 26.744374702672154, 37.697872963163448 ], [ 26.744377487863307, 37.697061768463371 ], [ 26.744037190317972, 37.697061030288808 ], [ 26.74403811992606, 37.696790632037697 ], [ 26.743697823629017, 37.696789892888276 ], [ 26.743696892785067, 37.697060291132217 ], [ 26.742676000261088, 37.697058067770342 ], [ 26.742675065697053, 37.697328465980277 ], [ 26.74131387089658, 37.697325487720597 ], [ 26.74131293137647, 37.697595885889214 ], [ 26.740292031700271, 37.697593641861367 ], [ 26.74029108845987, 37.697864039995792 ], [ 26.739610486266947, 37.697862539052473 ], [ 26.739607649054406, 37.698673733337394 ], [ 26.73926734426907, 37.698672981370798 ], [ 26.739264503234747, 37.699484175521768 ], [ 26.738924194754098, 37.699483422551211 ], [ 26.738923246481306, 37.699753820569335 ], [ 26.738242627086017, 37.699752311667254 ], [ 26.73824167632846, 37.700022709658299 ], [ 26.737561054511932, 37.70002119681309 ], [ 26.737560101269551, 37.700291594777028 ], [ 26.737219789144337, 37.70029083687389 ], [ 26.737218834653135, 37.700561234818039 ], [ 26.737899461388455, 37.700562749656861 ], [ 26.738920401586856, 37.700565014549007 ], [ 26.738921349897687, 37.700294616568236 ], [ 26.739261662086459, 37.700295369560692 ], [ 26.739262609148554, 37.700024971560175 ], [ 26.739602920113931, 37.700025723563215 ], [ 26.739603865927318, 37.699755325542959 ], [ 26.740624795191135, 37.699757575637513 ], [ 26.740625737283796, 37.699487177582974 ], [ 26.740966045827587, 37.699487925643012 ], [ 26.740966986671644, 37.699217527568798 ], [ 26.741647601324935, 37.699219020728073 ], [ 26.741648539684423, 37.698948622626922 ], [ 26.743350070356946, 37.698952338302369 ], [ 26.743351002524001, 37.698681940152767 ], [ 26.743691307459986, 37.698682680334421 ], [ 26.743690376528907, 37.698953078491201 ], [ 26.744370988910156, 37.698954555922576 ], [ 26.744711295119409, 37.698955293165128 ], [ 26.744712222342553, 37.69868489498689 ], [ 26.745052527328223, 37.69868563124021 ] ] ] ] } },
{ "type": "Feature", "properties": { "FX_CODE": 239, "PATH": 180, "ROW": 34, "DATE": 20141224, "ID": 0.0, "Pres_Topo": 1.0 }, "geometry": { "type": "MultiPolygon", "coordinates": [ [ [ [ 26.741996342330815, 37.696786182410989 ], [ 26.74199727934155, 37.696515784190574 ], [ 26.738934624918048, 37.696509043530007 ], [ 26.738933676784715, 37.696779441685095 ], [ 26.738253084580158, 37.696777932943888 ], [ 26.738252133962426, 37.697048331071905 ], [ 26.737571539336994, 37.697046818387982 ], [ 26.737570586234796, 37.697317216488884 ], [ 26.737230287705309, 37.697316458666542 ], [ 26.737229333354481, 37.697586856747655 ], [ 26.736889033601859, 37.697586097935933 ], [ 26.736888078002359, 37.697856495997243 ], [ 26.736547777026612, 37.697855736196111 ], [ 26.736546820178408, 37.698126134237583 ], [ 26.736206517979525, 37.698125373447041 ], [ 26.736205559882588, 37.698395771468704 ], [ 26.735865256460578, 37.69839500968871 ], [ 26.735863337756342, 37.698935805679909 ], [ 26.735523031875225, 37.698935042903059 ], [ 26.735522071267876, 37.699205440872596 ], [ 26.73518176416361, 37.699204677106259 ], [ 26.735179840438349, 37.69974547299315 ], [ 26.734158911786693, 37.699743175757057 ], [ 26.73415794619665, 37.70001357365954 ], [ 26.733817635435859, 37.700012805942499 ], [ 26.733816668596852, 37.700283203825109 ], [ 26.733476356612929, 37.700282435118496 ], [ 26.733475388524923, 37.700552832981202 ], [ 26.732454448942672, 37.700550520946159 ], [ 26.732453477133458, 37.700820918773999 ], [ 26.732113162729252, 37.700820146123881 ], [ 26.732112189670936, 37.701090543931784 ], [ 26.731431558429364, 37.701088995670062 ], [ 26.731430582885796, 37.701359393450502 ], [ 26.73040963241294, 37.701357063669143 ], [ 26.730408653147922, 37.70162746141456 ], [ 26.730068335113664, 37.701626682848882 ], [ 26.73006637407202, 37.702167478287251 ], [ 26.72904541263101, 37.702165136651764 ], [ 26.729044428381965, 37.702435534329574 ], [ 26.72870410669174, 37.702434751812433 ], [ 26.728703121193337, 37.702705149470205 ], [ 26.728362798280088, 37.702704365963257 ], [ 26.728361811532288, 37.702974763600977 ], [ 26.728021487396013, 37.702973979104222 ], [ 26.728018523364696, 37.703785171919854 ], [ 26.727337867714294, 37.703783599933935 ], [ 26.727335886682194, 37.704324395051607 ], [ 26.726314895888205, 37.70432202965997 ], [ 26.726313901643341, 37.704592427177204 ], [ 26.725973570168925, 37.704591636741121 ], [ 26.725972574674433, 37.704862034238232 ], [ 26.725632241976999, 37.704861242812193 ], [ 26.725631245232847, 37.705131640289196 ], [ 26.725290911312388, 37.705130847873178 ], [ 26.725289913318548, 37.705401245330044 ], [ 26.723588237734919, 37.705397268476894 ], [ 26.723585225127366, 37.70620846065713 ], [ 26.723244886341661, 37.706207662316345 ], [ 26.723243880875859, 37.706478059677117 ], [ 26.722563200871939, 37.706476460033045 ], [ 26.72256017697509, 37.707287651994072 ], [ 26.723240864397784, 37.707289251684657 ], [ 26.723239858878205, 37.707559648995606 ], [ 26.723580203846225, 37.707560447375066 ], [ 26.72358120812931, 37.707290050056379 ], [ 26.723921551874259, 37.707290847445734 ], [ 26.723924560933554, 37.706479655391782 ], [ 26.726647281699446, 37.706485998956495 ], [ 26.726648274800937, 37.706215601518792 ], [ 26.726988613720167, 37.706216390036175 ], [ 26.726991589235777, 37.705405197625389 ], [ 26.727331924459072, 37.705405985137531 ], [ 26.727332915034719, 37.705135587634736 ], [ 26.727673249034893, 37.705136374156936 ], [ 26.727674238360947, 37.704865976634061 ], [ 26.728014571138001, 37.704866762166347 ], [ 26.728016547277768, 37.704325967068002 ], [ 26.728356877595381, 37.704326751602785 ], [ 26.728359837997107, 37.703515558839065 ], [ 26.72870016461906, 37.703516342368793 ], [ 26.728702135681754, 37.702975547115528 ], [ 26.729042459844404, 37.702976329647825 ], [ 26.729043444119764, 37.70270593199492 ], [ 26.730064412977942, 37.702708273675803 ], [ 26.730065393531536, 37.702437875987755 ], [ 26.730746037030162, 37.70243943218216 ], [ 26.730747015098277, 37.702169034466586 ], [ 26.731427656176841, 37.702170586717109 ], [ 26.731428631759535, 37.70190018897403 ], [ 26.732449589766659, 37.701902509960838 ], [ 26.73245056162785, 37.7016321121828 ], [ 26.733471516043458, 37.701634424307485 ], [ 26.733473452310079, 37.701093628669263 ], [ 26.734154083707384, 37.701095165145034 ], [ 26.734156014977838, 37.700554369427195 ], [ 26.734496328223671, 37.700555136176973 ], [ 26.734497292603461, 37.700284738291941 ], [ 26.735858540771275, 37.700287795439991 ], [ 26.735859500193943, 37.700017397512873 ], [ 26.736199811031952, 37.700018159337176 ], [ 26.73620172736674, 37.699477363430823 ], [ 26.737903269388294, 37.69948115774686 ], [ 26.737904221356434, 37.699210759738236 ], [ 26.738584835782252, 37.699212270575259 ], [ 26.738581987255802, 37.700023464607717 ], [ 26.739262609148554, 37.700024971560175 ], [ 26.739602920113931, 37.700025723563215 ], [ 26.739603865927318, 37.699755325542959 ], [ 26.739605757516149, 37.699214529465081 ], [ 26.7399460647861, 37.699215280464152 ], [ 26.739947009325554, 37.69894488239926 ], [ 26.740287315372136, 37.698945632408972 ], [ 26.740288258662986, 37.698675234324355 ], [ 26.740968868322021, 37.698676731382989 ], [ 26.740969809128337, 37.698406333271414 ], [ 26.739948898366581, 37.698404086232102 ], [ 26.73994984286815, 37.698133688129857 ], [ 26.739609540542077, 37.698132937159897 ], [ 26.739610486266947, 37.697862539052473 ], [ 26.739950787357092, 37.697863290015157 ], [ 26.739951731833408, 37.697592891888007 ], [ 26.74063233157975, 37.697594390852693 ], [ 26.740633273571646, 37.697323992698564 ], [ 26.74131387089658, 37.697325487720597 ], [ 26.741314810404127, 37.697055089539511 ], [ 26.741995405307549, 37.69705658061897 ], [ 26.741996342330815, 37.696786182410989 ] ] ] ] } },
{ "type": "Feature", "properties": { "FX_CODE": 239, "PATH": 180, "ROW": 34, "DATE": 20141224, "ID": 0.0, "Pres_Topo": 1.0 }, "geometry": { "type": "MultiPolygon", "coordinates": [ [ [ [ 26.759396897500014, 37.682762134913361 ], [ 26.758376199742621, 37.682760048143251 ], [ 26.758375322650931, 37.683030447333941 ], [ 26.758035088853557, 37.6830297497741 ], [ 26.758033332164921, 37.683570548104633 ], [ 26.757693095909215, 37.683569849549706 ], [ 26.757692216312222, 37.683840248689542 ], [ 26.757351978833217, 37.683839549146285 ], [ 26.757351097989389, 37.684109948266858 ], [ 26.757010859287082, 37.684109247735265 ], [ 26.757009977196383, 37.684379646836618 ], [ 26.75666973727078, 37.684378945316645 ], [ 26.756667970583763, 37.68491974346842 ], [ 26.75564724346717, 37.684917632978099 ], [ 26.755644582231643, 37.685728830051012 ], [ 26.755304336177666, 37.685728124570524 ], [ 26.75529900597498, 37.687350518339237 ], [ 26.754958752521489, 37.687349811836036 ], [ 26.754955193874213, 37.688431407405481 ], [ 26.754614935491354, 37.688430699893175 ], [ 26.754614044564441, 37.688701098747558 ], [ 26.754273784958137, 37.688700390246659 ], [ 26.754272000597815, 37.689241187904344 ], [ 26.753931738532682, 37.689240478407953 ], [ 26.753929058196466, 37.690051674780499 ], [ 26.753588792437014, 37.690050964281689 ], [ 26.753587003015546, 37.690591761787374 ], [ 26.753246734797131, 37.690591050292994 ], [ 26.753241358832458, 37.692213442469885 ], [ 26.752560807605231, 37.692212016452814 ], [ 26.752558112047549, 37.693023212331738 ], [ 26.752217832745139, 37.693022497829638 ], [ 26.752216932966249, 37.693292896424133 ], [ 26.751536371926264, 37.693291464460422 ], [ 26.751534567389751, 37.693832261584276 ], [ 26.75085400145538, 37.69383082566516 ], [ 26.750852191927837, 37.69437162271138 ], [ 26.749831335702893, 37.694369461426476 ], [ 26.749830427213823, 37.694639859909977 ], [ 26.749149853986466, 37.69463841412972 ], [ 26.749148943013786, 37.694908812586739 ], [ 26.747787791762427, 37.694905909214803 ], [ 26.747786875834571, 37.69517630763125 ], [ 26.747446586816555, 37.695175579326339 ], [ 26.747445669640683, 37.695445977723267 ], [ 26.747105379399166, 37.69544524842933 ], [ 26.747103542539055, 37.695986045171686 ], [ 26.746082664473509, 37.69598385135555 ], [ 26.746079897968759, 37.696795046311927 ], [ 26.746760490748475, 37.696796509880556 ], [ 26.746759571027294, 37.697066908188638 ], [ 26.747440166327927, 37.697068367843364 ], [ 26.747441083577378, 37.696797969521135 ], [ 26.748461972912668, 37.696800151616891 ], [ 26.748463799959744, 37.696259354892796 ], [ 26.749484681989919, 37.696261528108295 ], [ 26.749486501573291, 37.695720731292269 ], [ 26.750167084711027, 37.695722175164626 ], [ 26.750167992012898, 37.695451776723949 ], [ 26.750848572727591, 37.69545321665445 ], [ 26.750849477545799, 37.695182818187355 ], [ 26.751189766685535, 37.695183536672687 ], [ 26.751190670255895, 37.69491313818618 ], [ 26.752211534040264, 37.694915287729593 ], [ 26.752213333730381, 37.694374490677568 ], [ 26.752553619211138, 37.694375205214293 ], [ 26.752555416381743, 37.693834408098617 ], [ 26.752895699403126, 37.69383512163958 ], [ 26.752896596734736, 37.693564723056149 ], [ 26.753236878532448, 37.693565435608285 ], [ 26.753237774616412, 37.693295037005505 ], [ 26.753578055190452, 37.693295748568843 ], [ 26.753579844851181, 37.692754951312146 ], [ 26.75494095738178, 37.69275778769159 ], [ 26.754941847251782, 37.692487389017074 ], [ 26.755282124178617, 37.692488095650397 ], [ 26.755287455735516, 37.69086570330078 ], [ 26.75562772526095, 37.690866408911198 ], [ 26.755629499880577, 37.690325611348072 ], [ 26.755289232826104, 37.690324905751318 ], [ 26.755295452268964, 37.688432113936088 ], [ 26.755975969094088, 37.688433524052101 ], [ 26.755975083108602, 37.688703922933861 ], [ 26.7563153427743, 37.688704626526111 ], [ 26.75631622752443, 37.688434227637536 ], [ 26.756656485966598, 37.688434930241236 ], [ 26.756658252960705, 37.687894132413106 ], [ 26.756317996989203, 37.687893429823021 ], [ 26.756321535776806, 37.68681183404464 ], [ 26.756661786807179, 37.686812536607484 ], [ 26.756663553659543, 37.686271738629991 ], [ 26.756666203849505, 37.685460541570386 ], [ 26.75700644871565, 37.685461243117551 ], [ 26.757008212979603, 37.684920445001985 ], [ 26.75768869780665, 37.684921845124343 ], [ 26.757690457082958, 37.684381046931826 ], [ 26.758030697043893, 37.684381745507061 ], [ 26.758031575429314, 37.684111346385365 ], [ 26.758712052916213, 37.684112740577575 ], [ 26.758714680591645, 37.683301543097258 ], [ 26.759395150715022, 37.683302933322757 ], [ 26.759396897500014, 37.682762134913361 ] ] ] ] } },
{ "type": "Feature", "properties": { "FX_CODE": 239, "PATH": 180, "ROW": 34, "DATE": 20141224, "ID": 0.0, "Pres_Topo": 1.0 }, "geometry": { "type": "MultiPolygon", "coordinates": [ [ [ [ 26.798294726605171, 37.641733954461898 ], [ 26.79829838199419, 37.640381945240485 ], [ 26.797618301749136, 37.64038078060468 ], [ 26.797617568225998, 37.640651182462541 ], [ 26.797277526885733, 37.64065059866892 ], [ 26.797276792120336, 37.640921000508683 ], [ 26.794896494387235, 37.640916886472027 ], [ 26.794895007572254, 37.641457690034443 ], [ 26.794214917664931, 37.641456505751897 ], [ 26.794214171777529, 37.641726907502964 ], [ 26.793534079445081, 37.641725719288587 ], [ 26.793533331082664, 37.641996121015694 ], [ 26.793193283698923, 37.641995525432598 ], [ 26.793192534093961, 37.642265927141487 ], [ 26.792512436891482, 37.64226473302341 ], [ 26.792511684811398, 37.642535134708297 ], [ 26.792171634992677, 37.642534536173294 ], [ 26.792170881669968, 37.642804937839927 ], [ 26.791830830628751, 37.642804338319003 ], [ 26.791830076063388, 37.643074739967396 ], [ 26.791490023799671, 37.643074139460523 ], [ 26.791489267991622, 37.64334454109062 ], [ 26.791149214505406, 37.643343939597798 ], [ 26.79114770039374, 37.643884742809057 ], [ 26.790807644452396, 37.643884140324381 ], [ 26.790806886148733, 37.644154541905515 ], [ 26.790126771831169, 37.644153333983972 ], [ 26.790126011052031, 37.644423735540947 ], [ 26.789785952675832, 37.644423130104045 ], [ 26.789785190653841, 37.644693531642716 ], [ 26.789445131055142, 37.644692925219751 ], [ 26.789444367790267, 37.644963326740104 ], [ 26.789104306969072, 37.644962719331069 ], [ 26.78910277794326, 37.64550352232267 ], [ 26.788762714666838, 37.645502913921625 ], [ 26.788761183134632, 37.646043716851672 ], [ 26.788421117402933, 37.646043107458588 ], [ 26.788419583364202, 37.64658391032706 ], [ 26.788079515177181, 37.646583299941902 ], [ 26.788078746909616, 37.646853701351574 ], [ 26.787398608100769, 37.64685247762862 ], [ 26.787397837357275, 37.64712287901397 ], [ 26.787057766735465, 37.647122265676138 ], [ 26.787056994748824, 37.647392667043121 ], [ 26.786716922904489, 37.647392052719063 ], [ 26.786715376434497, 37.647932855403752 ], [ 26.786375302134754, 37.647932240087471 ], [ 26.786374527651358, 37.648202641405206 ], [ 26.786034452129076, 37.648202025102648 ], [ 26.786032900665379, 37.648742827688835 ], [ 26.785692822687626, 37.648742210393998 ], [ 26.785692045707275, 37.649012611662435 ], [ 26.785011887317058, 37.649011374119752 ], [ 26.785010328393319, 37.649552176595336 ], [ 26.784670246747893, 37.64955155634145 ], [ 26.7846694660374, 37.649821957554558 ], [ 26.783989300311887, 37.64982071409365 ], [ 26.783987733927511, 37.650361516458446 ], [ 26.783647648614416, 37.650360893245349 ], [ 26.783645295260147, 37.651172096681108 ], [ 26.782625028286311, 37.651170221104941 ], [ 26.782617934361909, 37.653603830576735 ], [ 26.782277834293261, 37.653603203369109 ], [ 26.782275465762343, 37.654414406284211 ], [ 26.781935362004479, 37.654413778077803 ], [ 26.781934571239773, 37.654684179018545 ], [ 26.781254361289196, 37.654682919651933 ], [ 26.781252774794815, 37.655223721471643 ], [ 26.780912667368799, 37.655223090305284 ], [ 26.780911872872363, 37.655493491190356 ], [ 26.780571764223627, 37.655492859037317 ], [ 26.780565398002445, 37.657656065620991 ], [ 26.779885161002305, 37.657654798274898 ], [ 26.7798827660928, 37.658466000501626 ], [ 26.779202521734334, 37.658464729195963 ], [ 26.779200920140454, 37.659005530593596 ], [ 26.778860795510184, 37.659004893457407 ], [ 26.77885919140633, 37.659545694792911 ], [ 26.778519064319628, 37.659545056663653 ], [ 26.778518261018014, 37.659815457306557 ], [ 26.778178132708451, 37.659814818190391 ], [ 26.778175719038273, 37.660626020025866 ], [ 26.777835587038563, 37.660625379910357 ], [ 26.777832363726308, 37.661706982158648 ], [ 26.777152089889686, 37.661705698935627 ], [ 26.777147239792804, 37.663328101860138 ], [ 26.776126806911037, 37.663326169557301 ], [ 26.776125994822237, 37.663596569982431 ], [ 26.775785849316172, 37.663595923913533 ], [ 26.77578422263829, 37.664136724713948 ], [ 26.775444074675391, 37.664136077651655 ], [ 26.775443260086259, 37.664406478026919 ], [ 26.775103110900371, 37.664405829977483 ], [ 26.77510229506645, 37.66467623033401 ], [ 26.774762144657569, 37.664675581297388 ], [ 26.77476051048917, 37.665216381960569 ], [ 26.77442035762337, 37.665215731930445 ], [ 26.774419539288839, 37.665486132237071 ], [ 26.774079385200032, 37.665485481219726 ], [ 26.774076106816544, 37.666567082296545 ], [ 26.773735947802749, 37.666566430272994 ], [ 26.773733485197948, 37.667377630930993 ], [ 26.773393322492993, 37.667376977907495 ], [ 26.773390856087136, 37.668188178434498 ], [ 26.773388389582355, 37.668999378849527 ], [ 26.77304821948368, 37.668998724806997 ], [ 26.773047396059258, 37.669269124914109 ], [ 26.773727738735957, 37.669270432030793 ], [ 26.773730201571233, 37.668459231634102 ], [ 26.774070369223573, 37.668459883701914 ], [ 26.774074467559057, 37.667107882760284 ], [ 26.774754790555651, 37.667109183889742 ], [ 26.774758876277073, 37.665757182573977 ], [ 26.775099031621703, 37.665757831635773 ], [ 26.77510066336589, 37.665217031009774 ], [ 26.775780969152041, 37.665218326165473 ], [ 26.775781782539916, 37.664947925821252 ], [ 26.776121934215382, 37.664948571921471 ], [ 26.776123558490696, 37.664407771183186 ], [ 26.776463707709208, 37.664408416289987 ], [ 26.776466140339153, 37.663597215070475 ], [ 26.777146431405498, 37.663598502304012 ], [ 26.777145623007385, 37.663868902735423 ], [ 26.777825916584657, 37.663870186057991 ], [ 26.777827528434713, 37.663329385157809 ], [ 26.778167672771836, 37.663330025335384 ], [ 26.77816847744689, 37.663059624860423 ], [ 26.777828334343578, 37.663058984689059 ], [ 26.777829140241671, 37.66278858420786 ], [ 26.777488998382939, 37.662787943061872 ], [ 26.777489805504036, 37.662517542574442 ], [ 26.777490612614351, 37.662247142074584 ], [ 26.777830752005535, 37.662247783208137 ], [ 26.779191309677856, 37.662250337934282 ], [ 26.77919211060863, 37.661979937390988 ], [ 26.779532248819773, 37.661980573614336 ], [ 26.779535447500951, 37.66089897129207 ], [ 26.779875580787945, 37.66089960651 ], [ 26.779877177597069, 37.660358805261886 ], [ 26.779537046777392, 37.660358170056291 ], [ 26.779537846399585, 37.660087769419732 ], [ 26.779197716824232, 37.660087133239557 ], [ 26.779199318503757, 37.659546331941463 ], [ 26.780219699860201, 37.65954823750284 ], [ 26.780220496983151, 37.659277836816649 ], [ 26.780560622889716, 37.659278470036206 ], [ 26.780561418768436, 37.659008069331442 ], [ 26.780901543452071, 37.659008701564183 ], [ 26.780902338086602, 37.658738300840831 ], [ 26.78192270850052, 37.658740191636539 ], [ 26.781924290336537, 37.658199390115882 ], [ 26.781584169321693, 37.658198760843533 ], [ 26.781584961457344, 37.657928360070642 ], [ 26.78124484168659, 37.657927729823733 ], [ 26.781245635045138, 37.657657329044518 ], [ 26.781585753582405, 37.657657959285302 ], [ 26.781587337800758, 37.657117157677305 ], [ 26.781927453881689, 37.657117786925255 ], [ 26.781929035590824, 37.656576985255292 ], [ 26.781248808373274, 37.656575725803208 ], [ 26.781251188258011, 37.655764523241594 ], [ 26.781591298161331, 37.655765153439603 ], [ 26.781592090201677, 37.655494752554731 ], [ 26.781932198882227, 37.655495381766073 ], [ 26.781932989678648, 37.655224980862684 ], [ 26.782273097136429, 37.655225609087353 ], [ 26.782273886688955, 37.654955208165404 ], [ 26.78261399292397, 37.654955835403449 ], [ 26.782614781232635, 37.654685434462991 ], [ 26.78295488624488, 37.654686060714404 ], [ 26.782955673309718, 37.654415659755422 ], [ 26.783295777099198, 37.65441628502024 ], [ 26.783635880899183, 37.654416909304508 ], [ 26.783637450064226, 37.653876107325019 ], [ 26.783977551408171, 37.653876730616673 ], [ 26.783979118064796, 37.653335928575331 ], [ 26.784319216952742, 37.6533365508744 ], [ 26.784319999032139, 37.65306614982903 ], [ 26.783979901377396, 37.653065527535986 ], [ 26.783981467971188, 37.652524725420008 ], [ 26.784321563159562, 37.65252534770098 ], [ 26.784322345207595, 37.652254946618285 ], [ 26.784662439173264, 37.652255567912775 ], [ 26.784667904585099, 37.650362759943462 ], [ 26.785007989929557, 37.650363380215381 ], [ 26.785008769427897, 37.650092979021139 ], [ 26.785009548915816, 37.649822577814454 ], [ 26.78534963180466, 37.64982319709398 ], [ 26.785351188283265, 37.649282394631285 ], [ 26.786031349160197, 37.649283630225256 ], [ 26.786032124917973, 37.649013228963256 ], [ 26.786712283370466, 37.649014460623889 ], [ 26.78671305665198, 37.648744059337524 ], [ 26.787053134660795, 37.648744673691361 ], [ 26.78705390669904, 37.648474272386586 ], [ 26.787393983485245, 37.648474885754148 ], [ 26.787395525064969, 37.647934083095393 ], [ 26.787735599395671, 37.647934695470752 ], [ 26.787736368937196, 37.647664294116773 ], [ 26.788076442045305, 37.647664905505906 ], [ 26.78807567373666, 37.647935306865811 ], [ 26.788415748087917, 37.647935917280563 ], [ 26.788417282229194, 37.647395114536494 ], [ 26.788757354124968, 37.647395723959114 ], [ 26.788758885759545, 37.646854921153448 ], [ 26.789098955199876, 37.646855529584009 ], [ 26.789099719768995, 37.646585128156609 ], [ 26.78943978798673, 37.646585735600993 ], [ 26.789440551312833, 37.646315334155283 ], [ 26.789780618307976, 37.646315940613526 ], [ 26.789782142464013, 37.645775137673013 ], [ 26.790122207003797, 37.645775743139261 ], [ 26.790122967833785, 37.64550534164448 ], [ 26.790803094478349, 37.645506549624599 ], [ 26.790803852832699, 37.64523614810566 ], [ 26.791143914937464, 37.645236750619539 ], [ 26.791144672048961, 37.644966349082331 ], [ 26.791484732931131, 37.644966950610169 ], [ 26.791487756345209, 37.643885344313553 ], [ 26.791827812306781, 37.643885944837898 ], [ 26.791829321487942, 37.643345141603326 ], [ 26.792169374994344, 37.643345741135882 ], [ 26.792170128337194, 37.643075339494139 ], [ 26.792510180621068, 37.643075938040738 ], [ 26.79251093272126, 37.642805536380727 ], [ 26.793191034853983, 37.642806730521954 ], [ 26.793191784478985, 37.642536328837934 ], [ 26.795232083721725, 37.642539887704103 ], [ 26.795572133630344, 37.642540477418059 ], [ 26.795572874617445, 37.642270075681367 ], [ 26.796252971999269, 37.642271252157514 ], [ 26.796253710511397, 37.642000850396983 ], [ 26.797953947975746, 37.642003774407129 ], [ 26.797954680315389, 37.641733372605813 ], [ 26.798294726605171, 37.641733954461898 ] ] ] ] } },
{ "type": "Feature", "properties": { "FX_CODE": 239, "PATH": 180, "ROW": 34, "DATE": 20141224, "ID": 0.0, "Pres_Topo": 1.0 }, "geometry": { "type": "MultiPolygon", "coordinates": [ [ [ [ 26.772703101279053, 37.670620470201349 ], [ 26.772703925992779, 37.670350070162797 ], [ 26.772363749745093, 37.670349414126392 ], [ 26.772365401607928, 37.669808614024682 ], [ 26.771344880336589, 37.669806640067193 ], [ 26.771344050708016, 37.670077040105134 ], [ 26.770663700780769, 37.670075719215305 ], [ 26.770662868672623, 37.670346119227979 ], [ 26.770322692491437, 37.670345457305046 ], [ 26.770320192397421, 37.671156657249171 ], [ 26.769980012524556, 37.671155994325858 ], [ 26.769978343270871, 37.671696794213545 ], [ 26.769297978621371, 37.671695465397789 ], [ 26.769297141509114, 37.671965865310092 ], [ 26.7689569579668, 37.671965199424058 ], [ 26.768956119608994, 37.672235599317446 ], [ 26.768615934843538, 37.6722349324438 ], [ 26.76861509524015, 37.672505332318288 ], [ 26.768274909251545, 37.672504664457009 ], [ 26.768274068402544, 37.672775064312575 ], [ 26.767933881190789, 37.672774395463655 ], [ 26.767932196990238, 37.673315195124481 ], [ 26.767592007320918, 37.673314525281398 ], [ 26.767588633846856, 37.674396124427737 ], [ 26.76724843925096, 37.674395453577439 ], [ 26.767247594619754, 37.674665853326402 ], [ 26.766907398800647, 37.674665181488372 ], [ 26.766906552923626, 37.674935581218378 ], [ 26.766566355881309, 37.674934908392579 ], [ 26.766565508758443, 37.675205308103628 ], [ 26.766225310492914, 37.675204634290054 ], [ 26.766223613744081, 37.675745433661731 ], [ 26.765883413020777, 37.675744758853817 ], [ 26.765881713757388, 37.67628555816264 ], [ 26.766221916949885, 37.676286232983649 ], [ 26.766222765352655, 37.676015833328925 ], [ 26.766562967321892, 37.676016507162103 ], [ 26.766563814478737, 37.675746107488379 ], [ 26.767584416750573, 37.675748123080652 ], [ 26.767586103622914, 37.675207323656821 ], [ 26.767926301933649, 37.675207993545371 ], [ 26.767927986291827, 37.674667194058763 ], [ 26.768268182144759, 37.674667862953079 ], [ 26.768269863988909, 37.674127063403738 ], [ 26.768610057384095, 37.674127731303869 ], [ 26.768610897054835, 37.673857331504038 ], [ 26.768951089226775, 37.67385799841648 ], [ 26.768951927651834, 37.673587598597756 ], [ 26.769292118600529, 37.673588264522515 ], [ 26.769291281409924, 37.673858664347705 ], [ 26.769631473604267, 37.67385932929772 ], [ 26.769633981439185, 37.67304812976549 ], [ 26.769974169941388, 37.673048793714983 ], [ 26.769977508627292, 37.671967194138716 ], [ 26.770317692203129, 37.67196785708132 ], [ 26.770319359010465, 37.671427057205669 ], [ 26.770659540128779, 37.671427719154295 ], [ 26.77066037228143, 37.67115731919138 ], [ 26.771340732082805, 37.671158640132425 ], [ 26.771341561755747, 37.670888240144272 ], [ 26.77168174043879, 37.670888899136735 ], [ 26.772021919132907, 37.670889557148087 ], [ 26.772702276554305, 37.670890870227453 ], [ 26.772703101279053, 37.670620470201349 ] ] ] ] } },
{ "type": "Feature", "properties": { "FX_CODE": 239, "PATH": 180, "ROW": 34, "DATE": 20141224, "ID": 0.0, "Pres_Topo": 1.0 }, "geometry": { "type": "MultiPolygon", "coordinates": [ [ [ [ 26.760761301676929, 37.681683306456662 ], [ 26.761441757120188, 37.681684684823487 ], [ 26.761442623038882, 37.68141428551013 ], [ 26.761782849542953, 37.681414973214636 ], [ 26.761783714215159, 37.681144573882172 ], [ 26.762123939495879, 37.681145260598555 ], [ 26.76212480292163, 37.680874861246977 ], [ 26.76246502697899, 37.680875546975237 ], [ 26.762466751326112, 37.680334748221462 ], [ 26.763147194535918, 37.680336116707096 ], [ 26.763148054222491, 37.68006571729827 ], [ 26.763488274609795, 37.680066400062309 ], [ 26.76348913305004, 37.679796000634418 ], [ 26.764509790576248, 37.679798043018152 ], [ 26.764511500013466, 37.679257244085456 ], [ 26.764851716742129, 37.679257922904021 ], [ 26.764852570208816, 37.678987523412424 ], [ 26.765533001230793, 37.678988878092227 ], [ 26.765537256045729, 37.677636880381854 ], [ 26.765877465400123, 37.677637556216915 ], [ 26.765879164777111, 37.677096757032551 ], [ 26.765538957892069, 37.677096081210578 ], [ 26.76553980879817, 37.676825681606275 ], [ 26.765199603159157, 37.676825004809544 ], [ 26.765197046702717, 37.677636203565442 ], [ 26.764176418742093, 37.677634167228163 ], [ 26.764175562863056, 37.677904566768824 ], [ 26.763495141810427, 37.677903204290708 ], [ 26.76349170830192, 37.678984802276076 ], [ 26.763151492853847, 37.678984119538512 ], [ 26.763152352482955, 37.678713720067456 ], [ 26.762812138281138, 37.678713036355127 ], [ 26.762809555654993, 37.679524234711081 ], [ 26.761788902005634, 37.679522177625984 ], [ 26.761787172788381, 37.68006297642782 ], [ 26.761446952458712, 37.680062288756638 ], [ 26.7614460865979, 37.680332688132232 ], [ 26.761105865044961, 37.680331999472948 ], [ 26.761104997937707, 37.680602398829414 ], [ 26.760764775161498, 37.680601709182 ], [ 26.760761301676929, 37.681683306456662 ] ] ] ] } },
{ "type": "Feature", "properties": { "FX_CODE": 239, "PATH": 180, "ROW": 34, "DATE": 20141224, "ID": 0.0, "Pres_Topo": 1.0 }, "geometry": { "type": "MultiPolygon", "coordinates": [ [ [ [ 26.789134114802799, 37.634417051050406 ], [ 26.789137171137927, 37.633335442977618 ], [ 26.789477178967921, 37.633336050133423 ], [ 26.789477941794178, 37.63306564807823 ], [ 26.790157955020771, 37.633066859438713 ], [ 26.790158715372876, 37.632796457359341 ], [ 26.789478704610236, 37.632795246010616 ], [ 26.788798693888381, 37.632794030742794 ], [ 26.788794102054887, 37.634416442891229 ], [ 26.789134114802799, 37.634417051050406 ] ] ] ] } },
{ "type": "Feature", "properties": { "FX_CODE": 239, "PATH": 180, "ROW": 34, "DATE": 20141224, "ID": 0.0, "Pres_Topo": 1.0 }, "geometry": { "type": "MultiPolygon", "coordinates": [ [ [ [ 26.797838084830087, 37.809921475191935 ], [ 26.797840296410548, 37.809110292921467 ], [ 26.797499484029078, 37.809109707564815 ], [ 26.797500222445592, 37.808839313455415 ], [ 26.797159411316748, 37.80883872711847 ], [ 26.797158671657481, 37.8091091212222 ], [ 26.796477046943988, 37.80910794557898 ], [ 26.796476304789302, 37.809378339658863 ], [ 26.795453864065259, 37.809376568782014 ], [ 26.795452372269363, 37.809917356870123 ], [ 26.794089108168066, 37.809914981851087 ], [ 26.794088357283897, 37.810185375853457 ], [ 26.796133260952654, 37.810188932500381 ], [ 26.796134747797275, 37.80964814441429 ], [ 26.796816377462026, 37.80964932205228 ], [ 26.796815636530283, 37.809919716112951 ], [ 26.797838084830087, 37.809921475191935 ] ] ] ] } },
{ "type": "Feature", "properties": { "FX_CODE": 239, "PATH": 180, "ROW": 34, "DATE": 20141224, "ID": 0.0, "Pres_Topo": 1.0 }, "geometry": { "type": "MultiPolygon", "coordinates": [ [ [ [ 26.776707505327167, 37.809883317477798 ], [ 26.77670506249202, 37.810694498527788 ], [ 26.775682604941295, 37.810692555994407 ], [ 26.775681786912564, 37.81096294963401 ], [ 26.77500014611438, 37.810961649668982 ], [ 26.77500178713229, 37.810420862402509 ], [ 26.773979333474443, 37.810418905097542 ], [ 26.773978509242461, 37.810689298718067 ], [ 26.7736376901357, 37.81068864430469 ], [ 26.77363603915293, 37.811229431495683 ], [ 26.772613574441781, 37.811227462301211 ], [ 26.772614403667301, 37.810957068731007 ], [ 26.771591942784585, 37.810955090681198 ], [ 26.771591109830453, 37.811225484232246 ], [ 26.767160431012449, 37.811216810050489 ], [ 26.767161280123887, 37.81094641658342 ], [ 26.766479639883986, 37.810945067316183 ], [ 26.766138819781116, 37.810944391203492 ], [ 26.766137966941074, 37.811214784650957 ], [ 26.766136261226773, 37.811755571508485 ], [ 26.76545461359796, 37.811754216285621 ], [ 26.765453758237861, 37.812024609682581 ], [ 26.763408808169018, 37.8120205203087 ], [ 26.763407945339878, 37.812290913653598 ], [ 26.761022162084373, 37.812286097804126 ], [ 26.761021290543045, 37.812556491089936 ], [ 26.759317153780891, 37.812553021581202 ], [ 26.75931890928128, 37.812012235064302 ], [ 26.758978084449883, 37.812011538217753 ], [ 26.758975447452844, 37.812822717954148 ], [ 26.758293790367649, 37.812821321262241 ], [ 26.758292908859161, 37.813091714469273 ], [ 26.76101954742543, 37.813097277624173 ], [ 26.761020418990068, 37.812826884363282 ], [ 26.76272456225848, 37.812830329252911 ], [ 26.762725427596632, 37.812559935946219 ], [ 26.765452047483347, 37.812565396439098 ], [ 26.765452902866326, 37.812295003067057 ], [ 26.766816208112992, 37.8122977096209 ], [ 26.76681535770182, 37.812568103019146 ], [ 26.767497012879371, 37.812569450392559 ], [ 26.76749870871857, 37.812028663557541 ], [ 26.76783953383848, 37.812029335752086 ], [ 26.767838687167487, 37.812299729182328 ], [ 26.772269430908917, 37.812308378061651 ], [ 26.77226860038499, 37.812578771563189 ], [ 26.772950255921732, 37.81258008738137 ], [ 26.772951083959754, 37.8123096938671 ], [ 26.773973563619034, 37.81231166017956 ], [ 26.773974387917164, 37.812041266633791 ], [ 26.775337689312057, 37.812043874553197 ], [ 26.775338508627478, 37.811773480969705 ], [ 26.776360981060002, 37.811775426536535 ], [ 26.776360165473346, 37.812045820138856 ], [ 26.776700990882283, 37.812046466695243 ], [ 26.776702619558854, 37.81150567946564 ], [ 26.780451672428232, 37.81151272636788 ], [ 26.780452473078387, 37.81124233266614 ], [ 26.781815760381754, 37.811244865569542 ], [ 26.781814964703166, 37.811515259295781 ], [ 26.782155787798548, 37.811515890062601 ], [ 26.782156582234244, 37.811245496330251 ], [ 26.78829137737991, 37.811256681407137 ], [ 26.7882921494332, 37.810986287554023 ], [ 26.791700357981682, 37.810992363378617 ], [ 26.791699598357177, 37.811262757290557 ], [ 26.792040420511061, 37.811263359455566 ], [ 26.792041937264166, 37.810722571607585 ], [ 26.793746035756676, 37.810725567583738 ], [ 26.793746787903778, 37.810455173612048 ], [ 26.794087606389684, 37.810455769843379 ], [ 26.794088357283897, 37.810185375853457 ], [ 26.791702636794231, 37.810181181568069 ], [ 26.791701117596023, 37.810721969454228 ], [ 26.789656199801126, 37.810718335827254 ], [ 26.787952101920698, 37.810715280688669 ], [ 26.787951328634872, 37.810985674548292 ], [ 26.786588045545152, 37.810983212664887 ], [ 26.785565583337103, 37.810981355898818 ], [ 26.785566365322953, 37.810710962080996 ], [ 26.785225545850693, 37.810710341192888 ], [ 26.78522632906893, 37.810439947368621 ], [ 26.784885510849989, 37.810439325500504 ], [ 26.78488472638891, 37.810709719318744 ], [ 26.783862268066581, 37.810707847780058 ], [ 26.783863056256187, 37.810437453979944 ], [ 26.783522238079314, 37.810436828167703 ], [ 26.783520659203855, 37.810977615743369 ], [ 26.781816556049698, 37.810974471830839 ], [ 26.781817351707002, 37.810704078079681 ], [ 26.78147653235089, 37.810703446345144 ], [ 26.781477329240392, 37.810433052587641 ], [ 26.780795693045842, 37.810431786172721 ], [ 26.780794893670656, 37.810702179917968 ], [ 26.780113255033189, 37.81070090954664 ], [ 26.780112453161596, 37.810971303267124 ], [ 26.779089991557303, 37.810969390296336 ], [ 26.779089185946361, 37.811239783985826 ], [ 26.777725898986738, 37.811237219528643 ], [ 26.777727520140772, 37.81069643218683 ], [ 26.777045881697401, 37.810695144066827 ], [ 26.777048320804081, 37.809883962998093 ], [ 26.776707505327167, 37.809883317477798 ] ] ] ] } },
{ "type": "Feature", "properties": { "FX_CODE": 239, "PATH": 180, "ROW": 34, "DATE": 20141224, "ID": 0.0, "Pres_Topo": 1.0 }, "geometry": { "type": "MultiPolygon", "coordinates": [ [ [ [ 26.787452534549349, 37.627924349744504 ], [ 26.787456384507941, 37.626572338277875 ], [ 26.787116407534285, 37.626571725391941 ], [ 26.787115636331556, 37.626842127704201 ], [ 26.786775658136616, 37.626841513832765 ], [ 26.786772568296069, 37.627923122933602 ], [ 26.786432585184912, 37.627922508058752 ], [ 26.786430264000998, 37.628733714735901 ], [ 26.786090277205101, 37.628733098863535 ], [ 26.786089502224716, 37.629003501058399 ], [ 26.785749514207456, 37.629002884200418 ], [ 26.785748737984967, 37.629273286376858 ], [ 26.785408748746342, 37.629272668533261 ], [ 26.785407971281717, 37.629543070691263 ], [ 26.78472799037214, 37.629541832053079 ], [ 26.784727210433577, 37.629812234186652 ], [ 26.784047227102153, 37.629810991617795 ], [ 26.784048009504264, 37.629540589496273 ], [ 26.7823480575179, 37.629537465960247 ], [ 26.782346480385385, 37.630078270130255 ], [ 26.782006487556103, 37.630077642471896 ], [ 26.782004907917795, 37.630618446579987 ], [ 26.781324917363666, 37.630617188299837 ], [ 26.781324125064994, 37.630887590323027 ], [ 26.780984128571973, 37.63088695970729 ], [ 26.780983335030854, 37.631157361711914 ], [ 26.780303339612935, 37.631156097529093 ], [ 26.78030174757135, 37.631696901476502 ], [ 26.779621747268472, 37.631695633350226 ], [ 26.77962094876791, 37.63196603529299 ], [ 26.779280947400572, 37.63196539975408 ], [ 26.779280147657417, 37.632235801678227 ], [ 26.778940145068848, 37.632235165153418 ], [ 26.778938543086571, 37.632775968952046 ], [ 26.778598538044818, 37.63277533143512 ], [ 26.778594526741724, 37.634127340683108 ], [ 26.779274549155971, 37.634128614798989 ], [ 26.779273749327281, 37.634399016623632 ], [ 26.779613761782503, 37.634399652218001 ], [ 26.779615358965096, 37.633858848543959 ], [ 26.780295378979368, 37.633860116768624 ], [ 26.780296971191216, 37.63331931302023 ], [ 26.779956963642775, 37.633318679410088 ], [ 26.77995776096472, 37.633048277523365 ], [ 26.780637773608277, 37.633049543751589 ], [ 26.780638568455622, 37.632779141840139 ], [ 26.781318578677734, 37.632780404136994 ], [ 26.781320163412769, 37.63223960025234 ], [ 26.781660166075831, 37.632240229918892 ], [ 26.781659374945548, 37.632510631873558 ], [ 26.781999378851118, 37.63251126056646 ], [ 26.782000168749462, 37.632240858605698 ], [ 26.78234017143366, 37.632241486312743 ], [ 26.782340960089524, 37.631971084333479 ], [ 26.782000958637251, 37.631970456632509 ], [ 26.782001748514478, 37.631700054646885 ], [ 26.782341748734844, 37.631700682341744 ], [ 26.782342537369622, 37.631430280337604 ], [ 26.783702533428794, 37.631432781295523 ], [ 26.78369626347768, 37.633595997174559 ], [ 26.783356254591553, 37.633595373356265 ], [ 26.783351544295783, 37.635217784706846 ], [ 26.782671511770282, 37.635216534058081 ], [ 26.782670724220015, 37.635486935894178 ], [ 26.784030794241485, 37.635489433296492 ], [ 26.784029228966528, 37.636030236979821 ], [ 26.784369248962381, 37.636030858892802 ], [ 26.78436846754138, 37.636301260721837 ], [ 26.784708488779852, 37.636301881660955 ], [ 26.784707708580591, 37.636572283483581 ], [ 26.785727776055076, 37.636574140439564 ], [ 26.785726223018532, 37.637114944083493 ], [ 26.786066247995233, 37.637115561120986 ], [ 26.786064697381658, 37.63765636472715 ], [ 26.786404724833211, 37.637656980796649 ], [ 26.786403176642736, 37.638197784365005 ], [ 26.787083236505985, 37.638199013588043 ], [ 26.787084008141825, 37.637928611798159 ], [ 26.787424036856645, 37.637929224933785 ], [ 26.787424807249899, 37.637658823125527 ], [ 26.787764834742749, 37.637659435275268 ], [ 26.787766373033872, 37.637118631609546 ], [ 26.788106398072511, 37.637119242767504 ], [ 26.78810716597043, 37.636848840910048 ], [ 26.787087094582038, 37.636847004514266 ], [ 26.787087866166303, 37.636576602662196 ], [ 26.786747843622983, 37.636575988576396 ], [ 26.786748616429122, 37.636305586717839 ], [ 26.786068573837863, 37.636304355618456 ], [ 26.786069349098018, 37.636033953759402 ], [ 26.785729329050092, 37.636033336745854 ], [ 26.785730105532036, 37.635762934880347 ], [ 26.78505006793166, 37.635761697925588 ], [ 26.784710049147083, 37.635761077978394 ], [ 26.78471082931506, 37.635490676118458 ], [ 26.784711609472602, 37.635220274246088 ], [ 26.784714729998488, 37.634138666632211 ], [ 26.78471551010389, 37.633868264697647 ], [ 26.784375499954354, 37.633867643812728 ], [ 26.784377843904004, 37.633056437952476 ], [ 26.78471785035752, 37.633057058819332 ], [ 26.784719410474466, 37.632516254838251 ], [ 26.785059414474482, 37.632516874713303 ], [ 26.785060193285375, 37.6322464726981 ], [ 26.785060972085855, 37.631976070670461 ], [ 26.786760979922452, 37.631979155289436 ], [ 26.786761752552987, 37.631708753219449 ], [ 26.787101752919451, 37.631709367198056 ], [ 26.787105609757909, 37.630357356631748 ], [ 26.784045662266546, 37.630351795823508 ], [ 26.784046444689579, 37.630081393726869 ], [ 26.785066423397737, 37.630083256128728 ], [ 26.785067202114934, 37.629812854001585 ], [ 26.785747185508868, 37.629814090692442 ], [ 26.785747961752108, 37.629543688540878 ], [ 26.786087952232869, 37.629544305410818 ], [ 26.786088727233974, 37.629273903240836 ], [ 26.786428716493337, 37.629274519125147 ], [ 26.786429490252338, 37.629004116936741 ], [ 26.786769478290303, 37.629004731835451 ], [ 26.786770250807233, 37.628734329628642 ], [ 26.7871102376238, 37.628734943541765 ], [ 26.787111008898695, 37.628464541316553 ], [ 26.787112551417554, 37.627923736828855 ], [ 26.787452534549349, 37.627924349744504 ] ] ] ] } },
{ "type": "Feature", "properties": { "FX_CODE": 239, "PATH": 180, "ROW": 34, "DATE": 20141224, "ID": 0.0, "Pres_Topo": 1.0 }, "geometry": { "type": "MultiPolygon", "coordinates": [ [ [ [ 26.797306909448743, 37.629834514880244 ], [ 26.796286933341062, 37.629832758300637 ], [ 26.795946941324878, 37.629832170814758 ], [ 26.795946202025082, 37.630102573129257 ], [ 26.795606208786989, 37.630101984658005 ], [ 26.795605468245498, 37.630372386954342 ], [ 26.795265473785488, 37.630371797497695 ], [ 26.79526473200227, 37.630642199775892 ], [ 26.794924736320347, 37.630641609333821 ], [ 26.794923993295367, 37.63091201159385 ], [ 26.794243999497645, 37.630910827759159 ], [ 26.79424325399901, 37.631181229995271 ], [ 26.79390325588323, 37.6311806366026 ], [ 26.793902509142747, 37.631451038820515 ], [ 26.793562509805071, 37.631450444442365 ], [ 26.793561761822716, 37.631720846642089 ], [ 26.791521758615847, 37.631717259764166 ], [ 26.790841757627497, 37.631716056300306 ], [ 26.790840999779864, 37.631986458441133 ], [ 26.790160996368218, 37.631985251046622 ], [ 26.790160236046603, 37.632255653163298 ], [ 26.790159475714823, 37.632526055267547 ], [ 26.791519492434105, 37.632528466184347 ], [ 26.791520247838118, 37.632258064056721 ], [ 26.792880259791207, 37.632260459274079 ], [ 26.79288101025741, 37.631990057110784 ], [ 26.793221012038881, 37.631990653459958 ], [ 26.793220262804599, 37.63226105562903 ], [ 26.79356026582801, 37.632261651004221 ], [ 26.793561013830363, 37.63199124882938 ], [ 26.794241017443309, 37.631992436628998 ], [ 26.794242508490409, 37.631451632218941 ], [ 26.794582507848034, 37.631452224637641 ], [ 26.794583252124756, 37.631181822408216 ], [ 26.79526324840608, 37.631183004294982 ], [ 26.795263990209133, 37.630912602041654 ], [ 26.795603987132818, 37.630913191509734 ], [ 26.795604727694109, 37.630642789238266 ], [ 26.795944723395845, 37.630643377720929 ], [ 26.795945462715405, 37.630372975431307 ], [ 26.796625451684857, 37.630374149446155 ], [ 26.796626188530912, 37.630103747132722 ], [ 26.797306175076134, 37.630104917217473 ], [ 26.797306909448743, 37.629834514880244 ] ] ] ] } },
{ "type": "Feature", "properties": { "FX_CODE": 330, "PATH": 180, "ROW": 34, "DATE": 20141224, "ID": 0.0, "Pres_Topo": 1.0 }, "geometry": { "type": "MultiPolygon", "coordinates": [ [ [ [ 26.843174143015474, 37.806475410812986 ], [ 26.840106933212702, 37.80647128773694 ], [ 26.840107516206601, 37.806200892868553 ], [ 26.836699518481911, 37.806196218057792 ], [ 26.836700113893826, 37.805925823222211 ], [ 26.834314524657454, 37.805922492226536 ], [ 26.834313920547476, 37.806192887029852 ], [ 26.831587523393257, 37.806189020987489 ], [ 26.83158690933443, 37.806459415740925 ], [ 26.830905307642478, 37.806458439361997 ], [ 26.830904691090218, 37.806728834093519 ], [ 26.831245493174691, 37.806729322780676 ], [ 26.831244877856808, 37.806999717504482 ], [ 26.836016125292797, 37.80700645566948 ], [ 26.836015527363731, 37.807276850446073 ], [ 26.842831622690145, 37.807286141274062 ], [ 26.842832195766249, 37.807015746407501 ], [ 26.844195410233109, 37.807017557231021 ], [ 26.844195978331015, 37.806747162334474 ], [ 26.843173571197315, 37.806745805708843 ], [ 26.843174143015474, 37.806475410812986 ] ] ] ] } },
{ "type": "Feature", "properties": { "FX_CODE": 330, "PATH": 180, "ROW": 34, "DATE": 20141224, "ID": 0.0, "Pres_Topo": 1.0 }, "geometry": { "type": "MultiPolygon", "coordinates": [ [ [ [ 26.990744659279674, 37.781432558800148 ], [ 26.990403971895507, 37.781432531547694 ], [ 26.990403867021463, 37.78224372269014 ], [ 26.989041102596282, 37.782243603826664 ], [ 26.989041062672747, 37.78251400084811 ], [ 26.988700370326601, 37.782513968669285 ], [ 26.988700329161372, 37.782784365677969 ], [ 26.988359635574611, 37.782784332513764 ], [ 26.988359593167647, 37.783054729509701 ], [ 26.988018898340275, 37.783054695360086 ], [ 26.988018854691553, 37.783325092343247 ], [ 26.987678158623567, 37.783325057208202 ], [ 26.987678068841927, 37.783865851136532 ], [ 26.987337370292103, 37.783865815015695 ], [ 26.987337278025553, 37.784406608893555 ], [ 26.987677979057885, 37.784406645015089 ], [ 26.98767784437732, 37.785217835739608 ], [ 26.988018549134139, 37.785217870877041 ], [ 26.988018287205016, 37.786840251992238 ], [ 26.988358999410639, 37.786840286146486 ], [ 26.988359041825539, 37.786569889324724 ], [ 26.988699752790321, 37.786569922493435 ], [ 26.98869979396326, 37.786299525658904 ], [ 26.989040503687196, 37.786299557842106 ], [ 26.989040543618206, 37.786029160994822 ], [ 26.9893812521013, 37.786029192192508 ], [ 26.989381600284702, 37.783595620004455 ], [ 26.98972229759665, 37.783595650214316 ], [ 26.989722260152906, 37.783866047174172 ], [ 26.99074435581538, 37.783866131893951 ], [ 26.990744659279674, 37.781432558800148 ] ] ] ] } },
{ "type": "Feature", "properties": { "FX_CODE": 330, "PATH": 180, "ROW": 34, "DATE": 20141224, "ID": 0.0, "Pres_Topo": 1.0 }, "geometry": { "type": "MultiPolygon", "coordinates": [ [ [ [ 26.886497314308457, 37.779485477214699 ], [ 26.885134603224071, 37.779484156713856 ], [ 26.885134184808415, 37.779754553322405 ], [ 26.885133766387167, 37.78002494991852 ], [ 26.884793086148068, 37.780024617324479 ], [ 26.884792666480219, 37.780295013904926 ], [ 26.884792246806761, 37.780565410472931 ], [ 26.887517708731444, 37.780568043696995 ], [ 26.887517298980644, 37.780838440278046 ], [ 26.887857982987097, 37.780838765001739 ], [ 26.887858391496867, 37.780568368417555 ], [ 26.888539757044075, 37.780569014903662 ], [ 26.888539351016373, 37.780839411494121 ], [ 26.889561403100981, 37.780840373845201 ], [ 26.889561000790998, 37.781110770432541 ], [ 26.890242371356436, 37.78111140708107 ], [ 26.890242771184312, 37.78084101048757 ], [ 26.890583455234008, 37.780841327331252 ], [ 26.890582658055024, 37.781382120511957 ], [ 26.890923344592167, 37.781382436376752 ], [ 26.890922549874041, 37.781923229513808 ], [ 26.892625995050075, 37.781924794092809 ], [ 26.892625603888629, 37.782195190657816 ], [ 26.892966294180717, 37.782195500621512 ], [ 26.892965514324416, 37.782736293720191 ], [ 26.893306207104004, 37.782736602704816 ], [ 26.893306595793607, 37.782466206158695 ], [ 26.893987978886056, 37.782466821166778 ], [ 26.893989137476975, 37.781655631435903 ], [ 26.894329825307601, 37.781655937453465 ], [ 26.894330210253159, 37.781385540848653 ], [ 26.894670896847845, 37.781385845878226 ], [ 26.894672047930477, 37.780574655980274 ], [ 26.894331365058946, 37.780574350959547 ], [ 26.894330980128831, 37.780844747601698 ], [ 26.893990296021411, 37.780844441593025 ], [ 26.8939899098451, 37.781114838219764 ], [ 26.893649224501793, 37.781114531223125 ], [ 26.893648837079244, 37.781384927834431 ], [ 26.893308150500047, 37.781384619849796 ], [ 26.893307761831238, 37.781655016445697 ], [ 26.892626386206292, 37.781654397515361 ], [ 26.892627168503022, 37.781113604323117 ], [ 26.891945797863308, 37.781112981464737 ], [ 26.891945404235422, 37.781383378061044 ], [ 26.891604717682384, 37.781383065151303 ], [ 26.891605112551339, 37.781112668558031 ], [ 26.890923741943258, 37.781112039789562 ], [ 26.890924536629498, 37.780571246577857 ], [ 26.890243171006844, 37.780570613881615 ], [ 26.89024357082403, 37.780300217263225 ], [ 26.889221526153246, 37.780299260840685 ], [ 26.889221929688087, 37.780028864219105 ], [ 26.887859208500018, 37.780027575211804 ], [ 26.887859616993396, 37.779757178590273 ], [ 26.886837579882599, 37.779756201502046 ], [ 26.886837992093419, 37.779485804877517 ], [ 26.886497314308457, 37.779485477214699 ] ] ] ] } },
{ "type": "Feature", "properties": { "FX_CODE": 330, "PATH": 180, "ROW": 34, "DATE": 20141224, "ID": 0.0, "Pres_Topo": 1.0 }, "geometry": { "type": "MultiPolygon", "coordinates": [ [ [ [ 26.939314361739587, 37.764923053071506 ], [ 26.938973750289261, 37.764922877183942 ], [ 26.938973528107709, 37.765193274853416 ], [ 26.938632915420278, 37.765193097979704 ], [ 26.938632691995661, 37.765463495635018 ], [ 26.938292078071115, 37.765463317775129 ], [ 26.938291853403395, 37.765733715416282 ], [ 26.937951238241745, 37.765733536570195 ], [ 26.937951012330888, 37.766003934197172 ], [ 26.937610395932129, 37.766003754364867 ], [ 26.937610168778107, 37.766274151977669 ], [ 26.937269551142236, 37.766273971159144 ], [ 26.93726932274501, 37.766544368757742 ], [ 26.936928703872034, 37.766544186952956 ], [ 26.936928474231575, 37.766814584537364 ], [ 26.936587854121488, 37.766814401746316 ], [ 26.936587623237763, 37.7670847993165 ], [ 26.936247001890568, 37.767084615539147 ], [ 26.935906380546474, 37.767084430777288 ], [ 26.935906147179235, 37.76735482833147 ], [ 26.935905913808874, 37.767625225873225 ], [ 26.935224666169187, 37.76762485338871 ], [ 26.935224430315216, 37.767895250914407 ], [ 26.934883805259847, 37.767895063193521 ], [ 26.934883331061897, 37.768435858203958 ], [ 26.934542703529161, 37.768435669494878 ], [ 26.934542465185132, 37.768706066979611 ], [ 26.933520578885222, 37.768705494939404 ], [ 26.933520336817072, 37.768975892406154 ], [ 26.933179706816578, 37.768975699755067 ], [ 26.93317946350486, 37.769246097207507 ], [ 26.932498201032988, 37.769245708947807 ], [ 26.932497955237327, 37.76951610638406 ], [ 26.932157322765971, 37.769515910775418 ], [ 26.932157075726661, 37.769786308197318 ], [ 26.931475808313149, 37.769785914022414 ], [ 26.931475309263075, 37.770326708821258 ], [ 26.931134673080539, 37.770326510253049 ], [ 26.931134422310084, 37.770596907631891 ], [ 26.930793784890497, 37.7705967080771 ], [ 26.930793532876262, 37.770867105441589 ], [ 26.929771616916501, 37.770866500863498 ], [ 26.929771361177561, 37.771136898209662 ], [ 26.929430721290682, 37.771136694712354 ], [ 26.929430464307856, 37.771407092044129 ], [ 26.929089823183954, 37.77140688756019 ], [ 26.92908956495722, 37.771677284877505 ], [ 26.928748922596291, 37.771677079406899 ], [ 26.92874866312561, 37.771947476709812 ], [ 26.928408019527659, 37.771947270252518 ], [ 26.928407498094845, 37.772488064817011 ], [ 26.926022975640482, 37.772486592016101 ], [ 26.926022706235042, 37.772756989265432 ], [ 26.924660117092131, 37.772756125992949 ], [ 26.92465984272085, 37.773026523221461 ], [ 26.923978545690225, 37.773026085672662 ], [ 26.923977991974315, 37.773566880083898 ], [ 26.92091213319118, 37.773564862331156 ], [ 26.920912421216318, 37.773294465151309 ], [ 26.920231121787644, 37.773294005934048 ], [ 26.920231412290079, 37.773023608746193 ], [ 26.91886881844178, 37.773022678503807 ], [ 26.918868522977043, 37.773293075682659 ], [ 26.916483975211257, 37.773291409830321 ], [ 26.916484279360024, 37.77302101266762 ], [ 26.918528169989543, 37.773022443481395 ], [ 26.918528466690887, 37.772752046292396 ], [ 26.915121994795072, 37.772749641931497 ], [ 26.915122612996527, 37.772208847562744 ], [ 26.914100678950835, 37.77220810706681 ], [ 26.914100366130601, 37.772478504250245 ], [ 26.913759720216522, 37.772478255446458 ], [ 26.913759406151563, 37.772748652615022 ], [ 26.912056170441804, 37.77274739381329 ], [ 26.912055850169857, 37.773017790957226 ], [ 26.911715201800128, 37.77301753624026 ], [ 26.911714880283323, 37.773287933369289 ], [ 26.910352281885288, 37.773286904644181 ], [ 26.910352608364391, 37.773016507525121 ], [ 26.90967131167265, 37.773015987259186 ], [ 26.909670982712402, 37.773286384373208 ], [ 26.909330333132552, 37.773286122760624 ], [ 26.909330002927312, 37.773556519859675 ], [ 26.908989352111284, 37.773556257259798 ], [ 26.908989020661021, 37.773826654343871 ], [ 26.908307716561069, 37.773826126184773 ], [ 26.908307382625129, 37.774096523251274 ], [ 26.908648035913505, 37.774096787825769 ], [ 26.908647703213735, 37.774367184882394 ], [ 26.908988357747198, 37.774367448474671 ], [ 26.908988689206325, 37.774097051415488 ], [ 26.910010649111328, 37.774097836276063 ], [ 26.91001032137412, 37.774368233342841 ], [ 26.909329012285095, 37.774367711082171 ], [ 26.909328682062192, 37.774638108131455 ], [ 26.91137261682567, 37.774639663111259 ], [ 26.911372294042391, 37.774910060163158 ], [ 26.911712951092181, 37.774910315882188 ], [ 26.911712629545278, 37.775180712924133 ], [ 26.911371971254795, 37.775180457202623 ], [ 26.911371325666646, 37.775721251244207 ], [ 26.912052647214775, 37.775721761712312 ], [ 26.912052006572356, 37.77626255571402 ], [ 26.913073996371118, 37.776263314044698 ], [ 26.913074312972203, 37.775992917042714 ], [ 26.913414975006191, 37.775993167847496 ], [ 26.913415290362295, 37.77572277083064 ], [ 26.913755951159764, 37.775723020648172 ], [ 26.913755637044396, 37.775993417667436 ], [ 26.916140271428539, 37.775995138831753 ], [ 26.916140882284822, 37.775454344747423 ], [ 26.919888137994555, 37.775456951885275 ], [ 26.919888429768783, 37.775186554799191 ], [ 26.921251063364078, 37.775187473296008 ], [ 26.921251350171637, 37.774917076188594 ], [ 26.921932664510983, 37.774917529523776 ], [ 26.921932948833355, 37.774647132399537 ], [ 26.923636228544591, 37.774648248492781 ], [ 26.923636506659868, 37.774377851345278 ], [ 26.923977161372679, 37.774378071607444 ], [ 26.923977438243593, 37.774107674445361 ], [ 26.924318091719467, 37.774107893720618 ], [ 26.924318367346054, 37.77383749654399 ], [ 26.924659019584986, 37.773837714832361 ], [ 26.924659293967277, 37.773567317641167 ], [ 26.925681246984198, 37.773567966591479 ], [ 26.925681517641046, 37.773297569381548 ], [ 26.926703466968764, 37.773298209462922 ], [ 26.926703733900258, 37.773027812234368 ], [ 26.929428922338758, 37.77302947577342 ], [ 26.9294291793422, 37.772759078516309 ], [ 26.93011047400541, 37.772759484549859 ], [ 26.930110728524326, 37.772489087276362 ], [ 26.9304513746205, 37.7724892888141 ], [ 26.930451627895486, 37.772218891526215 ], [ 26.931132917616925, 37.772219291643687 ], [ 26.931133419194726, 37.771678497022855 ], [ 26.931814703967571, 37.771678893193851 ], [ 26.931814952270486, 37.771408495860939 ], [ 26.932496234575659, 37.771408888089411 ], [ 26.932496480394331, 37.771138490740256 ], [ 26.933518400155318, 37.771139071692303 ], [ 26.933519126427758, 37.770327879553292 ], [ 26.934200398842062, 37.770328261920227 ], [ 26.934200878045953, 37.769787467091291 ], [ 26.934541511777145, 37.769787656794129 ], [ 26.934541750133924, 37.769517259359162 ], [ 26.935223015125136, 37.769517635807354 ], [ 26.935223250998035, 37.7692472383563 ], [ 26.934882619741188, 37.769247050626326 ], [ 26.934883093958163, 37.768706255690525 ], [ 26.935223722734367, 37.76870644341686 ], [ 26.935223958597806, 37.768436045928482 ], [ 26.936245841224387, 37.768436603194644 ], [ 26.936246305500177, 37.767895808169762 ], [ 26.936586930568058, 37.767895991952457 ], [ 26.936587392350948, 37.767355196874256 ], [ 26.936928014941444, 37.767355379668864 ], [ 26.936928244588046, 37.767084982109331 ], [ 26.937950108657258, 37.7670855245807 ], [ 26.937950334580194, 37.766815127003483 ], [ 26.938631574827745, 37.766815483725004 ], [ 26.938631798267302, 37.766545086131899 ], [ 26.938972417155387, 37.766545263014173 ], [ 26.938972639351796, 37.766274865406906 ], [ 26.938632021703874, 37.76627468852633 ], [ 26.938632468568052, 37.765733893277897 ], [ 26.938973083735696, 37.765734070155041 ], [ 26.938973305923188, 37.765463672510457 ], [ 26.939313919853689, 37.76546384840141 ], [ 26.939314361739587, 37.764923053071506 ] ] ] ] } },
{ "type": "Feature", "properties": { "FX_CODE": 330, "PATH": 180, "ROW": 34, "DATE": 20141224, "ID": 0.0, "Pres_Topo": 1.0 }, "geometry": { "type": "MultiPolygon", "coordinates": [ [ [ [ 26.989393066859165, 37.703287172603943 ], [ 26.989393105390285, 37.70301677193833 ], [ 26.988372120900848, 37.703016675676444 ], [ 26.988372163140287, 37.702746274999349 ], [ 26.987691509289341, 37.702746205914096 ], [ 26.987691554000733, 37.702475805225234 ], [ 26.987351228312409, 37.702475769209578 ], [ 26.987351366151675, 37.701664567069429 ], [ 26.987011044172643, 37.701664530072613 ], [ 26.987011091354034, 37.701394129334723 ], [ 26.986330449870266, 37.70139405239518 ], [ 26.98633049952338, 37.701123651645609 ], [ 26.985309541011283, 37.701123528870923 ], [ 26.985309594372211, 37.700853128110104 ], [ 26.984969276105744, 37.700853085221233 ], [ 26.9849693307021, 37.700582684448406 ], [ 26.984629013672507, 37.700582640577764 ], [ 26.984629125335267, 37.700041838995659 ], [ 26.983267867113479, 37.700041653694917 ], [ 26.983267927888122, 37.699771252887011 ], [ 26.981566361309763, 37.699770999164961 ], [ 26.981566562169718, 37.698959796674025 ], [ 26.981226252564845, 37.698959742984734 ], [ 26.981226388939046, 37.698418941262993 ], [ 26.981566696071877, 37.698418994951247 ], [ 26.981566763021611, 37.698148594071213 ], [ 26.980886151228855, 37.698148485713659 ], [ 26.980886359488469, 37.697337283002106 ], [ 26.980205755115193, 37.697337170719436 ], [ 26.980205970781924, 37.696525967899262 ], [ 26.979865672304456, 37.69652591028651 ], [ 26.979865599180613, 37.696796311238444 ], [ 26.979184999756839, 37.69679619306568 ], [ 26.979184924160194, 37.697066594004035 ], [ 26.978844623213899, 37.69706653344398 ], [ 26.978844776877992, 37.696525731556029 ], [ 26.978504478404535, 37.696525670015134 ], [ 26.978504400337105, 37.696796070964737 ], [ 26.978164100628799, 37.696796008441197 ], [ 26.978164259234386, 37.696255206530786 ], [ 26.978504556470916, 37.696255269053111 ], [ 26.978504634536257, 37.695984868078639 ], [ 26.978844930537971, 37.695984929618348 ], [ 26.978845161020242, 37.695173726618584 ], [ 26.977824284140713, 37.695173539058878 ], [ 26.977824203606875, 37.695443940069417 ], [ 26.977143616554251, 37.695443810118412 ], [ 26.977143699559711, 37.695173409109138 ], [ 26.977483991849663, 37.695173474575 ], [ 26.977484073618221, 37.694903073552659 ], [ 26.976803491511017, 37.694902941640223 ], [ 26.976803828460344, 37.69382133743165 ], [ 26.976463542351446, 37.693821270005067 ], [ 26.976463456880076, 37.694091671075213 ], [ 26.976123169536589, 37.694091602666042 ], [ 26.976123342949634, 37.693550800514672 ], [ 26.975442773209043, 37.693550660753175 ], [ 26.975442862385222, 37.693280259660192 ], [ 26.975783146019229, 37.693280330031222 ], [ 26.975783409833621, 37.692469126675661 ], [ 26.974422290132772, 37.692468839308368 ], [ 26.974422661638528, 37.691387234671382 ], [ 26.974082386658807, 37.691387160377708 ], [ 26.974082292548648, 37.691657561554884 ], [ 26.97272118770017, 37.69165725455867 ], [ 26.972721286752655, 37.691386853384472 ], [ 26.969999087004982, 37.691386192268986 ], [ 26.969998760189206, 37.692197395735072 ], [ 26.969318202852936, 37.692197220632558 ], [ 26.969318091440169, 37.692467621761367 ], [ 26.968637531638596, 37.692467442729601 ], [ 26.968637303865972, 37.693008244946419 ], [ 26.968297021496149, 37.693008153955937 ], [ 26.968297136618887, 37.692737752854605 ], [ 26.967956855486268, 37.692737660883097 ], [ 26.967956622767911, 37.693278463071515 ], [ 26.967616339165502, 37.69327837011631 ], [ 26.967276055564668, 37.693278276179178 ], [ 26.96727593673176, 37.693548677252927 ], [ 26.966935651896819, 37.693548582332959 ], [ 26.966935291681374, 37.69435978547687 ], [ 26.966254714601941, 37.694359592685522 ], [ 26.966254592055392, 37.694629993706769 ], [ 26.965914302282364, 37.694629895837203 ], [ 26.965914178498394, 37.694900296845056 ], [ 26.966254469507206, 37.694900394715567 ], [ 26.966254346957378, 37.695170795711938 ], [ 26.96659463920362, 37.695170892601404 ], [ 26.966594517887962, 37.695441293586292 ], [ 26.967275104856924, 37.695441484421117 ], [ 26.967274629464917, 37.69652308824373 ], [ 26.967955226327064, 37.696523275157823 ], [ 26.967955342705693, 37.696252874218999 ], [ 26.968635937102306, 37.696253057203172 ], [ 26.968635823195434, 37.696523458143758 ], [ 26.969316420069898, 37.696523637201558 ], [ 26.96931597431454, 37.697605240846556 ], [ 26.969656277697695, 37.69760532890583 ], [ 26.969656057283018, 37.698146130655445 ], [ 26.970336668997604, 37.698146303831095 ], [ 26.970336776733728, 37.697875902960831 ], [ 26.970677081357213, 37.697875988074692 ], [ 26.970676868355504, 37.698416789804462 ], [ 26.971357482550676, 37.698416957089186 ], [ 26.971357378519706, 37.69868735793704 ], [ 26.9716976868554, 37.698687440107051 ], [ 26.971697584059068, 37.69895784094328 ], [ 26.971357274487346, 37.698957758772472 ], [ 26.971357170453597, 37.699228159595457 ], [ 26.972037792070498, 37.699228322956529 ], [ 26.972037588943099, 37.699769124568377 ], [ 26.97237790222573, 37.699769204777269 ], [ 26.972377801896091, 37.70003960556533 ], [ 26.973058430937552, 37.700039763038198 ], [ 26.973058333078786, 37.700310163815345 ], [ 26.973738964597704, 37.700310317361073 ], [ 26.973738869209885, 37.700580718127291 ], [ 26.976121088218285, 37.700581224603908 ], [ 26.976121001482195, 37.700851625362603 ], [ 26.976461319724311, 37.700851693788358 ], [ 26.976461148720986, 37.701392495269751 ], [ 26.97680146943658, 37.701392562714624 ], [ 26.976801385169399, 37.701662963437322 ], [ 26.977482029076334, 37.701663095381726 ], [ 26.977482192664837, 37.701122293921337 ], [ 26.977141873183182, 37.701122228441506 ], [ 26.977141956211952, 37.700851827693299 ], [ 26.976801637967569, 37.700851761231917 ], [ 26.976801806494048, 37.700310959699486 ], [ 26.977822753813708, 37.700311156133253 ], [ 26.977822592704037, 37.700851957669499 ], [ 26.978843547450197, 37.70085214526739 ], [ 26.978843316903205, 37.701663347483951 ], [ 26.979183638862533, 37.701663408053967 ], [ 26.979183563247688, 37.701933808768558 ], [ 26.979864209641779, 37.701933926963072 ], [ 26.979864136498378, 37.702204327666372 ], [ 26.980204460933123, 37.702204385290855 ], [ 26.980204389024987, 37.702474785982275 ], [ 26.98054471469694, 37.70247484262508 ], [ 26.980544573350315, 37.703015643971725 ], [ 26.980884901495745, 37.703015699633347 ], [ 26.98088483205731, 37.703286100288572 ], [ 26.981225161439959, 37.70328615496846 ], [ 26.981224956828058, 37.704097356861105 ], [ 26.981565289920596, 37.704097410560287 ], [ 26.98156502203749, 37.705179012911834 ], [ 26.98190536007646, 37.705179065630759 ], [ 26.981905228602397, 37.70571986673297 ], [ 26.982245569115115, 37.70571991847055 ], [ 26.982245504613221, 37.705990319003512 ], [ 26.982926188114135, 37.705990419532583 ], [ 26.982926064053697, 37.70653122056315 ], [ 26.983266408278372, 37.706531269355075 ], [ 26.983266347483415, 37.706801669852176 ], [ 26.983947038408203, 37.706801764489782 ], [ 26.983946980085481, 37.707072164975372 ], [ 26.984627673486436, 37.707072255684274 ], [ 26.984968020188042, 37.707072299565127 ], [ 26.985308366890376, 37.707072342463562 ], [ 26.988371487241526, 37.707072684341178 ], [ 26.988371529489434, 37.706802283850543 ], [ 26.990073256855776, 37.70680243939681 ], [ 26.990073292920581, 37.706532038892249 ], [ 26.990753981397592, 37.706532094233431 ], [ 26.990754048579827, 37.705991293185946 ], [ 26.990413706814056, 37.705991266007082 ], [ 26.990413741640953, 37.705720865464933 ], [ 26.989392720055871, 37.705720778034951 ], [ 26.989392835661604, 37.704909576336505 ], [ 26.98871216202598, 37.704909513139881 ], [ 26.988712203032978, 37.704639112549494 ], [ 26.988031531872331, 37.704639045424202 ], [ 26.988031575351528, 37.704368644822026 ], [ 26.988712244039426, 37.704368711946657 ], [ 26.988712326050681, 37.703827910703694 ], [ 26.988371994179154, 37.703827877633174 ], [ 26.988372078660849, 37.70328707634112 ], [ 26.989393066859165, 37.703287172603943 ] ] ] ] } },
{ "type": "Feature", "properties": { "FX_CODE": 330, "PATH": 180, "ROW": 34, "DATE": 20141224, "ID": 0.0, "Pres_Topo": 1.0 }, "geometry": { "type": "MultiPolygon", "coordinates": [ [ [ [ 27.045890075735624, 37.707064327662046 ], [ 27.045209382595573, 37.707064590619531 ], [ 27.04520971110524, 37.707605391406588 ], [ 27.040785173336449, 37.707607004876934 ], [ 27.040785025155735, 37.707336604473987 ], [ 27.040444677318821, 37.70733672170897 ], [ 27.040444383436398, 37.706795920863506 ], [ 27.040104038070584, 37.706796037113826 ], [ 27.040103600971154, 37.705984835749 ], [ 27.039763259312856, 37.705984951013562 ], [ 27.0397631148534, 37.70571455053264 ], [ 27.039422774429628, 37.70571466481374 ], [ 27.039422344772117, 37.704903463293029 ], [ 27.039082008055701, 37.704903576588478 ], [ 27.039081866076753, 37.704633176055623 ], [ 27.038741530594827, 37.704633288367646 ], [ 27.03874124911535, 37.70409248726245 ], [ 27.038400916104276, 37.704092598589995 ], [ 27.038401055606716, 37.7043629991499 ], [ 27.038060721357418, 37.7043631094962 ], [ 27.038061136166753, 37.705174311104514 ], [ 27.038401474125223, 37.705174200754989 ], [ 27.03840161363512, 37.705444601265164 ], [ 27.038741952828151, 37.705444489932205 ], [ 27.038742234326442, 37.705985290913091 ], [ 27.038401892660517, 37.705985402248196 ], [ 27.038402171693374, 37.706526203181497 ], [ 27.038742515832261, 37.706526091844232 ], [ 27.038742656587996, 37.706796492291154 ], [ 27.03942334733312, 37.706796266667283 ], [ 27.039423633796353, 37.707337067519468 ], [ 27.040104329479938, 37.707336837961556 ], [ 27.040104475187544, 37.707607238366762 ], [ 27.040444824262977, 37.70760712211306 ], [ 27.040444971209098, 37.707877522504717 ], [ 27.041125671827203, 37.707877287047758 ], [ 27.041125821248468, 37.708147687424677 ], [ 27.042146875870362, 37.708147326867483 ], [ 27.042147029003441, 37.708417727228515 ], [ 27.042487381776606, 37.708417605076704 ], [ 27.04248753614835, 37.708688005424094 ], [ 27.042827890156072, 37.708687882288643 ], [ 27.042828201379052, 37.709228682943746 ], [ 27.044189627282137, 37.709228180567571 ], [ 27.044189466722987, 37.708957780251104 ], [ 27.044870177188404, 37.708957523170611 ], [ 27.045210532417855, 37.708957393156659 ], [ 27.04521036815094, 37.708686992831517 ], [ 27.045550722141552, 37.708686861836362 ], [ 27.045550556640208, 37.70841646150005 ], [ 27.045890909391993, 37.708416329523715 ], [ 27.045890075735624, 37.707064327662046 ] ] ] ] } },
{ "type": "Feature", "properties": { "FX_CODE": 330, "PATH": 180, "ROW": 34, "DATE": 20141224, "ID": 0.0, "Pres_Topo": 1.0 }, "geometry": { "type": "MultiPolygon", "coordinates": [ [ [ [ 26.959451447339294, 37.689760629831405 ], [ 26.95945159456566, 37.689490228607184 ], [ 26.958771062047383, 37.68948999265082 ], [ 26.958771211742672, 37.689219591416474 ], [ 26.958090681703297, 37.689219351535293 ], [ 26.958090833867452, 37.688948950290822 ], [ 26.957070042529985, 37.688948583109294 ], [ 26.957070198398352, 37.688678181855941 ], [ 26.956389673321262, 37.688677932161823 ], [ 26.956389831658338, 37.688407530898481 ], [ 26.955709309060513, 37.688407277279808 ], [ 26.955709469866243, 37.688136876006467 ], [ 26.955028949747781, 37.688136618463282 ], [ 26.955029276294209, 37.687595815884343 ], [ 26.954689018708962, 37.687595685642663 ], [ 26.954689183214235, 37.687325284335806 ], [ 26.953668414177741, 37.687324887724301 ], [ 26.953668582386765, 37.687054486408854 ], [ 26.95332832728106, 37.687054352242896 ], [ 26.953328666162935, 37.686513549577327 ], [ 26.952988413530079, 37.686513414432277 ], [ 26.952988242854993, 37.686783815769971 ], [ 26.951627227405414, 37.686783265367666 ], [ 26.951627051786847, 37.687053666687603 ], [ 26.95128679669498, 37.687053526631431 ], [ 26.951286619838754, 37.687323927937577 ], [ 26.950265850871467, 37.687323501874744 ], [ 26.950265670306873, 37.68759390316432 ], [ 26.949244897655319, 37.687593468261888 ], [ 26.94924526619403, 37.687052665678735 ], [ 26.94822450097659, 37.687052221949408 ], [ 26.94822431300252, 37.687322623242906 ], [ 26.945502262651956, 37.687321396758016 ], [ 26.945501866930844, 37.687862199283913 ], [ 26.944481090680537, 37.687861723144636 ], [ 26.94380057319378, 37.687861400809794 ], [ 26.943800369152434, 37.688131802046364 ], [ 26.944140629129823, 37.688131963706212 ], [ 26.944480889109919, 37.688132124384317 ], [ 26.944480485960597, 37.68867292682642 ], [ 26.945161010870418, 37.688673245243606 ], [ 26.94516120997563, 37.688402844025688 ], [ 26.945841732425308, 37.688403158512791 ], [ 26.945840945871858, 37.689484763322064 ], [ 26.946181212042337, 37.689484919099037 ], [ 26.946180821220782, 37.690025721432107 ], [ 26.946861358511448, 37.690026030046667 ], [ 26.946860972621462, 37.690566832336003 ], [ 26.947881785989797, 37.690567287903136 ], [ 26.948222057117658, 37.690567437795195 ], [ 26.948222245121887, 37.690297036650861 ], [ 26.94856251501675, 37.690297185559672 ], [ 26.948562701782969, 37.690026784401468 ], [ 26.948902970444831, 37.690026932327008 ], [ 26.948903155973074, 37.689756531154956 ], [ 26.949243423401935, 37.689756678097275 ], [ 26.949243607692232, 37.68948627691136 ], [ 26.949924140086399, 37.68948656784778 ], [ 26.949924503717845, 37.688945765433019 ], [ 26.950605031179983, 37.688946052436727 ], [ 26.950605210521232, 37.688675651207909 ], [ 26.951285735522131, 37.688675934281804 ], [ 26.951285912390187, 37.688405533037823 ], [ 26.951626173658791, 37.688405673100768 ], [ 26.9516263492891, 37.688135271843002 ], [ 26.951966609324675, 37.688135410922854 ], [ 26.95196695810753, 37.687594608367313 ], [ 26.952307215674718, 37.687594746462764 ], [ 26.952307388827318, 37.687324345165003 ], [ 26.953328157836722, 37.687324753557043 ], [ 26.953327818941251, 37.68786555614804 ], [ 26.952987560131817, 37.687865420996445 ], [ 26.952987048065474, 37.688676624785764 ], [ 26.953667573098901, 37.688676894115055 ], [ 26.953667236651622, 37.689217696584343 ], [ 26.955028296628722, 37.689218223472011 ], [ 26.9550281333435, 37.689488624693112 ], [ 26.957069730787001, 37.689489385578675 ], [ 26.95809052953711, 37.689489752767329 ], [ 26.958090377368887, 37.689760153986946 ], [ 26.958430644858478, 37.689760274420749 ], [ 26.959451447339294, 37.689760629831405 ] ] ] ] } },
{ "type": "Feature", "properties": { "FX_CODE": 330, "PATH": 180, "ROW": 34, "DATE": 20141224, "ID": 0.0, "Pres_Topo": 1.0 }, "geometry": { "type": "MultiPolygon", "coordinates": [ [ [ [ 26.797278261641306, 37.640380196816729 ], [ 26.797273852960519, 37.642002607743365 ], [ 26.797953947975746, 37.642003774407129 ], [ 26.797954680315389, 37.641733372605813 ], [ 26.798294726605171, 37.641733954461898 ], [ 26.798296919867905, 37.640922748966354 ], [ 26.798636962469995, 37.640923329825462 ], [ 26.798637692305569, 37.64065292796311 ], [ 26.798977733684961, 37.640653507836532 ], [ 26.798978462278338, 37.640383105956118 ], [ 26.801018703364011, 37.640386564582037 ], [ 26.801017982165273, 37.640656966495989 ], [ 26.801698065069349, 37.640658111542059 ], [ 26.801698783803204, 37.640387709617009 ], [ 26.802378864280833, 37.640388850731817 ], [ 26.802379580540233, 37.640118448783255 ], [ 26.802719619560989, 37.640119017865061 ], [ 26.802721049586264, 37.639578213919599 ], [ 26.803061086151782, 37.639578782010368 ], [ 26.803061799917707, 37.639308380013468 ], [ 26.803741870612598, 37.639309513243973 ], [ 26.803741159311425, 37.639579915251865 ], [ 26.804081195905518, 37.639580480402593 ], [ 26.804080485827232, 37.639850882403529 ], [ 26.806120712984914, 37.63985425276028 ], [ 26.806122118343385, 37.639313448680603 ], [ 26.806462153771204, 37.639314006965819 ], [ 26.806462855203986, 37.639043604901921 ], [ 26.808163026321598, 37.639046381600984 ], [ 26.808162331050617, 37.639316783691811 ], [ 26.808502366534448, 37.639317336097001 ], [ 26.808503060573067, 37.63904693400081 ], [ 26.809183129103829, 37.639048035860469 ], [ 26.80918382066848, 37.638777633741157 ], [ 26.80952385371539, 37.638778183195662 ], [ 26.809525234352321, 37.638237378909082 ], [ 26.810885356773518, 37.638239566884806 ], [ 26.810886727515232, 37.637698762506034 ], [ 26.809186586834642, 37.637696025139554 ], [ 26.809185895306967, 37.637966427308605 ], [ 26.808505836634769, 37.637965325491685 ], [ 26.808505142633258, 37.638235727637621 ], [ 26.804424776596449, 37.638229034354744 ], [ 26.804424067797935, 37.638499436423331 ], [ 26.802383877895554, 37.638496036830716 ], [ 26.802383161693601, 37.638766438853885 ], [ 26.801703096004577, 37.638765297805485 ], [ 26.801702377328365, 37.639035699805156 ], [ 26.801022309213081, 37.639034554825713 ], [ 26.80102158806255, 37.639304956801844 ], [ 26.8000014822649, 37.639303231965989 ], [ 26.800000757407599, 37.63957363391296 ], [ 26.799660720928699, 37.639573057002075 ], [ 26.799659994829323, 37.639843458931018 ], [ 26.798979919435876, 37.63984230215798 ], [ 26.798979190861978, 37.640112704063263 ], [ 26.798299113042678, 37.640111543358884 ], [ 26.79829838199419, 37.640381945240485 ], [ 26.797278261641306, 37.640380196816729 ] ] ] ] } },
{ "type": "Feature", "properties": { "FX_CODE": 330, "PATH": 180, "ROW": 34, "DATE": 20141224, "ID": 0.0, "Pres_Topo": 1.0 }, "geometry": { "type": "MultiPolygon", "coordinates": [ [ [ [ 26.85883385086375, 37.63614345224962 ], [ 26.846933088888875, 37.636128613143519 ], [ 26.846933643580911, 37.635858210353994 ], [ 26.847613684419983, 37.635859090631108 ], [ 26.847614236640279, 37.635588687820622 ], [ 26.846934198265533, 37.635587807552049 ], [ 26.84693475294274, 37.635317404737684 ], [ 26.846254717061935, 37.635316520558163 ], [ 26.846254159920441, 37.635586923363959 ], [ 26.845574121605146, 37.635586035256345 ], [ 26.845574681210927, 37.635315632459161 ], [ 26.844214609598808, 37.635313844502704 ], [ 26.844215174125615, 37.635043441710422 ], [ 26.841495041121675, 37.635039818798845 ], [ 26.84149446673786, 37.63531022155599 ], [ 26.841154448914622, 37.635309764278226 ], [ 26.841153873290985, 37.63558016701851 ], [ 26.840813854243301, 37.635579708756445 ], [ 26.840813277379809, 37.63585011147984 ], [ 26.840133236843272, 37.635849192007143 ], [ 26.84013265750772, 37.636119594709193 ], [ 26.831292101363207, 37.636107284765338 ], [ 26.831290878594576, 37.636648089893377 ], [ 26.831630902348834, 37.636648575610899 ], [ 26.831630292184482, 37.636918978160978 ], [ 26.830950242219693, 37.63691800573659 ], [ 26.830949016937531, 37.637458810780579 ], [ 26.830608989502924, 37.637458323089035 ], [ 26.830607761723446, 37.637999128073837 ], [ 26.829927701949753, 37.637998149731963 ], [ 26.829927085583094, 37.63826855219623 ], [ 26.82686680592051, 37.638264101106429 ], [ 26.82686617845474, 37.638534503515096 ], [ 26.827546243008324, 37.638535499515633 ], [ 26.827545617998844, 37.638805901921529 ], [ 26.827885651520511, 37.638806398456623 ], [ 26.827886275297661, 37.638535996045924 ], [ 26.828566339901329, 37.638536986166571 ], [ 26.829246404538221, 37.638537972367281 ], [ 26.829245785690411, 37.638808374797151 ], [ 26.829925852825067, 37.63880935708746 ], [ 26.829925236433688, 37.639079759514431 ], [ 26.830945340894484, 37.639081225614177 ], [ 26.831625410575995, 37.639082198114011 ], [ 26.831627241240355, 37.63827099072487 ], [ 26.831967272396348, 37.638271475490669 ], [ 26.831969099290433, 37.63746026797552 ], [ 26.832649154233096, 37.63746123453911 ], [ 26.832648547741083, 37.637731637065968 ], [ 26.833668633912655, 37.637733079575732 ], [ 26.833669839494991, 37.637192274481606 ], [ 26.835029944645054, 37.637194184071568 ], [ 26.835030542495183, 37.63692378148734 ], [ 26.839110843921524, 37.636929416128744 ], [ 26.839111426976981, 37.636659013477448 ], [ 26.841831618695391, 37.636662691475244 ], [ 26.841832191885395, 37.636392288775838 ], [ 26.842172214652642, 37.636392744111511 ], [ 26.842172786602788, 37.636122341395257 ], [ 26.841832765067732, 37.636121886063989 ], [ 26.841833338242409, 37.635851483339714 ], [ 26.842173358545288, 37.635851938666569 ], [ 26.842173930480143, 37.635581535925446 ], [ 26.842513949558512, 37.635581990267994 ], [ 26.842513378855813, 37.635852393013522 ], [ 26.845233541613286, 37.63585599251315 ], [ 26.845232419899951, 37.636396798036735 ], [ 26.845572442742917, 37.63639724357332 ], [ 26.845571883107212, 37.636667646320781 ], [ 26.846251931279987, 37.636668534462856 ], [ 26.849652172588133, 37.636672916378068 ], [ 26.84965162773166, 37.636943319164196 ], [ 26.849991653135035, 37.636943751970364 ], [ 26.849992196759278, 37.636673349180029 ], [ 26.850672245123352, 37.636674211844202 ], [ 26.850671703963567, 37.636944614642886 ], [ 26.85169178026058, 37.636945901302227 ], [ 26.851692317723685, 37.636675498491059 ], [ 26.854412511639492, 37.636678886432868 ], [ 26.854411984034211, 37.636949289276906 ], [ 26.854752009537826, 37.63694970836405 ], [ 26.854751483157742, 37.637220111199724 ], [ 26.855091509900635, 37.637220529311001 ], [ 26.855090984745772, 37.637490932138292 ], [ 26.855431012727955, 37.637491349273674 ], [ 26.855429964861738, 37.638032154899058 ], [ 26.855769995315498, 37.63803257106256 ], [ 26.85577051801981, 37.637762168252046 ], [ 26.856450576483681, 37.637762997631107 ], [ 26.856451096716448, 37.637492594800122 ], [ 26.856791124726549, 37.637493008015703 ], [ 26.856791643720101, 37.637222605168283 ], [ 26.857131670504874, 37.637223017399918 ], [ 26.857132188259243, 37.636952614536064 ], [ 26.858492290538397, 37.636954253647318 ], [ 26.858493316168602, 37.636413447850529 ], [ 26.858833339291127, 37.636413855170609 ], [ 26.85883385086375, 37.63614345224962 ] ] ] ] } },
{ "type": "Feature", "properties": { "FX_CODE": 330, "PATH": 180, "ROW": 34, "DATE": 20141224, "ID": 0.0, "Pres_Topo": 1.0 }, "geometry": { "type": "MultiPolygon", "coordinates": [ [ [ [ 27.017641048136863, 37.705990336031242 ], [ 27.017640919958239, 37.705449534952571 ], [ 27.01661990212348, 37.705449683287377 ], [ 27.016620022883401, 37.705990484368925 ], [ 27.017641048136863, 37.705990336031242 ] ] ] ] } },
{ "type": "Feature", "properties": { "FX_CODE": 330, "PATH": 180, "ROW": 34, "DATE": 20141224, "ID": 0.0, "Pres_Topo": 1.0 }, "geometry": { "type": "MultiPolygon", "coordinates": [ [ [ [ 27.015954654061634, 37.777375884736692 ], [ 27.014251310262928, 37.777376103052809 ], [ 27.014251362171713, 37.777646500294772 ], [ 27.012888682156763, 37.777646657221261 ], [ 27.012888776049437, 37.778187451670917 ], [ 27.012548103562345, 37.778187488441006 ], [ 27.012548149268721, 37.778457885647533 ], [ 27.011185454350819, 37.77845802288013 ], [ 27.011185413608029, 37.778187625672281 ], [ 27.010504068627537, 37.778187688378431 ], [ 27.010504106888533, 37.778458085586891 ], [ 27.0098227594242, 37.778458144353955 ], [ 27.009822795203881, 37.778728541550542 ], [ 27.007097395401424, 37.778728737223794 ], [ 27.007097369549051, 37.778458340025317 ], [ 27.00607534833971, 37.778458397150843 ], [ 27.00607537046934, 37.778728794349874 ], [ 27.006416045447018, 37.77872877629278 ], [ 27.006416115560526, 37.779539967814713 ], [ 27.007438151660143, 37.779539907732087 ], [ 27.007438178754875, 37.779810304880606 ], [ 27.008119538634798, 37.77981025990028 ], [ 27.008119509058105, 37.779539862752209 ], [ 27.008460187756498, 37.779539838784821 ], [ 27.008460156939236, 37.779269441624528 ], [ 27.009141511852846, 37.779269390735358 ], [ 27.009141478554103, 37.778998993563135 ], [ 27.009822830984042, 37.778998938734681 ], [ 27.009822866764676, 37.779269335906399 ], [ 27.010504221674594, 37.779269277137615 ], [ 27.01050425993764, 37.779539674296316 ], [ 27.0108449386328, 37.779539643434205 ], [ 27.010844859625312, 37.778998849104958 ], [ 27.011866888261835, 37.778998750610768 ], [ 27.011866845036092, 37.778728353428441 ], [ 27.013910894847491, 37.778728129848766 ], [ 27.013910844176845, 37.778457732656172 ], [ 27.014251517902224, 37.778457691946024 ], [ 27.014251465991361, 37.778187294741379 ], [ 27.014932810958221, 37.778187210367136 ], [ 27.014932756566289, 37.777916813150874 ], [ 27.015614099048481, 37.77791672483783 ], [ 27.01561404217555, 37.777646327609972 ], [ 27.015954712174647, 37.777646281976537 ], [ 27.015954654061634, 37.777375884736692 ] ] ] ] } },
{ "type": "Feature", "properties": { "FX_CODE": 330, "PATH": 180, "ROW": 34, "DATE": 20141224, "ID": 0.0, "Pres_Topo": 1.0 }, "geometry": { "type": "MultiPolygon", "coordinates": [ [ [ [ 27.002327920260594, 37.777917736334089 ], [ 27.000283892714812, 37.777917758986888 ], [ 27.000283891680759, 37.777647361749004 ], [ 26.999943221663848, 37.777647362077303 ], [ 26.999943221250224, 37.778188156540608 ], [ 26.999261876252937, 37.778188154242471 ], [ 26.999261873564325, 37.778458551455444 ], [ 26.998580526085387, 37.778458545217596 ], [ 26.998580520914913, 37.778728942418063 ], [ 26.997899170954422, 37.778728932240426 ], [ 26.997558495974324, 37.778728925674208 ], [ 26.99755848708099, 37.778999322862084 ], [ 26.997217810860079, 37.778999315310855 ], [ 26.997217800725679, 37.779269712486204 ], [ 26.996877123263957, 37.779269703949971 ], [ 26.996877111888459, 37.779540101112794 ], [ 26.996195754483555, 37.779540081085244 ], [ 26.996195740625947, 37.77981047823544 ], [ 26.995855060682786, 37.779810466744117 ], [ 26.995855045583994, 37.780080863881757 ], [ 26.995514364400037, 37.780080851405344 ], [ 26.995514299038685, 37.781162439831029 ], [ 26.995854985186796, 37.781162452307925 ], [ 26.995854970086992, 37.781432849383371 ], [ 26.996195657476381, 37.781432860875356 ], [ 26.996195712910165, 37.780351272498521 ], [ 26.996536395335518, 37.780351283005068 ], [ 26.99653640795249, 37.780080885879649 ], [ 26.997217770321665, 37.780080903937623 ], [ 26.99721778045647, 37.779810506799599 ], [ 26.997899140344192, 37.779810520917501 ], [ 26.997899147996907, 37.779540123766893 ], [ 26.998239826699947, 37.779540129348341 ], [ 26.99823983311159, 37.779269732185249 ], [ 26.99892118803599, 37.779269740393161 ], [ 26.998921191965657, 37.778999343217542 ], [ 26.999261868186995, 37.778999345844056 ], [ 26.999261870875682, 37.778728948655967 ], [ 27.000283895817056, 37.77872895062584 ], [ 27.00028389478296, 37.778458553425295 ], [ 27.002327937219409, 37.778458530772063 ], [ 27.002327945698987, 37.778728927972395 ], [ 27.003009295658902, 37.77872891254178 ], [ 27.003009273736239, 37.778188118128973 ], [ 27.002327928739945, 37.778188133559297 ], [ 27.002327920260594, 37.777917736334089 ] ] ] ] } },
{ "type": "Feature", "properties": { "FX_CODE": 330, "PATH": 180, "ROW": 34, "DATE": 20141224, "ID": 0.0, "Pres_Topo": 1.0 }, "geometry": { "type": "MultiPolygon", "coordinates": [ [ [ [ 26.992788836132256, 37.780891907468728 ], [ 26.991426096516609, 37.780891816191243 ], [ 26.991426065283186, 37.781162213276822 ], [ 26.991085379139214, 37.781162187994681 ], [ 26.991085346664292, 37.781432585067549 ], [ 26.991085314188936, 37.781702982127996 ], [ 26.992788757323687, 37.781703098690755 ], [ 26.992788731053466, 37.781973495739869 ], [ 26.993129420922649, 37.781973516097516 ], [ 26.993129395893202, 37.782243913134408 ], [ 26.99347008700385, 37.782243932507185 ], [ 26.993470063215216, 37.7825143295318 ], [ 26.993810755567328, 37.782514347919708 ], [ 26.99381073301954, 37.782784744932073 ], [ 26.994151426613112, 37.782784762335069 ], [ 26.994151469226086, 37.782243968297578 ], [ 26.993810778114817, 37.782243950894902 ], [ 26.993810800662004, 37.781973553857654 ], [ 26.993470110792167, 37.781973535470115 ], [ 26.993470158367845, 37.781432741358643 ], [ 26.993129470980538, 37.781432721986434 ], [ 26.993129496008979, 37.781162324912216 ], [ 26.992788809863082, 37.781162304555174 ], [ 26.992788836132256, 37.780891907468728 ] ] ] ] } },
{ "type": "Feature", "properties": { "FX_CODE": 330, "PATH": 180, "ROW": 34, "DATE": 20141224, "ID": 0.0, "Pres_Topo": 1.0 }, "geometry": { "type": "MultiPolygon", "coordinates": [ [ [ [ 26.996535524356979, 37.799008654613409 ], [ 26.996194756261605, 37.799008644099828 ], [ 26.996194784002974, 37.798467851553696 ], [ 26.995854018392087, 37.798467840054677 ], [ 26.995854124175569, 37.796575065752009 ], [ 26.995513367259417, 37.796575053268214 ], [ 26.995513334552506, 37.797115845988102 ], [ 26.994491056353219, 37.797115802622514 ], [ 26.994491036273256, 37.797386198963373 ], [ 26.993468754350207, 37.797386146727057 ], [ 26.993468778156348, 37.797115750386702 ], [ 26.993128018758004, 37.797115731003608 ], [ 26.992787259359996, 37.79711571063492 ], [ 26.992787206779127, 37.797656503302413 ], [ 26.993809492426546, 37.79765656145284 ], [ 26.993809424731587, 37.798467750362441 ], [ 26.994490955950724, 37.798467784202373 ], [ 26.994490915787846, 37.799008576747205 ], [ 26.994150147693833, 37.799008560319741 ], [ 26.994150126369817, 37.799278956573346 ], [ 26.995172434379171, 37.799279002899254 ], [ 26.995172399183485, 37.79981979537002 ], [ 26.998580117404789, 37.799819885723721 ], [ 26.998580122580663, 37.799549489493685 ], [ 26.997898581419733, 37.799549479308453 ], [ 26.996535499099238, 37.799549447109996 ], [ 26.996535511728194, 37.799279050867924 ], [ 26.996535524356979, 37.799008654613409 ] ] ] ] } },
{ "type": "Feature", "properties": { "FX_CODE": 330, "PATH": 180, "ROW": 34, "DATE": 20141224, "ID": 0.0, "Pres_Topo": 1.0 }, "geometry": { "type": "MultiPolygon", "coordinates": [ [ [ [ 26.815221740572323, 37.809138838692441 ], [ 26.81488092770919, 37.809138303621133 ], [ 26.812154425130597, 37.809133987555079 ], [ 26.810791174060647, 37.809131805858343 ], [ 26.810790484102217, 37.809402200169252 ], [ 26.811131298098676, 37.809402747077712 ], [ 26.811130609373802, 37.809673141381467 ], [ 26.814538762270157, 37.809678556288659 ], [ 26.814539438567149, 37.809408161932474 ], [ 26.815221066769919, 37.809409233071449 ], [ 26.815221740572323, 37.809138838692441 ] ] ] ] } },
{ "type": "Feature", "properties": { "FX_CODE": 330, "PATH": 180, "ROW": 34, "DATE": 20141224, "ID": 0.0, "Pres_Topo": 1.0 }, "geometry": { "type": "MultiPolygon", "coordinates": [ [ [ [ 27.069378267974905, 37.711649652397739 ], [ 27.068697533172205, 37.711650050992752 ], [ 27.068697283543987, 37.711379650901883 ], [ 27.068016551201541, 37.711380045562798 ], [ 27.068016304050229, 37.711109645455686 ], [ 27.067675939110824, 37.711109841310417 ], [ 27.067675693199586, 37.710839441188952 ], [ 27.06699496578446, 37.710839829947012 ], [ 27.066994478918819, 37.710299029659254 ], [ 27.06597339519222, 37.710299605416139 ], [ 27.065973155474435, 37.710029205248034 ], [ 27.065292435447418, 37.710029584169696 ], [ 27.065292198206244, 37.709759183985476 ], [ 27.06461148063994, 37.709759558973467 ], [ 27.064611245875309, 37.709489158773188 ], [ 27.064270888324128, 37.709489344791628 ], [ 27.064270654799301, 37.70921894457711 ], [ 27.063930298481665, 37.70921912961127 ], [ 27.063930066196615, 37.70894872938252 ], [ 27.063589711112527, 37.708948913432415 ], [ 27.063589480067215, 37.708678513189454 ], [ 27.063249126216675, 37.708678696255099 ], [ 27.063248896411075, 37.708408295997934 ], [ 27.059845370105567, 37.708410072601843 ], [ 27.059845587544974, 37.708680472876232 ], [ 27.059164879775214, 37.708680816410919 ], [ 27.059165094744255, 37.708951216676198 ], [ 27.058484384489724, 37.708951556284326 ], [ 27.058484596988333, 37.709221956540482 ], [ 27.059165309716168, 37.709221616929057 ], [ 27.060186378786319, 37.709221100143317 ], [ 27.060186160104447, 37.708950699895468 ], [ 27.060526515218683, 37.708950525670289 ], [ 27.060526295303102, 37.708680125411696 ], [ 27.061207003049468, 37.70867977401732 ], [ 27.062228064646675, 37.708679239557284 ], [ 27.062568418506388, 37.708679059439021 ], [ 27.062568645841786, 37.708949459687283 ], [ 27.062909000935097, 37.70894927858479 ], [ 27.062909229510186, 37.709219678818862 ], [ 27.063249585837092, 37.709219496732153 ], [ 27.063249815651911, 37.709489896952029 ], [ 27.063590173212411, 37.709489713881041 ], [ 27.063590635324655, 37.710030514279943 ], [ 27.063930995355456, 37.710030330222921 ], [ 27.063931227652926, 37.710300730401926 ], [ 27.064271588917336, 37.710300545360589 ], [ 27.064611950178627, 37.710300359336735 ], [ 27.064612184952676, 37.710570759499717 ], [ 27.065633272427842, 37.710570195527588 ], [ 27.06597363491321, 37.710570005571817 ], [ 27.065973874637404, 37.710840405715054 ], [ 27.065974114364806, 37.711110805845863 ], [ 27.066314479320489, 37.711110614903866 ], [ 27.06733557416813, 37.711110036182596 ], [ 27.067335818845876, 37.711380436293503 ], [ 27.067676185025352, 37.711380241419434 ], [ 27.067676430943166, 37.71165064151603 ], [ 27.068016798356155, 37.711650445657511 ], [ 27.0680172926753, 37.712191245809592 ], [ 27.067676922788664, 37.712191441671912 ], [ 27.067336552898734, 37.712191636551651 ], [ 27.067337042283665, 37.712732436661568 ], [ 27.067337776385603, 37.713543636733199 ], [ 27.066997400307983, 37.713543830639736 ], [ 27.066316648142998, 37.713544215504953 ], [ 27.066316889139387, 37.713814615509563 ], [ 27.065976511815116, 37.713814806470069 ], [ 27.065976751577782, 37.714085206464091 ], [ 27.06597699134365, 37.714355606445686 ], [ 27.06563661154226, 37.714355796427235 ], [ 27.06563708860963, 37.714896596356802 ], [ 27.066317853157173, 37.714896215403677 ], [ 27.066318094169674, 37.715166615346121 ], [ 27.066658477675634, 37.715166423393676 ], [ 27.066658719928391, 37.715436823321824 ], [ 27.066999104668145, 37.715436630384815 ], [ 27.06699934816119, 37.71570703029866 ], [ 27.069382049906711, 37.715705652210687 ], [ 27.069378267974905, 37.711649652397739 ] ] ] ] } },
{ "type": "Feature", "properties": { "FX_CODE": 330, "PATH": 180, "ROW": 34, "DATE": 20141224, "ID": 0.0, "Pres_Topo": 1.0 }, "geometry": { "type": "MultiPolygon", "coordinates": [ [ [ [ 27.039783936915839, 37.744652091764046 ], [ 27.039102899626236, 37.744652319661668 ], [ 27.039102757367935, 37.74438192095672 ], [ 27.038421722548371, 37.74438214491726 ], [ 27.038421862329027, 37.744652543624376 ], [ 27.038081343677611, 37.744652654130128 ], [ 27.038081620766832, 37.745193451509188 ], [ 27.03774109963587, 37.745193561033339 ], [ 27.037741236944388, 37.74546395970529 ], [ 27.038762804048329, 37.745463628178371 ], [ 27.038762663023192, 37.745193229509646 ], [ 27.039103184148551, 37.745193117034248 ], [ 27.039103041886442, 37.744922718354168 ], [ 27.039784081653721, 37.744922490454343 ], [ 27.039783936915839, 37.744652091764046 ] ] ] ] } },
{ "type": "Feature", "properties": { "FX_CODE": 330, "PATH": 180, "ROW": 34, "DATE": 20141224, "ID": 0.0, "Pres_Topo": 1.0 }, "geometry": { "type": "MultiPolygon", "coordinates": [ [ [ [ 26.960427954241432, 37.773043962814967 ], [ 26.959406007811722, 37.773043615204621 ], [ 26.959405859975771, 37.773314012586248 ], [ 26.958383909842119, 37.773313656109877 ], [ 26.958383758282402, 37.773584053475602 ], [ 26.958043107001284, 37.773583932679507 ], [ 26.958042801394523, 37.774124727371316 ], [ 26.957702147634212, 37.774124605588092 ], [ 26.957701993587118, 37.774395002914147 ], [ 26.957361338588218, 37.774394880144975 ], [ 26.957361183298399, 37.774665277457416 ], [ 26.957020527060912, 37.774665153702252 ], [ 26.957020057456919, 37.775476345561309 ], [ 26.957360717416496, 37.775476469320068 ], [ 26.95770137737815, 37.775476592093995 ], [ 26.957701685486754, 37.774935797528954 ], [ 26.958042342969062, 37.774935919315716 ], [ 26.958042495779591, 37.774665522013358 ], [ 26.958383152023259, 37.774665642814142 ], [ 26.958383455156888, 37.774124848169755 ], [ 26.959064762687667, 37.774125086812354 ], [ 26.959064911770181, 37.773854689469182 ], [ 26.959405564297942, 37.77385480731219 ], [ 26.959405712137848, 37.773584409955433 ], [ 26.960087014718059, 37.773584642684895 ], [ 26.960087160074792, 37.773314245313472 ], [ 26.960427810127225, 37.773314360199961 ], [ 26.960427954241432, 37.773043962814967 ] ] ] ] } },
{ "type": "Feature", "properties": { "FX_CODE": 330, "PATH": 180, "ROW": 34, "DATE": 20141224, "ID": 0.0, "Pres_Topo": 1.0 }, "geometry": { "type": "MultiPolygon", "coordinates": [ [ [ [ 26.955656933127919, 37.776287032410572 ], [ 26.955657094634009, 37.77601663517887 ], [ 26.954635107349297, 37.776016246168382 ], [ 26.954634942120922, 37.776286643396318 ], [ 26.953953614793942, 37.776286379129246 ], [ 26.953953447081798, 37.77655677634219 ], [ 26.953612782180883, 37.776556642730093 ], [ 26.953612613225705, 37.776827039929287 ], [ 26.953271947086254, 37.776826905331042 ], [ 26.953271776887998, 37.777097302516481 ], [ 26.952931109510018, 37.777097166932059 ], [ 26.952930766625006, 37.777637961263018 ], [ 26.95259009676764, 37.77763782469107 ], [ 26.952589578700294, 37.778449016090235 ], [ 26.952248905122602, 37.778448878529403 ], [ 26.952248731187957, 37.778719275636242 ], [ 26.951226706746176, 37.778718857040133 ], [ 26.951226529086419, 37.778989254130472 ], [ 26.95020450094324, 37.778988826665866 ], [ 26.950204319558271, 37.779259223739629 ], [ 26.949863642274426, 37.779259079280138 ], [ 26.949863459646075, 37.779529476340059 ], [ 26.949522781123715, 37.779529330894214 ], [ 26.949522597251939, 37.779799727940294 ], [ 26.948500557976747, 37.779799285688718 ], [ 26.948499244743552, 37.781692064632907 ], [ 26.948158556302843, 37.781691915235641 ], [ 26.948158178588535, 37.782232709104839 ], [ 26.947817487668118, 37.782232558719635 ], [ 26.947817297566033, 37.782502955634115 ], [ 26.947476605407012, 37.782502804262386 ], [ 26.947475457293908, 37.784125185479155 ], [ 26.947134757690236, 37.784125033113511 ], [ 26.947133602037191, 37.785747413873551 ], [ 26.947474309088669, 37.785747566248055 ], [ 26.947473734951501, 37.786558756464522 ], [ 26.948495867293609, 37.786559207690068 ], [ 26.948495679633659, 37.786829604408375 ], [ 26.949177103690459, 37.786829900302237 ], [ 26.949176918510851, 37.78710029701098 ], [ 26.949517631784399, 37.787100443481492 ], [ 26.94951726390066, 37.787641236864474 ], [ 26.949857979659569, 37.787641382352589 ], [ 26.949857614248952, 37.788182175688618 ], [ 26.950198332493276, 37.788182320194281 ], [ 26.950198151025809, 37.788452716845022 ], [ 26.951220309497799, 37.788453144454579 ], [ 26.951220487240736, 37.788182747799695 ], [ 26.951561205494666, 37.78818288836429 ], [ 26.951561558490443, 37.787642095014455 ], [ 26.951220842719479, 37.787641954452575 ], [ 26.951221020455286, 37.787371557760352 ], [ 26.950880305928159, 37.787371416214597 ], [ 26.950880484903031, 37.787101019511312 ], [ 26.950539771619741, 37.787100876981697 ], [ 26.950540132045141, 37.786560083540543 ], [ 26.949517999658301, 37.786559650048737 ], [ 26.949518367522366, 37.786018856566223 ], [ 26.950199784145621, 37.786019146540347 ], [ 26.950199965591246, 37.785748749777618 ], [ 26.949518551450709, 37.7857484598063 ], [ 26.948837137320012, 37.785748165894269 ], [ 26.948836950908952, 37.786018562651343 ], [ 26.94815553430551, 37.786018264795707 ], [ 26.948155912090542, 37.785477471274881 ], [ 26.948837323728579, 37.785477769124746 ], [ 26.948837696538234, 37.784936975548391 ], [ 26.949178399878367, 37.784937122992716 ], [ 26.949178585038162, 37.784666726184433 ], [ 26.948156478749144, 37.784666280900339 ], [ 26.948156289865469, 37.784936677704295 ], [ 26.947815586532865, 37.784936527304517 ], [ 26.947815776657833, 37.784666130502004 ], [ 26.947816156900139, 37.784125336859688 ], [ 26.948156856508913, 37.784125487255096 ], [ 26.948157045385006, 37.783855090413809 ], [ 26.948497743755066, 37.78385523982265 ], [ 26.948838442127631, 37.783855388246366 ], [ 26.948838628518747, 37.783584991389752 ], [ 26.948838814907372, 37.783314594520697 ], [ 26.949179510799997, 37.783314741956453 ], [ 26.949179695944931, 37.783044345073549 ], [ 26.949520390598838, 37.78304449152278 ], [ 26.949520574500124, 37.782774094625999 ], [ 26.949179881087396, 37.782773948178182 ], [ 26.948839187677141, 37.782773800745275 ], [ 26.948839746813103, 37.781962609988831 ], [ 26.949180436499923, 37.781962757417446 ], [ 26.949180621632479, 37.781692360472327 ], [ 26.950202686984404, 37.781692796843672 ], [ 26.950202505575177, 37.781963193793018 ], [ 26.950543195271806, 37.781963337281447 ], [ 26.950543375439921, 37.781692940330714 ], [ 26.950543555605627, 37.781422543367526 ], [ 26.950884242822458, 37.781422685868151 ], [ 26.950884421744679, 37.781152288891157 ], [ 26.951225107722827, 37.781152430405378 ], [ 26.951225285401591, 37.780882033414564 ], [ 26.951565970141054, 37.780882173942409 ], [ 26.951566323009384, 37.780341379920735 ], [ 26.951907005269135, 37.780341519460876 ], [ 26.95190718045875, 37.780071122430023 ], [ 26.952247861479833, 37.780071260983831 ], [ 26.952248209370062, 37.779530466882115 ], [ 26.952588887911499, 37.77953060444829 ], [ 26.952589060612159, 37.77926020737744 ], [ 26.952929737914946, 37.779260343957326 ], [ 26.952929909372354, 37.778989946872706 ], [ 26.953270585436488, 37.778990082466336 ], [ 26.953271266279582, 37.777908493998211 ], [ 26.953271606687469, 37.777367699689499 ], [ 26.953612275308561, 37.777367834290359 ], [ 26.953952943931906, 37.777367967906336 ], [ 26.95395311165078, 37.777097570730739 ], [ 26.953953279367411, 37.776827173542678 ], [ 26.95429394551136, 37.776827306171199 ], [ 26.95429411198495, 37.776556908969425 ], [ 26.954634776890334, 37.77655704061182 ], [ 26.954975441797924, 37.776557171269339 ], [ 26.954975605787734, 37.776286774052586 ], [ 26.955656933127919, 37.776287032410572 ] ] ] ] } },
{ "type": "Feature", "properties": { "FX_CODE": 330, "PATH": 180, "ROW": 34, "DATE": 20141224, "ID": 0.0, "Pres_Topo": 1.0 }, "geometry": { "type": "MultiPolygon", "coordinates": [ [ [ [ 26.970997466028127, 37.748981616103286 ], [ 26.969975850476668, 37.748981360293591 ], [ 26.969975959723051, 37.748710961761844 ], [ 26.968273273362172, 37.748710515739042 ], [ 26.968273157920347, 37.748980914266461 ], [ 26.967932619413645, 37.748980822109388 ], [ 26.967932386047135, 37.749521619125169 ], [ 26.968272927032064, 37.749521711284018 ], [ 26.968272811585603, 37.749792109774148 ], [ 26.968613353811214, 37.749792200949983 ], [ 26.968613239602366, 37.750062599428546 ], [ 26.96929432653646, 37.750062778830234 ], [ 26.969294214804428, 37.750333177298096 ], [ 26.969294103070901, 37.75060357575353 ], [ 26.969634649018559, 37.750603663980193 ], [ 26.969634538522744, 37.750874062424039 ], [ 26.971337274478877, 37.750874488802424 ], [ 26.971337170177691, 37.751144887237963 ], [ 26.971677718612391, 37.751144969562588 ], [ 26.971677615549048, 37.751415367986489 ], [ 26.972699264579067, 37.751415609058952 ], [ 26.972699165232108, 37.751686007472749 ], [ 26.973039716150712, 37.751686085863057 ], [ 26.9730396180417, 37.751956484265179 ], [ 26.973380170200887, 37.751956561672259 ], [ 26.973380073329849, 37.752226960062686 ], [ 26.974061180130672, 37.752227111926345 ], [ 26.974061368914334, 37.751686315130108 ], [ 26.974061652080362, 37.750875119842455 ], [ 26.973721104875583, 37.750875044406285 ], [ 26.97372120050094, 37.750604645952926 ], [ 26.973380654536644, 37.750604569533529 ], [ 26.973380751399912, 37.750334171068474 ], [ 26.972699661953605, 37.750334015279385 ], [ 26.972699761293921, 37.750063616803402 ], [ 26.972018674331267, 37.750063457080138 ], [ 26.972018776148566, 37.749793058593269 ], [ 26.971678233908428, 37.749792977256547 ], [ 26.971678336963503, 37.749522578758025 ], [ 26.971337795963883, 37.749522496438189 ], [ 26.9713379002567, 37.749252097928014 ], [ 26.970997360497599, 37.749252014625078 ], [ 26.970997466028127, 37.748981616103286 ] ] ] ] } },
{ "type": "Feature", "properties": { "FX_CODE": 330, "PATH": 180, "ROW": 34, "DATE": 20141224, "ID": 0.0, "Pres_Topo": 1.0 }, "geometry": { "type": "MultiPolygon", "coordinates": [ [ [ [ 26.969972244526325, 37.757904504863944 ], [ 26.969631665112846, 37.757904417598397 ], [ 26.969631444039933, 37.758445213801998 ], [ 26.968950280258781, 37.758445036314853 ], [ 26.968949941200108, 37.759256230521828 ], [ 26.968609355592687, 37.7592561402993 ], [ 26.968609127066532, 37.759796936373341 ], [ 26.96826853898115, 37.759796845164821 ], [ 26.968268307969325, 37.760337641187334 ], [ 26.967587126844109, 37.76033745581389 ], [ 26.96758677287588, 37.761148649748982 ], [ 26.967586654883313, 37.761419047702475 ], [ 26.96724605936376, 37.761418953535674 ], [ 26.967245701656942, 37.762230147318775 ], [ 26.967926900136938, 37.762230334673482 ], [ 26.967927250404447, 37.761419140884946 ], [ 26.968267845927141, 37.761419233083089 ], [ 26.968267961440006, 37.761148835127813 ], [ 26.968268076951325, 37.760878437160088 ], [ 26.968608669995877, 37.760878528372153 ], [ 26.968608784265832, 37.760608130391105 ], [ 26.968949376072096, 37.760608220617996 ], [ 26.968949489100723, 37.760337822623647 ], [ 26.969290079668696, 37.760337911865371 ], [ 26.969290191456025, 37.760067513857706 ], [ 26.969290303241859, 37.759797115837621 ], [ 26.969630891331775, 37.759797204093346 ], [ 26.969631112419474, 37.759256408014117 ], [ 26.96997169803138, 37.7592564952839 ], [ 26.969971807333295, 37.758986097224792 ], [ 26.969972244526325, 37.757904504863944 ] ] ] ] } },
{ "type": "Feature", "properties": { "FX_CODE": 330, "PATH": 180, "ROW": 34, "DATE": 20141224, "ID": 0.0, "Pres_Topo": 1.0 }, "geometry": { "type": "MultiPolygon", "coordinates": [ [ [ [ 26.965883428913024, 37.761959362885634 ], [ 26.965542830921855, 37.761959263795312 ], [ 26.96554308179023, 37.761418467936878 ], [ 26.965202486280489, 37.761418367864152 ], [ 26.965202359607275, 37.761688765798617 ], [ 26.964861762859361, 37.761688664740596 ], [ 26.964860995344932, 37.76331105208029 ], [ 26.965201599532399, 37.763311153144187 ], [ 26.965201852897469, 37.762770357412094 ], [ 26.965542454606709, 37.762770457489651 ], [ 26.965542580046769, 37.76250005960398 ], [ 26.965883180517757, 37.762500158696227 ], [ 26.965883428913024, 37.761959362885634 ] ] ] ] } },
{ "type": "Feature", "properties": { "FX_CODE": 330, "PATH": 180, "ROW": 34, "DATE": 20141224, "ID": 0.0, "Pres_Topo": 1.0 }, "geometry": { "type": "MultiPolygon", "coordinates": [ [ [ [ 26.877530182762253, 37.639138779262524 ], [ 26.87787021856531, 37.639139131741658 ], [ 26.877871546433422, 37.638327922696106 ], [ 26.876851450133227, 37.638326862349544 ], [ 26.876851896441046, 37.638056459319792 ], [ 26.876511865585208, 37.638056103914408 ], [ 26.876512313119367, 37.637785700875675 ], [ 26.875492224284717, 37.637784628790129 ], [ 26.87549267550974, 37.637514225749356 ], [ 26.875152647142517, 37.637513866431071 ], [ 26.875153099593778, 37.63724346338136 ], [ 26.874473045342022, 37.637242741811924 ], [ 26.874473955155366, 37.636701935689217 ], [ 26.873453881216843, 37.636700846006619 ], [ 26.873454339811044, 37.636430442937183 ], [ 26.872774293013755, 37.636429711589599 ], [ 26.872774754066228, 37.63615930851482 ], [ 26.861894048182471, 37.63614707399924 ], [ 26.861894548658629, 37.635876671030694 ], [ 26.860194445130347, 37.635874668766014 ], [ 26.860193938493286, 37.636145071715134 ], [ 26.860533960417644, 37.636145474131759 ], [ 26.860532949587611, 37.636686280000553 ], [ 26.861893047210085, 37.63668787989905 ], [ 26.861892546713857, 37.6369582828303 ], [ 26.862572598029764, 37.636959076907729 ], [ 26.86257209999134, 37.637229479834261 ], [ 26.862912126891537, 37.637229875406916 ], [ 26.862911630078717, 37.637500278324858 ], [ 26.86529182719098, 37.63750301992166 ], [ 26.865291338997483, 37.637773422853762 ], [ 26.865631368414892, 37.637773810594403 ], [ 26.865631855376108, 37.637503407658542 ], [ 26.86631191176588, 37.637504180192465 ], [ 26.866312396256056, 37.637233777236688 ], [ 26.866652423228405, 37.637234162029984 ], [ 26.866652906479853, 37.636963759058048 ], [ 26.86699293222641, 37.636964142867683 ], [ 26.866993414239168, 37.636693739879597 ], [ 26.867673463287133, 37.636694504551663 ], [ 26.86801348782074, 37.63669488541781 ], [ 26.868013009504679, 37.636965288417002 ], [ 26.872093319188782, 37.636969782420351 ], [ 26.87209378271805, 37.636699379377575 ], [ 26.872773831955119, 37.636700114651944 ], [ 26.872772909819354, 37.637240920739337 ], [ 26.874133018225262, 37.637242379557293 ], [ 26.874132105923042, 37.63778318562327 ], [ 26.87481216509175, 37.637783909166622 ], [ 26.874811711396092, 37.638054312187982 ], [ 26.875831803891497, 37.63805539016375 ], [ 26.875831353886728, 37.638325793183142 ], [ 26.876511418045073, 37.638326506940729 ], [ 26.876510970498948, 37.638596909954614 ], [ 26.876851003819439, 37.638597265366883 ], [ 26.876850557499683, 37.638867668371766 ], [ 26.877530626623241, 37.63886837626319 ], [ 26.877530182762253, 37.639138779262524 ] ] ] ] } },
{ "type": "Feature", "properties": { "FX_CODE": 330, "PATH": 180, "ROW": 34, "DATE": 20141224, "ID": 0.0, "Pres_Topo": 1.0 }, "geometry": { "type": "MultiPolygon", "coordinates": [ [ [ [ 26.879568215247549, 37.640492894349229 ], [ 26.879565596149234, 37.642115311833528 ], [ 26.879564286521298, 37.642926520407876 ], [ 26.879563849966978, 37.643196923241142 ], [ 26.879903904292771, 37.643197269890635 ], [ 26.880924067305006, 37.643198303958194 ], [ 26.880923635675373, 37.643468706792405 ], [ 26.881263691256979, 37.643469049524619 ], [ 26.881263260854226, 37.643739452349728 ], [ 26.881943374499976, 37.643740134880268 ], [ 26.881942946556794, 37.644010537699579 ], [ 26.882623062690755, 37.644011216316002 ], [ 26.88262263720722, 37.644281619129465 ], [ 26.88398287447399, 37.644282964613197 ], [ 26.883977406775756, 37.647798200226632 ], [ 26.884657557495654, 37.647798867171431 ], [ 26.88465797565577, 37.647528464500049 ], [ 26.884998049791218, 37.647528796498754 ], [ 26.884998466712865, 37.647258393811725 ], [ 26.885338539621007, 37.647258724826898 ], [ 26.885334798222019, 37.649692348591635 ], [ 26.88499471421737, 37.649692017547558 ], [ 26.884992629302559, 37.651044030299076 ], [ 26.884312448979401, 37.651043365237534 ], [ 26.88430909309513, 37.653206584942019 ], [ 26.883968993076614, 37.653206250914678 ], [ 26.883968151582966, 37.653747055710014 ], [ 26.884648356558603, 37.653747722797114 ], [ 26.8846466833702, 37.654829332264498 ], [ 26.883966468528168, 37.654828665151541 ], [ 26.883961418823731, 37.658073492282732 ], [ 26.884301541043119, 37.658073826368366 ], [ 26.884301121431385, 37.658344228551741 ], [ 26.884641244889917, 37.658344561659916 ], [ 26.884639989721776, 37.659155768145133 ], [ 26.884980116886616, 37.659156100282303 ], [ 26.884979282547114, 37.659696904550067 ], [ 26.885659541827966, 37.659697565895065 ], [ 26.885658712400737, 37.660238370125931 ], [ 26.885318580290239, 37.66023803993739 ], [ 26.885318164334635, 37.660508442030981 ], [ 26.885658297678802, 37.660508772222727 ], [ 26.885656638735632, 37.661590380485549 ], [ 26.885996777020193, 37.661590709709309 ], [ 26.885995536455901, 37.66240191578548 ], [ 26.887015962446618, 37.662402897600472 ], [ 26.887015552615544, 37.662673299610525 ], [ 26.887355695857234, 37.662673624923684 ], [ 26.887357738788982, 37.661321614733367 ], [ 26.886677464648784, 37.661320963157799 ], [ 26.886677875686189, 37.66105056108875 ], [ 26.886337739858046, 37.661050233832952 ], [ 26.88633815212366, 37.660779831754638 ], [ 26.885998017534728, 37.660779503521248 ], [ 26.885998431028515, 37.660509101433703 ], [ 26.886678697744511, 37.660509756913363 ], [ 26.886678286718098, 37.660780159007274 ], [ 26.887018421318036, 37.660780485279126 ], [ 26.88701924089801, 37.660239681072561 ], [ 26.887359373036062, 37.660240006357341 ], [ 26.887358147358945, 37.661051212658009 ], [ 26.888038419053554, 37.661051860304134 ], [ 26.888036794610887, 37.662133468556107 ], [ 26.887696653825881, 37.662133145210881 ], [ 26.887696246467854, 37.662403547239663 ], [ 26.888376530510872, 37.662404192955535 ], [ 26.888376935401325, 37.662133790920485 ], [ 26.888717076197175, 37.662134112304074 ], [ 26.888717479848445, 37.661863710253492 ], [ 26.889737898566999, 37.661864668510006 ], [ 26.88973869845087, 37.661323864352966 ], [ 26.889398561340144, 37.6613235459211 ], [ 26.889399363670059, 37.660782741720503 ], [ 26.889059229032117, 37.66078242231405 ], [ 26.889059631422722, 37.660512020198205 ], [ 26.888379364630371, 37.660511378449208 ], [ 26.888380174330084, 37.65997057419267 ], [ 26.88906043618778, 37.659971215929218 ], [ 26.889061240931326, 37.659430411610501 ], [ 26.888721112467042, 37.659430091238818 ], [ 26.888722726823904, 37.658348482464653 ], [ 26.889062850353863, 37.658348802823923 ], [ 26.88906365503286, 37.657807998356041 ], [ 26.889403776101137, 37.657808317728431 ], [ 26.889404578291622, 37.657267513204637 ], [ 26.888724341094434, 37.657266873491601 ], [ 26.888723533969959, 37.657807678002989 ], [ 26.888383412912454, 37.657807356669267 ], [ 26.888383817710899, 37.657536954422895 ], [ 26.887363458271441, 37.657535984547131 ], [ 26.887366317611264, 37.655643168540358 ], [ 26.886345984123196, 37.655642189905102 ], [ 26.886347632711729, 37.654560580522855 ], [ 26.886007526493433, 37.65456025236265 ], [ 26.886011246594485, 37.652126630554072 ], [ 26.886351341713599, 37.652126958685642 ], [ 26.886351753797371, 37.651856556197131 ], [ 26.886011659911418, 37.651856228068738 ], [ 26.88601496624797, 37.649693007738641 ], [ 26.885674882232223, 37.649692678655327 ], [ 26.885675296732444, 37.649422276061316 ], [ 26.886015379515175, 37.649422605141439 ], [ 26.886021164675999, 37.645636967475561 ], [ 26.886361230203828, 37.645637295530776 ], [ 26.886361642155411, 37.645366892743951 ], [ 26.88602157786034, 37.645366564691912 ], [ 26.886022404212458, 37.644825759087347 ], [ 26.885682342388392, 37.644825430061459 ], [ 26.885680270302856, 37.64617744396373 ], [ 26.885340202320513, 37.646177113941633 ], [ 26.885342280569866, 37.644825100055371 ], [ 26.885002218756895, 37.644824769069082 ], [ 26.885002635622811, 37.644554366257744 ], [ 26.884662575048132, 37.644554034294451 ], [ 26.884663411228626, 37.644013228640944 ], [ 26.884323353124913, 37.644012895703909 ], [ 26.884324611051674, 37.643201687140113 ], [ 26.883644502256974, 37.643201018344961 ], [ 26.883644080488395, 37.643471421205504 ], [ 26.88296396925098, 37.643470748483203 ], [ 26.882964817712995, 37.642929942762734 ], [ 26.882284711428756, 37.64292926613291 ], [ 26.882285991474738, 37.642118057478676 ], [ 26.881945942038911, 37.642117717703435 ], [ 26.881946369942046, 37.641847314797133 ], [ 26.881266273552672, 37.641846632312927 ], [ 26.881266703915152, 37.641576229400798 ], [ 26.88092665696162, 37.641575886691861 ], [ 26.880927520134335, 37.641035080836978 ], [ 26.880587475651584, 37.641034737154612 ], [ 26.880586610013854, 37.641575543002816 ], [ 26.880246563071879, 37.641575198333697 ], [ 26.880247431174624, 37.641034392492166 ], [ 26.879907386703461, 37.64103404684964 ], [ 26.879908257247941, 37.6404932409651 ], [ 26.879568215247549, 37.640492894349229 ] ] ] ] } },
{ "type": "Feature", "properties": { "FX_CODE": 330, "PATH": 180, "ROW": 34, "DATE": 20141224, "ID": 0.0, "Pres_Topo": 1.0 }, "geometry": { "type": "MultiPolygon", "coordinates": [ [ [ [ 26.924069981938253, 37.683523925130572 ], [ 26.924071084435123, 37.682442319693024 ], [ 26.923730850586079, 37.682442100155335 ], [ 26.923731127436099, 37.682171698767007 ], [ 26.923390894825772, 37.682171478249913 ], [ 26.923391172907088, 37.681901076851283 ], [ 26.924071635661448, 37.681901516899657 ], [ 26.924071911269081, 37.681631115484336 ], [ 26.921690300339041, 37.681629558153531 ], [ 26.921690868832655, 37.681088755315777 ], [ 26.92101041354071, 37.681088301539333 ], [ 26.921010700251681, 37.68081790010622 ], [ 26.920330247444934, 37.680817442408262 ], [ 26.920329958264102, 37.681087843836949 ], [ 26.919649503002958, 37.681087382208595 ], [ 26.919649794653651, 37.680816980784385 ], [ 26.919309568263856, 37.68081674850022 ], [ 26.919310154023361, 37.680275945619002 ], [ 26.918629706195148, 37.680275478115306 ], [ 26.918630296878487, 37.679734675193437 ], [ 26.918290075440048, 37.67973443997397 ], [ 26.918290372010642, 37.679464038496675 ], [ 26.917609931615367, 37.679463565117977 ], [ 26.91760933353078, 37.680004368050973 ], [ 26.917269110869416, 37.680004129884864 ], [ 26.917269711423714, 37.679463326956494 ], [ 26.916589271052477, 37.679462847689216 ], [ 26.916589573793267, 37.679192446211026 ], [ 26.916249354848542, 37.679192205107562 ], [ 26.916251178616935, 37.677569795991374 ], [ 26.915910967084919, 37.677569553920584 ], [ 26.915911272266815, 37.677299152360057 ], [ 26.915230851684473, 37.677298665279103 ], [ 26.915230544033147, 37.677569066834906 ], [ 26.914890332513423, 37.677568821820024 ], [ 26.914890641399463, 37.677298420266595 ], [ 26.914210220841852, 37.677297927297502 ], [ 26.914209909486377, 37.677568328846164 ], [ 26.913189274977071, 37.677567582025127 ], [ 26.913189590036694, 37.677297180483706 ], [ 26.912849379776709, 37.677296929583072 ], [ 26.912849696066818, 37.677026528031661 ], [ 26.913189905092104, 37.677026778929871 ], [ 26.913190220143299, 37.676756377363596 ], [ 26.912169596784196, 37.676755621732262 ], [ 26.912169915535181, 37.67648522016087 ], [ 26.911829708991981, 37.676484966323549 ], [ 26.911830028973352, 37.676214564742196 ], [ 26.910809413073434, 37.676213797349703 ], [ 26.910809736754427, 37.675943395763355 ], [ 26.910469532697718, 37.675943138005728 ], [ 26.910469207782096, 37.676213539589575 ], [ 26.910129002495101, 37.676213280848131 ], [ 26.910129328645358, 37.675942879266792 ], [ 26.908768512479678, 37.675941834497955 ], [ 26.90876884356404, 37.675671432914307 ], [ 26.90842864076826, 37.675671169271389 ], [ 26.908429305392886, 37.675130366071926 ], [ 26.908089105070733, 37.675130101452837 ], [ 26.908089438610951, 37.674859699837029 ], [ 26.907409040449167, 37.674859167660181 ], [ 26.907409376454023, 37.674588766037104 ], [ 26.907069178614414, 37.674588498479366 ], [ 26.907069515849312, 37.674318096846456 ], [ 26.906048926061196, 37.67431728829353 ], [ 26.906049266995137, 37.674046886656015 ], [ 26.905709071642708, 37.674046615178504 ], [ 26.905709413806587, 37.673776213531184 ], [ 26.905369219693235, 37.673775941075093 ], [ 26.905369906476217, 37.673235137748442 ], [ 26.905029714836406, 37.673234864316399 ], [ 26.905030748679753, 37.672423659241161 ], [ 26.903329809066641, 37.672422277403001 ], [ 26.903330159843879, 37.672151875699782 ], [ 26.902649786500149, 37.672151316101669 ], [ 26.902650139741461, 37.671880914391451 ], [ 26.902309954311058, 37.671880633123351 ], [ 26.90231208106573, 37.670258222617356 ], [ 26.902652259090182, 37.670258503869086 ], [ 26.902653671894882, 37.669176896605556 ], [ 26.902313498807402, 37.669176615364719 ], [ 26.902314207649809, 37.668635811663826 ], [ 26.901293695821039, 37.668634962071415 ], [ 26.901294412049459, 37.668094158337261 ], [ 26.900954243917742, 37.668093873183224 ], [ 26.900954962595264, 37.667553069404875 ], [ 26.899594299989634, 37.667551919000715 ], [ 26.899593571439091, 37.668092722756747 ], [ 26.899253403331564, 37.668092432697556 ], [ 26.899253037814834, 37.668362834554124 ], [ 26.898572699146147, 37.668362251486997 ], [ 26.898572331156196, 37.66863265332546 ], [ 26.898232160595057, 37.668632360317503 ], [ 26.898231791366001, 37.668902762140711 ], [ 26.89721127600971, 37.668901877221948 ], [ 26.897212021867947, 37.668361073580265 ], [ 26.896871852560821, 37.668360776650978 ], [ 26.89687222671661, 37.668090374814369 ], [ 26.897212394789587, 37.668090671740771 ], [ 26.897213140617907, 37.667549868024501 ], [ 26.897553306227618, 37.667550163964151 ], [ 26.897553677900195, 37.667279762084497 ], [ 26.896533184788357, 37.667278871331192 ], [ 26.896533560158225, 37.667008469447744 ], [ 26.895853233910231, 37.667007870713014 ], [ 26.89585361174322, 37.666737468822951 ], [ 26.896193773630628, 37.666737768677891 ], [ 26.896194903397177, 37.665926562924369 ], [ 26.895854745211874, 37.665926263078134 ], [ 26.895855123024656, 37.665655861138355 ], [ 26.895174809137227, 37.665655258508863 ], [ 26.895175189412932, 37.665384856562476 ], [ 26.895855500832386, 37.665385459186119 ], [ 26.895855878635068, 37.665115057221463 ], [ 26.89551572415678, 37.665114756403014 ], [ 26.895516482214877, 37.664573952442247 ], [ 26.895176330209544, 37.664573650648748 ], [ 26.895175949949088, 37.664844052632418 ], [ 26.894495643485815, 37.664843446096796 ], [ 26.894494495270134, 37.665654651955599 ], [ 26.894154338344254, 37.66565434720755 ], [ 26.894155106294448, 37.665113543320025 ], [ 26.893814951841659, 37.665113237596955 ], [ 26.893814566635161, 37.665383639543975 ], [ 26.893474410953548, 37.665383332837017 ], [ 26.893475183829317, 37.664842528936497 ], [ 26.893135030620797, 37.664842221254574 ], [ 26.893135418284871, 37.664571819288646 ], [ 26.892114962392281, 37.664570890366377 ], [ 26.892115745108342, 37.664030086415252 ], [ 26.891775595622409, 37.664029774818722 ], [ 26.891775203033092, 37.664300176797482 ], [ 26.891435052318506, 37.664299864217035 ], [ 26.891434658490017, 37.664570266180334 ], [ 26.890754354608816, 37.664569638070667 ], [ 26.89075356200027, 37.665110441947775 ], [ 26.890073253204484, 37.665109809902233 ], [ 26.89007245563884, 37.665650613717368 ], [ 26.889732298780981, 37.665650296217052 ], [ 26.889732698800458, 37.665379894318782 ], [ 26.889392543181934, 37.665379575840603 ], [ 26.888372076358614, 37.665378614520492 ], [ 26.888371671403203, 37.665649016406363 ], [ 26.888031514572248, 37.665648694001327 ], [ 26.888030702177161, 37.666189497729519 ], [ 26.888370861476133, 37.666189820140794 ], [ 26.888368431564974, 37.667812231045723 ], [ 26.888708598273816, 37.667812552494752 ], [ 26.888707790728397, 37.668353356036505 ], [ 26.889388129098815, 37.668353996003894 ], [ 26.889385721143494, 37.669976406368029 ], [ 26.889725897742007, 37.669976724898689 ], [ 26.890406250955063, 37.669977359016741 ], [ 26.890408239084667, 37.668625350364856 ], [ 26.890748409528101, 37.668625665936943 ], [ 26.890749202274414, 37.668084862383047 ], [ 26.890409034299299, 37.668084546817084 ], [ 26.890410227081382, 37.667273341402186 ], [ 26.891430719915547, 37.667274285129544 ], [ 26.891429538240523, 37.66808549057189 ], [ 26.891769706231482, 37.668085803194771 ], [ 26.891768528211564, 37.66889700853433 ], [ 26.892108699910274, 37.668897320185238 ], [ 26.892107525545754, 37.669708525421974 ], [ 26.891767350144395, 37.669708213761993 ], [ 26.891766172029975, 37.670519418877781 ], [ 26.891085813837424, 37.670518792596354 ], [ 26.891085418653521, 37.670789194270689 ], [ 26.891085023464331, 37.671059595932583 ], [ 26.892105568166883, 37.671060533901233 ], [ 26.892105959653126, 37.670790132230252 ], [ 26.892446139996817, 37.670790442921181 ], [ 26.892446920485018, 37.670249639535882 ], [ 26.893127276250873, 37.670250257962394 ], [ 26.893127664018618, 37.669979856245092 ], [ 26.894828547352358, 37.669981385127201 ], [ 26.89482816575595, 37.670251786859332 ], [ 26.895168343672335, 37.670252089695389 ], [ 26.895167963305106, 37.670522491418012 ], [ 26.896188500787559, 37.670523394048338 ], [ 26.896188124118151, 37.670793795767274 ], [ 26.896868484933592, 37.670794392621033 ], [ 26.896868110727773, 37.671064794333333 ], [ 26.897208292377325, 37.671065091291403 ], [ 26.897207173432907, 37.671876296362328 ], [ 26.898567914893007, 37.671877474417535 ], [ 26.898567546839089, 37.6721478760944 ], [ 26.900268479946721, 37.672149326601293 ], [ 26.900267756168208, 37.672690129945856 ], [ 26.90060794527313, 37.67269041710928 ], [ 26.900607584611048, 37.672960818765702 ], [ 26.900947774955227, 37.672961104950716 ], [ 26.900947415522772, 37.673231506597475 ], [ 26.901287607106205, 37.673231791804049 ], [ 26.901287248903412, 37.673502193441145 ], [ 26.901627441726099, 37.67350247766926 ], [ 26.901627084752999, 37.673772879296685 ], [ 26.901967278814944, 37.673773162546325 ], [ 26.901966923071569, 37.674043564164052 ], [ 26.902647313678706, 37.674044127725118 ], [ 26.902646607115788, 37.674584930934216 ], [ 26.902986804895495, 37.674585211248321 ], [ 26.902986100782798, 37.675126014413131 ], [ 26.903666501294545, 37.675126572108375 ], [ 26.903666850884122, 37.67485617052678 ], [ 26.904347248945435, 37.674856724291551 ], [ 26.904346901824994, 37.675127125878511 ], [ 26.904687102097189, 37.675127401291661 ], [ 26.904686410311566, 37.675668204433627 ], [ 26.905707018563366, 37.675669024801316 ], [ 26.905706676367462, 37.675939426361602 ], [ 26.906046880361853, 37.675939697857544 ], [ 26.906046539396005, 37.676210099408038 ], [ 26.906386744629586, 37.676210369925286 ], [ 26.906386404893826, 37.676480771465975 ], [ 26.906726611366597, 37.676481041004514 ], [ 26.906726272860965, 37.676751442535384 ], [ 26.907066480572926, 37.6767517110952 ], [ 26.907066143297449, 37.677022112616243 ], [ 26.9074063522486, 37.677022380197322 ], [ 26.907406016203314, 37.677292781708523 ], [ 26.908086436588473, 37.677293313931806 ], [ 26.908086103008124, 37.677563715435738 ], [ 26.90910673732342, 37.677564506418179 ], [ 26.909106407442803, 37.677834907917344 ], [ 26.910127045501984, 37.677835690075085 ], [ 26.910126719321205, 37.678106091569397 ], [ 26.91046693325109, 37.678106350328413 ], [ 26.910466608300709, 37.678376751812799 ], [ 26.911487253820667, 37.67837752220899 ], [ 26.911486932570288, 37.678647923688416 ], [ 26.911827148987001, 37.678648178526835 ], [ 26.911826828967126, 37.678918579996299 ], [ 26.912507264282965, 37.678919086733835 ], [ 26.912506946728438, 37.679189488195775 ], [ 26.913527603438446, 37.679190240948785 ], [ 26.913527289584167, 37.679460642405594 ], [ 26.914207729881507, 37.679461139338649 ], [ 26.914207418492733, 37.679731540787856 ], [ 26.914887861276423, 37.679732033799944 ], [ 26.914887552353214, 37.680002435241498 ], [ 26.915908220264278, 37.680003167405928 ], [ 26.915908525482894, 37.679732765957283 ], [ 26.916248746893235, 37.679733008046853 ], [ 26.916248138921667, 37.680273810936399 ], [ 26.916588362805818, 37.680274052049199 ], [ 26.916588060048838, 37.680544453477665 ], [ 26.916928285171934, 37.680544693611331 ], [ 26.916927983645817, 37.680815095029701 ], [ 26.917608436373921, 37.680815572357247 ], [ 26.917608137313636, 37.681085973767793 ], [ 26.917948364918626, 37.681086210961652 ], [ 26.917948067089288, 37.681356612362087 ], [ 26.918968753632921, 37.681357318061558 ], [ 26.918968165372142, 37.681898120838802 ], [ 26.919988859360998, 37.681898817718299 ], [ 26.919988568929703, 37.682169219095016 ], [ 26.921009266658501, 37.682169907147525 ], [ 26.92100897992837, 37.682440308518487 ], [ 26.921689447570124, 37.682440762316929 ], [ 26.921689163306215, 37.682711163679869 ], [ 26.922369633433235, 37.682711613556513 ], [ 26.922369351635624, 37.682982014911374 ], [ 26.923049824247808, 37.68298246086615 ], [ 26.923049544916559, 37.683252862212925 ], [ 26.923389782463325, 37.683253083720118 ], [ 26.923389504363421, 37.683523485056597 ], [ 26.924069981938253, 37.683523925130572 ] ] ] ] } },
{ "type": "Feature", "properties": { "FX_CODE": 330, "PATH": 180, "ROW": 34, "DATE": 20141224, "ID": 0.0, "Pres_Topo": 1.0 }, "geometry": { "type": "MultiPolygon", "coordinates": [ [ [ [ 27.010493375651844, 37.70247598071969 ], [ 27.010493337534353, 37.702205580016688 ], [ 27.011173986443982, 37.702205517481026 ], [ 27.011173945854541, 37.701935116766194 ], [ 27.011854592289545, 37.701935050302232 ], [ 27.011854463107319, 37.701123848085103 ], [ 27.010493185069461, 37.701123977080378 ], [ 27.01049322318492, 37.701394377833104 ], [ 27.008791619445365, 37.701394516979093 ], [ 27.008791587510792, 37.70112411622501 ], [ 27.005048072847057, 37.70112433590986 ], [ 27.005048091183685, 37.70139473666606 ], [ 27.005728732688656, 37.701394705562848 ], [ 27.005728774307453, 37.701935507037362 ], [ 27.005388451082695, 37.70193552308038 ], [ 27.005388470656282, 37.702205923799148 ], [ 27.00470782173354, 37.702205952938797 ], [ 27.004707804632403, 37.701935552219751 ], [ 27.004027158181199, 37.70193557743022 ], [ 27.004027172809881, 37.702205978149507 ], [ 27.003686848347751, 37.702205989281524 ], [ 27.003686861740384, 37.702476389988476 ], [ 27.003006210343116, 37.702476409305966 ], [ 27.003006221263409, 37.702746810000697 ], [ 27.001304586586677, 37.702746841105423 ], [ 27.001304596064859, 37.703287642458179 ], [ 26.994157678505399, 37.703287504939865 ], [ 26.994157720951165, 37.702746703589767 ], [ 26.993477067085234, 37.702746667901188 ], [ 26.993477043389941, 37.703017068582099 ], [ 26.993817371559029, 37.703017086917697 ], [ 26.993817349099711, 37.703287487586358 ], [ 26.990073725660647, 37.703287231867783 ], [ 26.990073689601626, 37.70355763252153 ], [ 26.990073653542122, 37.703828033162857 ], [ 26.990413985416229, 37.703828061321907 ], [ 26.990754317290801, 37.703828088498675 ], [ 26.990754350877651, 37.703557687856822 ], [ 26.991094681516348, 37.70355771405103 ], [ 26.991094584463475, 37.704368915940059 ], [ 26.991434918811628, 37.70436894115273 ], [ 26.991434887696183, 37.704639341757783 ], [ 26.992455894452203, 37.704639411502598 ], [ 26.992455867045518, 37.704909812095892 ], [ 26.992796203868004, 37.704909833379716 ], [ 26.992796177697354, 37.705180233960803 ], [ 26.99347685381618, 37.70518027358186 ], [ 26.993476830118034, 37.705450674150889 ], [ 26.993817169414356, 37.705450692488085 ], [ 26.993817146952335, 37.705721093044858 ], [ 26.994497828018744, 37.705721126772524 ], [ 26.994497808029337, 37.705991527317188 ], [ 26.9965398586532, 37.705991604924336 ], [ 26.996539871223856, 37.705721204378911 ], [ 26.997560892828904, 37.70572122992025 ], [ 26.998241573899559, 37.70572124203602 ], [ 26.998241580287839, 37.705450841477813 ], [ 27.000623955381851, 37.705450852938561 ], [ 27.000623953115074, 37.705180452367799 ], [ 27.001644967303108, 37.705180442544403 ], [ 27.001644961327138, 37.704910041961298 ], [ 27.002665971805225, 37.704910023297018 ], [ 27.002665962120158, 37.70463962270167 ], [ 27.004027304476818, 37.704639584063699 ], [ 27.00402728984638, 37.704369183456294 ], [ 27.004707958550853, 37.704369158243622 ], [ 27.004707941447887, 37.704098757624038 ], [ 27.005728940793766, 37.704098712438132 ], [ 27.005728919982001, 37.703828311806546 ], [ 27.007090247493828, 37.703828237807159 ], [ 27.007090221737041, 37.703557837163856 ], [ 27.007770883018303, 37.703557794270829 ], [ 27.007770854789239, 37.703287393615511 ], [ 27.008451513596373, 37.7032873467938 ], [ 27.008451482895108, 37.703016946126503 ], [ 27.008791811061773, 37.703016921242479 ], [ 27.008791779124635, 37.702746520562997 ], [ 27.009812759913181, 37.70274644001811 ], [ 27.009812724267693, 37.702476039326982 ], [ 27.010493375651844, 37.70247598071969 ] ] ] ] } },
{ "type": "Feature", "properties": { "FX_CODE": 330, "PATH": 180, "ROW": 34, "DATE": 20141224, "ID": 0.0, "Pres_Topo": 1.0 }, "geometry": { "type": "MultiPolygon", "coordinates": [ [ [ [ 26.863645090432172, 37.794062667171531 ], [ 26.862622857231717, 37.79406147967731 ], [ 26.862622356550975, 37.794331875380671 ], [ 26.862281610922338, 37.794331477574481 ], [ 26.862281108993024, 37.794601873261541 ], [ 26.861940362129229, 37.794601474466027 ], [ 26.86193985895131, 37.794871870136774 ], [ 26.86159911085235, 37.7948714703519 ], [ 26.861598606425797, 37.79514186600634 ], [ 26.861257857091676, 37.795141465232078 ], [ 26.861257351416455, 37.795411860870196 ], [ 26.860235099728968, 37.795410652622721 ], [ 26.860235609129958, 37.795140256996305 ], [ 26.85989485982299, 37.795139852280052 ], [ 26.859894349180074, 37.795410247902538 ], [ 26.859553598638012, 37.795409842196854 ], [ 26.859553086746324, 37.795680237802962 ], [ 26.859212334969168, 37.795679831107805 ], [ 26.85921182182868, 37.795950226697542 ], [ 26.85887106881643, 37.795949819012925 ], [ 26.858870554427106, 37.796220214586256 ], [ 26.858529800179763, 37.796219805912159 ], [ 26.85852876889648, 37.796760597013566 ], [ 26.858188012172036, 37.796760187345988 ], [ 26.858186978377105, 37.797300978389671 ], [ 26.85818335987706, 37.79919374665041 ], [ 26.857842591980738, 37.799193335961483 ], [ 26.857842073782329, 37.799463731373528 ], [ 26.857841555576993, 37.799734126773139 ], [ 26.858182325957682, 37.799734537470009 ], [ 26.85818180898762, 37.800004932861142 ], [ 26.858863352254133, 37.800005751305832 ], [ 26.858862837761599, 37.80027614669244 ], [ 26.859203610647405, 37.800276554440224 ], [ 26.859205663607458, 37.799194972803313 ], [ 26.858864895690441, 37.799194565071325 ], [ 26.858867467946673, 37.797842587764833 ], [ 26.859208229653085, 37.79784299547709 ], [ 26.859209256023284, 37.797302204459463 ], [ 26.859550015252427, 37.797302611178232 ], [ 26.859550527185192, 37.797032215646809 ], [ 26.859891285179145, 37.797032621376061 ], [ 26.859892306540107, 37.79649183026801 ], [ 26.860573817580423, 37.796492638754195 ], [ 26.860574325766681, 37.796222243173659 ], [ 26.860915080055051, 37.79622264593452 ], [ 26.860915586992537, 37.795952250337649 ], [ 26.861256340045717, 37.795952652109079 ], [ 26.861256845734466, 37.795682256495851 ], [ 26.861938349377183, 37.795683057074363 ], [ 26.861938852575285, 37.795412661440956 ], [ 26.862279603164808, 37.795413060248066 ], [ 26.862280105114259, 37.795142664598337 ], [ 26.86262085446857, 37.795143062416088 ], [ 26.862621855863537, 37.794602271071589 ], [ 26.863303349624633, 37.794603063735231 ], [ 26.863303847828323, 37.794332668036624 ], [ 26.863644593476998, 37.794333062886395 ], [ 26.863645090432172, 37.794062667171531 ] ] ] ] } },
{ "type": "Feature", "properties": { "FX_CODE": 330, "PATH": 180, "ROW": 34, "DATE": 20141224, "ID": 0.0, "Pres_Topo": 1.0 }, "geometry": { "type": "MultiPolygon", "coordinates": [ [ [ [ 26.903875389390826, 37.776796963808238 ], [ 26.904556720667809, 37.776797517629966 ], [ 26.904557068297091, 37.776527120716715 ], [ 26.905238397111091, 37.776527670593673 ], [ 26.905239087392655, 37.775986876719173 ], [ 26.906261073203655, 37.775987694132418 ], [ 26.906261414615294, 37.775717297168583 ], [ 26.904558111157037, 37.775715929902269 ], [ 26.904557763541703, 37.775986326852852 ], [ 26.904217101623196, 37.775986050442448 ], [ 26.904216752762458, 37.776256447377911 ], [ 26.903876089607859, 37.776256169979995 ], [ 26.903875389390826, 37.776796963808238 ] ] ] ] } },
{ "type": "Feature", "properties": { "FX_CODE": 330, "PATH": 180, "ROW": 34, "DATE": 20141224, "ID": 0.0, "Pres_Topo": 1.0 }, "geometry": { "type": "MultiPolygon", "coordinates": [ [ [ [ 26.899445637800206, 37.777604458484781 ], [ 26.899104968508649, 37.777604167284991 ], [ 26.899104601007103, 37.777874564104501 ], [ 26.899104233500641, 37.778144960911568 ], [ 26.898082218210352, 37.778144081385825 ], [ 26.898081104493354, 37.778955271706813 ], [ 26.897740429017119, 37.778954976553173 ], [ 26.897740801502003, 37.77868457979482 ], [ 26.897059453046342, 37.778683986538482 ], [ 26.897059078079618, 37.778954383291108 ], [ 26.896718402618379, 37.778954085182662 ], [ 26.896718778826024, 37.778683688432928 ], [ 26.896378104610736, 37.778683389342447 ], [ 26.896377727162172, 37.778953786089275 ], [ 26.896037051711016, 37.77895348601097 ], [ 26.896036673016468, 37.77922388274245 ], [ 26.895014642970636, 37.779222976589132 ], [ 26.895015025387995, 37.77895257986642 ], [ 26.894333674531524, 37.778951970845362 ], [ 26.894333289632296, 37.779222367562177 ], [ 26.893992612970838, 37.779222061571296 ], [ 26.893991840675021, 37.779762854961646 ], [ 26.895013878120583, 37.779763769997203 ], [ 26.89637659478619, 37.779764976255109 ], [ 26.8963769722499, 37.779494579545613 ], [ 26.896717650187998, 37.779494878644783 ], [ 26.896717273965258, 37.779765275357185 ], [ 26.897739311532575, 37.77976616675361 ], [ 26.897739684032405, 37.779495770032575 ], [ 26.898080361990523, 37.779496065191928 ], [ 26.89808073324442, 37.779225668455595 ], [ 26.898421409966556, 37.779225962627152 ], [ 26.898422149977595, 37.778685169111441 ], [ 26.898762824222821, 37.778685462292373 ], [ 26.898763192980013, 37.77841506551303 ], [ 26.899785212022504, 37.778415939137787 ], [ 26.899785577052107, 37.778145542337541 ], [ 26.901148264213479, 37.778146693370566 ], [ 26.901148624274715, 37.777876296546715 ], [ 26.900126612619019, 37.777875434757647 ], [ 26.900126976397999, 37.777605037929703 ], [ 26.899445637800206, 37.777604458484781 ] ] ] ] } },
{ "type": "Feature", "properties": { "FX_CODE": 330, "PATH": 180, "ROW": 34, "DATE": 20141224, "ID": 0.0, "Pres_Topo": 1.0 }, "geometry": { "type": "MultiPolygon", "coordinates": [ [ [ [ 26.961792914805329, 37.76844765498695 ], [ 26.961452287073197, 37.768447544058766 ], [ 26.961452427431873, 37.768177146446561 ], [ 26.9611118009419, 37.768177034534887 ], [ 26.961111376139346, 37.768988227330887 ], [ 26.960770745930372, 37.76898811443138 ], [ 26.9607706030854, 37.769258512004072 ], [ 26.961451865985907, 37.769258736820703 ], [ 26.961451725619725, 37.769529134383127 ], [ 26.961792358313147, 37.769529245315617 ], [ 26.961792219185451, 37.76979964286668 ], [ 26.962132853121101, 37.769799752815622 ], [ 26.962132715231927, 37.77007015035533 ], [ 26.962473350409802, 37.770070259320711 ], [ 26.96247294045245, 37.77088145186832 ], [ 26.962132301553329, 37.77088134289977 ], [ 26.962132025758383, 37.771422137867198 ], [ 26.961791384380192, 37.771422027911861 ], [ 26.961791245239471, 37.771692425375839 ], [ 26.961109960007729, 37.771692202508987 ], [ 26.961109818384152, 37.771962599958378 ], [ 26.960769174530618, 37.771962487046828 ], [ 26.960768888796736, 37.772503281906104 ], [ 26.960428242464069, 37.77250316800766 ], [ 26.960427954241432, 37.773043962814967 ], [ 26.960768603055211, 37.773044076715621 ], [ 26.960768745926931, 37.772773679317091 ], [ 26.961109393502056, 37.772773792231909 ], [ 26.961109535131317, 37.772503394819836 ], [ 26.961450181467789, 37.772503506748862 ], [ 26.961450321854624, 37.77223310932326 ], [ 26.962472257153649, 37.772233439198857 ], [ 26.962472393817063, 37.77196304175763 ], [ 26.962813037679904, 37.771963149745702 ], [ 26.962813308520271, 37.771422354823848 ], [ 26.963153949903944, 37.771422461825161 ], [ 26.963154084080944, 37.771152064344527 ], [ 26.963154754939051, 37.769800076754763 ], [ 26.962473487058595, 37.769799861779958 ], [ 26.962473623705563, 37.769529464226771 ], [ 26.962473760350701, 37.769259066661142 ], [ 26.962133128893925, 37.769258957698931 ], [ 26.962133266777567, 37.768988560121912 ], [ 26.961792636562961, 37.768988450176153 ], [ 26.961792914805329, 37.76844765498695 ] ] ] ] } },
{ "type": "Feature", "properties": { "FX_CODE": 330, "PATH": 180, "ROW": 34, "DATE": 20141224, "ID": 0.0, "Pres_Topo": 1.0 }, "geometry": { "type": "MultiPolygon", "coordinates": [ [ [ [ 26.953946736756471, 37.787372654657908 ], [ 26.95394656895234, 37.787643051360746 ], [ 26.953605853165204, 37.787642917695585 ], [ 26.953265137380328, 37.787642783045186 ], [ 26.95224299003943, 37.787642373182486 ], [ 26.952242642009594, 37.788183166537706 ], [ 26.95496838816106, 37.788184239820758 ], [ 26.954968552245202, 37.78791384313898 ], [ 26.955309269282694, 37.787913972864409 ], [ 26.955309106440044, 37.788184369547452 ], [ 26.957694134452982, 37.788185250046851 ], [ 26.957694442755315, 37.787644456651279 ], [ 26.954628000533329, 37.78764331573533 ], [ 26.95462816585454, 37.787372919029927 ], [ 26.953946736756471, 37.787372654657908 ] ] ] ] } },
{ "type": "Feature", "properties": { "FX_CODE": 330, "PATH": 180, "ROW": 34, "DATE": 20141224, "ID": 0.0, "Pres_Topo": 1.0 }, "geometry": { "type": "MultiPolygon", "coordinates": [ [ [ [ 26.959057007648948, 37.788185731513536 ], [ 26.962123472454991, 37.788186757175524 ], [ 26.962123610467778, 37.787916360469367 ], [ 26.959057156835176, 37.787915334817299 ], [ 26.959057007648948, 37.788185731513536 ] ] ] ] } },
{ "type": "Feature", "properties": { "FX_CODE": 330, "PATH": 180, "ROW": 34, "DATE": 20141224, "ID": 0.0, "Pres_Topo": 1.0 }, "geometry": { "type": "MultiPolygon", "coordinates": [ [ [ [ 26.9812060289172, 37.778997849388844 ], [ 26.980184000332962, 37.778997681948709 ], [ 26.98018392815122, 37.779268079108235 ], [ 26.97848054099228, 37.779267780339623 ], [ 26.978480462604754, 37.779538177483815 ], [ 26.978139783935081, 37.779538114774638 ], [ 26.978139863563566, 37.779267717631043 ], [ 26.977799186135922, 37.779267653937524 ], [ 26.97779910526647, 37.779538051080493 ], [ 26.976777069267207, 37.779537854088282 ], [ 26.97677690007913, 37.780078648333095 ], [ 26.976095537787966, 37.780078512077523 ], [ 26.976095450710204, 37.780348909179942 ], [ 26.974732721177926, 37.780348624846276 ], [ 26.974732629134884, 37.780619021933511 ], [ 26.97473253709061, 37.780889419008297 ], [ 26.975073221953949, 37.780889491570598 ], [ 26.975073131149507, 37.78115988863366 ], [ 26.974732445045102, 37.781159816070648 ], [ 26.97473235299837, 37.781430213120558 ], [ 26.975413727690544, 37.781430357262948 ], [ 26.97541363812477, 37.781700754301816 ], [ 26.974391572365054, 37.781700536608568 ], [ 26.974391665654117, 37.78143013957181 ], [ 26.974050978311116, 37.781430065038037 ], [ 26.974051072840009, 37.78115966798957 ], [ 26.973369700639971, 37.781159515968433 ], [ 26.973369603628921, 37.78142991301543 ], [ 26.97268822895191, 37.781429757052699 ], [ 26.972688129457371, 37.781700154085755 ], [ 26.971666063728595, 37.78169991275162 ], [ 26.971665960509387, 37.781970309769896 ], [ 26.971325270694756, 37.781970227354314 ], [ 26.97098458088152, 37.781970143953671 ], [ 26.970984475178671, 37.782240540957908 ], [ 26.970643784125723, 37.782240456571422 ], [ 26.970643463285217, 37.783051647506987 ], [ 26.970984158061654, 37.783051731895931 ], [ 26.970984263768738, 37.782781334929034 ], [ 26.971324957305413, 37.782781418332085 ], [ 26.971325061769925, 37.78251102135193 ], [ 26.97166575406683, 37.78251110376911 ], [ 26.971665857288802, 37.782240706775717 ], [ 26.972006548345938, 37.782240788207055 ], [ 26.972006650325401, 37.781970391200424 ], [ 26.976094928219183, 37.781971291533232 ], [ 26.976095189469934, 37.781160100412578 ], [ 26.975413817255124, 37.781159960211653 ], [ 26.975413906818503, 37.780889563147909 ], [ 26.976095276551188, 37.780889703347469 ], [ 26.976095363631281, 37.780619306269934 ], [ 26.976776730886531, 37.780619442528142 ], [ 26.976776815483394, 37.780349045436843 ], [ 26.977117497871699, 37.780349112087805 ], [ 26.97711758122642, 37.780078714983411 ], [ 26.979502349287728, 37.780079153956216 ], [ 26.979502423954358, 37.779808756835138 ], [ 26.979843103869104, 37.779808815605044 ], [ 26.979842957016853, 37.780349609835909 ], [ 26.980183639414587, 37.780349667621962 ], [ 26.980183350662514, 37.781431255936631 ], [ 26.979501975939584, 37.781431139375016 ], [ 26.979501901266961, 37.781701536421458 ], [ 26.977798458271927, 37.781701227776423 ], [ 26.977798296512471, 37.782242021825994 ], [ 26.977457605434399, 37.782241957140627 ], [ 26.977457523311905, 37.782512354146121 ], [ 26.97711683099379, 37.782512288475047 ], [ 26.97711649752808, 37.783593876370098 ], [ 26.976775800246326, 37.783593809711398 ], [ 26.976775631024307, 37.78413460358297 ], [ 26.976434931261213, 37.784134535937845 ], [ 26.976434845407244, 37.784404932854329 ], [ 26.976094144404037, 37.784404864223426 ], [ 26.976094057307645, 37.784675261126786 ], [ 26.976434759552127, 37.784675329758365 ], [ 26.977116164044524, 37.78467546406609 ], [ 26.977116247417086, 37.784405067160762 ], [ 26.97745694842369, 37.784405132836277 ], [ 26.977457030553872, 37.78413473591786 ], [ 26.977797730320312, 37.784134800607617 ], [ 26.977797811208148, 37.783864403676134 ], [ 26.978138509734425, 37.783864467380148 ], [ 26.978138828310151, 37.782782879527353 ], [ 26.978138907951418, 37.782512482533058 ], [ 26.978479600272781, 37.782512545248913 ], [ 26.978820292595191, 37.782512606979715 ], [ 26.978820369753105, 37.782242209971777 ], [ 26.979501751918715, 37.782242330477004 ], [ 26.980864516261786, 37.782242559666798 ], [ 26.981205207349923, 37.782242614501619 ], [ 26.981205549685647, 37.780890629255666 ], [ 26.981886919453697, 37.78089073596496 ], [ 26.981887051417427, 37.780349941777423 ], [ 26.981887117397967, 37.780079544665 ], [ 26.981546436236581, 37.780079491804393 ], [ 26.981546637895846, 37.779268300394008 ], [ 26.981205960458301, 37.779268246549996 ], [ 26.9812060289172, 37.778997849388844 ] ], [ [ 26.981205618150046, 37.780620232169163 ], [ 26.981205686613528, 37.780349835070204 ], [ 26.981546369015025, 37.780349888916305 ], [ 26.981546301792573, 37.780620286015782 ], [ 26.981205618150046, 37.780620232169163 ] ] ] ] } },
{ "type": "Feature", "properties": { "FX_CODE": 330, "PATH": 180, "ROW": 34, "DATE": 20141224, "ID": 0.0, "Pres_Topo": 1.0 }, "geometry": { "type": "MultiPolygon", "coordinates": [ [ [ [ 26.977115580405382, 37.786568242055097 ], [ 26.977115330257593, 37.787379432435202 ], [ 26.977456044919169, 37.787379498117708 ], [ 26.977455798485778, 37.788190688387736 ], [ 26.977796516872885, 37.788190753086894 ], [ 26.977796355061503, 37.788731546539296 ], [ 26.978137075932736, 37.788731610254416 ], [ 26.978137155597441, 37.788461213533814 ], [ 26.978477875228208, 37.788461276263043 ], [ 26.978477639955528, 37.789272466389335 ], [ 26.978818363311976, 37.789272528135086 ], [ 26.97881813175464, 37.790083718151202 ], [ 26.979158858836904, 37.790083778913406 ], [ 26.979158934782106, 37.789813382253215 ], [ 26.979159010726288, 37.789542985580603 ], [ 26.979499735326367, 37.789543045356325 ], [ 26.979499884728551, 37.789002251972597 ], [ 26.979159162611616, 37.789002192198033 ], [ 26.979159466370074, 37.787920605283581 ], [ 26.978818749220228, 37.787920544526074 ], [ 26.978818826398779, 37.787650147766961 ], [ 26.978137394585161, 37.787650023297388 ], [ 26.978137474245603, 37.78737962652702 ], [ 26.97779675958185, 37.787379562814984 ], [ 26.977796840482668, 37.787109166032799 ], [ 26.977456127061437, 37.787109101336142 ], [ 26.977456291342676, 37.786568307735706 ], [ 26.977115580405382, 37.786568242055097 ] ] ] ] } },
{ "type": "Feature", "properties": { "FX_CODE": 330, "PATH": 180, "ROW": 34, "DATE": 20141224, "ID": 0.0, "Pres_Topo": 1.0 }, "geometry": { "type": "MultiPolygon", "coordinates": [ [ [ [ 26.977454894812073, 37.791165051753197 ], [ 26.977455059126271, 37.790624258525995 ], [ 26.977114329566067, 37.79062419283585 ], [ 26.977114246167854, 37.790894589455043 ], [ 26.976773515367103, 37.790894522778892 ], [ 26.976773430726098, 37.79116491938499 ], [ 26.976432698684803, 37.791164851722833 ], [ 26.976432612800973, 37.791435248315835 ], [ 26.976091879519132, 37.791435179667644 ], [ 26.976091705264594, 37.791975972814974 ], [ 26.975750969500481, 37.791975903180052 ], [ 26.97575088112972, 37.792246299734394 ], [ 26.975410144125046, 37.792246229113381 ], [ 26.975410054511343, 37.792516625654592 ], [ 26.975069316266104, 37.792516554047474 ], [ 26.975069225409428, 37.792786950575554 ], [ 26.974728485923631, 37.792786877982316 ], [ 26.974728393823945, 37.793057274497244 ], [ 26.974387653097587, 37.793057200917872 ], [ 26.974387559754859, 37.793327597419648 ], [ 26.973706075822282, 37.793327447303128 ], [ 26.973705884165742, 37.793868240266441 ], [ 26.974046628615071, 37.793868315818891 ], [ 26.974046344846276, 37.794679505172738 ], [ 26.981542804985885, 37.794680918044563 ], [ 26.98154267044475, 37.795221710912273 ], [ 26.981883421128433, 37.79522176380155 ], [ 26.981883553185735, 37.794680970932809 ], [ 26.982224301386466, 37.794681022835562 ], [ 26.982224366171895, 37.794410626382017 ], [ 26.982224495740166, 37.793869833437618 ], [ 26.982565240216132, 37.793869884353406 ], [ 26.982565303757124, 37.793599487862046 ], [ 26.982565367297262, 37.793329091358245 ], [ 26.978476463450523, 37.793328415341158 ], [ 26.978135721469719, 37.793328352600994 ], [ 26.977794979489982, 37.793328288875379 ], [ 26.977794817637474, 37.793869081854993 ], [ 26.977454073175146, 37.793869017142676 ], [ 26.977453991005412, 37.794139413613209 ], [ 26.977113245302323, 37.794139347914779 ], [ 26.977113161889612, 37.794409744372217 ], [ 26.975409427181862, 37.794409401094669 ], [ 26.975409516803957, 37.794139004640563 ], [ 26.975409696044544, 37.793598211695006 ], [ 26.975409785663039, 37.793327815203561 ], [ 26.975750527634855, 37.793327885827303 ], [ 26.975750704384652, 37.792787092805732 ], [ 26.977454401843104, 37.792787431136198 ], [ 26.977454812653324, 37.791435448348139 ], [ 26.977454894812073, 37.791165051753197 ] ] ] ] } },
{ "type": "Feature", "properties": { "FX_CODE": 330, "PATH": 180, "ROW": 34, "DATE": 20141224, "ID": 0.0, "Pres_Topo": 1.0 }, "geometry": { "type": "MultiPolygon", "coordinates": [ [ [ [ 27.069439122923612, 37.776815710699019 ], [ 27.069098456972231, 37.776815910954845 ], [ 27.069099463705083, 37.777897499196079 ], [ 27.068077450940798, 37.777898094077415 ], [ 27.0680776989098, 37.778168491112382 ], [ 27.069099715396707, 37.778167896225277 ], [ 27.069099967091702, 37.77843829324204 ], [ 27.069440640488185, 37.778438092974561 ], [ 27.069439122923612, 37.776815710699019 ] ] ] ] } },
{ "type": "Feature", "properties": { "FX_CODE": 330, "PATH": 180, "ROW": 34, "DATE": 20141224, "ID": 0.0, "Pres_Topo": 1.0 }, "geometry": { "type": "MultiPolygon", "coordinates": [ [ [ [ 27.065353273666478, 37.779251622217153 ], [ 27.066715982268722, 37.779250858552082 ], [ 27.06671622529047, 37.779521255532387 ], [ 27.06739758205407, 37.77952086778641 ], [ 27.067396845552931, 37.778709676819432 ], [ 27.06773752020699, 37.778709481474664 ], [ 27.067737026740843, 37.77816868743826 ], [ 27.067396354568583, 37.778168882779227 ], [ 27.067396600059116, 37.778439279805546 ], [ 27.067055926642684, 37.778439474163491 ], [ 27.067056170895587, 37.778709871179252 ], [ 27.066715496234977, 37.778710064554147 ], [ 27.066715739250228, 37.778980461559335 ], [ 27.06535303561175, 37.778981225217017 ], [ 27.065353273666478, 37.779251622217153 ] ] ] ] } },
{ "type": "Feature", "properties": { "FX_CODE": 330, "PATH": 180, "ROW": 34, "DATE": 20141224, "ID": 0.0, "Pres_Topo": 1.0 }, "geometry": { "type": "MultiPolygon", "coordinates": [ [ [ [ 27.042845954853778, 37.740054238069007 ], [ 27.043186452419789, 37.740054113811489 ], [ 27.043186295331324, 37.739783714908938 ], [ 27.043867287979939, 37.739783463445654 ], [ 27.043865851986055, 37.737349872784932 ], [ 27.044546822333885, 37.737349617409691 ], [ 27.044546660312925, 37.737079218387684 ], [ 27.044206176378463, 37.7370793465658 ], [ 27.044205854819744, 37.736538548481995 ], [ 27.043184410433621, 37.736538927108242 ], [ 27.043184567496876, 37.736809326160028 ], [ 27.042844084792272, 37.736809450403094 ], [ 27.042843773144526, 37.736268652284672 ], [ 27.041481852212105, 37.736269139412933 ], [ 27.041481550479105, 37.735728341235323 ], [ 27.039779161651321, 37.73572892800702 ], [ 27.03977930632535, 37.735999327107734 ], [ 27.039779451001309, 37.736269726196007 ], [ 27.040460411491548, 37.736269494433081 ], [ 27.040460558646096, 37.736539893506688 ], [ 27.041482003081633, 37.736539538483093 ], [ 27.041482153953176, 37.736809937540805 ], [ 27.041822636666016, 37.73680981723156 ], [ 27.041823397245963, 37.738161812327768 ], [ 27.041482908341159, 37.738161932642846 ], [ 27.041483059224809, 37.738432331625951 ], [ 27.041142569079547, 37.738432450958683 ], [ 27.041142868375967, 37.738973248889877 ], [ 27.040802375751767, 37.738973367241393 ], [ 27.040802524164491, 37.739243766189482 ], [ 27.040462030299814, 37.739243883558608 ], [ 27.040462324654172, 37.739784681419749 ], [ 27.0401218283105, 37.739784797807594 ], [ 27.040121974252088, 37.740055196720633 ], [ 27.039781476667923, 37.740055312126032 ], [ 27.039781621372907, 37.740325711027765 ], [ 27.039441122548247, 37.740325825450697 ], [ 27.039441552959037, 37.741137022084601 ], [ 27.039782055499472, 37.74113690765833 ], [ 27.03978191078868, 37.740866508793921 ], [ 27.040462913386509, 37.740866276992818 ], [ 27.040463060574517, 37.741136675854982 ], [ 27.040803563109094, 37.741136558477898 ], [ 27.040803414682482, 37.740866159616871 ], [ 27.041143915976466, 37.740866041257327 ], [ 27.041143766313251, 37.740595642384996 ], [ 27.041484266366641, 37.740595523043005 ], [ 27.041484115466851, 37.740325124159405 ], [ 27.041824614279651, 37.740325003835004 ], [ 27.041824462143321, 37.740054604940127 ], [ 27.042845954853778, 37.740054238069007 ] ] ] ] } },
{ "type": "Feature", "properties": { "FX_CODE": 330, "PATH": 180, "ROW": 34, "DATE": 20141224, "ID": 0.0, "Pres_Topo": 1.0 }, "geometry": { "type": "MultiPolygon", "coordinates": [ [ [ [ 27.030914263255926, 37.705717202574732 ], [ 27.030914150945847, 37.705446802055683 ], [ 27.031254490176096, 37.705446712334414 ], [ 27.031254376631097, 37.70517631180379 ], [ 27.030914038637274, 37.705176401524177 ], [ 27.030913814024625, 37.704635600423885 ], [ 27.030233142978087, 37.704635776914238 ], [ 27.030233252810877, 37.70490617747231 ], [ 27.030573589571283, 37.70490608971744 ], [ 27.030573922787735, 37.705717291314521 ], [ 27.030914263255926, 37.705717202574732 ] ] ] ] } },
{ "type": "Feature", "properties": { "FX_CODE": 330, "PATH": 180, "ROW": 34, "DATE": 20141224, "ID": 0.0, "Pres_Topo": 1.0 }, "geometry": { "type": "MultiPolygon", "coordinates": [ [ [ [ 27.034317917206465, 37.706257062129815 ], [ 27.034658260130158, 37.70625696258216 ], [ 27.034658134215867, 37.705986562098055 ], [ 27.034317792528647, 37.705986661644751 ], [ 27.034317917206465, 37.706257062129815 ] ] ] ] } },
{ "type": "Feature", "properties": { "FX_CODE": 330, "PATH": 180, "ROW": 34, "DATE": 20141224, "ID": 0.0, "Pres_Topo": 1.0 }, "geometry": { "type": "MultiPolygon", "coordinates": [ [ [ [ 27.030914263255926, 37.705717202574732 ], [ 27.030914487880587, 37.706258003575563 ], [ 27.031254830820206, 37.706257913851694 ], [ 27.031255057923868, 37.706798714801053 ], [ 27.03193574874453, 37.706798532402637 ], [ 27.031935632718923, 37.70652813193594 ], [ 27.032956665228713, 37.706527850973053 ], [ 27.032956904700566, 37.707068651888569 ], [ 27.033297251340347, 37.707068556267636 ], [ 27.033297372315214, 37.707338956705826 ], [ 27.033637720189915, 37.707338860101565 ], [ 27.033637597978508, 37.707068459664313 ], [ 27.033977944615039, 37.70706836207858 ], [ 27.033977821168744, 37.706797961629846 ], [ 27.0343181665671, 37.706797863062668 ], [ 27.034317917206465, 37.706257062129815 ], [ 27.033637231354096, 37.706257258277979 ], [ 27.033637109149229, 37.705986857791018 ], [ 27.031595058972279, 37.705987422652996 ], [ 27.031594944187784, 37.705717022148107 ], [ 27.030914263255926, 37.705717202574732 ] ] ] ] } },
{ "type": "Feature", "properties": { "FX_CODE": 330, "PATH": 180, "ROW": 34, "DATE": 20141224, "ID": 0.0, "Pres_Topo": 1.0 }, "geometry": { "type": "MultiPolygon", "coordinates": [ [ [ [ 26.943801593359595, 37.686509394440478 ], [ 26.943802001406826, 37.685968591805725 ], [ 26.942781251138452, 37.685968100973817 ], [ 26.942781043410452, 37.686238502292639 ], [ 26.942440792091279, 37.686238336717075 ], [ 26.94244121001498, 37.685697534070194 ], [ 26.941420463485727, 37.685697031463199 ], [ 26.941420888809493, 37.685156228776343 ], [ 26.940400149717075, 37.685155717344379 ], [ 26.94040036608024, 37.684885315987266 ], [ 26.940740611206326, 37.684885487444546 ], [ 26.940740826331432, 37.684615086073343 ], [ 26.941081070225231, 37.68461525654736 ], [ 26.941081497996528, 37.684074453764332 ], [ 26.940741256573016, 37.684074283293626 ], [ 26.940741471689492, 37.683803881885112 ], [ 26.939380510964821, 37.683803190193039 ], [ 26.939380731018822, 37.683532788778798 ], [ 26.938700253144276, 37.683532437046651 ], [ 26.938700030620076, 37.683802838457474 ], [ 26.935637869217889, 37.683801207058956 ], [ 26.935637635574675, 37.684071608441535 ], [ 26.935297394199161, 37.684071422265298 ], [ 26.935296219760403, 37.685423428982688 ], [ 26.93359498205114, 37.685422483331735 ], [ 26.933594499901425, 37.685963285913346 ], [ 26.931893249920517, 37.685962315702525 ], [ 26.931893497173139, 37.685691914427345 ], [ 26.932573994685239, 37.685692305452861 ], [ 26.932574484239744, 37.685151502857636 ], [ 26.932234237952461, 37.685151307839483 ], [ 26.932234729964218, 37.684610505198307 ], [ 26.931894486150568, 37.684610309202313 ], [ 26.931895227848937, 37.683799105153 ], [ 26.925770906481599, 37.683795409476765 ], [ 26.925771445393881, 37.683254606786704 ], [ 26.925090970252604, 37.683254176532664 ], [ 26.925090698328102, 37.683524577879716 ], [ 26.924750459527832, 37.683524361278245 ], [ 26.924750186364594, 37.683794762610781 ], [ 26.925090426399969, 37.683794979214362 ], [ 26.92509015446819, 37.684065380536566 ], [ 26.925430395742314, 37.684065596160643 ], [ 26.925430125042034, 37.684335997472495 ], [ 26.925770367554907, 37.684336212117074 ], [ 26.925770098086154, 37.68460661341858 ], [ 26.926790829351763, 37.684607251468847 ], [ 26.926790563584898, 37.684877652764108 ], [ 26.927471053583425, 37.684878073226955 ], [ 26.927470526979796, 37.685418875788343 ], [ 26.92883151690047, 37.68541970495064 ], [ 26.928831258534228, 37.685690106220726 ], [ 26.929511755985786, 37.685690514915983 ], [ 26.929511500086548, 37.685960916177592 ], [ 26.929851750052698, 37.68596111905471 ], [ 26.929851495385289, 37.68623152030586 ], [ 26.931212500224756, 37.686232322005488 ], [ 26.931212250494994, 37.686502723251976 ], [ 26.93291351279565, 37.686503703298406 ], [ 26.932913269238949, 37.686774104541968 ], [ 26.934614537797412, 37.686775060055652 ], [ 26.934614300413944, 37.68704546129603 ], [ 26.93563506529313, 37.687046022829406 ], [ 26.935634831612425, 37.687316424062814 ], [ 26.935975087813741, 37.687316609278994 ], [ 26.937336112649909, 37.687317340326629 ], [ 26.937335885142733, 37.687587741556491 ], [ 26.93767614259475, 37.687587921865862 ], [ 26.937676368866597, 37.687317520634267 ], [ 26.938356881309033, 37.687317878304412 ], [ 26.938357105107222, 37.687047477056922 ], [ 26.939377870087334, 37.687048006194182 ], [ 26.939377429899892, 37.687588808687003 ], [ 26.939717687369811, 37.687588983106075 ], [ 26.939718343940623, 37.686777779343117 ], [ 26.941079359025636, 37.686778467182194 ], [ 26.941079145112816, 37.687048868455619 ], [ 26.941419400126559, 37.687049037962801 ], [ 26.941419612804079, 37.686778636687741 ], [ 26.941759866585368, 37.686778805211596 ], [ 26.941760078024764, 37.686508403922481 ], [ 26.942100330573599, 37.686508571463015 ], [ 26.942099910162558, 37.687049374032071 ], [ 26.942440165184784, 37.68704954059416 ], [ 26.942440374156408, 37.686779139314233 ], [ 26.943801389331888, 37.686779795739199 ], [ 26.943801593359595, 37.686509394440478 ] ] ] ] } },
{ "type": "Feature", "properties": { "FX_CODE": 330, "PATH": 180, "ROW": 34, "DATE": 20141224, "ID": 0.0, "Pres_Topo": 1.0 }, "geometry": { "type": "MultiPolygon", "coordinates": [ [ [ [ 26.884976779394741, 37.66131931705501 ], [ 26.88497636218316, 37.661589719095659 ], [ 26.884296085652998, 37.661589053782563 ], [ 26.884295246278054, 37.66212985781366 ], [ 26.883955105553856, 37.66212952367944 ], [ 26.883954684624186, 37.662399925673107 ], [ 26.883614542671832, 37.662399590554806 ], [ 26.883614120502727, 37.662669992532791 ], [ 26.883273977322215, 37.66266965643041 ], [ 26.883273130499422, 37.663210460342576 ], [ 26.883953421801394, 37.663211131579516 ], [ 26.88395300084921, 37.663481533523445 ], [ 26.8846332946414, 37.663482200843426 ], [ 26.885313588455968, 37.663482864239953 ], [ 26.885314836489613, 37.66267165833213 ], [ 26.885654979703745, 37.662671988549477 ], [ 26.885655809230776, 37.662131184542382 ], [ 26.885315668484235, 37.66213085433143 ], [ 26.885316916434459, 37.661319648237146 ], [ 26.884976779394741, 37.66131931705501 ] ] ] ] } },
{ "type": "Feature", "properties": { "FX_CODE": 330, "PATH": 180, "ROW": 34, "DATE": 20141224, "ID": 0.0, "Pres_Topo": 1.0 }, "geometry": { "type": "MultiPolygon", "coordinates": [ [ [ [ 27.041136883968171, 37.728157280814514 ], [ 27.041136734398982, 37.727886881357705 ], [ 27.040796292538687, 37.727886999662211 ], [ 27.040115408812159, 37.727887233321809 ], [ 27.04011555466791, 37.728157632782029 ], [ 27.039094225350098, 37.728157975901212 ], [ 27.038753782240338, 37.728158088307964 ], [ 27.038753923146718, 37.728428487760169 ], [ 27.038413478797242, 37.728428599184859 ], [ 27.038413618467661, 37.72869899862571 ], [ 27.037392281694558, 37.728699327004016 ], [ 27.037392553613774, 37.729240125854766 ], [ 27.037052105543339, 37.729240233349955 ], [ 27.037052240267776, 37.729510632757716 ], [ 27.036711790957646, 37.729510739270751 ], [ 27.036712057936086, 37.730051538051036 ], [ 27.036371606148325, 37.730051643582918 ], [ 27.036371738402277, 37.730322042955429 ], [ 27.036031285374808, 37.730322147505106 ], [ 27.036031547412076, 37.730862946214849 ], [ 27.036031678433336, 37.731133345551072 ], [ 27.036372135174744, 37.731133240998361 ], [ 27.036372002915488, 37.730862841663146 ], [ 27.036712458417131, 37.730862736128202 ], [ 27.036712191427984, 37.730321937422531 ], [ 27.037393097474016, 37.730321723407052 ], [ 27.037392961506232, 37.730051324037639 ], [ 27.037052509722059, 37.730051431535948 ], [ 27.037052374994015, 37.729781032153049 ], [ 27.037392825540259, 37.729780924655785 ], [ 27.037392689576109, 37.729510525261482 ], [ 27.038073588187299, 37.729510307319451 ], [ 27.038074003512783, 37.730321505458676 ], [ 27.038754909544142, 37.730321283577403 ], [ 27.038754486791081, 37.72951008544463 ], [ 27.039435385387328, 37.72950985963702 ], [ 27.039435241997619, 37.729239460236741 ], [ 27.039094793938343, 37.729239573631048 ], [ 27.039094367494307, 37.728428375352323 ], [ 27.040796589203417, 37.728427798565697 ], [ 27.040796440870061, 37.728157399120171 ], [ 27.041136883968171, 37.728157280814514 ] ] ] ] } },
{ "type": "Feature", "properties": { "FX_CODE": 330, "PATH": 180, "ROW": 34, "DATE": 20141224, "ID": 0.0, "Pres_Topo": 1.0 }, "geometry": { "type": "MultiPolygon", "coordinates": [ [ [ [ 27.036712725413423, 37.731403534784143 ], [ 27.036714060501989, 37.734107527317683 ], [ 27.036714194020664, 37.734377926502638 ], [ 27.037054665615756, 37.734377819971037 ], [ 27.038076080390141, 37.734377494476007 ], [ 27.038075941918692, 37.734107095295236 ], [ 27.037735471567252, 37.734107204775881 ], [ 27.037735334335828, 37.733836805581625 ], [ 27.037054396103816, 37.733837021590766 ], [ 27.03705318338929, 37.731403428263889 ], [ 27.036712725413423, 37.731403534784143 ] ] ] ] } },
{ "type": "Feature", "properties": { "FX_CODE": 330, "PATH": 180, "ROW": 34, "DATE": 20141224, "ID": 0.0, "Pres_Topo": 1.0 }, "geometry": { "type": "MultiPolygon", "coordinates": [ [ [ [ 26.806363433471862, 37.80804302930288 ], [ 26.806022625819793, 37.8080424686176 ], [ 26.806021918500427, 37.808312862903193 ], [ 26.803977065331047, 37.808309478053822 ], [ 26.803636256502848, 37.808308910461406 ], [ 26.803635540474989, 37.808579304696273 ], [ 26.803294730413647, 37.808578736112402 ], [ 26.803293295843712, 37.80911952453377 ], [ 26.801930045752513, 37.809117240294349 ], [ 26.801929323482081, 37.809387634464215 ], [ 26.800906882286753, 37.809385910915118 ], [ 26.800906156278312, 37.809656305055853 ], [ 26.800224526377718, 37.809655151081962 ], [ 26.800223797873969, 37.809925545199086 ], [ 26.801587062685201, 37.80992784922514 ], [ 26.801587786217752, 37.80965745508572 ], [ 26.804655121422321, 37.809662581412866 ], [ 26.804655833760133, 37.809392187211358 ], [ 26.806019089128352, 37.809394439921022 ], [ 26.806019796485561, 37.809124045685245 ], [ 26.807723859694736, 37.80912683936036 ], [ 26.80772526195333, 37.808586050797345 ], [ 26.808066072137873, 37.808586606563637 ], [ 26.808066772010385, 37.80831621225807 ], [ 26.807044345213061, 37.808314542017456 ], [ 26.807045048804316, 37.808044147715592 ], [ 26.806363433471862, 37.80804302930288 ] ] ] ] } },
{ "type": "Feature", "properties": { "FX_CODE": 330, "PATH": 180, "ROW": 34, "DATE": 20141224, "ID": 0.0, "Pres_Topo": 1.0 }, "geometry": { "type": "MultiPolygon", "coordinates": [ [ [ [ 26.819316766423764, 37.806982026669139 ], [ 26.818975963395182, 37.806981503470233 ], [ 26.818975303333918, 37.807251898005227 ], [ 26.818634499071521, 37.80725137381534 ], [ 26.818293694817971, 37.807250848639526 ], [ 26.818293032262567, 37.807521243151903 ], [ 26.817952226775219, 37.807520716985074 ], [ 26.817951562968279, 37.807791111479901 ], [ 26.817610756247134, 37.807790584322035 ], [ 26.817610091188627, 37.808060978799304 ], [ 26.817609426121216, 37.808331373264132 ], [ 26.817608761044916, 37.808601767716503 ], [ 26.817949571494175, 37.808602294889681 ], [ 26.817950235327757, 37.808331900432215 ], [ 26.818291044543173, 37.808332426614328 ], [ 26.818291707125166, 37.808062032139311 ], [ 26.818973323097154, 37.808063081535501 ], [ 26.818973983184904, 37.807792687037853 ], [ 26.819314789941462, 37.807793210251958 ], [ 26.819316766423764, 37.806982026669139 ] ] ] ] } },
{ "type": "Feature", "properties": { "FX_CODE": 330, "PATH": 180, "ROW": 34, "DATE": 20141224, "ID": 0.0, "Pres_Topo": 1.0 }, "geometry": { "type": "MultiPolygon", "coordinates": [ [ [ [ 26.882746869205576, 37.781374583756005 ], [ 26.882406182800949, 37.781374244250728 ], [ 26.882406611178709, 37.781103847742884 ], [ 26.882065926020879, 37.781103507255885 ], [ 26.88206635563396, 37.78083311073889 ], [ 26.881725671722922, 37.780832769270191 ], [ 26.881725240868796, 37.781103165783875 ], [ 26.880362500318245, 37.781101790045753 ], [ 26.880362064494093, 37.781372186533673 ], [ 26.880021378129921, 37.781371840133261 ], [ 26.88002050398195, 37.781912633065055 ], [ 26.879339126306796, 37.78191193729571 ], [ 26.879338686741811, 37.782182333736209 ], [ 26.878997996671931, 37.782181984370588 ], [ 26.878997555859939, 37.782452380795242 ], [ 26.878316173255616, 37.782451679102081 ], [ 26.878314843337275, 37.783262868281007 ], [ 26.877974148320508, 37.783262515946596 ], [ 26.877292758304819, 37.783261808322528 ], [ 26.877292311263258, 37.783532204680363 ], [ 26.876951615023177, 37.783531849387245 ], [ 26.876951166734422, 37.783802245729191 ], [ 26.876269771789833, 37.783801532180796 ], [ 26.876267968644811, 37.78488311739644 ], [ 26.875927266216536, 37.784882759130696 ], [ 26.875925910070524, 37.785693947901343 ], [ 26.875585203924352, 37.785693588640036 ], [ 26.875583843999845, 37.786504777288229 ], [ 26.875243134135648, 37.786504417031274 ], [ 26.875242679573951, 37.786774813218962 ], [ 26.87490196847444, 37.786774451973301 ], [ 26.874561257381021, 37.786774089742451 ], [ 26.874560800330425, 37.787044485910684 ], [ 26.873879375679117, 37.787043758486298 ], [ 26.873878916139549, 37.787314154635034 ], [ 26.873197489029966, 37.787313423262688 ], [ 26.873196102925622, 37.788124611612993 ], [ 26.872855385655704, 37.788124244438315 ], [ 26.872854922367068, 37.788394640526626 ], [ 26.872514203861854, 37.788394272363128 ], [ 26.872513739325509, 37.788664668435445 ], [ 26.872173019584995, 37.788664299283106 ], [ 26.871491580122676, 37.788663558022591 ], [ 26.87149111185553, 37.788933954071702 ], [ 26.871489707016533, 37.789745142144348 ], [ 26.870126808302334, 37.789743647742135 ], [ 26.870126335043764, 37.790014043726984 ], [ 26.869104157349735, 37.790012912568592 ], [ 26.869103203363899, 37.790553704479038 ], [ 26.868421746633274, 37.79055294543214 ], [ 26.868421267147497, 37.790823341361346 ], [ 26.868080537550153, 37.790822960356181 ], [ 26.868081018277572, 37.790552564430662 ], [ 26.8677402899283, 37.790552182443861 ], [ 26.867739325983731, 37.791092974275045 ], [ 26.867398595157603, 37.791092591295481 ], [ 26.867398111933969, 37.791362987188684 ], [ 26.86705737987263, 37.791362603220037 ], [ 26.867056895400843, 37.791632999097089 ], [ 26.86637542881423, 37.791632228196221 ], [ 26.866374941852545, 37.791902624053371 ], [ 26.865693472808562, 37.791901849203484 ], [ 26.865692983356915, 37.792172245040661 ], [ 26.86535224760301, 37.792171856133869 ], [ 26.865351756903074, 37.792442251954846 ], [ 26.864670282931485, 37.792441471177504 ], [ 26.86466831013184, 37.793523054306675 ], [ 26.864327568188799, 37.793522662424721 ], [ 26.864327073730571, 37.793793058172092 ], [ 26.865690046509556, 37.793794619802377 ], [ 26.865690536000479, 37.793524224039878 ], [ 26.866712761928039, 37.793525384904086 ], [ 26.866714219185411, 37.792714197508175 ], [ 26.867054957448904, 37.792714582480819 ], [ 26.867055926437832, 37.792173790813848 ], [ 26.867396662224301, 37.792174174793658 ], [ 26.867397145467319, 37.79190377893778 ], [ 26.867737880018527, 37.791904161928478 ], [ 26.867738362013377, 37.791633766056435 ], [ 26.868079095329321, 37.791634148058044 ], [ 26.868080056816304, 37.791093356269243 ], [ 26.868761518500726, 37.791094117301583 ], [ 26.868761996751257, 37.790823721381145 ], [ 26.870465644865654, 37.790825606699919 ], [ 26.870466588931166, 37.790284814785188 ], [ 26.872170224787038, 37.790286675434118 ], [ 26.872170690602275, 37.790016279440074 ], [ 26.872511416550591, 37.79001664861029 ], [ 26.872512345679198, 37.789475856577688 ], [ 26.872853069150558, 37.789476224755447 ], [ 26.872853532463978, 37.789205828716923 ], [ 26.873194254699975, 37.78920619590582 ], [ 26.873194716765656, 37.788935799851281 ], [ 26.873876158773079, 37.788936531266131 ], [ 26.873877077919822, 37.788395739105539 ], [ 26.87421779644972, 37.788396103327983 ], [ 26.8742191713993, 37.787584914983199 ], [ 26.8749006010286, 37.787585640451198 ], [ 26.874901056849975, 37.787315244304345 ], [ 26.875241770432332, 37.787315605556991 ], [ 26.875242225006183, 37.787045209394201 ], [ 26.875582937353187, 37.787045569658126 ], [ 26.875583390679548, 37.786775173479406 ], [ 26.876605524032637, 37.786776248349469 ], [ 26.876607322380991, 37.785694663468462 ], [ 26.87694802854525, 37.785695019774259 ], [ 26.876948925200704, 37.785154227252171 ], [ 26.877971036281465, 37.785155290237974 ], [ 26.877971925465207, 37.784614497645514 ], [ 26.878994029151745, 37.784615551744515 ], [ 26.878994910864169, 37.784074759081875 ], [ 26.87933560962232, 37.784075108471171 ], [ 26.879336488828713, 37.783534315751979 ], [ 26.879677185110296, 37.783534664149407 ], [ 26.879678061810793, 37.782993871373698 ], [ 26.88104083706607, 37.782995255085687 ], [ 26.881039970295088, 37.783536047888219 ], [ 26.881380666605818, 37.783536391360187 ], [ 26.881380234452848, 37.783806787746101 ], [ 26.881720932010573, 37.783807130236298 ], [ 26.881721793828319, 37.783266337445362 ], [ 26.882062488909394, 37.783266678943825 ], [ 26.882062918568444, 37.782996282526398 ], [ 26.88240361241408, 37.782996623036475 ], [ 26.882405326028245, 37.781915037229084 ], [ 26.882064637147167, 37.781914696732201 ], [ 26.882065066777482, 37.781644300252538 ], [ 26.882746442063169, 37.781644980254697 ], [ 26.882746869205576, 37.781374583756005 ] ] ] ] } },
{ "type": "Feature", "properties": { "FX_CODE": 330, "PATH": 180, "ROW": 34, "DATE": 20141224, "ID": 0.0, "Pres_Topo": 1.0 }, "geometry": { "type": "MultiPolygon", "coordinates": [ [ [ [ 26.907966394160173, 37.77436665474351 ], [ 26.907965723784631, 37.774907448809174 ], [ 26.907284409786339, 37.774906914720852 ], [ 26.907284747457698, 37.77463651769942 ], [ 26.906944091705991, 37.774636249180666 ], [ 26.906943752793961, 37.774906646199504 ], [ 26.906943074956303, 37.775447440199841 ], [ 26.906602415487058, 37.77544717068848 ], [ 26.906602075320709, 37.775717567667371 ], [ 26.907283396745171, 37.775718105710496 ], [ 26.907284072110464, 37.775177311729848 ], [ 26.908646705087737, 37.775178375977617 ], [ 26.908647703213735, 37.774367184882394 ], [ 26.907966394160173, 37.77436665474351 ] ] ] ] } },
{ "type": "Feature", "properties": { "FX_CODE": 330, "PATH": 180, "ROW": 34, "DATE": 20141224, "ID": 0.0, "Pres_Topo": 1.0 }, "geometry": { "type": "MultiPolygon", "coordinates": [ [ [ [ 26.963157572053284, 37.7641217254818 ], [ 26.962816964156332, 37.764121618508462 ], [ 26.962816828785943, 37.764392016311483 ], [ 26.962476219650767, 37.764391908352692 ], [ 26.962475946424437, 37.764932703919335 ], [ 26.96213533481097, 37.764932594973992 ], [ 26.962135196954982, 37.765202992737599 ], [ 26.961794584103281, 37.76520288280674 ], [ 26.961794445005349, 37.765473280556854 ], [ 26.961794166803909, 37.766014076019736 ], [ 26.962134783375959, 37.766014185953772 ], [ 26.962134921237478, 37.765743788227482 ], [ 26.96247553657124, 37.76574389717598 ], [ 26.962475673190799, 37.765473499436204 ], [ 26.962816287286277, 37.76547360739918 ], [ 26.96281655803973, 37.764932811880222 ], [ 26.963838392896402, 37.764933129856203 ], [ 26.963838524550216, 37.764662732074981 ], [ 26.963497914169608, 37.764662627068439 ], [ 26.963498047061709, 37.764392229275806 ], [ 26.963157437922927, 37.764392123285852 ], [ 26.963157572053284, 37.7641217254818 ] ] ] ] } },
{ "type": "Feature", "properties": { "FX_CODE": 330, "PATH": 180, "ROW": 34, "DATE": 20141224, "ID": 0.0, "Pres_Topo": 1.0 }, "geometry": { "type": "MultiPolygon", "coordinates": [ [ [ [ 26.992106057057814, 37.794141306384681 ], [ 26.992106085827576, 37.793870909895816 ], [ 26.991765341334087, 37.793870886573117 ], [ 26.991765371345306, 37.793600490072059 ], [ 26.99142462809407, 37.793600465764108 ], [ 26.991424659346713, 37.793330069250828 ], [ 26.991083917337718, 37.793330043957681 ], [ 26.991083949831754, 37.793059647432209 ], [ 26.989380246002682, 37.793059506186076 ], [ 26.989380400809853, 37.791977919965262 ], [ 26.988698929215882, 37.791977856571194 ], [ 26.988698970399838, 37.791707459985503 ], [ 26.988358235845396, 37.791707426810689 ], [ 26.988358320695056, 37.791166633602622 ], [ 26.988017588624587, 37.791166599443088 ], [ 26.988017763283711, 37.790085012878961 ], [ 26.987336309077758, 37.79008494160653 ], [ 26.987336493660226, 37.789003354846116 ], [ 26.988017937933485, 37.789003426115784 ], [ 26.988018112573922, 37.787921839153526 ], [ 26.987677395403068, 37.787921804012711 ], [ 26.987677530101649, 37.787110613661419 ], [ 26.98733681665578, 37.787110577536382 ], [ 26.987336770515409, 37.787380974332244 ], [ 26.9873365398043, 37.788732958124896 ], [ 26.986655098016595, 37.788732882914765 ], [ 26.986314377123708, 37.788732843831781 ], [ 26.986314277385627, 37.789273637259548 ], [ 26.986655000761619, 37.789273676343299 ], [ 26.986654757612797, 37.790625659696865 ], [ 26.98699548719749, 37.790625697797161 ], [ 26.986995439807437, 37.790896094430913 ], [ 26.987336170634428, 37.790896131546212 ], [ 26.987336124485417, 37.791166528167885 ], [ 26.9876768565547, 37.791166564298173 ], [ 26.987676811646768, 37.791436960907753 ], [ 26.987676766738232, 37.791707357504897 ], [ 26.988017501291523, 37.791707392650487 ], [ 26.988017457624114, 37.791977789235531 ], [ 26.988017326618383, 37.792788978916008 ], [ 26.988358066139266, 37.792789013077531 ], [ 26.988358023711314, 37.793059409613136 ], [ 26.989039505238352, 37.793059474980538 ], [ 26.989039465293455, 37.793329871504319 ], [ 26.989380207299593, 37.79332990271017 ], [ 26.989380168595986, 37.793600299221836 ], [ 26.990061655093452, 37.79360035867775 ], [ 26.990061618873018, 37.793870755177544 ], [ 26.990402363364328, 37.793870783427579 ], [ 26.990402328385269, 37.794141179915215 ], [ 26.991083819852999, 37.794141233459428 ], [ 26.992106057057814, 37.794141306384681 ] ] ] ] } },
{ "type": "Feature", "properties": { "FX_CODE": 330, "PATH": 180, "ROW": 34, "DATE": 20141224, "ID": 0.0, "Pres_Topo": 1.0 }, "geometry": { "type": "MultiPolygon", "coordinates": [ [ [ [ 26.992106057057814, 37.794141306384681 ], [ 26.99210599951714, 37.794682099325044 ], [ 26.992105913203243, 37.795493288642284 ], [ 26.992105884431172, 37.795763685056471 ], [ 26.991765131244318, 37.795763661732181 ], [ 26.991765101229888, 37.796034058133706 ], [ 26.990402083518745, 37.796033954980196 ], [ 26.990402118501081, 37.795763558579665 ], [ 26.988698352582684, 37.795763407464513 ], [ 26.988698393774349, 37.795493011053011 ], [ 26.988016889894652, 37.795492943708865 ], [ 26.988016846219068, 37.79576334011972 ], [ 26.987676093038125, 37.795763304969014 ], [ 26.98767604811998, 37.796033701367094 ], [ 26.985972276014735, 37.79603351082875 ], [ 26.985290767177311, 37.796033427714619 ], [ 26.983246240682771, 37.796033154719176 ], [ 26.983246179618117, 37.796303551099506 ], [ 26.983927690930525, 37.796303646041089 ], [ 26.983927573766842, 37.796844438766264 ], [ 26.98563136448146, 37.796844658877298 ], [ 26.985631102610427, 37.798196640483162 ], [ 26.985971866965897, 37.798196681550635 ], [ 26.985971815831718, 37.798467077834893 ], [ 26.987334878228779, 37.798467232250104 ], [ 26.98733497055952, 37.797926439666178 ], [ 26.987675733676134, 37.79792647580522 ], [ 26.987675823520238, 37.797385683170816 ], [ 26.98835734478692, 37.797385752490705 ], [ 26.988357429660411, 37.796844959805206 ], [ 26.991765011184189, 37.796845247263647 ], [ 26.991765041199823, 37.796574850899432 ], [ 26.992105798112657, 37.796574874224405 ], [ 26.992105855658721, 37.796034081458238 ], [ 26.992446610087935, 37.796034103797211 ], [ 26.992446637618411, 37.795763707395238 ], [ 26.993128143993982, 37.795763749116162 ], [ 26.993128169040169, 37.795493352701342 ], [ 26.992787417094167, 37.795493332333848 ], [ 26.992787522243248, 37.794411746550949 ], [ 26.992446775265275, 37.794411725198756 ], [ 26.992446802793545, 37.794141328722141 ], [ 26.992106057057814, 37.794141306384681 ] ] ] ] } },
{ "type": "Feature", "properties": { "FX_CODE": 330, "PATH": 180, "ROW": 34, "DATE": 20141224, "ID": 0.0, "Pres_Topo": 1.0 }, "geometry": { "type": "MultiPolygon", "coordinates": [ [ [ [ 27.060577615197246, 37.771683049543419 ], [ 27.060578056403902, 37.772223844252444 ], [ 27.060918701343208, 37.772223668647115 ], [ 27.060919145042739, 37.772764463302984 ], [ 27.061259792460152, 37.772764286709524 ], [ 27.061260015554929, 37.773034684017084 ], [ 27.061600664209923, 37.773034506437192 ], [ 27.061599991212908, 37.772223314482339 ], [ 27.061259346279552, 37.772223492057087 ], [ 27.061259123193725, 37.771953094712202 ], [ 27.060918479497897, 37.771953271300532 ], [ 27.060918257655548, 37.771682873941472 ], [ 27.060577615197246, 37.771683049543419 ] ] ] ] } },
{ "type": "Feature", "properties": { "FX_CODE": 330, "PATH": 180, "ROW": 34, "DATE": 20141224, "ID": 0.0, "Pres_Topo": 1.0 }, "geometry": { "type": "MultiPolygon", "coordinates": [ [ [ [ 27.060577615197246, 37.771683049543419 ], [ 27.060577394598344, 37.771412652170248 ], [ 27.06023675337757, 37.771412826785806 ], [ 27.060236972735993, 37.771683224160668 ], [ 27.060577615197246, 37.771683049543419 ] ] ] ] } },
{ "type": "Feature", "properties": { "FX_CODE": 330, "PATH": 180, "ROW": 34, "DATE": 20141224, "ID": 0.0, "Pres_Topo": 1.0 }, "geometry": { "type": "MultiPolygon", "coordinates": [ [ [ [ 27.06023675337757, 37.771412826785806 ], [ 27.060236314669528, 37.770872031998756 ], [ 27.05955503718101, 37.770872378269139 ], [ 27.059555254052675, 37.771142775672232 ], [ 27.059895894038835, 37.771142603027691 ], [ 27.059896112153865, 37.771413000416693 ], [ 27.06023675337757, 37.771412826785806 ] ] ] ] } },
{ "type": "Feature", "properties": { "FX_CODE": 330, "PATH": 180, "ROW": 34, "DATE": 20141224, "ID": 0.0, "Pres_Topo": 1.0 }, "geometry": { "type": "MultiPolygon", "coordinates": [ [ [ [ 27.054061142574138, 37.710846469621359 ], [ 27.054060946136261, 37.710576069419353 ], [ 27.053039858367043, 37.71057653317358 ], [ 27.053039665642004, 37.710306132954628 ], [ 27.052358942923085, 37.71030643720853 ], [ 27.052358752674063, 37.710036036974209 ], [ 27.052018392547495, 37.71003618762591 ], [ 27.052017825525756, 37.709224986843985 ], [ 27.051677469106725, 37.70922513650882 ], [ 27.051677281341185, 37.708954736221855 ], [ 27.051336926156296, 37.708954884902774 ], [ 27.051336739629907, 37.708684484601939 ], [ 27.050656031725939, 37.708684779013524 ], [ 27.050656215779053, 37.708955179317201 ], [ 27.050996570968916, 37.708955032601224 ], [ 27.050996756261146, 37.709225432891067 ], [ 27.051337112685182, 37.709225285191188 ], [ 27.051337672286802, 37.710036485981796 ], [ 27.051337858825665, 37.710306886220472 ], [ 27.051678220193985, 37.710306737532349 ], [ 27.051678595752684, 37.710847537969507 ], [ 27.052018959591983, 37.71084738829596 ], [ 27.052019148611869, 37.711117788494441 ], [ 27.053040243824849, 37.711117333574158 ], [ 27.053040051094658, 37.710846933380083 ], [ 27.054061142574138, 37.710846469621359 ] ] ] ] } },
{ "type": "Feature", "properties": { "FX_CODE": 330, "PATH": 180, "ROW": 34, "DATE": 20141224, "ID": 0.0, "Pres_Topo": 1.0 }, "geometry": { "type": "MultiPolygon", "coordinates": [ [ [ [ 27.057123794171336, 37.710033824686782 ], [ 27.056443073989684, 37.710034152517963 ], [ 27.056442868902771, 37.709763752289476 ], [ 27.056102510044528, 37.709763914729713 ], [ 27.056103529322847, 37.711115915755713 ], [ 27.055763164278193, 37.711116077221291 ], [ 27.055763366905254, 37.711386477390747 ], [ 27.055082634334269, 37.711386797377344 ], [ 27.055082434180786, 37.71111639720479 ], [ 27.054742069128057, 37.711116555722718 ], [ 27.05474187021402, 37.710846155536188 ], [ 27.054061142574138, 37.710846469621359 ], [ 27.054061339014638, 37.711116869810937 ], [ 27.054401704072667, 37.711116713258093 ], [ 27.054401901752581, 37.71138711343373 ], [ 27.054742268044755, 37.71138695589682 ], [ 27.054742665886131, 37.711927756207722 ], [ 27.055083034649265, 37.711927597685182 ], [ 27.05508323481078, 37.712197997820432 ], [ 27.055423604808073, 37.71219783831377 ], [ 27.055423806209117, 37.712468238435051 ], [ 27.055424007612849, 37.71273863854389 ], [ 27.055764380081172, 37.712738478051527 ], [ 27.055763772167492, 37.711927277692375 ], [ 27.056444509674876, 37.711926953769257 ], [ 27.056443689266885, 37.710845353128825 ], [ 27.057124416868952, 37.710845025288116 ], [ 27.057123794171336, 37.710033824686782 ] ] ] ] } },
{ "type": "Feature", "properties": { "FX_CODE": 330, "PATH": 180, "ROW": 34, "DATE": 20141224, "ID": 0.0, "Pres_Topo": 1.0 }, "geometry": { "type": "MultiPolygon", "coordinates": [ [ [ [ 27.049632986235462, 37.705710809054914 ], [ 27.049632445299881, 37.704899607646311 ], [ 27.048611435337381, 37.704900032995333 ], [ 27.048611258739509, 37.704629632496804 ], [ 27.048270923316991, 37.704629772313801 ], [ 27.048270572601066, 37.704088971276747 ], [ 27.047930239648927, 37.704089110108733 ], [ 27.047929891415045, 37.703548309019254 ], [ 27.047589560933243, 37.703548446866257 ], [ 27.047589906694462, 37.704089247958414 ], [ 27.047249573737687, 37.704089384825792 ], [ 27.047249402092259, 37.703818984284609 ], [ 27.04690907036953, 37.703819120168362 ], [ 27.046909411189979, 37.704359921240929 ], [ 27.047249745385407, 37.704359785354526 ], [ 27.047250088687733, 37.704900586374741 ], [ 27.046909752019541, 37.704900722263766 ], [ 27.046910092858219, 37.705441523236871 ], [ 27.046569753714923, 37.705441658146185 ], [ 27.046570599669131, 37.706793660367907 ], [ 27.046910944994792, 37.706793525452049 ], [ 27.046910774562924, 37.706523125033883 ], [ 27.0472511186498, 37.706522989136964 ], [ 27.047250946983716, 37.706252588707663 ], [ 27.047591289831807, 37.70625245182967 ], [ 27.047591116931546, 37.705982051389284 ], [ 27.047931458540859, 37.705981913530252 ], [ 27.04793111027438, 37.705441112614842 ], [ 27.048271449408464, 37.705440973776135 ], [ 27.048271274042296, 37.70517057330111 ], [ 27.049292287721148, 37.705170150895 ], [ 27.049292645874417, 37.705710951824386 ], [ 27.049632986235462, 37.705710809054914 ] ] ] ] } },
{ "type": "Feature", "properties": { "FX_CODE": 330, "PATH": 180, "ROW": 34, "DATE": 20141224, "ID": 0.0, "Pres_Topo": 1.0 }, "geometry": { "type": "MultiPolygon", "coordinates": [ [ [ [ 27.050655295538078, 37.707603177674407 ], [ 27.050995644544919, 37.707603030965544 ], [ 27.050994718182857, 37.706251029019022 ], [ 27.050654375358626, 37.706251175720794 ], [ 27.050654191330114, 37.705980775292772 ], [ 27.050313849739897, 37.705980921010735 ], [ 27.050313666950306, 37.705710520568864 ], [ 27.049632986235462, 37.705710809054914 ], [ 27.049633166552145, 37.705981209499569 ], [ 27.049973508147236, 37.705981065746343 ], [ 27.049973689702799, 37.706251466177179 ], [ 27.049973871260793, 37.706521866595587 ], [ 27.050314215326416, 37.706521721857179 ], [ 27.050314398123341, 37.706792122261746 ], [ 27.050654743423028, 37.706791976539542 ], [ 27.050655295538078, 37.707603177674407 ] ] ] ] } },
{ "type": "Feature", "properties": { "FX_CODE": 330, "PATH": 180, "ROW": 34, "DATE": 20141224, "ID": 0.0, "Pres_Topo": 1.0 }, "geometry": { "type": "MultiPolygon", "coordinates": [ [ [ [ 27.01593881823786, 37.703556973082101 ], [ 27.015938760337381, 37.703286572434749 ], [ 27.015598430946859, 37.703286617946759 ], [ 27.015598600941651, 37.704097819852862 ], [ 27.015938934041149, 37.70409777433953 ], [ 27.015939049847528, 37.704638575547214 ], [ 27.016279385418986, 37.704638529050683 ], [ 27.016279444559729, 37.704908929635423 ], [ 27.016960118173035, 37.704908833694454 ], [ 27.016960056559508, 37.704638433110638 ], [ 27.016619720989652, 37.704638481571813 ], [ 27.016619600237803, 37.704097680365948 ], [ 27.016279267139868, 37.704097727843894 ], [ 27.016279208001496, 37.703827327221845 ], [ 27.015938876139117, 37.703827373717026 ], [ 27.01593881823786, 37.703556973082101 ] ] ] ] } },
{ "type": "Feature", "properties": { "FX_CODE": 330, "PATH": 180, "ROW": 34, "DATE": 20141224, "ID": 0.0, "Pres_Topo": 1.0 }, "geometry": { "type": "MultiPolygon", "coordinates": [ [ [ [ 26.970643463285217, 37.783051647506987 ], [ 26.970302768510212, 37.783051562132961 ], [ 26.970302552126984, 37.783592356026162 ], [ 26.969621157616515, 37.783592182319474 ], [ 26.969621046940276, 37.783862579245721 ], [ 26.969280348446027, 37.783862490913883 ], [ 26.969280236527059, 37.784132887826836 ], [ 26.967917437600214, 37.784132524644775 ], [ 26.967917320714704, 37.784402921541783 ], [ 26.9675766197456, 37.784402828282566 ], [ 26.967576383487319, 37.784943622037424 ], [ 26.96723568003722, 37.784943527791256 ], [ 26.967235560664399, 37.785213924649099 ], [ 26.967916970048798, 37.78521411215813 ], [ 26.967917086938996, 37.784943715298454 ], [ 26.969279900761176, 37.784944078491051 ], [ 26.969280012684635, 37.784673681615423 ], [ 26.970642821565587, 37.784674029042236 ], [ 26.970642928522434, 37.784403632150799 ], [ 26.97098362950501, 37.784403716543835 ], [ 26.970984052353153, 37.783322128850386 ], [ 26.970643356335522, 37.783322044460625 ], [ 26.970643463285217, 37.783051647506987 ] ] ] ] } },
{ "type": "Feature", "properties": { "FX_CODE": 330, "PATH": 180, "ROW": 34, "DATE": 20141224, "ID": 0.0, "Pres_Topo": 1.0 }, "geometry": { "type": "MultiPolygon", "coordinates": [ [ [ [ 26.959451447339294, 37.689760629831405 ], [ 26.959451152880661, 37.690301432242556 ], [ 26.960131692819704, 37.690301664278508 ], [ 26.960131548058463, 37.690572065467677 ], [ 26.96115236168804, 37.690572406161294 ], [ 26.96115207957299, 37.691113208508945 ], [ 26.961492353257722, 37.691113320111995 ], [ 26.96149193377774, 37.691924523543499 ], [ 26.961832211171085, 37.691924634167925 ], [ 26.961832349764016, 37.69165423303545 ], [ 26.964894835265138, 37.691655184461744 ], [ 26.964894962735993, 37.691384783307619 ], [ 26.964214412861217, 37.691384578754572 ], [ 26.964214542801493, 37.691114177590002 ], [ 26.963533995404795, 37.691113969111562 ], [ 26.963534127814434, 37.690843567936568 ], [ 26.962513310439345, 37.69084324785819 ], [ 26.962513446553803, 37.690572846673888 ], [ 26.96183290411722, 37.690572628381233 ], [ 26.961833042700885, 37.690302227186599 ], [ 26.961152502742738, 37.690302004968807 ], [ 26.96115264379555, 37.690031603763899 ], [ 26.96047210631594, 37.690031377621025 ], [ 26.960472249837828, 37.689760976405886 ], [ 26.959451447339294, 37.689760629831405 ] ] ] ] } },
{ "type": "Feature", "properties": { "FX_CODE": 330, "PATH": 180, "ROW": 34, "DATE": 20141224, "ID": 0.0, "Pres_Topo": 1.0 }, "geometry": { "type": "MultiPolygon", "coordinates": [ [ [ [ 27.035698102687373, 37.745464596197614 ], [ 27.035017057920964, 37.745464800491646 ], [ 27.0350171853202, 37.745735199159292 ], [ 27.034676661695542, 37.745735299831637 ], [ 27.034676535535198, 37.745464901163018 ], [ 27.033995490758613, 37.745465099554508 ], [ 27.033995738125405, 37.746005896883162 ], [ 27.033314688386618, 37.746006091343382 ], [ 27.03331480959465, 37.74627648999094 ], [ 27.033314930804298, 37.74654688862605 ], [ 27.032633876103301, 37.746547079154851 ], [ 27.032634113571611, 37.747087876391461 ], [ 27.032634351046269, 37.747628673578333 ], [ 27.032293818737461, 37.747628767370685 ], [ 27.032293936238148, 37.747899165946357 ], [ 27.031953402688746, 37.747899258755766 ], [ 27.031953518951966, 37.748169657319913 ], [ 27.031612984161967, 37.748169749146356 ], [ 27.031272449370427, 37.748169839988954 ], [ 27.031272563157092, 37.748440238542422 ], [ 27.03025095505625, 37.748440505169654 ], [ 27.030251065127221, 37.748710903713288 ], [ 27.029229453295912, 37.748711161488238 ], [ 27.028888916015944, 37.748711245445485 ], [ 27.028889021132031, 37.748981643979981 ], [ 27.028548482611566, 37.748981726954149 ], [ 27.028548586489954, 37.749252125477014 ], [ 27.028208046728999, 37.749252207468096 ], [ 27.028208252011677, 37.749793004478107 ], [ 27.028208457299847, 37.750333801438366 ], [ 27.027527367860657, 37.750333962475082 ], [ 27.027527468028424, 37.750604360938127 ], [ 27.027186922067624, 37.750604439981352 ], [ 27.027187020997523, 37.750874838432715 ], [ 27.026505926593558, 37.75087499356885 ], [ 27.026506023046341, 37.751145392009285 ], [ 27.025484377713095, 37.751145617336064 ], [ 27.025484841407284, 37.752497609362557 ], [ 27.025825396049321, 37.752497535233999 ], [ 27.025825677998728, 37.7533087302985 ], [ 27.028550144832469, 37.753308101827535 ], [ 27.028550456538486, 37.754119296761829 ], [ 27.029231580669681, 37.754119129798873 ], [ 27.029231793438353, 37.754659926356318 ], [ 27.029572357980683, 37.7546598413971 ], [ 27.029572788493013, 37.755741434359415 ], [ 27.029232218992767, 37.755741519321916 ], [ 27.029232431778514, 37.756282315730097 ], [ 27.027870143847259, 37.756282645745316 ], [ 27.027870245284053, 37.756553043933955 ], [ 27.026848525602652, 37.756553281114179 ], [ 27.026848623322095, 37.756823679292673 ], [ 27.026167474382127, 37.756823832493552 ], [ 27.025826899910225, 37.756823907617765 ], [ 27.025826993912215, 37.757094305786033 ], [ 27.025827369932745, 37.758175898334699 ], [ 27.026508531271475, 37.758175747094811 ], [ 27.026849111938908, 37.75817566999855 ], [ 27.027189692605038, 37.758175591918082 ], [ 27.027189791571992, 37.758445990021194 ], [ 27.027530373476466, 37.75844591095575 ], [ 27.02923328297841, 37.758445500865307 ], [ 27.029233389384796, 37.758715898951237 ], [ 27.029573972520669, 37.758715813979663 ], [ 27.029574187817136, 37.759256610112566 ], [ 27.029914773430992, 37.759256524155106 ], [ 27.029915209000247, 37.760338116268308 ], [ 27.03025579957168, 37.760338029323222 ], [ 27.030255909707439, 37.760608427319596 ], [ 27.029915317896201, 37.760608514265499 ], [ 27.029915426793611, 37.760878912250263 ], [ 27.030256019844664, 37.760878825303521 ], [ 27.030256129983368, 37.761149223274998 ], [ 27.031277912847138, 37.761148956526341 ], [ 27.031278254430891, 37.761960150358398 ], [ 27.032300048439765, 37.761959874742928 ], [ 27.032300166023759, 37.762230272659401 ], [ 27.032981364501644, 37.762230083992229 ], [ 27.032981484567053, 37.762500481894442 ], [ 27.034343886463088, 37.762500092744098 ], [ 27.034344011489832, 37.762770490630096 ], [ 27.036047020021801, 37.762769982039181 ], [ 27.036047151249974, 37.763040379907807 ], [ 27.03706896006808, 37.763040062937748 ], [ 27.037069095017909, 37.763310460790883 ], [ 27.037750303367581, 37.76331024455353 ], [ 27.037750165937819, 37.763039846702497 ], [ 27.039793783502407, 37.763039174371634 ], [ 27.039793928371967, 37.763309572216137 ], [ 27.041496949155828, 37.763308984864317 ], [ 27.041497251300676, 37.763849780504657 ], [ 27.041837857931437, 37.763849660078797 ], [ 27.042178464560163, 37.763849538668538 ], [ 27.042178618115649, 37.764119936467708 ], [ 27.042519225982339, 37.764119814071854 ], [ 27.04320044170948, 37.764119566326883 ], [ 27.04320059898712, 37.764389964110023 ], [ 27.043541208087579, 37.764389838759705 ], [ 27.043541366607371, 37.764660236529188 ], [ 27.04456319761611, 37.764659854567974 ], [ 27.044903807948039, 37.76465972527869 ], [ 27.044903971430212, 37.764930123030801 ], [ 27.04524458300002, 37.764929992755818 ], [ 27.045585194567625, 37.764929861496398 ], [ 27.045585360532151, 37.765200259233524 ], [ 27.045925973337617, 37.765200126988375 ], [ 27.046266586140849, 37.765199993758777 ], [ 27.046266754587794, 37.765470391480896 ], [ 27.046607368628873, 37.765470257265548 ], [ 27.046947982667682, 37.765470122065729 ], [ 27.046948153597103, 37.765740519772784 ], [ 27.047288768873745, 37.765740383587179 ], [ 27.047629384148081, 37.76574024641711 ], [ 27.047969999420097, 37.765740108262563 ], [ 27.047970174072205, 37.766010505953211 ], [ 27.048310790582018, 37.766010366812843 ], [ 27.048651407089476, 37.766010226687989 ], [ 27.048651584224217, 37.766280624363482 ], [ 27.048992201969455, 37.766280483252771 ], [ 27.049332819712308, 37.766280341157589 ], [ 27.0493315624575, 37.764387557187099 ], [ 27.046266080813542, 37.7643888005178 ], [ 27.046265912375606, 37.764118402745929 ], [ 27.045244088839908, 37.76411879946599 ], [ 27.045243924124275, 37.763848401677826 ], [ 27.043881497672643, 37.763848916851103 ], [ 27.043881337919213, 37.763578519045524 ], [ 27.042859521777999, 37.763578895085566 ], [ 27.042859365746654, 37.763308497263893 ], [ 27.041837553306607, 37.763308864440802 ], [ 27.041837400997245, 37.763038466603142 ], [ 27.04081559225877, 37.763038824917082 ], [ 27.040815443671296, 37.762768427063513 ], [ 27.039453036952047, 37.762768891029651 ], [ 27.039452893326295, 37.762498493159143 ], [ 27.038431091986435, 37.762498830794605 ], [ 27.038430952082354, 37.762228432908394 ], [ 27.036727956011642, 37.76222897594171 ], [ 27.036727822308936, 37.761958578037792 ], [ 27.036387224329264, 37.761958683690388 ], [ 27.036386959408961, 37.761417887843201 ], [ 27.035705768403819, 37.761418096191321 ], [ 27.035705248503085, 37.760336504339612 ], [ 27.035364657957203, 37.76033660703321 ], [ 27.035364529226147, 37.760066209038186 ], [ 27.035023939918329, 37.760066310746524 ], [ 27.035024067409598, 37.760336708742535 ], [ 27.034002295756626, 37.760337007964786 ], [ 27.03400217198471, 37.760066609965875 ], [ 27.0302556894374, 37.760067631314435 ], [ 27.030254147712075, 37.756282057885223 ], [ 27.029573003757815, 37.756282230765947 ], [ 27.029572896124691, 37.756011832568909 ], [ 27.030254037599882, 37.756011659689847 ], [ 27.030253156755347, 37.753848473679106 ], [ 27.029572035111546, 37.75384864654476 ], [ 27.029571927491382, 37.753578248235769 ], [ 27.0292313679067, 37.75357833319169 ], [ 27.029231261527343, 37.753307934869447 ], [ 27.028890703180608, 37.753308018840507 ], [ 27.028890598042029, 37.753037620505005 ], [ 27.027868926711523, 37.753037866511598 ], [ 27.027868825292362, 37.752767468161288 ], [ 27.027528269418791, 37.752767548194655 ], [ 27.027527568197531, 37.750874759388715 ], [ 27.028208662593514, 37.750874598348872 ], [ 27.028208559945995, 37.75060419989984 ], [ 27.028549105902727, 37.750604117904793 ], [ 27.028548898133451, 37.750063320970987 ], [ 27.028889441610435, 37.750063237993608 ], [ 27.028889336488728, 37.749792839508856 ], [ 27.02922987872515, 37.74979275554837 ], [ 27.029229772365706, 37.749522357052001 ], [ 27.029910854355993, 37.749522186180933 ], [ 27.029910745519729, 37.749251787673778 ], [ 27.030932364776838, 37.749251523990473 ], [ 27.030932252224712, 37.748981125473435 ], [ 27.031272790734988, 37.74898103561209 ], [ 27.031272904526219, 37.749251434128254 ], [ 27.031613444274079, 37.749251343282147 ], [ 27.031613214214946, 37.748710546239131 ], [ 27.032294288749643, 37.748710361598796 ], [ 27.032294171244242, 37.74843996306042 ], [ 27.032975243294509, 37.748439774486435 ], [ 27.032974643400838, 37.747087781617125 ], [ 27.033655703054471, 37.747087589117008 ], [ 27.033655458152374, 37.746546791885955 ], [ 27.033995985498812, 37.74654669416207 ], [ 27.033996109187996, 37.746817092782869 ], [ 27.034336637771737, 37.74681699407423 ], [ 27.034336512843595, 37.746546595454383 ], [ 27.034677040186711, 37.7465464957629 ], [ 27.034676787857578, 37.746005698487842 ], [ 27.037060461866169, 37.746004973115177 ], [ 27.037060327031789, 37.745734574466013 ], [ 27.037400850644175, 37.745734466907287 ], [ 27.037400714572712, 37.745464068246726 ], [ 27.036719669823917, 37.745464282378364 ], [ 27.036719803417604, 37.745734681040986 ], [ 27.035698232564389, 37.74573499486327 ], [ 27.035698102687373, 37.745464596197614 ] ] ] ] } },
{ "type": "Feature", "properties": { "FX_CODE": 330, "PATH": 180, "ROW": 34, "DATE": 20141224, "ID": 0.0, "Pres_Topo": 1.0 }, "geometry": { "type": "MultiPolygon", "coordinates": [ [ [ [ 27.020363708125767, 37.705719496710969 ], [ 27.020363634145355, 37.705449096169673 ], [ 27.020023294875255, 37.705449154455756 ], [ 27.020023076649185, 37.704637952755569 ], [ 27.019682741087333, 37.704638010057636 ], [ 27.019682669583627, 37.704367609465486 ], [ 27.019342335257196, 37.70436766578468 ], [ 27.019342264990808, 37.70409726517957 ], [ 27.018661598807864, 37.704097374869974 ], [ 27.018661531015098, 37.703826974251349 ], [ 27.018321199158599, 37.703827027622587 ], [ 27.018321132603063, 37.703556626991016 ], [ 27.017980801982002, 37.703556679379439 ], [ 27.017980475399057, 37.702204676032565 ], [ 27.017640150958499, 37.702204727436232 ], [ 27.017640022803874, 37.701663926009459 ], [ 27.017299700834897, 37.701663976429899 ], [ 27.017299637995063, 37.701393575697388 ], [ 27.016959317261435, 37.701393625135147 ], [ 27.01695925565862, 37.701123224389697 ], [ 27.016618936160345, 37.701123272844775 ], [ 27.016618875794514, 37.70085287208645 ], [ 27.016278557531592, 37.700852919558869 ], [ 27.016278498402709, 37.700582518787634 ], [ 27.015938181375144, 37.700582565277415 ], [ 27.015938123483181, 37.700312164493305 ], [ 27.015597807690966, 37.700312210000462 ], [ 27.015597751035887, 37.700041809203483 ], [ 27.015257436479025, 37.700041853728038 ], [ 27.015257381060795, 37.699771452918192 ], [ 27.014917067739294, 37.699771496460173 ], [ 27.014917392842971, 37.701393901135305 ], [ 27.015257713581292, 37.701393857590794 ], [ 27.015257769003966, 37.701664258326034 ], [ 27.015598090977736, 37.701664213798892 ], [ 27.016619056894438, 37.701664074324142 ], [ 27.016619298372305, 37.702745677133713 ], [ 27.016959625287885, 37.702745628675828 ], [ 27.016959810113637, 37.703556830651046 ], [ 27.01695987172387, 37.703827231284599 ], [ 27.017300203583829, 37.703827181842534 ], [ 27.017300266431228, 37.704097582463163 ], [ 27.017640599526686, 37.704097532038318 ], [ 27.017640663611285, 37.704367932646029 ], [ 27.017980997942246, 37.70436788123839 ], [ 27.017981128586779, 37.704908682415514 ], [ 27.018661802191602, 37.704908576651249 ], [ 27.018661869987994, 37.705178977220136 ], [ 27.019002208025459, 37.705178922863986 ], [ 27.019002277059183, 37.705449323419906 ], [ 27.019682955604182, 37.705449211759486 ], [ 27.019683027111711, 37.705719612301912 ], [ 27.020363708125767, 37.705719496710969 ] ] ] ] } },
{ "type": "Feature", "properties": { "FX_CODE": 330, "PATH": 180, "ROW": 34, "DATE": 20141224, "ID": 0.0, "Pres_Topo": 1.0 }, "geometry": { "type": "MultiPolygon", "coordinates": [ [ [ [ 26.957370497012409, 37.758441416692996 ], [ 26.956008169716764, 37.758440916054703 ], [ 26.956007849462473, 37.758981712125284 ], [ 26.954645512283552, 37.758981195729525 ], [ 26.95464518210289, 37.75952199174035 ], [ 26.954304595334186, 37.759521860178275 ], [ 26.954304429000789, 37.759792258163756 ], [ 26.953963840994561, 37.759792125616137 ], [ 26.953963673419175, 37.760062523587898 ], [ 26.953282494933919, 37.760062255537278 ], [ 26.953282324876728, 37.760332653494004 ], [ 26.952941734397719, 37.760332517990967 ], [ 26.952941563098452, 37.760602915933951 ], [ 26.951579196246289, 37.760602364073648 ], [ 26.951579019985463, 37.76087276199884 ], [ 26.951238427038458, 37.760872621571664 ], [ 26.9512386045391, 37.760602223647837 ], [ 26.950557421131858, 37.760601939843362 ], [ 26.949535646039088, 37.760601506754455 ], [ 26.949535462339366, 37.760871904671326 ], [ 26.949194869406853, 37.760871758338347 ], [ 26.949194684464835, 37.761142156241384 ], [ 26.94987587281199, 37.761142447925856 ], [ 26.949875690347202, 37.761412845819251 ], [ 26.949535094932546, 37.761412700467766 ], [ 26.949534911225456, 37.761683098347333 ], [ 26.94919431457339, 37.761682952010119 ], [ 26.949194129623958, 37.761953349875817 ], [ 26.948172335963026, 37.761952904953851 ], [ 26.948172524632106, 37.761682507092452 ], [ 26.947150734713528, 37.76168205331583 ], [ 26.947150927099688, 37.761411655446388 ], [ 26.945788545537145, 37.761411036636254 ], [ 26.945788348191524, 37.761681434499714 ], [ 26.945447751567581, 37.761681277334858 ], [ 26.945447552979438, 37.761951675184328 ], [ 26.94476635725977, 37.761951357898567 ], [ 26.944766156189175, 37.76222175573254 ], [ 26.943744358910177, 37.76222127241666 ], [ 26.94374456370047, 37.76195087458737 ], [ 26.943063368007937, 37.761950547458198 ], [ 26.94306316073785, 37.762220945284319 ], [ 26.942381962576608, 37.762220614214598 ], [ 26.942041363500184, 37.762220447203212 ], [ 26.942041152507578, 37.762490845012067 ], [ 26.941700552194064, 37.762490677014704 ], [ 26.941700127720509, 37.763031472591848 ], [ 26.941018922142252, 37.763031133637483 ], [ 26.940337716575478, 37.76303079074561 ], [ 26.940337499374586, 37.763301188508919 ], [ 26.939656291339499, 37.76330084167617 ], [ 26.93965607165574, 37.763571239423683 ], [ 26.940677887432674, 37.763571758201245 ], [ 26.94067767146597, 37.763842155941326 ], [ 26.941018277970741, 37.76384232690004 ], [ 26.941018492697452, 37.763571929158296 ], [ 26.942380913785104, 37.763572603142578 ], [ 26.942381123549016, 37.763302205381855 ], [ 26.94374353972163, 37.763302863609432 ], [ 26.943743744522877, 37.763032465829902 ], [ 26.944765552961258, 37.763032949159829 ], [ 26.944765754039917, 37.762762551363167 ], [ 26.945787558782655, 37.762763025829109 ], [ 26.945787756138831, 37.762492628015416 ], [ 26.948171958617294, 37.76249370063934 ], [ 26.948171769940643, 37.762764098463414 ], [ 26.949874777986661, 37.76276483509973 ], [ 26.949874960463653, 37.762494437268522 ], [ 26.950556161219392, 37.762494725029676 ], [ 26.950556341214106, 37.76222432718324 ], [ 26.951237539499648, 37.762224611004214 ], [ 26.951237717012159, 37.761954213142587 ], [ 26.951918912827391, 37.761954493023445 ], [ 26.95191908785776, 37.761684095146677 ], [ 26.952600281202592, 37.761684371087505 ], [ 26.95260045375089, 37.761413973195616 ], [ 26.953281644625218, 37.761414245196498 ], [ 26.953281814691504, 37.761143847289539 ], [ 26.953963003095232, 37.761144115350547 ], [ 26.953963170679579, 37.760873717428545 ], [ 26.954644356612601, 37.760873981549729 ], [ 26.954644521715075, 37.760603583612749 ], [ 26.955325705177295, 37.760603843794215 ], [ 26.95532586779796, 37.760333445842257 ], [ 26.955666458292541, 37.760333574455302 ], [ 26.955666781047796, 37.759792778511581 ], [ 26.956007369064981, 37.759792906137875 ], [ 26.956007529199621, 37.759522508146119 ], [ 26.9563481159792, 37.759522634786926 ], [ 26.956348274871964, 37.759252236781499 ], [ 26.956688860413934, 37.759252362436847 ], [ 26.956689018064854, 37.758981964417757 ], [ 26.957029602369211, 37.758982089087645 ], [ 26.957029758778322, 37.758711691054906 ], [ 26.957370341845074, 37.75871181473935 ], [ 26.957370497012409, 37.758441416692996 ] ] ] ] } }
]
}
