{
"type": "FeatureCollection",
"name": "Samos_protected_area",
"crs": { "type": "name", "properties": { "name": "urn:ogc:def:crs:OGC:1.3:CRS84" } },
"features": [
{ "type": "Feature", "properties": { "SITECODE": "GR4120002", "SITENAME": "SAMOS: OROS AMPELOS (KARVOUNIS)", "RELEASE_DA": "2021-12-14", "MS": "GR", "SITETYPE": "B", "INSPIRE_ID": null }, "geometry": { "type": "MultiPolygon", "coordinates": [ [ [ [ 26.792601683979491, 37.794828622714448 ], [ 26.792784173881476, 37.794687781343782 ], [ 26.792910569240423, 37.794465006032809 ], [ 26.792919116730246, 37.79410004633452 ], [ 26.792882899982427, 37.793922260383162 ], [ 26.792589583643451, 37.793527476020884 ], [ 26.791902776179697, 37.792840474531211 ], [ 26.791394068142306, 37.792494933070614 ], [ 26.791159717616541, 37.792254934094615 ], [ 26.791123556479267, 37.792012621611612 ], [ 26.791319392664931, 37.791819951701719 ], [ 26.791320517474947, 37.791775546191715 ], [ 26.791241677906626, 37.791559238329341 ], [ 26.791066685121436, 37.791220087245087 ], [ 26.790980264713209, 37.791079094205081 ], [ 26.790972407333602, 37.790933083335233 ], [ 26.791028846185675, 37.790680161602687 ], [ 26.791071505938756, 37.790488985666606 ], [ 26.791165029495783, 37.790314250005089 ], [ 26.791498035738986, 37.789992430741712 ], [ 26.791756148823531, 37.7898146643996 ], [ 26.7918049091078, 37.789781081859523 ], [ 26.791886475958236, 37.789777239787739 ], [ 26.792004993800536, 37.789797315723469 ], [ 26.792066959740346, 37.789847341657698 ], [ 26.792203969507089, 37.790059371205786 ], [ 26.792320197379983, 37.790146253902257 ], [ 26.792420274352818, 37.790149626926393 ], [ 26.792507342549431, 37.790138000639075 ], [ 26.792688744818541, 37.790096103895394 ], [ 26.792836605477035, 37.790036165055056 ], [ 26.792949252900662, 37.789938703326143 ], [ 26.793095682523962, 37.789870384672007 ], [ 26.79322767103945, 37.789857288485273 ], [ 26.793491564341689, 37.789876774012605 ], [ 26.793679537515402, 37.789922379210417 ], [ 26.793844216892694, 37.789987608086854 ], [ 26.793945907333271, 37.789975658514827 ], [ 26.794027164916034, 37.789899825125858 ], [ 26.794085605072961, 37.789700289904744 ], [ 26.794295604982242, 37.789450025312675 ], [ 26.794376182514853, 37.789213101751933 ], [ 26.794737679914512, 37.78906483726675 ], [ 26.794944408863074, 37.788969739128696 ], [ 26.79505594833622, 37.788900338898486 ], [ 26.795125670339473, 37.788915451683671 ], [ 26.795164984858214, 37.78892397445 ], [ 26.795215234008506, 37.78906877886913 ], [ 26.795154968599295, 37.789136390168814 ], [ 26.795120926449123, 37.789189647708334 ], [ 26.795212584460572, 37.789230383597221 ], [ 26.795351457395874, 37.789248543152368 ], [ 26.795497986391943, 37.789230758987856 ], [ 26.795621620754169, 37.789163455576258 ], [ 26.79577106135832, 37.789143218594646 ], [ 26.795863116750468, 37.789114808754988 ], [ 26.795951175132053, 37.789050213618175 ], [ 26.796049509056886, 37.789075063396886 ], [ 26.796129129291817, 37.789099469107164 ], [ 26.79645850898018, 37.789075009867801 ], [ 26.796755373078842, 37.789062339491871 ], [ 26.796970701381024, 37.789102207751661 ], [ 26.797032563919043, 37.789122166306036 ], [ 26.79727441018607, 37.789202246082361 ], [ 26.797300055498457, 37.789217530936988 ], [ 26.797580010421854, 37.789296920730976 ], [ 26.797806720657434, 37.789233326670967 ], [ 26.797903803554014, 37.789159646717749 ], [ 26.798059393001076, 37.78935748971832 ], [ 26.798470801534322, 37.789305753035372 ], [ 26.798587330409937, 37.789301517553469 ], [ 26.798642664148314, 37.789374703787288 ], [ 26.798711880155956, 37.78941775947105 ], [ 26.798825556690709, 37.789444857591597 ], [ 26.798926965812718, 37.789445426092378 ], [ 26.799100150931903, 37.789357868754664 ], [ 26.799266394936922, 37.78928537497373 ], [ 26.799326871631333, 37.789295857838923 ], [ 26.799502251178563, 37.789414328516536 ], [ 26.79957672230168, 37.789432019745291 ], [ 26.799665139560243, 37.789419166500529 ], [ 26.79986211577209, 37.789287880885048 ], [ 26.799984169114985, 37.789210596661306 ], [ 26.800014203250164, 37.789204807110472 ], [ 26.800077230370718, 37.789234774976052 ], [ 26.8001044975999, 37.789323650044288 ], [ 26.800186250506858, 37.78943613936984 ], [ 26.800286754493641, 37.789472370210866 ], [ 26.800531829722608, 37.789470832738644 ], [ 26.800704837571459, 37.789422373833638 ], [ 26.80090467879095, 37.789139699617351 ], [ 26.801078217802125, 37.789121266952073 ], [ 26.801156613903256, 37.789128938281358 ], [ 26.801224921381237, 37.789199658273773 ], [ 26.801305170693958, 37.789244270849409 ], [ 26.801433777203624, 37.789240022487448 ], [ 26.80153354319771, 37.789256719355507 ], [ 26.801756423274441, 37.789351546281267 ], [ 26.801865462670595, 37.789375175854026 ], [ 26.802015082045628, 37.789359694713163 ], [ 26.802141981712005, 37.789299458125164 ], [ 26.802229413923488, 37.789228241222872 ], [ 26.802335537084431, 37.789029592073668 ], [ 26.80233579795086, 37.788969955372458 ], [ 26.802221142468344, 37.788966483048178 ], [ 26.802142554522032, 37.788923974944055 ], [ 26.802101142764673, 37.788875596360157 ], [ 26.802059519032223, 37.788771848965084 ], [ 26.802051840185239, 37.788711886078417 ], [ 26.80200892309886, 37.788569866343018 ], [ 26.801985669954206, 37.788555990145582 ], [ 26.801902372990767, 37.788545608443975 ], [ 26.801996749345449, 37.788468539610221 ], [ 26.80207943698861, 37.788430811892177 ], [ 26.802276568550127, 37.78840118903328 ], [ 26.802238149556526, 37.788332285080834 ], [ 26.802151873746741, 37.788223320237343 ], [ 26.802146149028857, 37.788189841722961 ], [ 26.802205254663704, 37.788096750871041 ], [ 26.80227423275629, 37.787992223571059 ], [ 26.802345365792334, 37.787847488824575 ], [ 26.802405954020283, 37.787639291694198 ], [ 26.802382065288661, 37.787515891151521 ], [ 26.802264236934697, 37.787447020751188 ], [ 26.80222707858098, 37.787357466462488 ], [ 26.802216347876008, 37.78726426772576 ], [ 26.802242639836077, 37.787196888814158 ], [ 26.802173082677982, 37.787200452312739 ], [ 26.80207388483214, 37.787178791547952 ], [ 26.802021913860667, 37.787143019394861 ], [ 26.802072792776077, 37.787090312522004 ], [ 26.801995725058106, 37.786978199317694 ], [ 26.801967303545112, 37.786905260330819 ], [ 26.801940502033439, 37.786748110072175 ], [ 26.802169259229213, 37.786598456592074 ], [ 26.802292794133116, 37.786433402621725 ], [ 26.802317140840643, 37.786314575851115 ], [ 26.802269746623846, 37.78620508508876 ], [ 26.80231306099429, 37.786143022876296 ], [ 26.802271549153264, 37.786062001016312 ], [ 26.802180119922472, 37.785995516341245 ], [ 26.802085518311657, 37.785952400544538 ], [ 26.802201292082302, 37.785725069390814 ], [ 26.802246293255056, 37.785628160134124 ], [ 26.802233544726864, 37.785576969249277 ], [ 26.802206714451135, 37.785534694697574 ], [ 26.802081853824042, 37.785426094275628 ], [ 26.802039185555394, 37.785356860387033 ], [ 26.802075247503893, 37.785237992889698 ], [ 26.802053508155918, 37.785197520745669 ], [ 26.802031625603309, 37.785156781717824 ], [ 26.802122519649856, 37.785058066013711 ], [ 26.802283011653678, 37.78489332484552 ], [ 26.802328885447231, 37.784795679023787 ], [ 26.802289496120672, 37.784707215633418 ], [ 26.802187621341179, 37.784634543858779 ], [ 26.80189190018864, 37.784559332370591 ], [ 26.801639982659516, 37.784450894160535 ], [ 26.801509210306946, 37.784328844102689 ], [ 26.801397642419364, 37.784158485854498 ], [ 26.801268364668488, 37.7837181320212 ], [ 26.801235835625068, 37.783405644598957 ], [ 26.801285252983835, 37.783187045795586 ], [ 26.801312660370328, 37.783149203014275 ], [ 26.801370625029016, 37.783109202943493 ], [ 26.801444958266416, 37.783073104067235 ], [ 26.801536469390481, 37.783062343683262 ], [ 26.801649911393554, 37.783059643941783 ], [ 26.801905067804082, 37.783039269632276 ], [ 26.802070857302521, 37.782990979813476 ], [ 26.802170561810925, 37.782958568722762 ], [ 26.802228598643676, 37.782900147032372 ], [ 26.802269527483503, 37.782858945191855 ], [ 26.802377137915634, 37.782701899222417 ], [ 26.80240308621374, 37.782625469886561 ], [ 26.802402997523693, 37.782575407134189 ], [ 26.802410488449727, 37.782535176486242 ], [ 26.802443082044118, 37.782491489069855 ], [ 26.802503170214742, 37.78246001862739 ], [ 26.802662376178301, 37.782469665225982 ], [ 26.802684760008294, 37.782511961460088 ], [ 26.802724110607983, 37.782535817332459 ], [ 26.802774673424079, 37.782538428987898 ], [ 26.802839497144536, 37.782536886217805 ], [ 26.802887513869813, 37.782535742932389 ], [ 26.802945351314506, 37.782540087501417 ], [ 26.80300326146525, 37.782546337260534 ], [ 26.803048877927903, 37.782545251235831 ], [ 26.803086571909457, 37.782525283092191 ], [ 26.803129883920246, 37.782463220333405 ], [ 26.803165490157166, 37.782387990453238 ], [ 26.803172643591832, 37.782322973510652 ], [ 26.803176245768928, 37.782227528104492 ], [ 26.803143521490785, 37.782188254520413 ], [ 26.802992827584131, 37.782146667396191 ], [ 26.803174580797176, 37.782021536720279 ], [ 26.803391260453388, 37.781992538742315 ], [ 26.803504078951075, 37.781982568516938 ], [ 26.803668184607098, 37.78196806471064 ], [ 26.803835982085356, 37.781937246458845 ], [ 26.804002429568605, 37.781870702719942 ], [ 26.804108211491844, 37.781758817087244 ], [ 26.804144670912837, 37.781742843812879 ], [ 26.804217540263217, 37.781710917136706 ], [ 26.804334853105559, 37.781715275798888 ], [ 26.804738881848721, 37.78163722547319 ], [ 26.805138017592721, 37.781389314383915 ], [ 26.805304554267948, 37.78112548288685 ], [ 26.805658148841555, 37.781005013762424 ], [ 26.80613291414312, 37.781047230438595 ], [ 26.806348693521308, 37.781155439183891 ], [ 26.806631332612007, 37.781163006141227 ], [ 26.807000227542066, 37.781077607455011 ], [ 26.807180406476498, 37.781226206239552 ], [ 26.807357351791261, 37.781298276025424 ], [ 26.807439096930967, 37.781308624979694 ], [ 26.807609285952836, 37.781265738738547 ], [ 26.807732777783109, 37.781217803408104 ], [ 26.807999985725591, 37.781135142627917 ], [ 26.808306632796135, 37.781142132571453 ], [ 26.80849998348765, 37.781152107592931 ], [ 26.808683307290302, 37.781083962557666 ], [ 26.808943159617655, 37.780934567930039 ], [ 26.809113875844396, 37.780960442125291 ], [ 26.809185462671856, 37.781033603100248 ], [ 26.809320870556739, 37.781039908800565 ], [ 26.809572365094777, 37.781029926691666 ], [ 26.809886395075754, 37.781224639764488 ], [ 26.810075182519899, 37.781299242362238 ], [ 26.810224646384693, 37.781438716386269 ], [ 26.810380155684545, 37.781660562527499 ], [ 26.810014968070284, 37.782003286233731 ], [ 26.810017909183745, 37.782035247688604 ], [ 26.81011407783469, 37.782091146013265 ], [ 26.810226026532487, 37.782171914795605 ], [ 26.810392438899477, 37.782203703746895 ], [ 26.810450061629396, 37.782238087748766 ], [ 26.810487322277123, 37.782329578958738 ], [ 26.810402253809851, 37.782462728903248 ], [ 26.810420643540482, 37.782551692539961 ], [ 26.810547568620645, 37.782730444620654 ], [ 26.810666456955918, 37.782796148046359 ], [ 26.810756123906966, 37.78288340831498 ], [ 26.810800634984652, 37.783017953865738 ], [ 26.811137182909707, 37.783245478663922 ], [ 26.811501065313784, 37.783494265025993 ], [ 26.811592963147771, 37.78362978694507 ], [ 26.811564389246467, 37.783714872120349 ], [ 26.81148747030749, 37.783777739457271 ], [ 26.811362461653889, 37.783839849012224 ], [ 26.811471984917421, 37.784003161022611 ], [ 26.811583872463963, 37.78403863415155 ], [ 26.81186581157986, 37.78424932362649 ], [ 26.812039023096801, 37.784317661294075 ], [ 26.812181327311794, 37.784331428182789 ], [ 26.812301627216797, 37.784260717262498 ], [ 26.812415350603235, 37.784165630855583 ], [ 26.812604927053705, 37.783968474579041 ], [ 26.812938870722117, 37.783966218231726 ], [ 26.81309675125544, 37.78394718846107 ], [ 26.813708723664501, 37.783812646694216 ], [ 26.813741242104836, 37.783805497112091 ], [ 26.813786452028459, 37.783798016255602 ], [ 26.813885523383554, 37.783771948441732 ], [ 26.814054238065733, 37.783785081007665 ], [ 26.814373904707736, 37.783849914963128 ], [ 26.814717091600208, 37.783906229594727 ], [ 26.81491619144596, 37.783955198483021 ], [ 26.815075894239261, 37.783920864974888 ], [ 26.815180258830484, 37.783848707037365 ], [ 26.815220680273093, 37.783833557585453 ], [ 26.815671594732677, 37.783440539138724 ], [ 26.816027851058788, 37.783534900086757 ], [ 26.816207730987468, 37.783556052179776 ], [ 26.816391293463472, 37.783644043466126 ], [ 26.81666730666015, 37.783771717325024 ], [ 26.816688856898594, 37.783768375756715 ], [ 26.81686049607827, 37.783646951758158 ], [ 26.816886939261842, 37.783643225402635 ], [ 26.817008132076349, 37.783676659073443 ], [ 26.817075953475655, 37.783695369534797 ], [ 26.817178738904381, 37.783722831433423 ], [ 26.817451016152123, 37.783764340005405 ], [ 26.81776318676572, 37.783839061483576 ], [ 26.817822326487036, 37.783817750450197 ], [ 26.817883761708227, 37.783723649743692 ], [ 26.817913026106485, 37.783735163962781 ], [ 26.817962877466996, 37.783750364310094 ], [ 26.817990771192886, 37.783788794261433 ], [ 26.818035405676248, 37.783793448064138 ], [ 26.818073632269666, 37.783819233258171 ], [ 26.818160782655916, 37.783867688744401 ], [ 26.818308540800317, 37.783898482309191 ], [ 26.818462077452988, 37.783936894507555 ], [ 26.818415206627353, 37.784007885897466 ], [ 26.818454481143963, 37.784101158412867 ], [ 26.818577111227199, 37.784265104640355 ], [ 26.818836039130939, 37.784458567525071 ], [ 26.81936067589141, 37.784779052721746 ], [ 26.819384038876454, 37.78484047765469 ], [ 26.819433053905154, 37.78486552642476 ], [ 26.819513813406129, 37.784856442267277 ], [ 26.819601027490606, 37.784859121454495 ], [ 26.81973634431569, 37.784957037695932 ], [ 26.819834474351389, 37.784948174276813 ], [ 26.819884354046508, 37.784971084287534 ], [ 26.819965354103715, 37.785116482447243 ], [ 26.820266798776679, 37.785341704828888 ], [ 26.820686301872509, 37.785508716626438 ], [ 26.820719293038227, 37.785509902434526 ], [ 26.820674434922804, 37.785783708922715 ], [ 26.820665794580179, 37.786030423343099 ], [ 26.820709712863533, 37.786095169423355 ], [ 26.821002643781707, 37.786207353858146 ], [ 26.821261557604188, 37.786261942756155 ], [ 26.821363028195911, 37.786441888643274 ], [ 26.82134446105032, 37.786546038932521 ], [ 26.821232577441698, 37.786684607222341 ], [ 26.821228196511417, 37.786806297918041 ], [ 26.821305934925093, 37.78695462840065 ], [ 26.821428012546662, 37.787084015487018 ], [ 26.822045704229001, 37.787212252864052 ], [ 26.822509789948377, 37.787329865523425 ], [ 26.822881501218948, 37.787624915271103 ], [ 26.823211349189272, 37.787767199807881 ], [ 26.82338935930003, 37.78794530861672 ], [ 26.82341785513125, 37.788101969682316 ], [ 26.823138773515691, 37.788227621779882 ], [ 26.823045695961518, 37.788342176560697 ], [ 26.823109533406608, 37.788643141713351 ], [ 26.823270885207364, 37.788975419015252 ], [ 26.82351150413167, 37.789259306461275 ], [ 26.823747062981674, 37.789491631864379 ], [ 26.823839098615025, 37.789541873651203 ], [ 26.823920805727145, 37.789555952803795 ], [ 26.824028995259905, 37.789574593710995 ], [ 26.824399875564403, 37.789689665108185 ], [ 26.824537264312905, 37.789748127189355 ], [ 26.824652968375904, 37.789824242515216 ], [ 26.824730324590742, 37.789897492175754 ], [ 26.824854961821597, 37.789964827582594 ], [ 26.824888878951498, 37.789978156221771 ], [ 26.824991229880482, 37.789997828500191 ], [ 26.825134194728594, 37.789988411378943 ], [ 26.825197016020276, 37.789968795568825 ], [ 26.82528492915927, 37.78990338087641 ], [ 26.825684864367602, 37.789652945251092 ], [ 26.825757361737704, 37.789569389820649 ], [ 26.825766623183679, 37.789489074906456 ], [ 26.82576085567408, 37.789460903946782 ], [ 26.825721666930637, 37.789379984729287 ], [ 26.82566136407409, 37.78928481332138 ], [ 26.825635111730669, 37.78924517756591 ], [ 26.825305504305312, 37.78934606474877 ], [ 26.825158893312679, 37.789361502451776 ], [ 26.825101233059307, 37.789346198294631 ], [ 26.825082135602869, 37.789318047991003 ], [ 26.825065496608385, 37.789275534891416 ], [ 26.825090693775007, 37.789227249906062 ], [ 26.825242586832619, 37.789113940387075 ], [ 26.82532888936036, 37.789061344113044 ], [ 26.825485724864105, 37.788946664800342 ], [ 26.825653906193249, 37.788849351812999 ], [ 26.82594848834227, 37.788678898745196 ], [ 26.825975977581411, 37.788664680782354 ], [ 26.826209775509962, 37.788506569301177 ], [ 26.826244037526173, 37.788483398962782 ], [ 26.826285352557118, 37.788449533906743 ], [ 26.826297997197877, 37.788439169510873 ], [ 26.826444769331548, 37.788327922213881 ], [ 26.826620708929703, 37.788167785138235 ], [ 26.826843963598233, 37.78792497721426 ], [ 26.826907487153779, 37.787841918968304 ], [ 26.826958236672414, 37.787802079173971 ], [ 26.826998892267071, 37.78778107710977 ], [ 26.827058382807593, 37.787771210247854 ], [ 26.827127843513569, 37.787664978800215 ], [ 26.827218051379955, 37.787564884075088 ], [ 26.827303779759774, 37.787351243840945 ], [ 26.827347555298324, 37.787219071465877 ], [ 26.827160857861209, 37.787067359991099 ], [ 26.826984581334653, 37.786956606086257 ], [ 26.826865106444092, 37.786876034983891 ], [ 26.826761432604449, 37.78681594394682 ], [ 26.826838057811099, 37.786757483615489 ], [ 26.826986416290755, 37.786709220743582 ], [ 26.82717014398926, 37.786705258037486 ], [ 26.827172032801389, 37.786631576540202 ], [ 26.827174438072969, 37.786537797327767 ], [ 26.827257217162018, 37.786523917929024 ], [ 26.82731951715008, 37.786483681455707 ], [ 26.827303494052863, 37.786358904933245 ], [ 26.827258942451877, 37.786175214620407 ], [ 26.827263499011398, 37.785999283396556 ], [ 26.82730874960092, 37.785905816349945 ], [ 26.827207391222725, 37.785812849476379 ], [ 26.827270062369021, 37.785607454477152 ], [ 26.827327101305045, 37.785445619530783 ], [ 26.827339476114243, 37.785328982177461 ], [ 26.827283999068584, 37.785253873670683 ], [ 26.827206905344561, 37.785271737286124 ], [ 26.827122139783199, 37.785262006117719 ], [ 26.827057207641356, 37.785213501850812 ], [ 26.826922163589135, 37.78509873585238 ], [ 26.826838286821328, 37.785104261007113 ], [ 26.826696425251725, 37.785452398977782 ], [ 26.826620459543484, 37.785602984445298 ], [ 26.826529796117963, 37.78574629528697 ], [ 26.826378305231135, 37.785933023620075 ], [ 26.826308896490243, 37.785940411536124 ], [ 26.82627230055445, 37.785926032467657 ], [ 26.826182594489136, 37.785905299587689 ], [ 26.826122570836489, 37.785906740374159 ], [ 26.825945699930269, 37.785931964609013 ], [ 26.825823118725808, 37.785934907369793 ], [ 26.82567825029167, 37.785913590813735 ], [ 26.825654910241571, 37.785910327169553 ], [ 26.825594504315898, 37.785898598927808 ], [ 26.8255813237521, 37.785896039876661 ], [ 26.825508022328851, 37.785895891779546 ], [ 26.825497471461848, 37.785902820649923 ], [ 26.825461486243857, 37.785999043677037 ], [ 26.82546348462332, 37.786019976386484 ], [ 26.825494895070875, 37.786044585963616 ], [ 26.825495254591711, 37.786093445277366 ], [ 26.825484049394589, 37.786114693573367 ], [ 26.825299248004843, 37.786121035025054 ], [ 26.825211144329952, 37.786092531206116 ], [ 26.825168288473989, 37.786078665362218 ], [ 26.825128778160565, 37.786020730058013 ], [ 26.82512551165453, 37.785934983863093 ], [ 26.825169900504218, 37.785838558377911 ], [ 26.825315865984237, 37.785632891219414 ], [ 26.825366372821726, 37.785566187625143 ], [ 26.825400576888736, 37.7855556402152 ], [ 26.825482001842001, 37.785573573222237 ], [ 26.825532999385885, 37.785566737228542 ], [ 26.825581213726103, 37.785533069896147 ], [ 26.825643934202269, 37.7854762556982 ], [ 26.825683447827437, 37.785378039753212 ], [ 26.825657914065374, 37.785338601139358 ], [ 26.825707394351799, 37.785249682376623 ], [ 26.82578895260777, 37.785245817191026 ], [ 26.825883610515426, 37.785207308044235 ], [ 26.826012689211471, 37.78506307660534 ], [ 26.826092402122594, 37.784824562135491 ], [ 26.826055198316773, 37.784791232455369 ], [ 26.825874797004364, 37.784743214399036 ], [ 26.82578572025843, 37.784719504588743 ], [ 26.82568997974964, 37.78466649329561 ], [ 26.825668158650284, 37.78459835720286 ], [ 26.825687588833809, 37.784540673874098 ], [ 26.825963861783983, 37.784223168375718 ], [ 26.82602427946075, 37.784156123470332 ], [ 26.82605226802573, 37.784145655168608 ], [ 26.82612423361897, 37.784167109042329 ], [ 26.826323575349569, 37.78422716923005 ], [ 26.826412481930738, 37.784226942524562 ], [ 26.826497751178763, 37.784194380195146 ], [ 26.826609943777974, 37.784111583975594 ], [ 26.82671245985383, 37.784027112691469 ], [ 26.826949643597722, 37.783934114773281 ], [ 26.827040766198973, 37.783960535242102 ], [ 26.827083713698503, 37.78396427267041 ], [ 26.827118320890815, 37.783972311336179 ], [ 26.827144890542236, 37.783971342307147 ], [ 26.827221143129606, 37.783992140294551 ], [ 26.82728339888569, 37.784039906549431 ], [ 26.827312281902483, 37.784041119738326 ], [ 26.827338038254045, 37.784023336879422 ], [ 26.827422293890333, 37.783901158791224 ], [ 26.827453252267912, 37.783861307843495 ], [ 26.827480999306918, 37.783815267537449 ], [ 26.827496250459482, 37.783789870149036 ], [ 26.827583466725009, 37.783641147672334 ], [ 26.827655315138365, 37.783555981803453 ], [ 26.827703747524435, 37.783447538038324 ], [ 26.827748358711595, 37.783376548539941 ], [ 26.827773971554251, 37.783292016416738 ], [ 26.827809915773788, 37.783226307553619 ], [ 26.827893948408875, 37.783161351878256 ], [ 26.827890385074234, 37.783130921349482 ], [ 26.82781210193297, 37.783157595730948 ], [ 26.827727123562475, 37.783197780709962 ], [ 26.827618373741224, 37.783260265078411 ], [ 26.827603924949649, 37.783228570024583 ], [ 26.827589595567026, 37.783197138704686 ], [ 26.827630693485361, 37.782997633829268 ], [ 26.827748109333825, 37.782936889758425 ], [ 26.827921254539145, 37.782876998420321 ], [ 26.828067129839809, 37.782763828804832 ], [ 26.8280420310141, 37.782735823648629 ], [ 26.82794172510776, 37.782704857394421 ], [ 26.827874979206925, 37.782608716060686 ], [ 26.827763181978426, 37.782594284812753 ], [ 26.827668451794295, 37.78247713784917 ], [ 26.827634595319878, 37.782319274402333 ], [ 26.827766679631903, 37.782080072245819 ], [ 26.827837062265058, 37.781823206101969 ], [ 26.827860152000671, 37.781563388462025 ], [ 26.827854772326255, 37.781545896658216 ], [ 26.827804933806789, 37.781493600516391 ], [ 26.827729735932625, 37.781449883407063 ], [ 26.827683610501616, 37.78141629833847 ], [ 26.827671806484108, 37.781250409224313 ], [ 26.827738252096673, 37.781086707489749 ], [ 26.827808856798928, 37.780944920835857 ], [ 26.828222844102065, 37.780561312847901 ], [ 26.828163313937932, 37.780390705549962 ], [ 26.828386008566628, 37.780113967204258 ], [ 26.828432674126109, 37.779801732255073 ], [ 26.828406493615418, 37.779587799145673 ], [ 26.828393137023223, 37.779355679325036 ], [ 26.82834513153222, 37.779160150620179 ], [ 26.82822754109489, 37.779143741764983 ], [ 26.828175381012553, 37.779086801506807 ], [ 26.828171185350008, 37.778878300418903 ], [ 26.828175431703997, 37.778830973272008 ], [ 26.828317609220971, 37.778556463602868 ], [ 26.828280513739351, 37.778410737969672 ], [ 26.828280384095802, 37.77828915643974 ], [ 26.828252298594105, 37.778025205255972 ], [ 26.828115631485321, 37.777867567045988 ], [ 26.827968806254052, 37.777850244776452 ], [ 26.82796161196449, 37.777797368832545 ], [ 26.828065881573721, 37.777593461158972 ], [ 26.82823559192493, 37.777514885498768 ], [ 26.828413711122355, 37.77755499108774 ], [ 26.82849798119069, 37.777575876623608 ], [ 26.828542633227798, 37.777486595760237 ], [ 26.828558825977929, 37.777359854173866 ], [ 26.828502635443748, 37.777225314829757 ], [ 26.828419412743735, 37.777117105901844 ], [ 26.82833549531793, 37.777082816569262 ], [ 26.828118346856339, 37.777136622493991 ], [ 26.828013498560416, 37.777143419113067 ], [ 26.827972872957805, 37.777125978795908 ], [ 26.827932570830466, 37.777031702229365 ], [ 26.827943622905057, 37.776967068647878 ], [ 26.828066251850863, 37.776871318461254 ], [ 26.828260139603572, 37.776740682228848 ], [ 26.828439279972169, 37.776712539461059 ], [ 26.82876274362922, 37.77663387317282 ], [ 26.82882783889324, 37.776577534875877 ], [ 26.828827386786799, 37.776395131675237 ], [ 26.82875496469612, 37.776268135207019 ], [ 26.828718824704769, 37.776147418461115 ], [ 26.828771067500892, 37.77609967491896 ], [ 26.829023619768776, 37.776086405729075 ], [ 26.829220309495696, 37.776045918560612 ], [ 26.829300241335371, 37.776016912728004 ], [ 26.82955803653299, 37.775923371238449 ], [ 26.82972653609351, 37.775852568723529 ], [ 26.829935495143538, 37.775976283989671 ], [ 26.830238568944267, 37.776126344313752 ], [ 26.830606482309815, 37.776086508949852 ], [ 26.830793622566986, 37.7760319457145 ], [ 26.830863187111721, 37.775965904564615 ], [ 26.830924023683352, 37.775828551929777 ], [ 26.830916902033572, 37.775651061119859 ], [ 26.830927848081483, 37.775535226274975 ], [ 26.830929485740445, 37.775420755192044 ], [ 26.830902664905569, 37.775268822939779 ], [ 26.831091986408563, 37.775035405921834 ], [ 26.831246843026285, 37.774922017796506 ], [ 26.831472262464839, 37.7748474607872 ], [ 26.831692405193852, 37.774949447550171 ], [ 26.831787271741359, 37.774868451708279 ], [ 26.831872345180695, 37.774746955674267 ], [ 26.831923922309898, 37.774650353649228 ], [ 26.831955857635023, 37.774542781506184 ], [ 26.831922735926934, 37.774531473694275 ], [ 26.831608663806819, 37.77432923353858 ], [ 26.831569982420046, 37.774308192102083 ], [ 26.83144917317189, 37.774242476762844 ], [ 26.831222628083058, 37.774093284901426 ], [ 26.831157179288127, 37.774017830629376 ], [ 26.831167971290391, 37.773981935668083 ], [ 26.831175900006951, 37.77393787999177 ], [ 26.831112913029301, 37.773966797913651 ], [ 26.831042675296931, 37.773974986403644 ], [ 26.830901438099531, 37.773923499520286 ], [ 26.830703723033597, 37.77384242701379 ], [ 26.830651783277041, 37.773803624494072 ], [ 26.830672750345858, 37.773758171818997 ], [ 26.830710529699495, 37.773716349400253 ], [ 26.830716876660109, 37.773672163740684 ], [ 26.83075210191609, 37.773599048785975 ], [ 26.830731980782808, 37.77345896918014 ], [ 26.8307445455054, 37.773382764019729 ], [ 26.830774001745404, 37.773368863852319 ], [ 26.831125188748466, 37.773203137949714 ], [ 26.831239787557461, 37.773113390560304 ], [ 26.831426527957223, 37.773077465336961 ], [ 26.831466383209055, 37.773069797167189 ], [ 26.831712672600961, 37.77307024830003 ], [ 26.832000233719668, 37.773227233284345 ], [ 26.832157427041839, 37.773312852185434 ], [ 26.832314251372136, 37.773339706668466 ], [ 26.832525330660815, 37.773385552050499 ], [ 26.833089693830019, 37.773575217276182 ], [ 26.833193930647425, 37.773583542088716 ], [ 26.833248359433828, 37.773587889392971 ], [ 26.833313046418912, 37.77357354338821 ], [ 26.833391963207688, 37.77356751959249 ], [ 26.833485683075068, 37.773582774652048 ], [ 26.833705392271202, 37.773634107318202 ], [ 26.834044331463645, 37.773661708598439 ], [ 26.834220166051249, 37.773645558016213 ], [ 26.834265353054093, 37.773611071131654 ], [ 26.834279220956475, 37.773550850333855 ], [ 26.834268241364157, 37.773528180581053 ], [ 26.834159323253001, 37.773463698608744 ], [ 26.834157736748342, 37.773441892688105 ], [ 26.834217730898601, 37.773415106866217 ], [ 26.834315066349099, 37.773378052400851 ], [ 26.834457927345628, 37.77333098001963 ], [ 26.834515565338595, 37.773311988744346 ], [ 26.834738341507261, 37.77332569600636 ], [ 26.834825995311853, 37.773261602998247 ], [ 26.834934559118718, 37.773115948485632 ], [ 26.835228980551314, 37.772961051147696 ], [ 26.835394102117778, 37.772880785918183 ], [ 26.835423373721056, 37.77270366359123 ], [ 26.835343713130051, 37.772505325482371 ], [ 26.835377455368889, 37.772371601921286 ], [ 26.835432190765474, 37.772336908359947 ], [ 26.835472748795087, 37.77232903771624 ], [ 26.835818278139023, 37.772411309709469 ], [ 26.836123659391411, 37.772481463571829 ], [ 26.836268163559623, 37.772483253195304 ], [ 26.83633416963443, 37.772470467855882 ], [ 26.836407215361923, 37.772423741444371 ], [ 26.836523861283332, 37.772170217053223 ], [ 26.836910502628591, 37.772022917758164 ], [ 26.837021241395906, 37.771865304518613 ], [ 26.837156068246472, 37.771465062855427 ], [ 26.837415408940835, 37.771079207445318 ], [ 26.837445408736652, 37.770991599713774 ], [ 26.837603165391691, 37.770657288828318 ], [ 26.83769868531931, 37.770389492326665 ], [ 26.837715767323914, 37.770207896756361 ], [ 26.837634098060239, 37.769957159269019 ], [ 26.837618817976114, 37.76987170309846 ], [ 26.837427148836888, 37.769885857501279 ], [ 26.837203903573087, 37.769814966729243 ], [ 26.837127074603202, 37.769774219381979 ], [ 26.837097232014226, 37.769727893921335 ], [ 26.837110927892002, 37.769646467927849 ], [ 26.837147061272063, 37.769511496729159 ], [ 26.837141141371109, 37.769356678430384 ], [ 26.837180023429305, 37.769276669345494 ], [ 26.837494032329083, 37.769240606653945 ], [ 26.837499317109518, 37.769238767286843 ], [ 26.837721120312509, 37.769306942547303 ], [ 26.837996962592648, 37.769353935470683 ], [ 26.83829962296884, 37.769316839491125 ], [ 26.838511699378891, 37.769267028720421 ], [ 26.838793892725068, 37.769240889746662 ], [ 26.839169568786673, 37.769283364704336 ], [ 26.839198463263287, 37.769286499947633 ], [ 26.839275837313416, 37.769294893559525 ], [ 26.839402538685984, 37.769311851925202 ], [ 26.839522894093896, 37.769365132637269 ], [ 26.83960074782301, 37.769432476214675 ], [ 26.839726890847, 37.769648569074938 ], [ 26.83974440637768, 37.769688878941224 ], [ 26.83985552293386, 37.769767255689239 ], [ 26.840040029381669, 37.769958292574785 ], [ 26.840146878228385, 37.770082068026895 ], [ 26.840211021941418, 37.770153993658589 ], [ 26.840246392343637, 37.770223748983945 ], [ 26.840268004068069, 37.770229680447557 ], [ 26.840332975862175, 37.770181177008766 ], [ 26.84039231078469, 37.770143937386841 ], [ 26.840589898006883, 37.769963333662211 ], [ 26.840706469645898, 37.769787810220663 ], [ 26.840783477204592, 37.769647221984371 ], [ 26.840826322126247, 37.769519609399389 ], [ 26.840849154598043, 37.769200284794877 ], [ 26.840851297095146, 37.769160779115559 ], [ 26.840860156917309, 37.768997378342078 ], [ 26.84092140901512, 37.768930340480097 ], [ 26.841093593070557, 37.768917246233094 ], [ 26.841186240554535, 37.768885807035765 ], [ 26.841622462517805, 37.768670255955328 ], [ 26.841858282808623, 37.768397556026137 ], [ 26.841860828132393, 37.768209157187776 ], [ 26.842140749027585, 37.768166640165191 ], [ 26.842582395925149, 37.767951485003728 ], [ 26.842688348146712, 37.768078766454266 ], [ 26.842579481969498, 37.768115718849657 ], [ 26.842526075482365, 37.768191508399624 ], [ 26.842546538032771, 37.768235714250814 ], [ 26.84268372451649, 37.76828902351776 ], [ 26.842922323248111, 37.768370218053491 ], [ 26.843048567683873, 37.768405375251561 ], [ 26.843162666523121, 37.768346000806538 ], [ 26.843319505397922, 37.76832433383224 ], [ 26.843449076685669, 37.768374844769077 ], [ 26.843494552926032, 37.768484007783869 ], [ 26.843466548012866, 37.768654282904883 ], [ 26.843441290414525, 37.768759455375452 ], [ 26.84349790466748, 37.768865367610715 ], [ 26.843492015831313, 37.76900557043539 ], [ 26.843451915733571, 37.769134679600654 ], [ 26.843429795264118, 37.769261767794134 ], [ 26.843487862887226, 37.769354414254266 ], [ 26.843476782325567, 37.769452986822657 ], [ 26.843486132520269, 37.76961915976306 ], [ 26.843687424149117, 37.769877373527756 ], [ 26.843766813807772, 37.770203618271665 ], [ 26.843847939166221, 37.770200761124052 ], [ 26.843975782287075, 37.770371488433163 ], [ 26.844126003352979, 37.770451300947933 ], [ 26.844287116904137, 37.77042356822529 ], [ 26.844427411420327, 37.770401108680097 ], [ 26.844523596500721, 37.770324880279794 ], [ 26.844614499495915, 37.77018917972611 ], [ 26.844692134255119, 37.770099096136029 ], [ 26.844780701050286, 37.770137484423678 ], [ 26.844987291264108, 37.770199245450414 ], [ 26.845183954901714, 37.770158734362738 ], [ 26.845351498892551, 37.769985420190146 ], [ 26.845559418229787, 37.769986781837005 ], [ 26.845785656425168, 37.769951089398411 ], [ 26.845912465481909, 37.769920393081236 ], [ 26.846016706683717, 37.769929860535846 ], [ 26.846070122231957, 37.76996003814488 ], [ 26.8461400124947, 37.769996970095391 ], [ 26.846188455274966, 37.769991507412357 ], [ 26.846243058921768, 37.769958719042194 ], [ 26.846264764021949, 37.769913852326965 ], [ 26.846271627039723, 37.76985790055047 ], [ 26.846274122884619, 37.769827210663976 ], [ 26.846245615999795, 37.769689055081912 ], [ 26.846216031481863, 37.76950500939865 ], [ 26.846262600933894, 37.769348923439843 ], [ 26.846392596936074, 37.769214660554425 ], [ 26.846584440499157, 37.769068174516349 ], [ 26.846676014849706, 37.768910999952439 ], [ 26.846744534871583, 37.768837823699393 ], [ 26.846855685279248, 37.768733694416007 ], [ 26.846900036405351, 37.768637261322425 ], [ 26.8464896237255, 37.768509797708987 ], [ 26.845822491198664, 37.768320758702515 ], [ 26.845777698604959, 37.768306672543567 ], [ 26.845195535024917, 37.768103199203246 ], [ 26.844843809124256, 37.767817220345599 ], [ 26.844795750921122, 37.767503692299144 ], [ 26.84481479756948, 37.767217150563354 ], [ 26.844899212683384, 37.766912341626679 ], [ 26.844970909419867, 37.76666744068649 ], [ 26.845073407999429, 37.766545917507287 ], [ 26.845296045313301, 37.766445411819198 ], [ 26.845469917774111, 37.76636691837794 ], [ 26.845758990983988, 37.766240889580757 ], [ 26.84605885592152, 37.766140508681431 ], [ 26.846132298288634, 37.76601953312047 ], [ 26.846121427942375, 37.765736099171633 ], [ 26.846017913239383, 37.765464439216302 ], [ 26.846009552959778, 37.765407540645363 ], [ 26.845927704592359, 37.765403049281602 ], [ 26.845868303688757, 37.765420490932613 ], [ 26.845823429567911, 37.765440647478904 ], [ 26.845769101714065, 37.765464847536869 ], [ 26.845711276404302, 37.765460522005171 ], [ 26.845681012508738, 37.765423109502727 ], [ 26.845666453753303, 37.765356709731748 ], [ 26.845684085320407, 37.765237255030385 ], [ 26.8458477671808, 37.764639050375386 ], [ 26.846063094716826, 37.764548652802063 ], [ 26.846411092042146, 37.764617722139697 ], [ 26.846866184118298, 37.764414177723573 ], [ 26.847089971511902, 37.764141757438161 ], [ 26.847351769854569, 37.763920867047119 ], [ 26.847442659309728, 37.763785163612056 ], [ 26.847493008524612, 37.763688587522758 ], [ 26.847477717939103, 37.763603132927237 ], [ 26.84753933531783, 37.763487208433808 ], [ 26.847560391162506, 37.763381074175086 ], [ 26.847785863661091, 37.763387541900251 ], [ 26.847979526745682, 37.763445439318417 ], [ 26.848099568214103, 37.763552987662031 ], [ 26.84824723222054, 37.763636836203744 ], [ 26.848391614342457, 37.763628709809403 ], [ 26.848609173676103, 37.763740606925083 ], [ 26.848739004042812, 37.763743187935368 ], [ 26.848890173697136, 37.763691187806039 ], [ 26.849096815389512, 37.763746722304852 ], [ 26.849227106331611, 37.763746804248974 ], [ 26.849361795193435, 37.763688238028656 ], [ 26.84943785522011, 37.763604386199489 ], [ 26.849606642981669, 37.763495406515503 ], [ 26.849687662565401, 37.763478188288602 ], [ 26.849870162890351, 37.763538615684503 ], [ 26.850119693968733, 37.763780513346155 ], [ 26.850282524519546, 37.764016879588603 ], [ 26.850396667108473, 37.764111384661589 ], [ 26.850512461939957, 37.76412384074942 ], [ 26.850716364574041, 37.764095124687543 ], [ 26.850886298663454, 37.764145445740141 ], [ 26.851068546949119, 37.764278212480896 ], [ 26.851175303949553, 37.764300740533756 ], [ 26.851262833068812, 37.764332632310861 ], [ 26.851329761198397, 37.764386321160615 ], [ 26.851327992341485, 37.764504832127578 ], [ 26.851323981478728, 37.764548572849876 ], [ 26.851350324730706, 37.764608964652652 ], [ 26.851398656183285, 37.764671652190025 ], [ 26.851504922759599, 37.764755892243279 ], [ 26.851565529271337, 37.764832618656413 ], [ 26.851641049617381, 37.764922335759763 ], [ 26.851679967075277, 37.764934745181044 ], [ 26.851799609824369, 37.764922310087549 ], [ 26.852032504889891, 37.764918576592827 ], [ 26.852137601541187, 37.764902682154073 ], [ 26.852244262835818, 37.764951558488711 ], [ 26.852283608591971, 37.76501357737753 ], [ 26.85222385389272, 37.765146622086526 ], [ 26.852126193860538, 37.765230998401051 ], [ 26.851983718783039, 37.765274500079911 ], [ 26.85189469089886, 37.765270934404384 ], [ 26.851710110224644, 37.765274417725827 ], [ 26.851607836682575, 37.765308394374323 ], [ 26.851408591036229, 37.765500125962056 ], [ 26.851401137463714, 37.765717671009156 ], [ 26.851392967059549, 37.765843802384147 ], [ 26.851537321925942, 37.766320791182309 ], [ 26.851571728127098, 37.766471416412529 ], [ 26.851680999836923, 37.766712234342748 ], [ 26.851733472974026, 37.766827304513797 ], [ 26.851729437173457, 37.766972349192827 ], [ 26.851671308501064, 37.76708391181635 ], [ 26.851343346318636, 37.767452744045443 ], [ 26.851346981577461, 37.767523256651067 ], [ 26.851397770921857, 37.767594500436367 ], [ 26.851411429054661, 37.767673051986527 ], [ 26.851403554586497, 37.767745031061494 ], [ 26.851307056787327, 37.767817976427018 ], [ 26.851250186606396, 37.767880340711748 ], [ 26.851231366385719, 37.767953270705085 ], [ 26.851295489874506, 37.768121459550066 ], [ 26.851315732962814, 37.76821060724842 ], [ 26.851254015903923, 37.768355142893441 ], [ 26.851249083997867, 37.768414385921545 ], [ 26.851281394195826, 37.76844509995211 ], [ 26.851320101474432, 37.768433129232371 ], [ 26.851460557082085, 37.768228079676518 ], [ 26.851542136079001, 37.768100229540785 ], [ 26.851705838674214, 37.767983739405246 ], [ 26.851853999216864, 37.767962986933874 ], [ 26.851965510824961, 37.76798889290508 ], [ 26.852013312858414, 37.768044952043283 ], [ 26.852010140138724, 37.768149926657635 ], [ 26.851897780981496, 37.768227026130113 ], [ 26.851816642535137, 37.76836631096311 ], [ 26.851586109856473, 37.76893350774499 ], [ 26.851555777229297, 37.769046129325311 ], [ 26.851580943822412, 37.769110108558031 ], [ 26.85166008284618, 37.76910628398533 ], [ 26.851758392362896, 37.768976121376795 ], [ 26.85193190041003, 37.768802177014727 ], [ 26.852073397010873, 37.768608030474773 ], [ 26.852241516118173, 37.768418958815154 ], [ 26.852336674568051, 37.768206861378872 ], [ 26.852420156307346, 37.768128551926317 ], [ 26.852684888552901, 37.768015333974809 ], [ 26.852795376991502, 37.768014564461659 ], [ 26.852909145141691, 37.768036603301738 ], [ 26.853018361249354, 37.768064082555817 ], [ 26.853253414974887, 37.768054959799294 ], [ 26.853400272978853, 37.768062845975869 ], [ 26.853674921781291, 37.768066274403836 ], [ 26.853819741506666, 37.768037422840848 ], [ 26.853959308361272, 37.76798063894698 ], [ 26.854129797320695, 37.767900219460977 ], [ 26.854291617462838, 37.76775568850784 ], [ 26.854362044866367, 37.767644353608716 ], [ 26.854393556831447, 37.767574369468598 ], [ 26.854436638647897, 37.767523260315798 ], [ 26.854637774097633, 37.767528755242175 ], [ 26.85467859918786, 37.767522968581133 ], [ 26.854876895174389, 37.767433319652845 ], [ 26.855110257929891, 37.767332301073367 ], [ 26.855161373291065, 37.767330251757201 ], [ 26.855199783450761, 37.76734505423434 ], [ 26.855252223831904, 37.767396707863092 ], [ 26.855310435336445, 37.767411030651182 ], [ 26.855356306452446, 37.767385601474494 ], [ 26.855389796216524, 37.767366194486463 ], [ 26.8554618587251, 37.767365877429242 ], [ 26.855515206037698, 37.767347419214282 ], [ 26.855540228534885, 37.767295317585152 ], [ 26.855547470222309, 37.76724936902157 ], [ 26.85556038678801, 37.767210435071725 ], [ 26.855597202456607, 37.76718379469694 ], [ 26.855684917082343, 37.76716879410818 ], [ 26.855765255786963, 37.767167041776815 ], [ 26.855928283942792, 37.767189311799335 ], [ 26.856187481049993, 37.767135345338545 ], [ 26.856284624043894, 37.767123452834582 ], [ 26.856341446586619, 37.767084470923812 ], [ 26.856401959981561, 37.767029200476557 ], [ 26.856526689377414, 37.76699279715033 ], [ 26.85676176483598, 37.766979042723534 ], [ 26.856889729274876, 37.766983990323823 ], [ 26.857038004093891, 37.766935096322129 ], [ 26.857182728351905, 37.766871985185887 ], [ 26.857470708812244, 37.766707653681095 ], [ 26.85758876846787, 37.766576052161184 ], [ 26.857650739079897, 37.766469652917607 ], [ 26.857848615731307, 37.766305122063251 ], [ 26.858033232607276, 37.766186209557063 ], [ 26.858180469155517, 37.766032442173262 ], [ 26.858351980940146, 37.765885239528835 ], [ 26.858492049991984, 37.765779327555279 ], [ 26.858526307849878, 37.765750738128467 ], [ 26.858680828060731, 37.76557971511658 ], [ 26.858770962719269, 37.76542494999682 ], [ 26.858842485397805, 37.765285895443348 ], [ 26.858924490851205, 37.765217201434332 ], [ 26.859012534927874, 37.765286241422253 ], [ 26.859206842369556, 37.765348986123932 ], [ 26.859514018422448, 37.765498657584381 ], [ 26.859769029125818, 37.765544657196322 ], [ 26.86020527508494, 37.76556731189131 ], [ 26.860388881522258, 37.765613410289504 ], [ 26.860425913033502, 37.765592485223458 ], [ 26.860415811308904, 37.76556412310854 ], [ 26.860364140136383, 37.765532477329558 ], [ 26.860218531442342, 37.765521693054211 ], [ 26.860142564699675, 37.765498601408602 ], [ 26.8601133129735, 37.765464266381265 ], [ 26.860111963380358, 37.765429256408389 ], [ 26.860125750385397, 37.765389583816194 ], [ 26.860230030733987, 37.765336987369729 ], [ 26.860296432592428, 37.765333246407089 ], [ 26.860346196302991, 37.765319700674084 ], [ 26.860426671336356, 37.765297790918574 ], [ 26.860467208579337, 37.765282919446229 ], [ 26.860901943006656, 37.765142903078868 ], [ 26.861019169306999, 37.765041938872336 ], [ 26.861148407059193, 37.764911976709342 ], [ 26.861506028691895, 37.76454849125269 ], [ 26.861609510926986, 37.764453898961037 ], [ 26.861677145203586, 37.764356496126545 ], [ 26.86187662776657, 37.764156159187245 ], [ 26.862063589132731, 37.764020495658364 ], [ 26.862235673397414, 37.763945613618418 ], [ 26.86234144416234, 37.763696728886146 ], [ 26.862432871251354, 37.763497826766461 ], [ 26.862573159809386, 37.763397863927587 ], [ 26.862582526557592, 37.763290356218668 ], [ 26.862442695728877, 37.763168594027185 ], [ 26.862501227117924, 37.762973975782856 ], [ 26.862636757748259, 37.762870116150658 ], [ 26.862772215756149, 37.76276617148018 ], [ 26.862749069017273, 37.762716885641794 ], [ 26.862686274503822, 37.76264593926674 ], [ 26.862673904048521, 37.762449797652785 ], [ 26.862673413629608, 37.762312490494743 ], [ 26.863092864861304, 37.762163067333461 ], [ 26.863285707038649, 37.76224229620594 ], [ 26.863411836380074, 37.762273559255334 ], [ 26.863554398060735, 37.762294885964259 ], [ 26.863677023570524, 37.762297625722113 ], [ 26.863774839999834, 37.762279989227103 ], [ 26.863853293890735, 37.762219382413541 ], [ 26.863915667798256, 37.76218210469208 ], [ 26.864012021760121, 37.76214996114782 ], [ 26.86404780022561, 37.762104391714004 ], [ 26.86404389475442, 37.762003165680888 ], [ 26.864090923626978, 37.761957322534052 ], [ 26.864314897761435, 37.761925054506023 ], [ 26.864473208590635, 37.761942063151032 ], [ 26.864860548444081, 37.762057801775612 ], [ 26.86485921219791, 37.762120414272452 ], [ 26.864816794633285, 37.762254392941465 ], [ 26.864810363507356, 37.762275500126982 ], [ 26.864836586508851, 37.762277779932994 ], [ 26.864830710616758, 37.762312252859672 ], [ 26.864891109162741, 37.762420637814309 ], [ 26.864962057088569, 37.762503591177484 ], [ 26.86505438908733, 37.7625803026094 ], [ 26.865136017327412, 37.762641254811548 ], [ 26.865110563997359, 37.762684574288855 ], [ 26.865001234379495, 37.762831602481263 ], [ 26.86479668140149, 37.763055906832378 ], [ 26.864524412241988, 37.763315234428006 ], [ 26.864400322363384, 37.763445796514411 ], [ 26.864190468780439, 37.763610628795227 ], [ 26.86392397823964, 37.76378637474793 ], [ 26.863806174961635, 37.763846455776168 ], [ 26.863692109719334, 37.763925518311368 ], [ 26.863538947643491, 37.764003146867623 ], [ 26.863417135408866, 37.76403710110484 ], [ 26.863299699281765, 37.764106707873204 ], [ 26.863226656213833, 37.764237219274577 ], [ 26.863186879251579, 37.764667711213761 ], [ 26.863216015066353, 37.764895463612788 ], [ 26.863282117122885, 37.765129872464613 ], [ 26.863325601914124, 37.7653393590113 ], [ 26.863330407147693, 37.765599459464909 ], [ 26.863349241622732, 37.765645344583319 ], [ 26.86353900817149, 37.765756144809295 ], [ 26.863635449793069, 37.765920680249117 ], [ 26.863669194223345, 37.76617256399711 ], [ 26.863641094998847, 37.766378271133448 ], [ 26.863553151256557, 37.766524478452638 ], [ 26.863505148630793, 37.766648869783381 ], [ 26.863459110486129, 37.766890646111072 ], [ 26.863445466934049, 37.766962295918113 ], [ 26.863366404719212, 37.767053618538291 ], [ 26.863340306957454, 37.767155573145608 ], [ 26.863345476460772, 37.767289547640488 ], [ 26.863337097540274, 37.767364250849752 ], [ 26.863292017601442, 37.767460707684549 ], [ 26.863246708943233, 37.76755120925246 ], [ 26.863210645125541, 37.767662748279356 ], [ 26.863164543683158, 37.76786889273923 ], [ 26.863301953174524, 37.768161167527396 ], [ 26.863318134457497, 37.768213734624894 ], [ 26.863462424861581, 37.768279452581815 ], [ 26.863478437948334, 37.768314863862187 ], [ 26.863469544564303, 37.768356806287628 ], [ 26.863388319961658, 37.768496191629254 ], [ 26.863313781187408, 37.768680220850314 ], [ 26.863300600004603, 37.768735206839843 ], [ 26.863266161418014, 37.768777799580405 ], [ 26.863222761872226, 37.768810009092213 ], [ 26.86315987357272, 37.76883834354053 ], [ 26.862886754573438, 37.768935091594464 ], [ 26.862515864212156, 37.769122311950362 ], [ 26.862460807262572, 37.76916120048206 ], [ 26.862413683190194, 37.769235399399101 ], [ 26.862354086885098, 37.769310471988852 ], [ 26.862202317979861, 37.76950165132714 ], [ 26.862113280265305, 37.769588719159188 ], [ 26.862068650983591, 37.769609606504154 ], [ 26.861899652006773, 37.769641247018548 ], [ 26.861697644151487, 37.769698604154947 ], [ 26.861523829566547, 37.769724318370976 ], [ 26.861430051282248, 37.769735990328279 ], [ 26.861355231430036, 37.769745302505768 ], [ 26.861277522894284, 37.769769915097577 ], [ 26.861247453031329, 37.769791296075795 ], [ 26.861211019723573, 37.769858934815034 ], [ 26.861220850253947, 37.769980859381903 ], [ 26.86127936240382, 37.770129673099497 ], [ 26.861284557461904, 37.770170449595881 ], [ 26.861268706389819, 37.770299477400144 ], [ 26.861256699630506, 37.770333357447953 ], [ 26.861198206010314, 37.770464111028701 ], [ 26.860990224227862, 37.770784820452789 ], [ 26.860929424690198, 37.770854815444785 ], [ 26.86069859003986, 37.771117414807648 ], [ 26.86064732584892, 37.771208531604699 ], [ 26.860635208545741, 37.771307470719691 ], [ 26.86062192462904, 37.771558355591083 ], [ 26.860566009442127, 37.771601298064503 ], [ 26.8605689785037, 37.77175618628528 ], [ 26.860614645286308, 37.771945855424804 ], [ 26.860630177555169, 37.772188698176528 ], [ 26.860607121973544, 37.772563401654843 ], [ 26.860602405393433, 37.772598218333663 ], [ 26.860431989184814, 37.773095669698691 ], [ 26.86041168113502, 37.773143813135498 ], [ 26.860338269434955, 37.773260871391876 ], [ 26.860299664438909, 37.773355800681507 ], [ 26.860303221587348, 37.773498086834451 ], [ 26.860274115387067, 37.773648490536239 ], [ 26.860242093268237, 37.77373409955085 ], [ 26.860236885697823, 37.773941274835472 ], [ 26.860270852140388, 37.774150156377942 ], [ 26.860266686772444, 37.774197936882629 ], [ 26.860289896613796, 37.774254588524805 ], [ 26.860575899937945, 37.774583784242459 ], [ 26.860640047852947, 37.774689506316953 ], [ 26.86064016940259, 37.774770560678199 ], [ 26.860596812049341, 37.77481452507282 ], [ 26.86060730227728, 37.774857531128795 ], [ 26.860694057832617, 37.774921824699447 ], [ 26.860919198296877, 37.775018214734501 ], [ 26.861264501191311, 37.775056875968076 ], [ 26.861596006399971, 37.775041123700085 ], [ 26.862002219438004, 37.774978408809957 ], [ 26.862207411296037, 37.774999771825271 ], [ 26.862340414673799, 37.775038132621546 ], [ 26.862481077598577, 37.775025176778144 ], [ 26.862722626551673, 37.774902487943109 ], [ 26.862842527500884, 37.774818517002991 ], [ 26.862935179983999, 37.774806729220352 ], [ 26.863006584630323, 37.774866976074449 ], [ 26.863068468175101, 37.774991823900677 ], [ 26.863120053227426, 37.775023520550299 ], [ 26.863192218500345, 37.774985467995045 ], [ 26.863231869169642, 37.774942783891554 ], [ 26.863267193282454, 37.774885305253903 ], [ 26.863283074398524, 37.774810418854592 ], [ 26.863306573229139, 37.774738327899549 ], [ 26.863343234694117, 37.774618236445995 ], [ 26.863390115319358, 37.774471076393716 ], [ 26.863494845497442, 37.774418235118361 ], [ 26.863685371871693, 37.774491081881699 ], [ 26.863705890822786, 37.774633623336605 ], [ 26.863806291797236, 37.774849264700627 ], [ 26.863929069821854, 37.775030836460218 ], [ 26.86398682532672, 37.775068172586536 ], [ 26.864103215980247, 37.775068318804898 ], [ 26.864233689284024, 37.775044286855852 ], [ 26.864351989938694, 37.77499670865862 ], [ 26.864474772693033, 37.774923338633052 ], [ 26.86459360173944, 37.774824087100356 ], [ 26.864755188040714, 37.774730757004349 ], [ 26.86490839528464, 37.77471212961732 ], [ 26.865047749972092, 37.774723638826401 ], [ 26.865175161317847, 37.774717558798692 ], [ 26.865432585718565, 37.774675533998796 ], [ 26.865706621659037, 37.774674824994236 ], [ 26.865769279165161, 37.774741840142141 ], [ 26.865856928165691, 37.774775466518165 ], [ 26.865980350111023, 37.774977007995133 ], [ 26.866079057912582, 37.775054992387147 ], [ 26.866204457495037, 37.775102672050544 ], [ 26.866245806113131, 37.775131561270662 ], [ 26.866286858592993, 37.775262182843448 ], [ 26.866379109126264, 37.775414896326104 ], [ 26.866484637654466, 37.775522586948789 ], [ 26.86659120143948, 37.775657073044485 ], [ 26.866734079152501, 37.775662534560723 ], [ 26.866795073805598, 37.775562113435861 ], [ 26.866943066204055, 37.775474593516883 ], [ 26.867077612908957, 37.775412194127341 ], [ 26.867201335479333, 37.775380572975173 ], [ 26.867303231817594, 37.775343762902601 ], [ 26.867346706982399, 37.77528739546964 ], [ 26.867426777679253, 37.7752453945455 ], [ 26.867529085852105, 37.775157078549526 ], [ 26.86758928980025, 37.775098396139668 ], [ 26.867664705630432, 37.77506032381423 ], [ 26.867740195615628, 37.77502415566213 ], [ 26.867830900641081, 37.775008596066961 ], [ 26.867926478200353, 37.774994824795485 ], [ 26.868041959201907, 37.77504150248469 ], [ 26.868317813537768, 37.775177202596652 ], [ 26.868499106579723, 37.775226604821313 ], [ 26.868691831646771, 37.775248235134363 ], [ 26.868878458863922, 37.775311520284177 ], [ 26.869016843366111, 37.775397484737042 ], [ 26.869196802491473, 37.775507531273362 ], [ 26.869316868389287, 37.775583277401729 ], [ 26.869694386335933, 37.775769200709348 ], [ 26.870059074872895, 37.775789060651377 ], [ 26.870467288755222, 37.775665870306412 ], [ 26.870923695710644, 37.775332903838105 ], [ 26.87152715142539, 37.774641118330813 ], [ 26.871607552278576, 37.774506846305115 ], [ 26.871661776750443, 37.774394666639445 ], [ 26.871657075241142, 37.774273198612619 ], [ 26.871690177723192, 37.774197296112405 ], [ 26.871733942290572, 37.774164045526234 ], [ 26.871777706598088, 37.774130794037148 ], [ 26.87194257845254, 37.77408386007626 ], [ 26.872108558209277, 37.774065507103806 ], [ 26.872200172294079, 37.773988177367173 ], [ 26.872202045307663, 37.773920187823641 ], [ 26.872250937151581, 37.773786683274899 ], [ 26.872244298366073, 37.773615198413303 ], [ 26.87211765732027, 37.773485975544119 ], [ 26.871941924430391, 37.773368676260986 ], [ 26.871857451416478, 37.773281338212975 ], [ 26.87165908865715, 37.772928576858206 ], [ 26.8713480708318, 37.772574986634233 ], [ 26.871209313602854, 37.77248181828142 ], [ 26.871132877365163, 37.772369250582784 ], [ 26.871074996968012, 37.772270534234622 ], [ 26.871079158695682, 37.772145272778054 ], [ 26.871131308992179, 37.771979505788359 ], [ 26.871135472040017, 37.771854244969916 ], [ 26.871163244145077, 37.771757014930891 ], [ 26.871158543349473, 37.77163554572077 ], [ 26.870985043280712, 37.77134296938074 ], [ 26.87088298592737, 37.771266785417289 ], [ 26.870755860232268, 37.771241277833276 ], [ 26.870584833067785, 37.771245447018245 ], [ 26.870511716234383, 37.771218621842245 ], [ 26.870468859993501, 37.771158873664604 ], [ 26.870463193670602, 37.771012394742606 ], [ 26.870480937422041, 37.770772372360511 ], [ 26.870581290858784, 37.770455238131291 ], [ 26.870675268795111, 37.770206203061704 ], [ 26.87075975261865, 37.770061104050818 ], [ 26.870824749910849, 37.769968801002044 ], [ 26.87085815586747, 37.769887654056561 ], [ 26.870969198548419, 37.769738355787162 ], [ 26.87101222790027, 37.769608570998045 ], [ 26.870994882064352, 37.769470722550217 ], [ 26.870911802483, 37.769341628267171 ], [ 26.870721233966702, 37.769164283253602 ], [ 26.870706360642338, 37.768973926415121 ], [ 26.870173412860098, 37.768466931036407 ], [ 26.870286137888197, 37.768203410608614 ], [ 26.870468351033903, 37.768041229140898 ], [ 26.870596331669613, 37.768096171514301 ], [ 26.87071253130124, 37.768188698992724 ], [ 26.870819847966356, 37.768245681544407 ], [ 26.870956590206688, 37.768287048200278 ], [ 26.871041750353239, 37.768353511977011 ], [ 26.871164527833269, 37.768422037838036 ], [ 26.871336986164309, 37.768513193439674 ], [ 26.871465768148859, 37.768542832575839 ], [ 26.871601294680161, 37.768533329488349 ], [ 26.871677828935802, 37.768493318615775 ], [ 26.871687894921383, 37.768443009359729 ], [ 26.871610673733393, 37.768387676018669 ], [ 26.871486842090395, 37.768303955031783 ], [ 26.871343468189608, 37.768234464434258 ], [ 26.871343324330365, 37.768183504534555 ], [ 26.871310730971071, 37.768132805574815 ], [ 26.871232160722482, 37.768104682227275 ], [ 26.87119192238131, 37.768042725730169 ], [ 26.871161293938766, 37.767996269433205 ], [ 26.8711482808611, 37.76793937072982 ], [ 26.871105660482293, 37.767908941318247 ], [ 26.871031520079956, 37.767902166813549 ], [ 26.870940847108059, 37.76788721274788 ], [ 26.870875044916978, 37.767863069518434 ], [ 26.870848514551412, 37.767829387050533 ], [ 26.870875162142578, 37.767790519966077 ], [ 26.870899448847133, 37.767780412371572 ], [ 26.870985353342892, 37.767749709871133 ], [ 26.871083073859516, 37.767713950871467 ], [ 26.87116006842145, 37.76768585038279 ], [ 26.871188860473879, 37.767615602994752 ], [ 26.871231930663004, 37.767564488442467 ], [ 26.871267801443469, 37.767482558748981 ], [ 26.871294954112503, 37.767399633858069 ], [ 26.871405365333704, 37.767312324203431 ], [ 26.871489793852543, 37.767243513267999 ], [ 26.871571003378001, 37.767218021787038 ], [ 26.871627531440996, 37.767233002741115 ], [ 26.871712220007755, 37.767258640850848 ], [ 26.871732583336208, 37.767309112755775 ], [ 26.871785063752156, 37.767345976723377 ], [ 26.871864269637793, 37.767375037385399 ], [ 26.871904472348749, 37.767405048905317 ], [ 26.871942134779562, 37.76744704151173 ], [ 26.872008603348242, 37.767457340392845 ], [ 26.872070042580884, 37.76741531419502 ], [ 26.872134021588362, 37.767361305080705 ], [ 26.872194305209156, 37.767366987659969 ], [ 26.872235244461617, 37.767416051882186 ], [ 26.872255367033407, 37.767470393833904 ], [ 26.872323586357826, 37.767525946159338 ], [ 26.872480617722722, 37.767548339012059 ], [ 26.872566377610301, 37.767591542498906 ], [ 26.872588082202764, 37.767701475192958 ], [ 26.872622343098818, 37.767748699901333 ], [ 26.872712066563896, 37.7678457716694 ], [ 26.872739621819679, 37.767898170561672 ], [ 26.873125630294233, 37.768392892297598 ], [ 26.873399202115326, 37.768866420865621 ], [ 26.873519351100697, 37.76904719005514 ], [ 26.873733382572038, 37.769374681428815 ], [ 26.87398771811981, 37.769583034243425 ], [ 26.874184182834274, 37.769628704641264 ], [ 26.874229050567806, 37.769627773777628 ], [ 26.874302135854922, 37.769605549977413 ], [ 26.87446122699442, 37.769557173057102 ], [ 26.87479764602115, 37.769248577156652 ], [ 26.874853039082954, 37.769128024562946 ], [ 26.874899759877955, 37.768783589436154 ], [ 26.87511126614077, 37.768506649628279 ], [ 26.87524226738288, 37.76836451960132 ], [ 26.875479427141535, 37.768182674598656 ], [ 26.875564707164088, 37.768058411029784 ], [ 26.87566100600209, 37.767942522897179 ], [ 26.875880370274981, 37.767653256659599 ], [ 26.875963444073566, 37.767612382720991 ], [ 26.875986855485994, 37.767600863084688 ], [ 26.876246639447274, 37.767417831473814 ], [ 26.876400442386789, 37.767191049018798 ], [ 26.876260182503685, 37.766790987285354 ], [ 26.876207881318145, 37.766241485011776 ], [ 26.876299139404264, 37.765626645704025 ], [ 26.876138175600172, 37.765366189115021 ], [ 26.876058967834684, 37.765182171821607 ], [ 26.875898010721716, 37.764934353562793 ], [ 26.875646328149681, 37.764763131016544 ], [ 26.875361168200463, 37.764605086262769 ], [ 26.875285421734443, 37.764563105271669 ], [ 26.875115382963546, 37.764452825502133 ], [ 26.875100873997365, 37.764264367269426 ], [ 26.875026489992401, 37.764111701138347 ], [ 26.874906248807939, 37.763891493697116 ], [ 26.874925750425106, 37.763650710830255 ], [ 26.874945971387664, 37.763397513282115 ], [ 26.874966561271275, 37.763153843868913 ], [ 26.874951704407348, 37.762925343501301 ], [ 26.875016790135334, 37.762589994911409 ], [ 26.874915530954333, 37.762301619408511 ], [ 26.87506775706299, 37.762045198272112 ], [ 26.875145194794314, 37.76162563278826 ], [ 26.875265696944819, 37.761201517465459 ], [ 26.87531850255667, 37.761014275358697 ], [ 26.87519776893177, 37.760688231561886 ], [ 26.875015093724517, 37.760468597122774 ], [ 26.874888790260695, 37.760294157884701 ], [ 26.874363718365831, 37.760090577172782 ], [ 26.874070495871763, 37.759906066021998 ], [ 26.873956665975424, 37.759704960316718 ], [ 26.87386136449997, 37.759570206105899 ], [ 26.873702604653193, 37.759347599255413 ], [ 26.8735461504867, 37.759184537835374 ], [ 26.873490956777388, 37.759121939131738 ], [ 26.873307318231493, 37.758985103167973 ], [ 26.873100320890387, 37.758915294122865 ], [ 26.872828941781261, 37.758886157873789 ], [ 26.872528714633205, 37.758887520602897 ], [ 26.872223667233282, 37.758791590641827 ], [ 26.871924242815446, 37.758728148807286 ], [ 26.871601464004968, 37.758659758350682 ], [ 26.87121355505171, 37.758672817480488 ], [ 26.870779155944252, 37.758864956740602 ], [ 26.870157902764365, 37.75881051853716 ], [ 26.869014108029475, 37.758549083377829 ], [ 26.868364007024354, 37.758520191666932 ], [ 26.868156938516147, 37.75852107217441 ], [ 26.868024645776291, 37.758477805077717 ], [ 26.867905301002466, 37.758419921104746 ], [ 26.867813231169947, 37.758368523148924 ], [ 26.867693197043664, 37.758292773622792 ], [ 26.867520819069842, 37.758261208783892 ], [ 26.867296682230116, 37.758325370649104 ], [ 26.866971226596959, 37.758482055722546 ], [ 26.86677191093565, 37.75854603109574 ], [ 26.866554367142999, 37.758511275251379 ], [ 26.866415140366122, 37.758451727067452 ], [ 26.866369544995386, 37.758437802356696 ], [ 26.866369462975555, 37.758385928036439 ], [ 26.866401680875242, 37.758224939497005 ], [ 26.866416731213381, 37.758148093934651 ], [ 26.866425800956495, 37.758101788103552 ], [ 26.866431781535795, 37.758071248363493 ], [ 26.866589240060303, 37.757918654373768 ], [ 26.866620892820706, 37.75786996121014 ], [ 26.866634588135454, 37.757848891159384 ], [ 26.866725265462723, 37.757739880417653 ], [ 26.866829291877139, 37.757634359219736 ], [ 26.866866989011392, 37.757582181349974 ], [ 26.866902124402291, 37.757481198736805 ], [ 26.86691022463096, 37.757302200933992 ], [ 26.86696122324982, 37.757300959665052 ], [ 26.867105312012203, 37.757299834418077 ], [ 26.867282398992003, 37.757297907232442 ], [ 26.867446417774289, 37.757346362750134 ], [ 26.867700620185012, 37.757397388668899 ], [ 26.867901834923341, 37.757362825506412 ], [ 26.867881497861347, 37.757241799188847 ], [ 26.867834048276869, 37.756959425931875 ], [ 26.867789050138462, 37.756691639384201 ], [ 26.867760956922716, 37.756595382240683 ], [ 26.867621206829554, 37.756116562807748 ], [ 26.867500556655898, 37.755779743812994 ], [ 26.867493506490135, 37.755760064889543 ], [ 26.867346925100801, 37.755350847976985 ], [ 26.867355759464598, 37.755080321441852 ], [ 26.867641865464634, 37.75436920179866 ], [ 26.867638671944999, 37.754224331903181 ], [ 26.867613874086388, 37.754055046411118 ], [ 26.86761773885247, 37.753931132961554 ], [ 26.867575485446757, 37.753770049982307 ], [ 26.867512385756658, 37.753504577822355 ], [ 26.867497519878356, 37.753311075387629 ], [ 26.867575552153522, 37.753161853580906 ], [ 26.867652742950341, 37.753033895637962 ], [ 26.867677173595478, 37.752908046028331 ], [ 26.867726455462439, 37.752811161520818 ], [ 26.86782784392625, 37.752731903749819 ], [ 26.867936406968084, 37.75267820837044 ], [ 26.868066923850527, 37.752636885664302 ], [ 26.868218330195891, 37.752638919854249 ], [ 26.868400006650162, 37.752678361076129 ], [ 26.868514019460068, 37.752645069595602 ], [ 26.868565901254527, 37.752557981017723 ], [ 26.868653131317171, 37.752328899848415 ], [ 26.868833068548643, 37.752074673229565 ], [ 26.868983574864018, 37.75186693588455 ], [ 26.869088440790676, 37.751824925764119 ], [ 26.869311806851414, 37.751777763616282 ], [ 26.869522733141544, 37.751722560447668 ], [ 26.869678531141556, 37.751652609371334 ], [ 26.869797367010833, 37.75161991337383 ], [ 26.869776845071961, 37.75147737317473 ], [ 26.869810956758538, 37.751291782081481 ], [ 26.86992755762417, 37.751104179841597 ], [ 26.869966520845299, 37.750849930206911 ], [ 26.869932699325929, 37.750460374718401 ], [ 26.870046622214588, 37.749912257798051 ], [ 26.870245869834338, 37.749245303263351 ], [ 26.8705940429981, 37.748733735396613 ], [ 26.870926051779467, 37.748293541681917 ], [ 26.871269649381929, 37.747798868773145 ], [ 26.871540034003356, 37.747575292563127 ], [ 26.872091388632956, 37.747275768119096 ], [ 26.872530569052419, 37.747298185765217 ], [ 26.872581411792812, 37.74730078060513 ], [ 26.872636088204629, 37.74719638530604 ], [ 26.87292470459726, 37.746915935247891 ], [ 26.872990724390913, 37.746902829453155 ], [ 26.873359874164088, 37.746782967629159 ], [ 26.873801701812564, 37.74667921138483 ], [ 26.874315238917845, 37.746566549844076 ], [ 26.874416923422903, 37.746517582662676 ], [ 26.87451684967224, 37.746392327649325 ], [ 26.874507028579853, 37.746216151400702 ], [ 26.874381979822981, 37.746088082133319 ], [ 26.874130259677184, 37.746022705503933 ], [ 26.873658199346526, 37.745926944806385 ], [ 26.873509643804617, 37.745881737844961 ], [ 26.873354476925726, 37.745836610089953 ], [ 26.873293894254168, 37.745745112166013 ], [ 26.873353337959689, 37.745574398258036 ], [ 26.873276970651158, 37.745540500922701 ], [ 26.873100833995025, 37.745566254124206 ], [ 26.87307517925683, 37.745523967897086 ], [ 26.873099183232505, 37.745368421770387 ], [ 26.873128215498131, 37.745265201574384 ], [ 26.873299487997702, 37.745155615272488 ], [ 26.873253585099942, 37.745083383322964 ], [ 26.87320389514106, 37.744963011636315 ], [ 26.873181199513738, 37.744841979106148 ], [ 26.873094962790983, 37.744708194817498 ], [ 26.872920523778227, 37.744552723741997 ], [ 26.872646766482788, 37.74442971107441 ], [ 26.872524548085224, 37.744312538624612 ], [ 26.872427544735476, 37.744164236033804 ], [ 26.872462071374553, 37.74400128031386 ], [ 26.872612733225186, 37.743860286827143 ], [ 26.872884144997847, 37.74367439057891 ], [ 26.873127532176142, 37.743571186347047 ], [ 26.873177552565558, 37.743560430103159 ], [ 26.87326138818251, 37.743554570266127 ], [ 26.873328203470166, 37.743543404575867 ], [ 26.873372246242482, 37.743502279676903 ], [ 26.873430390000056, 37.743453180462986 ], [ 26.873560790354322, 37.743277595227639 ], [ 26.873664492175838, 37.743164446865372 ], [ 26.873679672690294, 37.742998150747468 ], [ 26.873616670491288, 37.742797524522651 ], [ 26.873353127275507, 37.742596824223135 ], [ 26.873088041364102, 37.742496009212211 ], [ 26.872811394223262, 37.742445541591628 ], [ 26.872638914290512, 37.74241041375921 ], [ 26.872514817080877, 37.742345497148527 ], [ 26.872435985811485, 37.742286627696529 ], [ 26.872359305546173, 37.742166913039647 ], [ 26.87227563908591, 37.741983001258525 ], [ 26.87215493613018, 37.74188939212619 ], [ 26.871984331747601, 37.741786272434403 ], [ 26.87188855202287, 37.74163841517796 ], [ 26.871841154369925, 37.741460771617213 ], [ 26.871747860925272, 37.741377219314209 ], [ 26.871623765825177, 37.741312302394817 ], [ 26.871318962665931, 37.741321719474726 ], [ 26.871162357012555, 37.741444737804002 ], [ 26.870925867473574, 37.741539903092402 ], [ 26.870420843272264, 37.741483671323827 ], [ 26.870028583440256, 37.741430103918837 ], [ 26.86916214525316, 37.741112853025541 ], [ 26.868543547416738, 37.740877432663133 ], [ 26.868130175698393, 37.74039635788381 ], [ 26.867976078826626, 37.740030069156049 ], [ 26.867910677646481, 37.739938595618241 ], [ 26.867702936235123, 37.73968975671238 ], [ 26.867539271496629, 37.73953282144447 ], [ 26.867400859486001, 37.739446790823543 ], [ 26.867265567556835, 37.739324924137058 ], [ 26.867156166023012, 37.73917381724096 ], [ 26.867063866251055, 37.738979859066013 ], [ 26.866959312105351, 37.738925858617563 ], [ 26.86589010738016, 37.738784666765717 ], [ 26.865309223170684, 37.73865459941738 ], [ 26.865052006310904, 37.738674313775874 ], [ 26.864709688317632, 37.73867191215669 ], [ 26.864413459242588, 37.738696996795355 ], [ 26.864153769978877, 37.738735494396792 ], [ 26.864000399144292, 37.738728497074838 ], [ 26.86394283211277, 37.738636921568279 ], [ 26.863950176762746, 37.738593830827995 ], [ 26.864045705816601, 37.738502106916414 ], [ 26.864162625919079, 37.7383812540088 ], [ 26.864337754355201, 37.738251835751974 ], [ 26.864471291342131, 37.738094820621562 ], [ 26.864609738742431, 37.73794841243982 ], [ 26.864701318760414, 37.73787108847165 ], [ 26.864711646728402, 37.737788588393478 ], [ 26.864642125326252, 37.737623279833564 ], [ 26.864588140911792, 37.737624592918259 ], [ 26.86447420789867, 37.737692937556773 ], [ 26.864375850105173, 37.737721658567445 ], [ 26.864267604254682, 37.737717138041326 ], [ 26.864171616020847, 37.737680137981286 ], [ 26.864144853154482, 37.737569932819881 ], [ 26.864208614166426, 37.737471829626642 ], [ 26.864296108325714, 37.737405334319753 ], [ 26.864344353755907, 37.737371976507077 ], [ 26.864413578963081, 37.737298773076276 ], [ 26.864433866783095, 37.737241062440063 ], [ 26.864377954745315, 37.737192359132898 ], [ 26.864261264676873, 37.73720234822531 ], [ 26.864114737359955, 37.737255975940144 ], [ 26.863997771881937, 37.73725881990628 ], [ 26.863915693384119, 37.737232207179005 ], [ 26.863846973729213, 37.737201694208849 ], [ 26.86372096396725, 37.737086748320998 ], [ 26.863665832669746, 37.736941471684318 ], [ 26.863620248876472, 37.736810269027643 ], [ 26.863516183737136, 37.73668048599675 ], [ 26.863449346637637, 37.736581980776187 ], [ 26.863423134380795, 37.736486066971757 ], [ 26.863424466226416, 37.736403787187221 ], [ 26.863481939777436, 37.736259348592093 ], [ 26.863509022597178, 37.736144256690011 ], [ 26.863505579566652, 37.736054941453695 ], [ 26.863426762669022, 37.735996063658071 ], [ 26.863262471785358, 37.735939266337617 ], [ 26.863130635627019, 37.735906711015311 ], [ 26.862959413185646, 37.735903721121787 ], [ 26.862816009555498, 37.735921509985296 ], [ 26.862763081847909, 37.735891804161731 ], [ 26.862703370944953, 37.735705514862005 ], [ 26.862664946287257, 37.735633439192412 ], [ 26.862513827160651, 37.735558139461155 ], [ 26.862361236371935, 37.7354933091178 ], [ 26.862145374499072, 37.735441934557812 ], [ 26.861970749978877, 37.735389556099463 ], [ 26.861837592291113, 37.735342131935454 ], [ 26.861665461017619, 37.735259774534704 ], [ 26.861387669462896, 37.735159242469834 ], [ 26.860894821597114, 37.735028173502904 ], [ 26.860371527640261, 37.734885920809077 ], [ 26.860113285377569, 37.734805770863993 ], [ 26.859819128744277, 37.734669872600357 ], [ 26.859669809260158, 37.734433025369235 ], [ 26.859763570248941, 37.733972413870063 ], [ 26.859757289823047, 37.733925614529447 ], [ 26.859724797792168, 37.73378336320468 ], [ 26.859718472444541, 37.733619020292039 ], [ 26.859778150755133, 37.733531747667065 ], [ 26.859914439317905, 37.733446190247165 ], [ 26.860086579400068, 37.733356185694291 ], [ 26.86023213990628, 37.733277554435354 ], [ 26.860286907169453, 37.733179672235863 ], [ 26.860404650445361, 37.733080260733907 ], [ 26.860704962876753, 37.732981938046471 ], [ 26.86082077335848, 37.732720118991807 ], [ 26.861015130429671, 37.732446781939373 ], [ 26.861146504978198, 37.732350616394385 ], [ 26.861193235827209, 37.732277960715457 ], [ 26.861149310281796, 37.732189626905175 ], [ 26.861021017360887, 37.732131951356898 ], [ 26.860901858978593, 37.732077628942648 ], [ 26.860780127110047, 37.732073433109733 ], [ 26.8606139629734, 37.732084620947568 ], [ 26.860452708475165, 37.732106415985534 ], [ 26.860388355592939, 37.732072219667785 ], [ 26.8603580651559, 37.731987130427264 ], [ 26.860401357489266, 37.731825157469281 ], [ 26.860484447353173, 37.731644339870329 ], [ 26.86054559546411, 37.731478358070561 ], [ 26.860567181305679, 37.731220357507006 ], [ 26.860623692239194, 37.731050914254695 ], [ 26.860695487718051, 37.730927585760149 ], [ 26.860809968123398, 37.730860437942674 ], [ 26.860982926179258, 37.730791868208058 ], [ 26.861114435372841, 37.730699272330419 ], [ 26.8611694329953, 37.730490528177157 ], [ 26.861168703083116, 37.73035465812314 ], [ 26.861051982380008, 37.730246635744102 ], [ 26.860891103797695, 37.730161143307519 ], [ 26.860663301402887, 37.730091579178968 ], [ 26.860526485882183, 37.729812395963151 ], [ 26.860456358488985, 37.72962814405961 ], [ 26.860451132471297, 37.729492383701213 ], [ 26.860471342733099, 37.729198658539183 ], [ 26.860523137276154, 37.728789735893713 ], [ 26.860624863836311, 37.72850833626682 ], [ 26.860752519724439, 37.728315705306365 ], [ 26.860906336963588, 37.728100986354818 ], [ 26.860981665194796, 37.727952538498279 ], [ 26.860982447836175, 37.727855967763816 ], [ 26.860874040513458, 37.72772986163411 ], [ 26.860779029917534, 37.727717867072229 ], [ 26.860474121658392, 37.727750304045976 ], [ 26.860330456279858, 37.72776094424232 ], [ 26.860194510314344, 37.727621203917892 ], [ 26.860038188068653, 37.727594906857291 ], [ 26.860008926430442, 37.727560661493733 ], [ 26.860040746157225, 37.727334598744278 ], [ 26.860252715719035, 37.727203577641617 ], [ 26.860383621885106, 37.727104943138215 ], [ 26.860509543329378, 37.726964805711781 ], [ 26.860602612647913, 37.726750962999439 ], [ 26.860454522825503, 37.726313973976616 ], [ 26.860382435650916, 37.726098182416486 ], [ 26.860475619815929, 37.725887318098202 ], [ 26.860572948653612, 37.725738727385959 ], [ 26.860563120110914, 37.725584589275165 ], [ 26.860499312089431, 37.725424026376643 ], [ 26.860504339005246, 37.725242719288687 ], [ 26.860551614689747, 37.725098530119688 ], [ 26.860617369636518, 37.724997757834842 ], [ 26.860825497070827, 37.72479053966989 ], [ 26.860932105392912, 37.72469068239112 ], [ 26.860972058611946, 37.724605795430129 ], [ 26.860968170924995, 37.724504806684905 ], [ 26.860930770830215, 37.724406540954597 ], [ 26.860878957646637, 37.724245685722458 ], [ 26.860853480451972, 37.724145222818123 ], [ 26.860860561454412, 37.724017267314814 ], [ 26.860874984206735, 37.723892947183487 ], [ 26.86091391002612, 37.723781384234307 ], [ 26.860985349944265, 37.723516453361448 ], [ 26.860996105444169, 37.723296863068782 ], [ 26.860955501313978, 37.723177695046985 ], [ 26.860867362348174, 37.723071124687316 ], [ 26.860763948610611, 37.722942038633732 ], [ 26.860676889274181, 37.72280111166554 ], [ 26.8606618870155, 37.722723280578307 ], [ 26.860696308286521, 37.722619454910642 ], [ 26.860746956456705, 37.722562915750174 ], [ 26.860837702585901, 37.722425299504877 ], [ 26.860902845638208, 37.722246347302459 ], [ 26.860897733556502, 37.722175904772861 ], [ 26.860844057645473, 37.722091383428285 ], [ 26.86069986627734, 37.721963287210087 ], [ 26.86066997943357, 37.721933100404591 ], [ 26.860544980429633, 37.721806842771699 ], [ 26.860474106113056, 37.721712690274316 ], [ 26.860381324452291, 37.721562878725095 ], [ 26.860335744822731, 37.721392336580756 ], [ 26.860373324534226, 37.721276991787477 ], [ 26.860502720430873, 37.720918541505746 ], [ 26.860522765259706, 37.720815542853344 ], [ 26.860504100763997, 37.720677925722612 ], [ 26.860065911348727, 37.720164662894447 ], [ 26.859947169088944, 37.720003642927331 ], [ 26.85974556528198, 37.719639016165097 ], [ 26.859682242662249, 37.719455791881586 ], [ 26.859646943214063, 37.719051460232436 ], [ 26.859640654796998, 37.718972846017728 ], [ 26.859608723877653, 37.718922959428482 ], [ 26.859522029846936, 37.718814802947136 ], [ 26.859434765367357, 37.71869176045815 ], [ 26.859375339198554, 37.718609763344276 ], [ 26.859311050603409, 37.718596421972499 ], [ 26.859228939203799, 37.718607355973923 ], [ 26.859165796031167, 37.718623788364447 ], [ 26.859130148734401, 37.718672332986635 ], [ 26.859105744790231, 37.718720604794832 ], [ 26.859089638608562, 37.718789537984968 ], [ 26.859045807679824, 37.718820401660601 ], [ 26.859023121012218, 37.718913333886007 ], [ 26.859009961042403, 37.718961330903213 ], [ 26.858936032033586, 37.718989947541871 ], [ 26.858855254191109, 37.719021433651108 ], [ 26.858795594932939, 37.718994492638778 ], [ 26.858503717223012, 37.719070765728397 ], [ 26.858265493465577, 37.719119458776078 ], [ 26.858007814382429, 37.719130477451856 ], [ 26.857867872156415, 37.719081425721178 ], [ 26.857813529423662, 37.719040816025988 ], [ 26.857769256507279, 37.718931649492497 ], [ 26.85777659221792, 37.718892917928137 ], [ 26.857863064176641, 37.718800227354755 ], [ 26.857998793832035, 37.718739718510456 ], [ 26.858189041112979, 37.718692190790421 ], [ 26.858276245031739, 37.718618554529776 ], [ 26.858211516296766, 37.718496156684623 ], [ 26.858034496648589, 37.718419393923753 ], [ 26.857818430571641, 37.718419867330162 ], [ 26.857578560948138, 37.718425686133799 ], [ 26.857321248228413, 37.718446231993248 ], [ 26.857118824096965, 37.718489286012222 ], [ 26.857033896298425, 37.71850515413 ], [ 26.856917267665082, 37.718500091157004 ], [ 26.856883229369817, 37.718480355863122 ], [ 26.856862263622169, 37.718351529261412 ], [ 26.856788042819691, 37.718316122076125 ], [ 26.856655564515385, 37.718305030511488 ], [ 26.856322675526787, 37.718389390411048 ], [ 26.856048332019967, 37.718591531819555 ], [ 26.85569873048491, 37.718709670652622 ], [ 26.855282473729527, 37.718967698554188 ], [ 26.854768108831159, 37.719328231339915 ], [ 26.854381646083951, 37.719580765812857 ], [ 26.85375585490814, 37.719853401597184 ], [ 26.85338534063683, 37.719972855170496 ], [ 26.853084495989936, 37.720346467055393 ], [ 26.85285101778538, 37.720519002092921 ], [ 26.85261534409911, 37.720634374295699 ], [ 26.852396382194627, 37.720715965482711 ], [ 26.852222652304754, 37.720724939922377 ], [ 26.851893733057292, 37.720756742945362 ], [ 26.851722928002765, 37.720841934408135 ], [ 26.851607374677847, 37.720959163047006 ], [ 26.851552704462158, 37.721098760731174 ], [ 26.851438976381143, 37.721263626771538 ], [ 26.851230942283941, 37.72147368763811 ], [ 26.850955659712785, 37.721652000610945 ], [ 26.850760132312868, 37.721718716994701 ], [ 26.850455560522345, 37.721759462828935 ], [ 26.85007792947636, 37.721773367224841 ], [ 26.849825686752038, 37.721769934013416 ], [ 26.849581420902698, 37.72166140921491 ], [ 26.849448909589185, 37.721492965924078 ], [ 26.849351831710958, 37.721309359968103 ], [ 26.849251131371698, 37.721187826189741 ], [ 26.849085743070749, 37.721101233592911 ], [ 26.848910551648935, 37.72107209233458 ], [ 26.848737368229482, 37.721095354047996 ], [ 26.848615082985649, 37.721193672953909 ], [ 26.848505519737401, 37.721310755111602 ], [ 26.848271297355442, 37.721464227203647 ], [ 26.848016709774601, 37.721556207043314 ], [ 26.847718682269353, 37.721611092726889 ], [ 26.847345769463573, 37.721591498705273 ], [ 26.847031732618333, 37.721541871980577 ], [ 26.846819828674942, 37.721494543983773 ], [ 26.846664793798258, 37.721364783071493 ], [ 26.846484495205278, 37.721202259900949 ], [ 26.846167177865649, 37.721066883819809 ], [ 26.845856221972454, 37.720940892761455 ], [ 26.84555742285734, 37.720662027452001 ], [ 26.844752959884428, 37.720336201819222 ], [ 26.84440804957978, 37.720215708194559 ], [ 26.843720412799076, 37.720031685397714 ], [ 26.843629736119688, 37.72002573490775 ], [ 26.843379257889914, 37.720009298138365 ], [ 26.843099741813713, 37.720034523083264 ], [ 26.842856686046929, 37.720041351309384 ], [ 26.842700055856206, 37.720045751771586 ], [ 26.842426355337391, 37.719984991084324 ], [ 26.842356843994789, 37.719969560535468 ], [ 26.84201278703846, 37.719871214203579 ], [ 26.84167060488744, 37.719821920607764 ], [ 26.841582267913335, 37.719823524184015 ], [ 26.841330742277453, 37.719833286026407 ], [ 26.841307248246032, 37.71983837274739 ], [ 26.84099323759845, 37.719906363752102 ], [ 26.840656901590425, 37.720010034856102 ], [ 26.840559561806174, 37.720041274160316 ], [ 26.83998454921047, 37.720225813596386 ], [ 26.839770814978607, 37.720337614166851 ], [ 26.839538533118191, 37.720520607063222 ], [ 26.839341390606062, 37.720736580282342 ], [ 26.839324180402045, 37.72075543504382 ], [ 26.839202533119273, 37.720849495312514 ], [ 26.839062862870627, 37.720957488846338 ], [ 26.839046205692881, 37.721311425721908 ], [ 26.838985216269471, 37.721384416740847 ], [ 26.838880835878729, 37.721401832769992 ], [ 26.838779067596665, 37.721389385210855 ], [ 26.838709098451552, 37.721325509804473 ], [ 26.838676270289685, 37.721251800706916 ], [ 26.838486807696338, 37.721006042306286 ], [ 26.838322339594352, 37.720923584527952 ], [ 26.838138224419144, 37.720916100129301 ], [ 26.83793196205734, 37.720918088304551 ], [ 26.837771587130064, 37.720942811511129 ], [ 26.837597242366485, 37.720994692241604 ], [ 26.837454133293168, 37.721078599721878 ], [ 26.837306365966409, 37.721138779791723 ], [ 26.837105554924271, 37.721185336723067 ], [ 26.836962783254052, 37.721179834342564 ], [ 26.836838850628951, 37.721069097201486 ], [ 26.83671154621663, 37.720918392015022 ], [ 26.836447674976093, 37.720846073293714 ], [ 26.836239413485643, 37.720815327468948 ], [ 26.836051460252488, 37.720844884458323 ], [ 26.835852330649125, 37.720935502290061 ], [ 26.835770416032513, 37.721030451626753 ], [ 26.835702903585648, 37.721109558454927 ], [ 26.83555870128097, 37.721105876435267 ], [ 26.835474742429668, 37.721029225263756 ], [ 26.835243991561768, 37.720999018480477 ], [ 26.835053584556274, 37.720964264342904 ], [ 26.834856906454071, 37.721001180824373 ], [ 26.834555415768133, 37.721122870181972 ], [ 26.834457600078565, 37.721387002520927 ], [ 26.834225427549846, 37.721673854708001 ], [ 26.834086851929513, 37.721975193857538 ], [ 26.834064131592413, 37.722166462374751 ], [ 26.8340718514877, 37.722368918691764 ], [ 26.83413567851796, 37.722665387264307 ], [ 26.834219953767285, 37.722907721121366 ], [ 26.8343480737663, 37.723119203150389 ], [ 26.834355339790434, 37.723309750347426 ], [ 26.834300816808511, 37.723454103871852 ], [ 26.834115329686696, 37.72360756856709 ], [ 26.833979934706242, 37.723697247083422 ], [ 26.833900080357051, 37.723866049916957 ], [ 26.833845897021057, 37.724019335315347 ], [ 26.833846576446646, 37.7241355401421 ], [ 26.833936307759569, 37.724225762652054 ], [ 26.834068633554782, 37.724252378985433 ], [ 26.834180060882471, 37.72432121999509 ], [ 26.834265930583829, 37.72440855512162 ], [ 26.834272854354726, 37.724688512150877 ], [ 26.834279100827821, 37.724753921027862 ], [ 26.834302612097396, 37.724878518824013 ], [ 26.834308629366205, 37.725036314587911 ], [ 26.834332139344003, 37.725160910755264 ], [ 26.834383025351602, 37.725314649345258 ], [ 26.834487637864694, 37.725499873076743 ], [ 26.834581346182038, 37.725595959759424 ], [ 26.83466381056342, 37.725692317125826 ], [ 26.834698794259634, 37.725822596527678 ], [ 26.834699474901097, 37.72593880208499 ], [ 26.834666646178977, 37.726061773344064 ], [ 26.834639042407897, 37.726223359477167 ], [ 26.834569750668134, 37.726472370024702 ], [ 26.834562138820171, 37.726666254787531 ], [ 26.834565090718218, 37.726743663280139 ], [ 26.834625632861375, 37.72685544926933 ], [ 26.834752739490163, 37.726941791241856 ], [ 26.834954475319215, 37.727017398045355 ], [ 26.835093379283922, 37.727073978671285 ], [ 26.835128768255732, 37.727153861364492 ], [ 26.835122226093461, 37.727297059843302 ], [ 26.83512077156325, 37.727416296473038 ], [ 26.835131312704451, 37.727535243833636 ], [ 26.835201829536455, 37.727652748131199 ], [ 26.835346136026729, 37.727816157544289 ], [ 26.835556235198037, 37.727973213419311 ], [ 26.835845941147713, 37.728171266359901 ], [ 26.836048408245158, 37.728285593404777 ], [ 26.836188325949102, 37.728396848664921 ], [ 26.836269968149729, 37.728459727874728 ], [ 26.836382434836985, 37.728512328491625 ], [ 26.836491192349008, 37.728530690316369 ], [ 26.836658491373136, 37.728520713759565 ], [ 26.83663769932712, 37.72854718769328 ], [ 26.836631702345304, 37.728578800934166 ], [ 26.836636120103275, 37.728600151626019 ], [ 26.836663926596195, 37.728620937382949 ], [ 26.836724285953792, 37.7286452317325 ], [ 26.836808964215948, 37.7286932568881 ], [ 26.836839279706265, 37.728732576876759 ], [ 26.836843967461768, 37.728740476879324 ], [ 26.836845649019189, 37.72877463062548 ], [ 26.836813001114933, 37.72879900945324 ], [ 26.836747080282745, 37.728817762755895 ], [ 26.836676199262683, 37.728848078023965 ], [ 26.836637651115947, 37.728876185090655 ], [ 26.836640815399701, 37.728911869621527 ], [ 26.836687925303668, 37.728966520519428 ], [ 26.836811479629798, 37.729042218350592 ], [ 26.836927563561144, 37.729063738924935 ], [ 26.837077451866929, 37.729074434369302 ], [ 26.837196316347182, 37.729074432681813 ], [ 26.837333882176882, 37.72909257373999 ], [ 26.837380282836175, 37.729081444641388 ], [ 26.837391349673361, 37.729041125865947 ], [ 26.837387150236822, 37.728978288961621 ], [ 26.837369208904132, 37.728885744468151 ], [ 26.837328313778766, 37.728852398242594 ], [ 26.837306994220114, 37.728812858851093 ], [ 26.837313806768059, 37.728755479559894 ], [ 26.83733447152694, 37.728730665268564 ], [ 26.837372147735767, 37.728726895354498 ], [ 26.837458568848753, 37.728726246122406 ], [ 26.837646130892079, 37.728718621754972 ], [ 26.837762819807391, 37.728873509557914 ], [ 26.837871296990109, 37.728966133001734 ], [ 26.837927133387172, 37.729044891149897 ], [ 26.837975988492335, 37.729066600428659 ], [ 26.838160948505582, 37.729070622906818 ], [ 26.838335354138419, 37.729025529481049 ], [ 26.838499055369375, 37.729028266583128 ], [ 26.838625627553654, 37.729072896876993 ], [ 26.838704581317053, 37.729128210777652 ], [ 26.838765216850778, 37.729206851805714 ], [ 26.838782159166968, 37.729273198000172 ], [ 26.838779399153026, 37.7293266664025 ], [ 26.838772868488618, 37.72959574175843 ], [ 26.838772944958979, 37.729660584985574 ], [ 26.838799265504459, 37.729720980857621 ], [ 26.838859610023057, 37.729792002138836 ], [ 26.838921408163589, 37.729838193053673 ], [ 26.838985822881565, 37.729890042885856 ], [ 26.83901381753552, 37.729994263601782 ], [ 26.839000660276913, 37.730027005034898 ], [ 26.838940276008724, 37.730045054922101 ], [ 26.83879038529998, 37.730008239831008 ], [ 26.838597238958982, 37.729958253847002 ], [ 26.838378192585456, 37.729976075934076 ], [ 26.838241810882252, 37.729971470312023 ], [ 26.838055698014852, 37.729982987101515 ], [ 26.837918819434776, 37.730033965424042 ], [ 26.837803070576545, 37.730147014911495 ], [ 26.837664716393071, 37.730257629189367 ], [ 26.837551688592551, 37.73024545152316 ], [ 26.837382884518835, 37.730148196489964 ], [ 26.837199652454633, 37.73006618927684 ], [ 26.837072879091501, 37.72998878129723 ], [ 26.836925433196782, 37.729959552231698 ], [ 26.836854438950063, 37.730065562948532 ], [ 26.83674186966498, 37.730261976613654 ], [ 26.836766862670746, 37.730326934899878 ], [ 26.83682741177487, 37.730438718829731 ], [ 26.836852388235005, 37.73057054373372 ], [ 26.836777834995015, 37.730655304291474 ], [ 26.83670168066552, 37.730704819772896 ], [ 26.836584542032693, 37.730781545389526 ], [ 26.836480127056536, 37.730877037102083 ], [ 26.836426874314903, 37.730976063812356 ], [ 26.836410426660713, 37.731016988921354 ], [ 26.836433419753604, 37.731068883245534 ], [ 26.836500488257546, 37.731095876623016 ], [ 26.836575916294031, 37.731105980461891 ], [ 26.836623353712096, 37.731090533938811 ], [ 26.836739676148017, 37.731071044372023 ], [ 26.836795020587058, 37.731105471201445 ], [ 26.836802746675954, 37.731150583312086 ], [ 26.83680438414083, 37.731193454892143 ], [ 26.836806202176678, 37.731241090635265 ], [ 26.83683183002691, 37.731283388231596 ], [ 26.836869181036455, 37.731318247717638 ], [ 26.836864548452809, 37.731354120294291 ], [ 26.83681456585321, 37.731381548566844 ], [ 26.836741046534396, 37.731421463539917 ], [ 26.836694973199695, 37.731472637708578 ], [ 26.836670164395446, 37.73153044987319 ], [ 26.836639994876787, 37.731605082654674 ], [ 26.836602008606299, 37.731632222224576 ], [ 26.836556174936582, 37.731636980676015 ], [ 26.836388517180431, 37.731762409283412 ], [ 26.836314342140437, 37.731981736380391 ], [ 26.836324568429283, 37.73215135178075 ], [ 26.836341088503517, 37.732207694377728 ], [ 26.836444595010786, 37.732580203060444 ], [ 26.836431285173305, 37.732789370483495 ], [ 26.836417088169444, 37.732908913814725 ], [ 26.836447990114433, 37.73303034992486 ], [ 26.836557664198995, 37.733093826453675 ], [ 26.836526946292619, 37.733231092102628 ], [ 26.836474123270314, 37.73332176511046 ], [ 26.836464584680474, 37.733465035388946 ], [ 26.836529339416334, 37.733588638240249 ], [ 26.836616132393829, 37.733699788759168 ], [ 26.836703792034722, 37.733717663135941 ], [ 26.83665856612345, 37.733779285770225 ], [ 26.836605947260136, 37.733816314222466 ], [ 26.836607766048914, 37.733863951571806 ], [ 26.836668295467469, 37.733955470702348 ], [ 26.836721280245921, 37.734006642678324 ], [ 26.836847323433314, 37.73408604302918 ], [ 26.836829650144203, 37.734319261978385 ], [ 26.836812886293544, 37.734469857828316 ], [ 26.836701105510226, 37.734608440015876 ], [ 26.836665664303581, 37.734741606241428 ], [ 26.836667578027345, 37.734909634203895 ], [ 26.836717475438505, 37.735037170241455 ], [ 26.83683539879824, 37.735177371202383 ], [ 26.836940781080756, 37.735342906972249 ], [ 26.836936970653642, 37.735596897778983 ], [ 26.836945017802783, 37.735689681232515 ], [ 26.836972012977167, 37.735807040436555 ], [ 26.837052583945859, 37.735912380019094 ], [ 26.837191093079063, 37.736002021253995 ], [ 26.837497570321943, 37.736234104316196 ], [ 26.837484419795995, 37.736352857461313 ], [ 26.837432279552967, 37.736461393797171 ], [ 26.837309931349232, 37.736598442644528 ], [ 26.837118966065422, 37.736707343190204 ], [ 26.836985030353297, 37.736835730589767 ], [ 26.836622858167487, 37.736883193766445 ], [ 26.836233023513305, 37.736972743476898 ], [ 26.836168543049482, 37.737052969646619 ], [ 26.836147864163873, 37.737121535574651 ], [ 26.836130999100408, 37.737245910128301 ], [ 26.836098572359891, 37.737277206854664 ], [ 26.836044695801274, 37.737312833117613 ], [ 26.83601866792231, 37.737385935377702 ], [ 26.835998311613146, 37.737481785695273 ], [ 26.835946767875441, 37.737598175323342 ], [ 26.835882923399605, 37.737734409362545 ], [ 26.835694385027281, 37.737828349700457 ], [ 26.835561102130583, 37.73791499902741 ], [ 26.835466398760918, 37.737911318959121 ], [ 26.835397190589187, 37.737985698066858 ], [ 26.835293535512157, 37.738022760291067 ], [ 26.835177066216602, 37.738038677581329 ], [ 26.835104176732937, 37.738055927646897 ], [ 26.835083227733474, 37.738096960290164 ], [ 26.835012292166866, 37.738165420042129 ], [ 26.83488768773552, 37.738243515334645 ], [ 26.834696963083832, 37.738398299572722 ], [ 26.834541457765404, 37.738571307557002 ], [ 26.834431393283282, 37.738715806061251 ], [ 26.834341097598386, 37.738866980553404 ], [ 26.834279612322725, 37.738986469144926 ], [ 26.834205857679649, 37.739099099929696 ], [ 26.834127284833702, 37.739164168010994 ], [ 26.833985500234458, 37.739224795823063 ], [ 26.833878980474566, 37.739265503228268 ], [ 26.833814224046449, 37.739299244700725 ], [ 26.833769935762355, 37.739340840026848 ], [ 26.833915240206711, 37.739411843859315 ], [ 26.833993290206237, 37.739490427328612 ], [ 26.834036574174444, 37.739641366608261 ], [ 26.83401953156913, 37.739784819257942 ], [ 26.83392569061823, 37.739882437744576 ], [ 26.833967809473759, 37.740133534902739 ], [ 26.834049182647522, 37.740449367311705 ], [ 26.834149159577166, 37.740709204623499 ], [ 26.83421459891445, 37.740929343584682 ], [ 26.834339571729771, 37.741057457511879 ], [ 26.834395226264466, 37.741113201810826 ], [ 26.83466570177994, 37.741225312707094 ], [ 26.834800128873709, 37.741325781915265 ], [ 26.83474341323242, 37.741491644839961 ], [ 26.834565139066868, 37.741638018643648 ], [ 26.834106324586163, 37.742002367346572 ], [ 26.833951150049884, 37.742181309321424 ], [ 26.833906248084489, 37.742344838006609 ], [ 26.833894110308972, 37.742532642603202 ], [ 26.833995980235482, 37.742747614212888 ], [ 26.834213246257171, 37.742965531585078 ], [ 26.834377962045117, 37.743038117841941 ], [ 26.834390550091076, 37.743087226726054 ], [ 26.83437621964827, 37.743146219661099 ], [ 26.834316232329645, 37.743186461405941 ], [ 26.834232098250066, 37.743204817327587 ], [ 26.834194435213082, 37.743201253988303 ], [ 26.83411047488076, 37.743164534634232 ], [ 26.834064176301116, 37.74313137792425 ], [ 26.833893527288343, 37.74308482142262 ], [ 26.833713689884394, 37.743059746882402 ], [ 26.83338884190443, 37.743043721867231 ], [ 26.833112258997346, 37.743033686248282 ], [ 26.832855036540273, 37.742980273083624 ], [ 26.832572182630862, 37.742884562252549 ], [ 26.832318234530142, 37.742759548014043 ], [ 26.832030127979653, 37.742620909604639 ], [ 26.831926389396028, 37.74259802248703 ], [ 26.831807520231045, 37.742593026846571 ], [ 26.83155838764706, 37.742594248171486 ], [ 26.831384966044865, 37.742612721368793 ], [ 26.831257897638913, 37.742665839953254 ], [ 26.830996217278326, 37.742731731191256 ], [ 26.830834702793339, 37.742747532592325 ], [ 26.83066948346098, 37.742751503594086 ], [ 26.830551893672713, 37.742731681104246 ], [ 26.830500041743644, 37.742710278153226 ], [ 26.830398337034641, 37.742641201404723 ], [ 26.830226381094349, 37.742461763203657 ], [ 26.829894558011905, 37.742104980362477 ], [ 26.829856205486404, 37.742043919039546 ], [ 26.82983575900715, 37.741980040500344 ], [ 26.829842669485224, 37.74192504311349 ], [ 26.829898477950781, 37.741892709964937 ], [ 26.830076168715436, 37.741907511643376 ], [ 26.830329751275222, 37.74194433212562 ], [ 26.830758207110918, 37.742000787733105 ], [ 26.830866186617314, 37.741998191929341 ], [ 26.830915723786745, 37.741958858036213 ], [ 26.830946356157341, 37.741896136390366 ], [ 26.830935450579162, 37.741846333708047 ], [ 26.830864740138953, 37.741802737343313 ], [ 26.830706049559424, 37.741735029851135 ], [ 26.830163264257422, 37.741514439406558 ], [ 26.830116116524778, 37.741472510332812 ], [ 26.830098342215365, 37.741441122718449 ], [ 26.830099102948864, 37.741406315136253 ], [ 26.830112374689769, 37.741360699889974 ], [ 26.830177089627202, 37.741325769378506 ], [ 26.830277798552569, 37.741289972635464 ], [ 26.830345512800228, 37.74125496960734 ], [ 26.830377144270653, 37.741218449522577 ], [ 26.830384328228664, 37.741170595801677 ], [ 26.830367969466106, 37.741135228519624 ], [ 26.830310436795092, 37.741122306719362 ], [ 26.83023854222559, 37.741126417822542 ], [ 26.830187372337846, 37.741122878814544 ], [ 26.830162196531411, 37.741092491743622 ], [ 26.830164016582653, 37.741061456603283 ], [ 26.83021546362524, 37.740993467220541 ], [ 26.830422341695922, 37.740750093501958 ], [ 26.830492057384976, 37.740688817188413 ], [ 26.83056958665998, 37.740675034292849 ], [ 26.83064484298357, 37.740680378414446 ], [ 26.830708735673287, 37.740702682386249 ], [ 26.830865968952519, 37.740810952697231 ], [ 26.830910959267143, 37.740809871174783 ], [ 26.83094595256836, 37.740782806345237 ], [ 26.830950407753402, 37.740742171097551 ], [ 26.830897789171551, 37.740621847948134 ], [ 26.830869255071196, 37.740503334121293 ], [ 26.830829178552872, 37.740397016740175 ], [ 26.830703846510993, 37.740338044156935 ], [ 26.830573876774661, 37.740314942914431 ], [ 26.830417820945613, 37.740316309803276 ], [ 26.830375920834591, 37.740319699757755 ], [ 26.830335241809784, 37.740294395818708 ], [ 26.830318541486541, 37.740241740240833 ], [ 26.830298491721194, 37.740178519607618 ], [ 26.830293227596776, 37.740040370689229 ], [ 26.830307137646351, 37.739965491332974 ], [ 26.830325959929947, 37.739788500754919 ], [ 26.830495865524533, 37.739651526240451 ], [ 26.830571931828572, 37.739555254168671 ], [ 26.830638395971501, 37.739476140261758 ], [ 26.830744654514135, 37.739424161493908 ], [ 26.830761542142948, 37.739402060196717 ], [ 26.830758610765827, 37.739325138248759 ], [ 26.830614289222865, 37.739161725155043 ], [ 26.830195134167582, 37.738876177565238 ], [ 26.830089529404059, 37.738783353582207 ], [ 26.830154635833644, 37.7386405367686 ], [ 26.830166348187717, 37.738455492028756 ], [ 26.830012538507692, 37.738200520989103 ], [ 26.829720528362838, 37.738100256341809 ], [ 26.82935212799741, 37.738031790661083 ], [ 26.829211440639828, 37.737963649076931 ], [ 26.829022404751612, 37.737887132938098 ], [ 26.828798828470021, 37.73784959061836 ], [ 26.828499085717741, 37.737861556704232 ], [ 26.828144450988297, 37.737851000009229 ], [ 26.827929232050288, 37.737875240154644 ], [ 26.827780903631346, 37.737885748359503 ], [ 26.82739036879795, 37.738013396218953 ], [ 26.827300463606424, 37.73807628800494 ], [ 26.827249494890246, 37.73810273499312 ], [ 26.82663518705678, 37.738383061039954 ], [ 26.826480406384725, 37.738419916604883 ], [ 26.826311045826142, 37.738436250773923 ], [ 26.825953870656669, 37.738358998323825 ], [ 26.825862941916998, 37.738316207647721 ], [ 26.825703220211903, 37.738241041466324 ], [ 26.825405688748177, 37.737995471461872 ], [ 26.825073097431872, 37.737488124511287 ], [ 26.824285587755924, 37.736516111407589 ], [ 26.82439272197826, 37.73642995679301 ], [ 26.824459651802172, 37.736315110421621 ], [ 26.824536016812115, 37.736152357416067 ], [ 26.824445861010055, 37.736060173347944 ], [ 26.824480348029184, 37.735990571851225 ], [ 26.824583294629846, 37.735836120188104 ], [ 26.8249272202805, 37.735684050184545 ], [ 26.825076977632321, 37.735477815397786 ], [ 26.825113698640514, 37.735259392154603 ], [ 26.825044178683555, 37.735029397776032 ], [ 26.825178712709683, 37.734817566535924 ], [ 26.825287796065204, 37.73462720920525 ], [ 26.82545207965283, 37.734507047347407 ], [ 26.825593405306297, 37.734473856734816 ], [ 26.825742680756484, 37.734452396285555 ], [ 26.825830729451326, 37.734399623645643 ], [ 26.825890497100698, 37.734293888106436 ], [ 26.825990946362577, 37.734073933742856 ], [ 26.825999159050195, 37.733796595053853 ], [ 26.825979861254737, 37.733683814296121 ], [ 26.82597646365798, 37.733594496018256 ], [ 26.825985898259887, 37.733546590070631 ], [ 26.826036342966212, 37.733491738186963 ], [ 26.826110074575315, 37.733457189067444 ], [ 26.826213228393538, 37.733407031975041 ], [ 26.826357507957294, 37.733352911478029 ], [ 26.826564949141584, 37.733282372515667 ], [ 26.826673563148564, 37.733178445332051 ], [ 26.826772867242195, 37.733027058072238 ], [ 26.826894548491978, 37.732872158682859 ], [ 26.826961357633614, 37.732754333723371 ], [ 26.827012718497691, 37.7326249592248 ], [ 26.82700490259251, 37.732419523992448 ], [ 26.827037518453718, 37.732290599484081 ], [ 26.827088652526744, 37.732155271296811 ], [ 26.827223730631477, 37.732056667622686 ], [ 26.82734438099666, 37.731973310761425 ], [ 26.827489102868302, 37.731722137869994 ], [ 26.827565593503902, 37.731707838090983 ], [ 26.827666245650011, 37.731687440984494 ], [ 26.827702316956319, 37.731476243656175 ], [ 26.827718312707283, 37.731280905849552 ], [ 26.827896552510182, 37.731231926932637 ], [ 26.827942682218637, 37.731013469852684 ], [ 26.827935157119427, 37.730991776249454 ], [ 26.827869050974407, 37.730911114866963 ], [ 26.827686530800406, 37.730847550864901 ], [ 26.82763419266556, 37.730773709849153 ], [ 26.827622453172037, 37.730759035925651 ], [ 26.827557915235278, 37.730630320807258 ], [ 26.827444297893141, 37.730566717930451 ], [ 26.827362952516204, 37.730508443283419 ], [ 26.827305979653758, 37.730431137201585 ], [ 26.827208801411494, 37.730290632058541 ], [ 26.827133465742168, 37.730282903655919 ], [ 26.826996080969614, 37.730369168707846 ], [ 26.826802395710725, 37.730406598087121 ], [ 26.826737467925931, 37.730475207445551 ], [ 26.826454041729868, 37.730531230569213 ], [ 26.826309541558867, 37.730579398429661 ], [ 26.826167306239061, 37.730687112049857 ], [ 26.826009735601357, 37.730786254523316 ], [ 26.825905339382906, 37.73080365841583 ], [ 26.825680756603766, 37.730817986282531 ], [ 26.825476968046559, 37.730787114415861 ], [ 26.82538177913553, 37.73075065735847 ], [ 26.825299011647196, 37.73058695205728 ], [ 26.825151817521153, 37.730386647685684 ], [ 26.825054905508978, 37.730324602246512 ], [ 26.824885612171915, 37.730253565555849 ], [ 26.824589237144899, 37.730235226480765 ], [ 26.824368039587821, 37.730259602684995 ], [ 26.824143499249494, 37.730290723589171 ], [ 26.824051902712267, 37.730287744864462 ], [ 26.823877289376536, 37.730259861226337 ], [ 26.82370295546891, 37.730174639661165 ], [ 26.823550842991601, 37.730081732289378 ], [ 26.823441930551269, 37.730059311449388 ], [ 26.823222866686582, 37.730100321832197 ], [ 26.823057239947801, 37.730125747633494 ], [ 26.822820317691001, 37.730170761611902 ], [ 26.822606700008958, 37.730236673153911 ], [ 26.822438204762211, 37.730305079833471 ], [ 26.822265479622732, 37.730380739009448 ], [ 26.822121801328031, 37.730391333043514 ], [ 26.822035516981547, 37.730371944014209 ], [ 26.82197922957986, 37.730312499728626 ], [ 26.821880691699121, 37.730207578758652 ], [ 26.821456915374768, 37.7300513865356 ], [ 26.821213141527647, 37.72998713584154 ], [ 26.821045873519065, 37.730014611698451 ], [ 26.820699824198382, 37.730057058262609 ], [ 26.820432630759694, 37.730134977152623 ], [ 26.819899137331859, 37.730426744852601 ], [ 26.819414180264982, 37.73081741460809 ], [ 26.819033225358499, 37.731219897483143 ], [ 26.818914289939311, 37.731526708454616 ], [ 26.818929200405968, 37.73191971720658 ], [ 26.819008488134148, 37.73226413716511 ], [ 26.818979641725658, 37.732537166868688 ], [ 26.818801841612341, 37.73271664870272 ], [ 26.818515288347559, 37.732759266127452 ], [ 26.818217975125346, 37.732755651225588 ], [ 26.817819226431183, 37.732808103514515 ], [ 26.817484407199931, 37.732884057546421 ], [ 26.817203975725732, 37.732969438350111 ], [ 26.816509507958422, 37.733179152145084 ], [ 26.81614624497902, 37.733243599667617 ], [ 26.815966119841647, 37.733243138698207 ], [ 26.815803989236993, 37.733242245827647 ], [ 26.815730566219308, 37.733205856411097 ], [ 26.815715139474737, 37.733115630798977 ], [ 26.815705892946827, 37.733030027839114 ], [ 26.81568464840668, 37.732944710103887 ], [ 26.81563651364656, 37.732807609722052 ], [ 26.815619170693186, 37.732772009327711 ], [ 26.815542582324472, 37.73280031881324 ], [ 26.815483593908411, 37.732891368899139 ], [ 26.815433466128106, 37.733026072793692 ], [ 26.815406391450107, 37.733135431955766 ], [ 26.815468272404793, 37.733255039088654 ], [ 26.8154932668409, 37.733289387656313 ], [ 26.815523190060322, 37.733357629431943 ], [ 26.815499768813879, 37.733432690970972 ], [ 26.815447485611323, 37.733538241473909 ], [ 26.815357798473322, 37.733613299295527 ], [ 26.815223417088045, 37.733570123875147 ], [ 26.815227879212785, 37.733402657765076 ], [ 26.81502771963326, 37.733348793542561 ], [ 26.814864589978537, 37.733274019110333 ], [ 26.814839626891128, 37.733261502927498 ], [ 26.814709182608691, 37.733474611770191 ], [ 26.81467351769361, 37.73347916728865 ], [ 26.814446120284249, 37.733544951368913 ], [ 26.814278436428072, 37.73357577761108 ], [ 26.814081662307249, 37.733631138876085 ], [ 26.813917389225605, 37.733652944108172 ], [ 26.813724814064596, 37.733720124923195 ], [ 26.813538160415238, 37.733745444300666 ], [ 26.813268015016412, 37.733745936053289 ], [ 26.813078767184972, 37.733702775038225 ], [ 26.812781168557983, 37.733572799396214 ], [ 26.812717220909978, 37.733517108856446 ], [ 26.812436414521425, 37.733485669756227 ], [ 26.812261260878351, 37.733418330791537 ], [ 26.812111278608029, 37.733547815672885 ], [ 26.811997059275573, 37.733674962125043 ], [ 26.811837885257262, 37.733732402539864 ], [ 26.811639190047707, 37.733717219979361 ], [ 26.811419955295666, 37.733694697247245 ], [ 26.811234909305266, 37.733663353545452 ], [ 26.811090422807052, 37.733613160207099 ], [ 26.810899567877122, 37.733626655206791 ], [ 26.810753216250923, 37.733725509502555 ], [ 26.810665914779765, 37.733897454954111 ], [ 26.810631658781187, 37.734083034464945 ], [ 26.810667924585786, 37.73431525639208 ], [ 26.81057932622425, 37.7344279978633 ], [ 26.810306003807042, 37.734820733760394 ], [ 26.810092417728441, 37.735126218102856 ], [ 26.810029897740939, 37.735378032516635 ], [ 26.810042329905858, 37.735706734194402 ], [ 26.81002533815683, 37.735971767972252 ], [ 26.80996579055245, 37.736302184715335 ], [ 26.809704969589486, 37.736787598781646 ], [ 26.809147407176795, 37.737523260614445 ], [ 26.808883604805942, 37.737930070633404 ], [ 26.808710859855044, 37.738363316316907 ], [ 26.808679110040988, 37.738714527088121 ], [ 26.808682054159679, 37.73896908778346 ], [ 26.808560531026579, 37.739470059699791 ], [ 26.808460300018456, 37.739677476544571 ], [ 26.808425692296922, 37.73987379096048 ], [ 26.808461136118058, 37.740011087035434 ], [ 26.808804657069032, 37.740463377051206 ], [ 26.809026898766678, 37.740891345526585 ], [ 26.809123796189404, 37.741270480709368 ], [ 26.809245384579366, 37.741861604507413 ], [ 26.809167706342553, 37.742030339689997 ], [ 26.808964771089077, 37.742221134870604 ], [ 26.808819841194538, 37.742358097144113 ], [ 26.808717085215388, 37.74249882165892 ], [ 26.808649186904386, 37.742767453104236 ], [ 26.808580638532248, 37.743336487931174 ], [ 26.80850996998549, 37.743414157868699 ], [ 26.808434491314443, 37.743424170223847 ], [ 26.808409212570481, 37.743426006833317 ], [ 26.808215747313344, 37.743492043589697 ], [ 26.808032104748417, 37.743597745186953 ], [ 26.807987432224184, 37.743645793533702 ], [ 26.807927212668922, 37.74368368752102 ], [ 26.807862783297114, 37.74368522360016 ], [ 26.807770547298574, 37.743627821446182 ], [ 26.8077582344728, 37.743616173049439 ], [ 26.807708805433553, 37.743543229302638 ], [ 26.807621577919967, 37.743459483581844 ], [ 26.807485817949161, 37.743362588994529 ], [ 26.807386681519905, 37.743281511059195 ], [ 26.807353175851567, 37.743189331649894 ], [ 26.807291385026161, 37.74314312425112 ], [ 26.806926579976889, 37.743089768599617 ], [ 26.806628247144854, 37.742993475479295 ], [ 26.806437402910831, 37.742908621615186 ], [ 26.80627108046545, 37.742876823627071 ], [ 26.80608361225995, 37.742881290664336 ], [ 26.805844552415202, 37.742910823456633 ], [ 26.805689778618959, 37.74298603159194 ], [ 26.805587269995637, 37.743054035500663 ], [ 26.805500659391953, 37.743145501064731 ], [ 26.805361781629305, 37.743244169749417 ], [ 26.805198832006635, 37.743301691785852 ], [ 26.804958869763929, 37.743307406271462 ], [ 26.804816393614381, 37.743310798614239 ], [ 26.804643021935249, 37.743291086770007 ], [ 26.804437479554199, 37.74319710258797 ], [ 26.804211993361388, 37.743205989508873 ], [ 26.804058341118282, 37.743310968733908 ], [ 26.803857447821311, 37.743357471978271 ], [ 26.803452062583748, 37.743355201018524 ], [ 26.803121440486823, 37.743345189938267 ], [ 26.802578795932959, 37.743250183617349 ], [ 26.802446774038948, 37.743134437968159 ], [ 26.802341732677494, 37.742970376533869 ], [ 26.802247725901363, 37.742688808724267 ], [ 26.802174801092065, 37.74268397074637 ], [ 26.802121385001019, 37.742461737514006 ], [ 26.80203898485151, 37.742267014414665 ], [ 26.80198525772666, 37.742235511613316 ], [ 26.801763484252682, 37.742225887756902 ], [ 26.801729066322018, 37.742208825609993 ], [ 26.801763302644567, 37.742121589366043 ], [ 26.801812760563497, 37.741904320618922 ], [ 26.801864190839925, 37.741873043598282 ], [ 26.801842525212347, 37.741796077206615 ], [ 26.801855388692864, 37.741739150849654 ], [ 26.801919955653858, 37.741660133785622 ], [ 26.801973500701973, 37.741587339102331 ], [ 26.801960343571775, 37.74153699107169 ], [ 26.801828556066425, 37.741525224907342 ], [ 26.801698830990578, 37.741521717762041 ], [ 26.801733762277276, 37.741270792878531 ], [ 26.801738270275777, 37.741189206412699 ], [ 26.801767951350815, 37.741162691751242 ], [ 26.801803126810743, 37.74110801995861 ], [ 26.801860840483609, 37.741027386829423 ], [ 26.801922740326262, 37.74098140771661 ], [ 26.802048512351909, 37.740933808499818 ], [ 26.802276856892114, 37.740814921778757 ], [ 26.802308808902531, 37.740801997033302 ], [ 26.80228857354091, 37.740726654335774 ], [ 26.802257406490128, 37.740664458527675 ], [ 26.802172918412619, 37.740573489725477 ], [ 26.802052005626887, 37.740471945528022 ], [ 26.802016248747517, 37.740431314763185 ], [ 26.801981644916044, 37.74037348997588 ], [ 26.801955231573661, 37.740294015155911 ], [ 26.801930940446386, 37.740223071180502 ], [ 26.801928891659951, 37.740168762401254 ], [ 26.801869255556383, 37.740115826930968 ], [ 26.801739593393769, 37.74006884536449 ], [ 26.80160834965843, 37.740027624595413 ], [ 26.801551266900923, 37.739994652401194 ], [ 26.801514088694354, 37.739964065547262 ], [ 26.801495013477812, 37.739935912271598 ], [ 26.801479215476252, 37.739899094575819 ], [ 26.801434804874216, 37.739820049683409 ], [ 26.801341536223539, 37.739735011669765 ], [ 26.801238999669057, 37.739643042022571 ], [ 26.801146053593513, 37.739566579825748 ], [ 26.801114698731958, 37.739546814299757 ], [ 26.800973419258433, 37.739526341949478 ], [ 26.800791872916733, 37.739536380161205 ], [ 26.800729316697588, 37.739549310746725 ], [ 26.800617179382201, 37.739584877332852 ], [ 26.800534160247768, 37.739628331260604 ], [ 26.800482004032833, 37.739678207166065 ], [ 26.800390378359836, 37.739836277366607 ], [ 26.800357477175297, 37.739846667769591 ], [ 26.800332272609733, 37.739845363024202 ], [ 26.80030000189354, 37.739832887944331 ], [ 26.800036400905981, 37.739496633629869 ], [ 26.800005632658227, 37.739468711440985 ], [ 26.799974113236715, 37.739428930438677 ], [ 26.799959549464564, 37.739281466716363 ], [ 26.799971710029226, 37.73912621501897 ], [ 26.800002135611258, 37.738977681738795 ], [ 26.80001681011634, 37.738889122880735 ], [ 26.800004706226616, 37.738727296598483 ], [ 26.799981951912535, 37.738601482647994 ], [ 26.799933818601268, 37.73851918541925 ], [ 26.79987485581918, 37.738468137296316 ], [ 26.799641640877841, 37.7383459747101 ], [ 26.79929438444977, 37.73814371472514 ], [ 26.799013212498586, 37.737692659125948 ], [ 26.798924868561095, 37.737254637272834 ], [ 26.799000182545036, 37.737097010024023 ], [ 26.799066442845515, 37.737038806511329 ], [ 26.799124043916351, 37.736894395278746 ], [ 26.799190465543422, 37.736760314605995 ], [ 26.799110390362749, 37.736651547615963 ], [ 26.798969308481546, 37.736611986928089 ], [ 26.798821922488692, 37.736644096217297 ], [ 26.7987210054077, 37.736714439336595 ], [ 26.798662597148773, 37.736837414687834 ], [ 26.798639776296429, 37.736948815541439 ], [ 26.798574310383387, 37.737004011685592 ], [ 26.798443976383215, 37.737010683181396 ], [ 26.798351441172411, 37.736944936381818 ], [ 26.798278440342717, 37.736800050771549 ], [ 26.798256062182851, 37.736564563808543 ], [ 26.798249737047254, 37.736396639434446 ], [ 26.798291218724543, 37.736212962244181 ], [ 26.798371126520024, 37.736170420580322 ], [ 26.798353262150687, 37.736126502052123 ], [ 26.798299083486022, 37.736074863376423 ], [ 26.798235831177536, 37.73606921331514 ], [ 26.798172293425708, 37.736091328244733 ], [ 26.798126634999218, 37.736119011925034 ], [ 26.798118508766013, 37.736158303045499 ], [ 26.798121016573266, 37.736268699353047 ], [ 26.798096764264063, 37.736314259020901 ], [ 26.798059917979213, 37.736356140019005 ], [ 26.797993815011683, 37.736416645412916 ], [ 26.79796583868956, 37.7364239574609 ], [ 26.797921417504202, 37.736409017434262 ], [ 26.797893108129383, 37.736390618255442 ], [ 26.797858634714096, 37.73633612687037 ], [ 26.797826539530472, 37.736249156767457 ], [ 26.797783772473974, 37.736113699714892 ], [ 26.797731701707647, 37.736052529764812 ], [ 26.797608369028261, 37.735966057388517 ], [ 26.797527507776, 37.735911356720024 ], [ 26.797432934499035, 37.735791420597756 ], [ 26.797396503577154, 37.735720764870599 ], [ 26.7974126690488, 37.735651839578004 ], [ 26.797474384212581, 37.735596732706753 ], [ 26.797423516809769, 37.735541320018946 ], [ 26.797309700794948, 37.735508261432287 ], [ 26.797208864085562, 37.735421253258203 ], [ 26.797190055879881, 37.73532037961624 ], [ 26.797174935682282, 37.735118095009831 ], [ 26.797086754709753, 37.734997162199519 ], [ 26.79699724847681, 37.734848613999389 ], [ 26.796818692680983, 37.734499066618667 ], [ 26.796690216326116, 37.734435363595189 ], [ 26.796487933529377, 37.734554949253592 ], [ 26.796282944441042, 37.734590158569134 ], [ 26.79608335251363, 37.734571055105057 ], [ 26.795989826905011, 37.734552122908461 ], [ 26.795929583379994, 37.734473383329188 ], [ 26.795833504840157, 37.734413082964444 ], [ 26.795675152977267, 37.734393000857281 ], [ 26.795418149614278, 37.734466399159338 ], [ 26.795214276323016, 37.734435828396975 ], [ 26.795065019181024, 37.734332978727004 ], [ 26.794892453946808, 37.734334093729203 ], [ 26.794758214705993, 37.734256816415723 ], [ 26.794633716409166, 37.734238910376625 ], [ 26.794544730246269, 37.734250080688831 ], [ 26.794425390207575, 37.734269599796555 ], [ 26.794171891339705, 37.734254934218662 ], [ 26.793920927549244, 37.734203109325136 ], [ 26.793505108710377, 37.7341712909679 ], [ 26.793308429323289, 37.734213001223701 ], [ 26.793214982385269, 37.734259754899156 ], [ 26.793106713238767, 37.734366351225198 ], [ 26.793091409615261, 37.734415890631297 ], [ 26.793035903227636, 37.734536408844761 ], [ 26.793044563679548, 37.734596348961773 ], [ 26.792974842854054, 37.734618266761728 ], [ 26.792877797301106, 37.734642671972708 ], [ 26.792655514052413, 37.734701088044517 ], [ 26.792539201441475, 37.734738909106419 ], [ 26.792336642613567, 37.734860528960041 ], [ 26.792088108227563, 37.735003542095946 ], [ 26.791937371393548, 37.73509412517096 ], [ 26.791852005117825, 37.735189357853592 ], [ 26.791770477536382, 37.735358847977786 ], [ 26.79176492298123, 37.735371204766828 ], [ 26.79166234735337, 37.735558893959592 ], [ 26.791627093447332, 37.735740872237699 ], [ 26.791532866035336, 37.735825290543708 ], [ 26.791341896349547, 37.736015774003128 ], [ 26.791044024434044, 37.736237396080703 ], [ 26.790789667637238, 37.736338785452503 ], [ 26.790611541099032, 37.736434304539898 ], [ 26.790501285795067, 37.736493428434358 ], [ 26.790457896991278, 37.736524601461014 ], [ 26.789955539886659, 37.736659828837617 ], [ 26.789382353400445, 37.736658333927522 ], [ 26.788813239194322, 37.736618337957609 ], [ 26.788404390073492, 37.736452490837991 ], [ 26.788284787832602, 37.736370493259628 ], [ 26.788044658172161, 37.73611388827868 ], [ 26.787977171597792, 37.735967763877099 ], [ 26.787914745404009, 37.735904871730121 ], [ 26.787749386700845, 37.735829069234399 ], [ 26.787554217807251, 37.735747862071648 ], [ 26.787372474251189, 37.735704481707792 ], [ 26.787174345629094, 37.735704401990233 ], [ 26.786970217591659, 37.735704464068988 ], [ 26.786818289309188, 37.735655609012959 ], [ 26.786665288005754, 37.735578172003315 ], [ 26.786541566810861, 37.735480967819043 ], [ 26.78650577873205, 37.735401531567952 ], [ 26.786456042372038, 37.735324035513052 ], [ 26.786362604235141, 37.735281901826525 ], [ 26.786245739798712, 37.735287527057793 ], [ 26.786094280797002, 37.735331161472807 ], [ 26.786042054198465, 37.735386552308164 ], [ 26.786026771062016, 37.735389403635288 ], [ 26.785918331515891, 37.735469409616712 ], [ 26.785848766071467, 37.735604458524946 ], [ 26.785826962326382, 37.735839565219003 ], [ 26.785821910319129, 37.736015390596876 ], [ 26.785778516992703, 37.736074366701843 ], [ 26.7856839691317, 37.736114748411438 ], [ 26.785591400167082, 37.736104734469514 ], [ 26.785420703787754, 37.736005089992879 ], [ 26.785257831978868, 37.735984623609085 ], [ 26.785003848389806, 37.736032111421224 ], [ 26.784914728963788, 37.736094582459273 ], [ 26.78483340490088, 37.736164317719776 ], [ 26.784768155802855, 37.736188850094727 ], [ 26.784560745588646, 37.736205178662885 ], [ 26.784316412210224, 37.736109743314763 ], [ 26.7840977981873, 37.735867454731434 ], [ 26.784009918951398, 37.735625165116581 ], [ 26.783825320754364, 37.735605688142037 ], [ 26.783721574334834, 37.73564092074141 ], [ 26.783582876715023, 37.735735525791327 ], [ 26.783276267041771, 37.735790214943314 ], [ 26.783002475871832, 37.735853901165513 ], [ 26.782836122038201, 37.735900744049694 ], [ 26.782778812791282, 37.735973619257194 ], [ 26.78277656319726, 37.736073802737572 ], [ 26.782664909223016, 37.736138425791282 ], [ 26.782521478421764, 37.736156118088587 ], [ 26.782364445436674, 37.736131219196565 ], [ 26.782231585078581, 37.73611051718585 ], [ 26.782039987219679, 37.736124578650134 ], [ 26.781838533625155, 37.736196089785793 ], [ 26.781775595607446, 37.736239352267376 ], [ 26.781755243566803, 37.73654086448223 ], [ 26.781730139234924, 37.736730299266405 ], [ 26.78157253947893, 37.736739165347942 ], [ 26.781390474820963, 37.736749408150956 ], [ 26.78104948772857, 37.736733173390277 ], [ 26.780926590350475, 37.736689985879678 ], [ 26.780704571281326, 37.736611964419019 ], [ 26.780600165690455, 37.736541346201868 ], [ 26.780355353088705, 37.736375761395728 ], [ 26.780008110602697, 37.736192306199321 ], [ 26.779666277061921, 37.736153384135712 ], [ 26.779327128236655, 37.73618620047823 ], [ 26.778994240830219, 37.736261225002529 ], [ 26.778989596614, 37.736262271469052 ], [ 26.778946333950444, 37.736280815279088 ], [ 26.77865458928806, 37.736405861399035 ], [ 26.778530124629604, 37.736561907060718 ], [ 26.778430794290735, 37.736750093010563 ], [ 26.778351384630344, 37.736940099378678 ], [ 26.778351513851661, 37.736943538099069 ], [ 26.778403851538112, 37.737138988926695 ], [ 26.778508457465264, 37.737327246281609 ], [ 26.77859235019622, 37.737563672856091 ], [ 26.778575423241833, 37.737713074916236 ], [ 26.778406300931675, 37.73780646702015 ], [ 26.777570185192207, 37.738326836820825 ], [ 26.77692741781296, 37.738709387115868 ], [ 26.776702635770185, 37.738953787522803 ], [ 26.776614249151802, 37.739219567285794 ], [ 26.776482037689124, 37.740337216179128 ], [ 26.776475496598316, 37.741206357519886 ], [ 26.776433556183946, 37.741385083465651 ], [ 26.776163755471263, 37.742134646451653 ], [ 26.775914752390108, 37.742541035676972 ], [ 26.775766617591884, 37.742979049870016 ], [ 26.775536839570901, 37.743353849168592 ], [ 26.775264605495121, 37.743701183672115 ], [ 26.774965806108284, 37.744071808863573 ], [ 26.774655273760931, 37.744302883580879 ], [ 26.774567377426475, 37.744328853307515 ], [ 26.774381947890721, 37.744342371021922 ], [ 26.774099490815935, 37.74430630084823 ], [ 26.773710200446299, 37.744172425477963 ], [ 26.773415831521962, 37.744007704346352 ], [ 26.773012572931783, 37.743771552986054 ], [ 26.773189763846247, 37.743008541513468 ], [ 26.773219537272727, 37.742737522703493 ], [ 26.773220784971556, 37.742604713490756 ], [ 26.773222075269036, 37.742467145049673 ], [ 26.773261146389288, 37.742195907913846 ], [ 26.772841885255517, 37.741721194167255 ], [ 26.772292981846554, 37.741488310274846 ], [ 26.772058169747982, 37.741435672792356 ], [ 26.771687617101403, 37.741360951954427 ], [ 26.771295049918507, 37.741289788540911 ], [ 26.771052883696466, 37.741447407240479 ], [ 26.770837249628865, 37.741702806157292 ], [ 26.770895295721942, 37.741850444452524 ], [ 26.770929955368921, 37.74197479212237 ], [ 26.770930577298959, 37.742117928979383 ], [ 26.770896581741106, 37.742405342236815 ], [ 26.770851625140619, 37.742551794831236 ], [ 26.770783012458722, 37.742644004224303 ], [ 26.770678403457996, 37.742737058207069 ], [ 26.77058934749245, 37.742925109896071 ], [ 26.770546107125398, 37.743062274797971 ], [ 26.770530287895582, 37.743112455234957 ], [ 26.770392525228175, 37.743282579612291 ], [ 26.770133180455698, 37.743412650168956 ], [ 26.769756472990125, 37.743454885910189 ], [ 26.769473443485488, 37.743432931740202 ], [ 26.769016690722335, 37.743333289172199 ], [ 26.768922068930507, 37.743331937398253 ], [ 26.7687255608054, 37.743375893495347 ], [ 26.768508551850218, 37.743473973088683 ], [ 26.768387628225447, 37.743612703923311 ], [ 26.768366491795515, 37.743770550111478 ], [ 26.768320403059462, 37.743846554798523 ], [ 26.768255689502759, 37.743885006885513 ], [ 26.768066787520606, 37.743945670552726 ], [ 26.76777698582065, 37.74402400226797 ], [ 26.767580639479455, 37.74421197796849 ], [ 26.767287441591762, 37.744400651766028 ], [ 26.766776788731573, 37.744695754679043 ], [ 26.766369677864603, 37.744949682563721 ], [ 26.765985128130467, 37.745261089402739 ], [ 26.765372921784348, 37.745363841340655 ], [ 26.765038573574419, 37.745526911113501 ], [ 26.764911652180714, 37.745636012377588 ], [ 26.764642306242866, 37.746075876255304 ], [ 26.764623332150396, 37.74610686086654 ], [ 26.764511571606352, 37.746262819010596 ], [ 26.764370508406945, 37.746459667489027 ], [ 26.764359303682756, 37.746730249089772 ], [ 26.764492920366884, 37.746997430694748 ], [ 26.764513871271362, 37.747105681635773 ], [ 26.764528318757804, 37.747180330579987 ], [ 26.764571398935221, 37.747265905864388 ], [ 26.764426911338763, 37.747385449655638 ], [ 26.764336239016696, 37.74744108301784 ], [ 26.764094082888811, 37.747589664094832 ], [ 26.763969192734567, 37.747717722258017 ], [ 26.763672168079065, 37.748097962403179 ], [ 26.763372640998867, 37.748375308636433 ], [ 26.763361282309013, 37.748395857118886 ], [ 26.763221258339922, 37.748649177901022 ], [ 26.763208125371833, 37.748814547287964 ], [ 26.763178246367907, 37.749190822554183 ], [ 26.76313501294922, 37.749383313679182 ], [ 26.763117211349201, 37.749462572085406 ], [ 26.76297114128753, 37.749736317102979 ], [ 26.762796501920263, 37.750010731780172 ], [ 26.762789785690828, 37.750034270448651 ], [ 26.762718856759715, 37.750282870277957 ], [ 26.762661169156715, 37.750470009028625 ], [ 26.762560636401979, 37.750794214459901 ], [ 26.762403479902428, 37.751201184379887 ], [ 26.762386921999653, 37.751544216841992 ], [ 26.762527030570372, 37.751734823791644 ], [ 26.762631100498147, 37.751884961592502 ], [ 26.762802016564546, 37.752023996812163 ], [ 26.763079297514079, 37.752165822949848 ], [ 26.76324110399301, 37.752225137727422 ], [ 26.76327909903425, 37.752244008695357 ], [ 26.763275946421857, 37.752317729214255 ], [ 26.763266427766343, 37.752384707423445 ], [ 26.763232821646682, 37.752449865774395 ], [ 26.763159505254603, 37.752496882622857 ], [ 26.763122101100812, 37.752540673604543 ], [ 26.763080736064701, 37.752639388857418 ], [ 26.76300557261419, 37.752717442543087 ], [ 26.762893788351874, 37.752779667090714 ], [ 26.762769117966478, 37.75281835287155 ], [ 26.762609673785811, 37.752810172351928 ], [ 26.762459230219648, 37.752801779709721 ], [ 26.762351365267822, 37.752829411972314 ], [ 26.762290342263242, 37.752846756337853 ], [ 26.762152333695354, 37.752970446726536 ], [ 26.762169073685904, 37.753032993258678 ], [ 26.762142329823526, 37.753088931261004 ], [ 26.762027411772415, 37.7530992548024 ], [ 26.761990966272112, 37.753166129538933 ], [ 26.761888016549044, 37.753304435567074 ], [ 26.761814457448764, 37.753506421484943 ], [ 26.761583415088317, 37.753833686953222 ], [ 26.76144449854834, 37.754216008509886 ], [ 26.761578591188204, 37.754887461339706 ], [ 26.761375583226211, 37.754992182856 ], [ 26.761335846790143, 37.755095865868064 ], [ 26.761334938644417, 37.755212643183761 ], [ 26.761359620210211, 37.755634042367667 ], [ 26.76142458282925, 37.755762813088822 ], [ 26.761546488290545, 37.755884101231935 ], [ 26.761664374082464, 37.755940179377625 ], [ 26.761768386245507, 37.756016397840625 ], [ 26.761849742574011, 37.756459353406228 ], [ 26.761889237700302, 37.756794579207664 ], [ 26.761983630858008, 37.756902395246037 ], [ 26.762086801799661, 37.756955764774084 ], [ 26.762244521755225, 37.756955747661799 ], [ 26.762825199407931, 37.757015571103949 ], [ 26.763309408699648, 37.757197319218584 ], [ 26.763611215248993, 37.757318975983729 ], [ 26.76412667928717, 37.757497173488879 ], [ 26.764189797509214, 37.757612455085258 ], [ 26.764253380390198, 37.75786844012466 ], [ 26.764401694846843, 37.758222567222901 ], [ 26.764586131630232, 37.758369786655003 ], [ 26.764648404512656, 37.758495431340847 ], [ 26.764545854130361, 37.759089959913325 ], [ 26.76464694074474, 37.759518443859626 ], [ 26.764899376330007, 37.759847192956244 ], [ 26.765024385197499, 37.759937678208161 ], [ 26.765119498422518, 37.760160640604958 ], [ 26.765205704144972, 37.760540065212929 ], [ 26.76524319324319, 37.760901560627943 ], [ 26.765470712166511, 37.761745157098439 ], [ 26.765450264401832, 37.762063889444306 ], [ 26.765114880055766, 37.76235735437394 ], [ 26.764771848962134, 37.762479943306062 ], [ 26.764252714855047, 37.762835529484249 ], [ 26.764125481467605, 37.763011089806881 ], [ 26.76402442161865, 37.763208314960124 ], [ 26.764119382499437, 37.76370823487683 ], [ 26.76456139083129, 37.764448836286867 ], [ 26.765103147555596, 37.765543673132612 ], [ 26.765679432437448, 37.766629288935796 ], [ 26.765684492965935, 37.766765061531906 ], [ 26.765626940278736, 37.766913032119149 ], [ 26.765497640316724, 37.767069839891356 ], [ 26.765365542939062, 37.767151616148517 ], [ 26.765199143388724, 37.767159098795226 ], [ 26.765031704701318, 37.767259584719753 ], [ 26.764919474995459, 37.767390958578019 ], [ 26.764834383133849, 37.767525271596483 ], [ 26.764727850849557, 37.767688695763511 ], [ 26.764651493018757, 37.767815651588528 ], [ 26.764643181311381, 37.767955313528027 ], [ 26.764657108267699, 37.768087300670672 ], [ 26.764765580833668, 37.768338656177157 ], [ 26.76487525132335, 37.768622167581846 ], [ 26.764908513045526, 37.768789461021747 ], [ 26.76485521829996, 37.769051766967088 ], [ 26.764729906406316, 37.769315761852297 ], [ 26.764503866024782, 37.769657219991899 ], [ 26.76446114270551, 37.769840603409627 ], [ 26.764456026327792, 37.770066015809661 ], [ 26.764535363791122, 37.770260836070342 ], [ 26.764374632644675, 37.770722083024104 ], [ 26.76460386106687, 37.771069382178112 ], [ 26.764546042259166, 37.771452187474814 ], [ 26.764069956597275, 37.772216723020989 ], [ 26.763778457683081, 37.77277666445373 ], [ 26.763458753954104, 37.773547063967044 ], [ 26.762983413873975, 37.774654881153083 ], [ 26.762621355956114, 37.77557885108407 ], [ 26.762437575254129, 37.776450956753166 ], [ 26.762510793550991, 37.776981572150241 ], [ 26.762807824789252, 37.777170424926645 ], [ 26.763249662724576, 37.777541505109028 ], [ 26.763567247602904, 37.777802258788 ], [ 26.763813640226445, 37.777960499088884 ], [ 26.764357497817624, 37.778051914345973 ], [ 26.764492397204364, 37.778227367087567 ], [ 26.764718782629174, 37.778371359201671 ], [ 26.764874406059093, 37.778618029659881 ], [ 26.765097241795228, 37.778955503745905 ], [ 26.765404607627957, 37.779344633649799 ], [ 26.765701921841078, 37.779862264345439 ], [ 26.766011520117949, 37.780196271559632 ], [ 26.766131517241462, 37.780641776249674 ], [ 26.766270519881608, 37.781106976385317 ], [ 26.766238351837593, 37.78169420768198 ], [ 26.766196590770036, 37.78202418720597 ], [ 26.766349766425638, 37.782506933508017 ], [ 26.766446362513808, 37.782658202194391 ], [ 26.766330739062724, 37.782998935255968 ], [ 26.766355372414743, 37.783045712593051 ], [ 26.766410258643518, 37.783085928381432 ], [ 26.7669555056282, 37.783124720523283 ], [ 26.767701805861453, 37.783321745568976 ], [ 26.768323124923121, 37.783550311308275 ], [ 26.768862879554362, 37.783766486958754 ], [ 26.769076635917855, 37.783940264860043 ], [ 26.76926765010402, 37.784229009401287 ], [ 26.769300332418911, 37.78462160632035 ], [ 26.769473101060907, 37.785067660859099 ], [ 26.769631618311013, 37.785134685650057 ], [ 26.769685842678925, 37.785219236643762 ], [ 26.769781463603948, 37.785286124103109 ], [ 26.769883507914784, 37.785283723579717 ], [ 26.770012409230628, 37.785356979932139 ], [ 26.770044824338431, 37.785420586792476 ], [ 26.770044137082529, 37.785482587613849 ], [ 26.770044338642247, 37.785568409255482 ], [ 26.770099559065287, 37.785831533352635 ], [ 26.770241766550235, 37.78612023205983 ], [ 26.770542606555136, 37.786634662470263 ], [ 26.770923179061004, 37.786971393631227 ], [ 26.77148060830892, 37.787217538140929 ], [ 26.771854807399261, 37.787281779852997 ], [ 26.772369797331496, 37.787236278720428 ], [ 26.773445484919343, 37.787059366516537 ], [ 26.773714823692423, 37.786862250751149 ], [ 26.773945637573867, 37.786527816799307 ], [ 26.774045853853508, 37.786225529733699 ], [ 26.773976857485064, 37.785675978311609 ], [ 26.774102956006573, 37.785407225921119 ], [ 26.774643959503937, 37.784959351667418 ], [ 26.775066964532176, 37.784463038572554 ], [ 26.775362800320668, 37.784045483205162 ], [ 26.775663035694528, 37.783855730222832 ], [ 26.776135645403727, 37.784123152239125 ], [ 26.776535913588546, 37.78446416763353 ], [ 26.777068183855611, 37.784880742499993 ], [ 26.777409919600789, 37.78518260696039 ], [ 26.777578860482699, 37.785482587302766 ], [ 26.777949422872947, 37.785718237010542 ], [ 26.77802509645559, 37.785839439043137 ], [ 26.778134656163914, 37.786190155547828 ], [ 26.778229411867056, 37.786339972192764 ], [ 26.778255363446473, 37.786488637863691 ], [ 26.778288705287281, 37.786679636045371 ], [ 26.778237674325457, 37.786951155765642 ], [ 26.778165899767671, 37.78711396212357 ], [ 26.778131598094113, 37.787191768606284 ], [ 26.778070246114925, 37.787395618634626 ], [ 26.778039898054615, 37.787496453573866 ], [ 26.778042704402317, 37.787766703091336 ], [ 26.778165814370425, 37.788132240492999 ], [ 26.778313673171546, 37.788571255280786 ], [ 26.778363672964709, 37.788840391397173 ], [ 26.778364799569985, 37.788913984913243 ], [ 26.778367810349756, 37.789110608922485 ], [ 26.778409836004098, 37.789379933147785 ], [ 26.778587325908703, 37.789660314275771 ], [ 26.778815146883744, 37.78980235427823 ], [ 26.778954491971021, 37.789889230609617 ], [ 26.779300330222959, 37.790028368587954 ], [ 26.779600098203211, 37.790128199986512 ], [ 26.779645261297087, 37.790143240181202 ], [ 26.779989224109531, 37.790232263820265 ], [ 26.780380596753528, 37.790414671619885 ], [ 26.780486115460814, 37.790499356618653 ], [ 26.780707786832, 37.790677259795977 ], [ 26.780858831967855, 37.790944007788973 ], [ 26.780923466600488, 37.791212795698073 ], [ 26.780936255186283, 37.791482809007221 ], [ 26.780855320688804, 37.791755036654678 ], [ 26.780795767654151, 37.791823947619775 ], [ 26.780947947727963, 37.792473930053674 ], [ 26.781557490442143, 37.793346392183274 ], [ 26.78272440145188, 37.794492869803911 ], [ 26.782954495271678, 37.794591738825389 ], [ 26.784419001991708, 37.794889938187843 ], [ 26.784526723444358, 37.794903331261871 ], [ 26.785438056405944, 37.795016652109219 ], [ 26.7860939709877, 37.795039404827612 ], [ 26.786399434976918, 37.795033150968514 ], [ 26.787641756388876, 37.795014771434964 ], [ 26.788521250275828, 37.794934342871272 ], [ 26.78901573731957, 37.794808767712013 ], [ 26.789687858624358, 37.794799424058986 ], [ 26.79020093701833, 37.794861766818634 ], [ 26.790674820370302, 37.795079997318069 ], [ 26.790885331700235, 37.79518526911049 ], [ 26.791262330342665, 37.795224011416849 ], [ 26.791478717031115, 37.795186100246852 ], [ 26.792152244732847, 37.795041391038318 ], [ 26.792601683979491, 37.794828622714448 ] ] ] ] } },
{ "type": "Feature", "properties": { "SITECODE": "GR4120003", "SITENAME": "SAMOS: OROS KERKETEFS - MIKRO KAI MEGALO SEITANI - DASOS KASTANIAS KAI LEKKAS, AKR. KATAVASIS - LIMENAS", "RELEASE_DA": "2021-12-14", "MS": "GR", "SITETYPE": "B", "INSPIRE_ID": null }, "geometry": { "type": "MultiPolygon", "coordinates": [ [ [ [ 26.666337840520207, 37.800227319753169 ], [ 26.666488103959662, 37.800221664323985 ], [ 26.666668942700976, 37.800217568111528 ], [ 26.666817787554901, 37.800211944107481 ], [ 26.666959459035098, 37.80020422941238 ], [ 26.667160701740613, 37.800195165478243 ], [ 26.667296780985001, 37.800189829916981 ], [ 26.667421353039529, 37.800180249883937 ], [ 26.667948858185277, 37.799888964927838 ], [ 26.667875187784258, 37.798611113758859 ], [ 26.667311337036757, 37.79792932967041 ], [ 26.666481700305972, 37.796926139914873 ], [ 26.666931710227527, 37.796021019252372 ], [ 26.667443264189021, 37.795458705345673 ], [ 26.668169660054357, 37.795106089698749 ], [ 26.669106267820702, 37.795084860414654 ], [ 26.669839344791402, 37.79516837147294 ], [ 26.670358338118984, 37.795063622766328 ], [ 26.670968425888553, 37.794660227640861 ], [ 26.671065216818619, 37.794606572823106 ], [ 26.671090070249051, 37.794535582336991 ], [ 26.671191858590948, 37.794451325365912 ], [ 26.671286276132033, 37.794395536972004 ], [ 26.671325101422291, 37.794438766631394 ], [ 26.671443466214686, 37.79455528508516 ], [ 26.671605657515673, 37.79463743209709 ], [ 26.671926694645563, 37.794708822209991 ], [ 26.672241299085318, 37.794768436436065 ], [ 26.672535921664906, 37.794857113297041 ], [ 26.672995052050172, 37.795008808418217 ], [ 26.673572464545803, 37.795191193770101 ], [ 26.673895052672634, 37.795305455531931 ], [ 26.674100817511135, 37.795346080005565 ], [ 26.674465254879046, 37.795371180198288 ], [ 26.674821117770932, 37.79540839401286 ], [ 26.675054297764373, 37.795461058014453 ], [ 26.675137371193347, 37.795515197027598 ], [ 26.675237311212818, 37.795548692589854 ], [ 26.675335598452286, 37.79556641165329 ], [ 26.675424877170862, 37.795573034174325 ], [ 26.675483849911057, 37.795575382977994 ], [ 26.675566145520904, 37.795567815572014 ], [ 26.675607372910491, 37.79555285544108 ], [ 26.67606607335091, 37.795439706117349 ], [ 26.676547658299331, 37.795297634323497 ], [ 26.67671353078001, 37.795231876967087 ], [ 26.676888142241832, 37.795075325786591 ], [ 26.67704302240082, 37.794871540956365 ], [ 26.677228788683969, 37.794774337716426 ], [ 26.67743462962293, 37.794733895864617 ], [ 26.67786870226422, 37.794690646388759 ], [ 26.678065537070722, 37.794650408022711 ], [ 26.67839942836487, 37.794578442859255 ], [ 26.678662046878038, 37.794529554595961 ], [ 26.67886911076398, 37.794524297257979 ], [ 26.678994015970733, 37.794460163266756 ], [ 26.679073812105706, 37.794423361362014 ], [ 26.679198967144934, 37.794390111002045 ], [ 26.679414271021926, 37.79436715831946 ], [ 26.679545906037319, 37.794373499796912 ], [ 26.679661287364315, 37.794360864277031 ], [ 26.679782040688732, 37.794318258392117 ], [ 26.679987803726473, 37.794298566296618 ], [ 26.680125524465577, 37.794282292861638 ], [ 26.680152254437914, 37.794282234033766 ], [ 26.680213383120396, 37.794147873201318 ], [ 26.680270836831848, 37.79407504330824 ], [ 26.680267306706384, 37.793977374916103 ], [ 26.680239760838262, 37.793880255106167 ], [ 26.680264353691754, 37.79372949791891 ], [ 26.6802711943985, 37.793586297158683 ], [ 26.680270352282136, 37.793320124423609 ], [ 26.680253783732045, 37.792963718130757 ], [ 26.680244705385096, 37.792463267810945 ], [ 26.680255465476929, 37.792137594999957 ], [ 26.680291326484287, 37.791939515896054 ], [ 26.680332553531667, 37.791877031149902 ], [ 26.680393159232519, 37.791824173089807 ], [ 26.680406733060703, 37.791782525782587 ], [ 26.680406887058098, 37.791686266960824 ], [ 26.680402976707811, 37.791679311988737 ], [ 26.680284309262433, 37.79153925344761 ], [ 26.680234225811276, 37.79150409141706 ], [ 26.680178429031418, 37.791416703755395 ], [ 26.679970365667721, 37.791036750954326 ], [ 26.679839401515697, 37.79090153342608 ], [ 26.679720823601517, 37.790841649714359 ], [ 26.679660441865867, 37.790733218274724 ], [ 26.679641518101402, 37.790693054624967 ], [ 26.679653448294477, 37.790563009477737 ], [ 26.679441021878034, 37.790420848597542 ], [ 26.679387245993258, 37.79039584807856 ], [ 26.679191865508514, 37.790329188260685 ], [ 26.679101887875753, 37.790250175860997 ], [ 26.679051364666073, 37.790182187169059 ], [ 26.679020735025212, 37.790082752922693 ], [ 26.678934105161932, 37.790013201882957 ], [ 26.67884635737445, 37.789912681858908 ], [ 26.678752862692139, 37.789819445739582 ], [ 26.678753798962099, 37.789762206628609 ], [ 26.678715025278954, 37.789686797685505 ], [ 26.678715186833418, 37.789608118399912 ], [ 26.678777695689448, 37.789508949249459 ], [ 26.67886756461769, 37.789418693661339 ], [ 26.67890135480787, 37.789354047672845 ], [ 26.679048443148524, 37.78935440790589 ], [ 26.679098246072126, 37.789248525932194 ], [ 26.679163308904979, 37.789178502383102 ], [ 26.679285837444549, 37.789139954054974 ], [ 26.679340397506664, 37.789091030484698 ], [ 26.679281318736255, 37.789014891978447 ], [ 26.679163928052358, 37.788987761554651 ], [ 26.679106570482134, 37.788959265871107 ], [ 26.679138593323199, 37.788889398684951 ], [ 26.679241071476284, 37.788815544845178 ], [ 26.679313444199593, 37.788739990947199 ], [ 26.679438223360709, 37.788701389773315 ], [ 26.679532652066648, 37.788737387286318 ], [ 26.679667813595405, 37.788736694152313 ], [ 26.679797143602602, 37.788740903401347 ], [ 26.679898252845057, 37.788712377691574 ], [ 26.679961965591154, 37.788646556679666 ], [ 26.679983222787477, 37.788569781814232 ], [ 26.679974207091295, 37.788486544884442 ], [ 26.679941865692186, 37.788422909949951 ], [ 26.679868706784642, 37.788393581499051 ], [ 26.679772911770218, 37.78840291470928 ], [ 26.679651556258843, 37.7883699152407 ], [ 26.679588595630342, 37.78829028893891 ], [ 26.679525722110036, 37.788213044571698 ], [ 26.679538664094753, 37.788155532718051 ], [ 26.679553058923446, 37.788055073496217 ], [ 26.67955579209676, 37.787964415464828 ], [ 26.679514877197185, 37.787912896917852 ], [ 26.679428335613736, 37.787845727342251 ], [ 26.679319825136034, 37.787669389857058 ], [ 26.679270428741489, 37.787526869444044 ], [ 26.67938419293014, 37.787372298841852 ], [ 26.67945030485431, 37.787289736168511 ], [ 26.679334356824445, 37.787250760784133 ], [ 26.679281169995292, 37.787181531996261 ], [ 26.679243582076541, 37.787036930047371 ], [ 26.679222311732591, 37.786965919441364 ], [ 26.679145627243642, 37.786838923886798 ], [ 26.679066112292141, 37.786716760473247 ], [ 26.679031956332487, 37.786519657678966 ], [ 26.678992408518603, 37.786422810369473 ], [ 26.678912706491825, 37.786367113234057 ], [ 26.678844116895089, 37.786309363980763 ], [ 26.678857403470751, 37.786261379771688 ], [ 26.678894530870025, 37.786208084996254 ], [ 26.679003868118496, 37.786157915830231 ], [ 26.679044999793014, 37.786087702245396 ], [ 26.679044377785083, 37.786055881446309 ], [ 26.678922159932601, 37.786041523981169 ], [ 26.678769434601676, 37.786004946167239 ], [ 26.678653705206788, 37.785944638798306 ], [ 26.678538749137548, 37.78590577086139 ], [ 26.678404723869889, 37.785887839495665 ], [ 26.678334396132968, 37.785853677967431 ], [ 26.678282845330624, 37.785757102486386 ], [ 26.678280436323611, 37.785690403159364 ], [ 26.678354442827743, 37.785660111480524 ], [ 26.678519958003015, 37.785668266498895 ], [ 26.678603485466514, 37.785652061684019 ], [ 26.678610940566703, 37.785608979098392 ], [ 26.678576031339258, 37.785557322652906 ], [ 26.678517281769405, 37.78551097754 ], [ 26.678443351876432, 37.785460209374719 ], [ 26.678444633064231, 37.785412497646732 ], [ 26.678503027756665, 37.785365872235658 ], [ 26.678567169525699, 37.785311963644453 ], [ 26.678624619437691, 37.785239134152341 ], [ 26.678658142749089, 37.78516923203982 ], [ 26.678670655423243, 37.785099809260103 ], [ 26.678734795751506, 37.785045900748607 ], [ 26.678740463118658, 37.785036040609533 ], [ 26.678784496065429, 37.784911374372349 ], [ 26.678759387636021, 37.784715258966294 ], [ 26.678690679112378, 37.784559471796236 ], [ 26.678570379237467, 37.784347640165052 ], [ 26.678478643462089, 37.784178073121389 ], [ 26.678455471945917, 37.784035554589551 ], [ 26.678438868607188, 37.783950105141429 ], [ 26.678350617102648, 37.783877013970383 ], [ 26.678166657982796, 37.783773913307733 ], [ 26.67790822648173, 37.783729726070938 ], [ 26.677802911619761, 37.78366825192353 ], [ 26.677717253098198, 37.783583776672096 ], [ 26.677669436942058, 37.783507380878781 ], [ 26.677609719723076, 37.783413375910953 ], [ 26.677594916641784, 37.783315368083969 ], [ 26.677590831326075, 37.783202216932288 ], [ 26.677578598435471, 37.783071369902785 ], [ 26.67758395218306, 37.783011646742501 ], [ 26.677629931194183, 37.782933118292426 ], [ 26.677690593746451, 37.782845315161836 ], [ 26.677755869516162, 37.782781248752592 ], [ 26.677743431011464, 37.7827487499396 ], [ 26.677642347493062, 37.782757008596136 ], [ 26.67755080002086, 37.782717369195758 ], [ 26.677466325904351, 37.782665647990356 ], [ 26.677435021728847, 37.782630598505186 ], [ 26.6774037173704, 37.782595548123112 ], [ 26.677367944171095, 37.782544865705681 ], [ 26.67733217081399, 37.782494182385335 ], [ 26.677275293845121, 37.782449701841415 ], [ 26.677197562626304, 37.782426673833861 ], [ 26.677102956392364, 37.782402123668405 ], [ 26.677018641372047, 37.782396410991126 ], [ 26.676944481796806, 37.782405726254773 ], [ 26.676863530501439, 37.782426639618144 ], [ 26.676777158052829, 37.782430509697015 ], [ 26.676689342613315, 37.78239436115161 ], [ 26.676620529158278, 37.782352058091142 ], [ 26.676388329633628, 37.782243853479585 ], [ 26.676102415731403, 37.782145451508626 ], [ 26.675786143915847, 37.782038201618668 ], [ 26.675621147265645, 37.781960892819207 ], [ 26.675377254569334, 37.781861534093125 ], [ 26.675216885042872, 37.781745973177145 ], [ 26.675097161403993, 37.781591342858874 ], [ 26.675097666334, 37.781438749721694 ], [ 26.675151852968572, 37.78127540039965 ], [ 26.675132974864024, 37.781085101658469 ], [ 26.675013424110823, 37.780935235484144 ], [ 26.674911882823547, 37.780784960815701 ], [ 26.674876886058527, 37.780647478984832 ], [ 26.674818567018622, 37.780529598483348 ], [ 26.674651685036476, 37.780440514198318 ], [ 26.674618123136884, 37.78043343435175 ], [ 26.674385725923127, 37.780350429685768 ], [ 26.674255821996571, 37.780280683893665 ], [ 26.674184805844398, 37.780262128151342 ], [ 26.674133563335108, 37.780248739026653 ], [ 26.673959462096384, 37.780195070058681 ], [ 26.673822116181373, 37.780118083790526 ], [ 26.673718936847674, 37.780055578846962 ], [ 26.673630649312244, 37.780037894965702 ], [ 26.673611365246668, 37.780029990280802 ], [ 26.673568596635818, 37.780000622792286 ], [ 26.673555318488003, 37.779983002994577 ], [ 26.673542770149794, 37.779928153424585 ], [ 26.673543294292465, 37.779880368746618 ], [ 26.673556087877241, 37.779855638837248 ], [ 26.673600339273939, 37.779820306622902 ], [ 26.673754897646578, 37.779752295373704 ], [ 26.673789402861303, 37.77970955161652 ], [ 26.673797838610557, 37.77968091614958 ], [ 26.673818521411665, 37.779610713607042 ], [ 26.673813646859738, 37.779542162359554 ], [ 26.673763929280373, 37.779416568789628 ], [ 26.673741915760516, 37.779392115595435 ], [ 26.673628926076372, 37.779324111772993 ], [ 26.673481704928978, 37.77923971917776 ], [ 26.673351908285575, 37.779172097195939 ], [ 26.673321310005537, 37.779123203081305 ], [ 26.67331966187151, 37.779077465976599 ], [ 26.673347169870389, 37.779040602558503 ], [ 26.673403559079656, 37.779004991524019 ], [ 26.67346771029128, 37.778954425235355 ], [ 26.673468603111701, 37.778936484151181 ], [ 26.673535606732511, 37.778874784409901 ], [ 26.673628405719025, 37.778754859645794 ], [ 26.673628200021053, 37.778749172426124 ], [ 26.673574937379659, 37.778715945727306 ], [ 26.673508072071868, 37.77865584019284 ], [ 26.673510785098621, 37.778637686889375 ], [ 26.673588792246232, 37.778588424089897 ], [ 26.67361380222134, 37.778587026712806 ], [ 26.673731516082274, 37.778636577518625 ], [ 26.67374590076269, 37.778636018098588 ], [ 26.673780372142499, 37.778602185428355 ], [ 26.673814705547265, 37.778603173337494 ], [ 26.673836205991503, 37.778606923974856 ], [ 26.673860726165184, 37.778594120797855 ], [ 26.673861874286253, 37.778551484146575 ], [ 26.673875013128999, 37.778481583909205 ], [ 26.673865358027584, 37.778460614990742 ], [ 26.673657551129374, 37.778340887027412 ], [ 26.673655699811899, 37.778325502687245 ], [ 26.673713513523435, 37.778289622033512 ], [ 26.673772755837451, 37.778316736555631 ], [ 26.673800772139515, 37.778321663169912 ], [ 26.67385208148271, 37.778320785110992 ], [ 26.673909132131207, 37.778300080937491 ], [ 26.673947227410153, 37.778257267364104 ], [ 26.673960577348165, 37.778206187916737 ], [ 26.673956501298903, 37.778155959342307 ], [ 26.673899813316442, 37.778069691636098 ], [ 26.673902779458228, 37.778043335365354 ], [ 26.673993790528005, 37.777978400848262 ], [ 26.674005897494954, 37.777950034575483 ], [ 26.673987465696889, 37.777869166301109 ], [ 26.673885417889359, 37.777746317341311 ], [ 26.673814368825976, 37.777656434560654 ], [ 26.673642422503629, 37.777471907691236 ], [ 26.673509903836489, 37.777355410525544 ], [ 26.673461129575088, 37.777252214148689 ], [ 26.673401012388808, 37.777117381395534 ], [ 26.673383520673831, 37.777078149260319 ], [ 26.673248675407823, 37.776982867371736 ], [ 26.673010611167445, 37.776836284674459 ], [ 26.672916604518747, 37.776728154829605 ], [ 26.67291617261494, 37.77661194000401 ], [ 26.672902053538813, 37.776530563943503 ], [ 26.672892480518264, 37.776475392178696 ], [ 26.672749920947908, 37.77637432480104 ], [ 26.672678639608183, 37.776271637753297 ], [ 26.672618289120877, 37.7760554587095 ], [ 26.672581547853987, 37.776016514223905 ], [ 26.672544807962353, 37.775977570406987 ], [ 26.672708885507454, 37.775826872817802 ], [ 26.672866571805024, 37.775701705224151 ], [ 26.673091263656314, 37.775435546142326 ], [ 26.673201355182382, 37.775239935270143 ], [ 26.673265403492977, 37.775069571392201 ], [ 26.673332873461675, 37.774907831214897 ], [ 26.673457200414411, 37.774773883984558 ], [ 26.673529567585476, 37.774698333511026 ], [ 26.673543416517155, 37.774670774281553 ], [ 26.67357440958741, 37.774609103957239 ], [ 26.67360810107288, 37.774460525180992 ], [ 26.673732599896379, 37.774331340782794 ], [ 26.673912365082519, 37.774075851686767 ], [ 26.673935460626957, 37.774043027604122 ], [ 26.674179482071761, 37.773813382122356 ], [ 26.674550399529195, 37.773521251395231 ], [ 26.674579713142251, 37.773489866097442 ], [ 26.67472102305587, 37.773338569402661 ], [ 26.674746910768082, 37.773223543456467 ], [ 26.674743819221419, 37.773137784669672 ], [ 26.674675992949624, 37.773089262305234 ], [ 26.674433934109373, 37.773039924474972 ], [ 26.67416195180332, 37.77299365169587 ], [ 26.673869992032913, 37.772976440886929 ], [ 26.673661632091935, 37.772945409392122 ], [ 26.67361960830706, 37.772920253053407 ], [ 26.673538843628094, 37.772871904760166 ], [ 26.673353205407825, 37.772804595820524 ], [ 26.673163796659264, 37.772799359472472 ], [ 26.672997710081873, 37.77277452240272 ], [ 26.672911278963486, 37.772709729149 ], [ 26.672735328248663, 37.772577829889471 ], [ 26.672613570630851, 37.772532911300637 ], [ 26.672299147377682, 37.772475675247399 ], [ 26.672006504289445, 37.772439402802604 ], [ 26.6718069771557, 37.772403400533761 ], [ 26.671517249543243, 37.772364675113245 ], [ 26.671272795116245, 37.772332074515269 ], [ 26.671099420696258, 37.772271637096104 ], [ 26.670855137787541, 37.772160357326754 ], [ 26.670746415089301, 37.772102028419205 ], [ 26.670823047794116, 37.772082409643154 ], [ 26.67120181905355, 37.772091698864507 ], [ 26.671708106751378, 37.772174802130351 ], [ 26.672176026693585, 37.772240951883511 ], [ 26.672582450613564, 37.772267492661427 ], [ 26.673132152086701, 37.772269320576612 ], [ 26.673343668772244, 37.772164001499092 ], [ 26.673821812587011, 37.771960573604026 ], [ 26.674082711935231, 37.771634356465704 ], [ 26.674108749826157, 37.771505377851334 ], [ 26.674122733000953, 37.771436114011735 ], [ 26.674139660262146, 37.771280763050953 ], [ 26.67407834436943, 37.771037785904035 ], [ 26.67406675491327, 37.770964810719256 ], [ 26.674051689999523, 37.770869947343066 ], [ 26.674064162524655, 37.770768427111278 ], [ 26.674093049794099, 37.770697079737268 ], [ 26.674171327923801, 37.770504672945059 ], [ 26.674203954491094, 37.770284043652183 ], [ 26.674352354291567, 37.769901602709382 ], [ 26.674672413742197, 37.769401635795845 ], [ 26.675161661222848, 37.768748010366046 ], [ 26.675287263113248, 37.768570988882644 ], [ 26.67533834914256, 37.768400687964451 ], [ 26.675353850821072, 37.768074662391513 ], [ 26.675371866267124, 37.767719930588825 ], [ 26.675343807916335, 37.767358185170977 ], [ 26.675255440677674, 37.767141141282238 ], [ 26.675254138026226, 37.767049276265908 ], [ 26.675322807514789, 37.766954737064374 ], [ 26.675543562865666, 37.766740019530992 ], [ 26.675636481679035, 37.766608592451391 ], [ 26.675629377178794, 37.766511482374391 ], [ 26.675591318956002, 37.766461194343144 ], [ 26.675378081544558, 37.766294384979794 ], [ 26.675103871116093, 37.766114203378386 ], [ 26.675126454899917, 37.766077013749111 ], [ 26.675187008112815, 37.765977305316625 ], [ 26.675229416631726, 37.765867691928669 ], [ 26.675233839652225, 37.765806039373629 ], [ 26.67524117108659, 37.765703854943958 ], [ 26.6752085769761, 37.765424462974551 ], [ 26.675246718902123, 37.765232868512868 ], [ 26.67494451459298, 37.765049802478295 ], [ 26.674883416263977, 37.76502438905014 ], [ 26.67485287608352, 37.765011685802691 ], [ 26.674823809896768, 37.764999596399463 ], [ 26.674807620604817, 37.764862877854881 ], [ 26.674824009032658, 37.764692637824893 ], [ 26.674866420641777, 37.764622086811372 ], [ 26.674930273320303, 37.764504697102822 ], [ 26.674925334719028, 37.764326001375508 ], [ 26.674929728865884, 37.763906300024054 ], [ 26.674879055871308, 37.763791822951333 ], [ 26.674748304251914, 37.763621945653448 ], [ 26.674541798851489, 37.763482295135042 ], [ 26.674470085398344, 37.763413263602324 ], [ 26.674463973053431, 37.763347840608269 ], [ 26.674509729590344, 37.763263357481783 ], [ 26.674568455013038, 37.763226262588489 ], [ 26.674703689325252, 37.763020543566206 ], [ 26.674656406969142, 37.762922643539376 ], [ 26.674646582692066, 37.762822507880571 ], [ 26.674620074820602, 37.762740301226877 ], [ 26.674776101790414, 37.762683686781138 ], [ 26.674887197986266, 37.762433217631688 ], [ 26.67492302668742, 37.762260748803612 ], [ 26.674965190210131, 37.761930785762239 ], [ 26.675063759769014, 37.761499409388954 ], [ 26.675064086876233, 37.761175165280257 ], [ 26.6751390029461, 37.760920748871506 ], [ 26.675174650068044, 37.760576628813325 ], [ 26.675205496689347, 37.7602659959026 ], [ 26.675215945573886, 37.760055957213361 ], [ 26.675054940030122, 37.75992133690832 ], [ 26.674861705765679, 37.759892348091839 ], [ 26.674712023208173, 37.759905284244169 ], [ 26.674531305939034, 37.759890315195747 ], [ 26.674408538806262, 37.759816811995002 ], [ 26.674367897894953, 37.759688993532897 ], [ 26.674310965763276, 37.759442340254878 ], [ 26.674183393809528, 37.759235436030131 ], [ 26.674006341358599, 37.759115874202656 ], [ 26.673927597397931, 37.759053335295327 ], [ 26.673778599276172, 37.759001883503224 ], [ 26.673675039468499, 37.758961320525941 ], [ 26.673654719547024, 37.758897411125993 ], [ 26.673689095801045, 37.758851333227561 ], [ 26.67381580109593, 37.758867529351022 ], [ 26.673871010513682, 37.758899653454961 ], [ 26.673995623229462, 37.75893031940744 ], [ 26.674107451066703, 37.758961039980065 ], [ 26.674192321711775, 37.758982953491099 ], [ 26.674239901549985, 37.758969952661154 ], [ 26.674196435558823, 37.758930410351489 ], [ 26.674047095924728, 37.758869429789513 ], [ 26.673990120695347, 37.75883506761928 ], [ 26.673915970334612, 37.758803904366829 ], [ 26.673831199953543, 37.758751471112156 ], [ 26.673768805399842, 37.758669921330224 ], [ 26.673624832832989, 37.758574487237603 ], [ 26.673517407670971, 37.758509992633265 ], [ 26.673409982731446, 37.758445497891373 ], [ 26.673295213878259, 37.758385519972684 ], [ 26.673065568920677, 37.758262586705293 ], [ 26.672928404635723, 37.758206097007708 ], [ 26.672796385408077, 37.758188232229536 ], [ 26.672721159619613, 37.758183978662153 ], [ 26.672693512196723, 37.758145865867398 ], [ 26.672724586653015, 37.758070656567817 ], [ 26.672792094631632, 37.757964820938113 ], [ 26.672894323717365, 37.75788501789993 ], [ 26.67316018082224, 37.757762758122688 ], [ 26.67331505078424, 37.757678582205664 ], [ 26.673389888653809, 37.757588671149001 ], [ 26.67349267301519, 37.757524351701562 ], [ 26.673642264092155, 37.757509035568518 ], [ 26.673763482562766, 37.757539660854341 ], [ 26.673784468418827, 37.757533571805901 ], [ 26.673852637328228, 37.75751379597466 ], [ 26.673942389511097, 37.757421162187377 ], [ 26.674007452172976, 37.75731001695722 ], [ 26.674014477435559, 37.75717157960144 ], [ 26.674028107630612, 37.757133124407495 ], [ 26.674030417784262, 37.757030554761357 ], [ 26.673957465020127, 37.757005986935347 ], [ 26.673798187247957, 37.757002451028029 ], [ 26.673686228495001, 37.756978767117729 ], [ 26.673583098860565, 37.75695011531203 ], [ 26.673468910603745, 37.756864495842123 ], [ 26.673390812483923, 37.756780440401222 ], [ 26.673386632994859, 37.756715486912526 ], [ 26.673377178344396, 37.75656856510075 ], [ 26.673414828007314, 37.756349366330035 ], [ 26.67328580778506, 37.756206268943913 ], [ 26.673202543483747, 37.755978689047346 ], [ 26.673258798056601, 37.755873107800028 ], [ 26.673421029700737, 37.755791941771534 ], [ 26.673569975618104, 37.755758760195285 ], [ 26.673758784245024, 37.755790235520649 ], [ 26.673993885778348, 37.755856421092197 ], [ 26.67406514282969, 37.755854803271397 ], [ 26.674284595619174, 37.755799158281356 ], [ 26.674447148274904, 37.755726924494617 ], [ 26.674540855831836, 37.75568796079417 ], [ 26.674598770333972, 37.755663878769496 ], [ 26.674873941059644, 37.755592068138341 ], [ 26.675026700909957, 37.755541440739918 ], [ 26.675116195758232, 37.755491725593309 ], [ 26.675148151022483, 37.755445225819933 ], [ 26.675265077614025, 37.755423496443271 ], [ 26.67535286041187, 37.755459649068399 ], [ 26.675497560540162, 37.755463032994285 ], [ 26.675597513691304, 37.755402513465327 ], [ 26.675712241430592, 37.755319800882106 ], [ 26.675803104601982, 37.755241446153669 ], [ 26.675916736953937, 37.755194996627175 ], [ 26.675941079039081, 37.755137225661223 ], [ 26.675884499962997, 37.755100365680207 ], [ 26.675781082907058, 37.755096992987987 ], [ 26.675757336761414, 37.75506484407952 ], [ 26.675861737491424, 37.755001979550819 ], [ 26.676013115342013, 37.754864039595006 ], [ 26.676177861499703, 37.754713915443453 ], [ 26.676254931873341, 37.754563802733266 ], [ 26.676318287318246, 37.754440401295902 ], [ 26.676356679495807, 37.754209666198925 ], [ 26.67637895705273, 37.754075777606126 ], [ 26.676401847298184, 37.754006108806252 ], [ 26.676437680204291, 37.753897043437149 ], [ 26.676487643224167, 37.753844167125273 ], [ 26.676477106793183, 37.753613764815633 ], [ 26.67640268983731, 37.753415190888667 ], [ 26.676235209289491, 37.75316723651283 ], [ 26.676131313363584, 37.7530830637916 ], [ 26.676102311938983, 37.753063812919862 ], [ 26.676210996278268, 37.752870815092919 ], [ 26.676300663839267, 37.752580381259349 ], [ 26.676489210901632, 37.752301646664328 ], [ 26.676761722133037, 37.752138779316375 ], [ 26.677007800205189, 37.752027608574579 ], [ 26.677456932224068, 37.751492898560748 ], [ 26.677588374642571, 37.751345116148364 ], [ 26.677612757280006, 37.751317702630715 ], [ 26.677835786166138, 37.751174353732068 ], [ 26.678037334301028, 37.750983089091385 ], [ 26.678068955044417, 37.750860780809056 ], [ 26.678118060385003, 37.7507237697561 ], [ 26.678186326572241, 37.75061851066247 ], [ 26.678485390754133, 37.750543762897756 ], [ 26.678632994564708, 37.750515373039704 ], [ 26.678755905541095, 37.750426750391696 ], [ 26.678831753607984, 37.750281978633993 ], [ 26.679138010824524, 37.750157000010908 ], [ 26.679407105720578, 37.750000681015578 ], [ 26.679562576633991, 37.749966477033027 ], [ 26.679591096444106, 37.749891443026435 ], [ 26.67961008420022, 37.749818534756841 ], [ 26.679565186151109, 37.749718274123595 ], [ 26.679613292946073, 37.74966559102679 ], [ 26.679656721468788, 37.749618031582436 ], [ 26.67977913495762, 37.749542992095293 ], [ 26.679832434685192, 37.749510318662651 ], [ 26.679913103337455, 37.749439600566681 ], [ 26.680037657330676, 37.749193048899173 ], [ 26.680083587099624, 37.749040286789132 ], [ 26.680183954222858, 37.748816321234607 ], [ 26.68034780175396, 37.748614404898881 ], [ 26.680526990544998, 37.748494929629501 ], [ 26.680617229268037, 37.748438449066036 ], [ 26.68070147610754, 37.748429847576624 ], [ 26.680817915344718, 37.748534204460043 ], [ 26.680890025051362, 37.748556405003427 ], [ 26.681027623048148, 37.748530867344613 ], [ 26.681226277013966, 37.748489812225856 ], [ 26.681363942836494, 37.74841086381268 ], [ 26.681453209001738, 37.748288673928677 ], [ 26.681436938481529, 37.748137415877132 ], [ 26.681368164389827, 37.748028835506318 ], [ 26.681356791874169, 37.747963293780806 ], [ 26.681371700506318, 37.747927192384147 ], [ 26.681444165684297, 37.747884805187269 ], [ 26.681537014801606, 37.747872106414732 ], [ 26.68168101479743, 37.747868828479533 ], [ 26.681862129105745, 37.747938913956979 ], [ 26.682011581532919, 37.747936942244102 ], [ 26.682251588089613, 37.747848510513158 ], [ 26.682386780900963, 37.747751021295088 ], [ 26.682427857366125, 37.747641370882747 ], [ 26.682450852751487, 37.747486533348479 ], [ 26.68255901472897, 37.747335206311185 ], [ 26.682547608101491, 37.747198486940263 ], [ 26.682546914469189, 37.747023340844002 ], [ 26.682516039684614, 37.746895898206105 ], [ 26.682455207423512, 37.746764305748648 ], [ 26.682274858295024, 37.746635512366836 ], [ 26.682172245838615, 37.746537717484131 ], [ 26.682110262629166, 37.746442572358916 ], [ 26.682083634960229, 37.746328742155619 ], [ 26.682074102832278, 37.746189489826278 ], [ 26.682077901898193, 37.746120753243702 ], [ 26.682081702078875, 37.746052016458243 ], [ 26.682089663768547, 37.746020527324397 ], [ 26.682115840107475, 37.746002111458736 ], [ 26.682214504827023, 37.745988198206 ], [ 26.68230295525785, 37.745943269499044 ], [ 26.682432450740212, 37.745810269476159 ], [ 26.682480997053108, 37.745760408159342 ], [ 26.682687100917342, 37.745538797051388 ], [ 26.682747014509516, 37.745482343413627 ], [ 26.682838500303053, 37.745433988634119 ], [ 26.68291036939231, 37.745428775324797 ], [ 26.683056836882876, 37.745459544152887 ], [ 26.683265488623892, 37.745240049868528 ], [ 26.68339045385812, 37.745066449857362 ], [ 26.683382194131383, 37.744969112786713 ], [ 26.683429163151441, 37.744849806303087 ], [ 26.683625013720718, 37.744665631728076 ], [ 26.683625640975457, 37.744558332956984 ], [ 26.683648974710064, 37.744414755744302 ], [ 26.683653972440592, 37.744303780551853 ], [ 26.683651494285847, 37.744069003295714 ], [ 26.68365874068644, 37.743812546774137 ], [ 26.683667199321, 37.743631163985825 ], [ 26.683627852658979, 37.743493496441495 ], [ 26.68350584285372, 37.743409321816642 ], [ 26.683487419925381, 37.743221332124286 ], [ 26.683500383795781, 37.743081566705435 ], [ 26.683557810063164, 37.742801319286315 ], [ 26.683526921238133, 37.742569573339011 ], [ 26.683489097343731, 37.742395203823229 ], [ 26.68332299857434, 37.742118854049089 ], [ 26.683173330137016, 37.741964912596394 ], [ 26.683071860345123, 37.74186054645071 ], [ 26.682943246261452, 37.741779951942107 ], [ 26.682813581049331, 37.741729930414458 ], [ 26.682649271853958, 37.741669302053019 ], [ 26.682358706428488, 37.741558533089432 ], [ 26.682176962667178, 37.741462166380096 ], [ 26.682050481847632, 37.741378731816042 ], [ 26.681883216374832, 37.74133762661355 ], [ 26.681657897103165, 37.741229181009324 ], [ 26.68154239774897, 37.741095856642005 ], [ 26.681480566477635, 37.740980682414289 ], [ 26.681197177057378, 37.74061521339663 ], [ 26.681146969975284, 37.740473807029552 ], [ 26.681043663216599, 37.740337855152433 ], [ 26.680983872019688, 37.740293634258478 ], [ 26.680677402998153, 37.740146645831821 ], [ 26.680335390227434, 37.740029251786275 ], [ 26.680200839834569, 37.739947381868433 ], [ 26.680190022948867, 37.739924923264773 ], [ 26.680189369337267, 37.739904996686583 ], [ 26.680187730649166, 37.739854974894058 ], [ 26.680291051449377, 37.739839542956325 ], [ 26.680624250732318, 37.739833927962081 ], [ 26.680828325738251, 37.739830266848649 ], [ 26.681041668280333, 37.739858429958637 ], [ 26.681131096019993, 37.739890725337048 ], [ 26.681274734266079, 37.739965447357129 ], [ 26.681563830912772, 37.740122861653681 ], [ 26.681902220866636, 37.740315421950008 ], [ 26.682008704718989, 37.740337793326212 ], [ 26.682241964399974, 37.740345832915764 ], [ 26.682500105164976, 37.740311345042066 ], [ 26.682706820436611, 37.740249418755845 ], [ 26.682832003403011, 37.740171242892004 ], [ 26.682992167502608, 37.740103688147705 ], [ 26.683135257908944, 37.740075635421768 ], [ 26.683274718288349, 37.740080086842951 ], [ 26.683589086578273, 37.740072925763322 ], [ 26.683843312707861, 37.739996564021844 ], [ 26.684012041671874, 37.739946945132466 ], [ 26.684090623783046, 37.739994743922139 ], [ 26.684224940394994, 37.739989775637341 ], [ 26.68434997081598, 37.739975167033521 ], [ 26.684480789938558, 37.73990004567947 ], [ 26.684581659865753, 37.739866753212354 ], [ 26.684662995053248, 37.739874435482399 ], [ 26.684777915918417, 37.739814598136576 ], [ 26.684829413859784, 37.739744285620091 ], [ 26.684850483655193, 37.739662745801425 ], [ 26.684847556362712, 37.739581754067835 ], [ 26.684865713602736, 37.739502664117609 ], [ 26.684972495467214, 37.739466852527492 ], [ 26.684999565761263, 37.739385176754126 ], [ 26.684934836683222, 37.73925552650428 ], [ 26.684834371141697, 37.739133843149418 ], [ 26.684504559661118, 37.739006383689564 ], [ 26.684340189654456, 37.73888530539606 ], [ 26.684023700788082, 37.73843477051939 ], [ 26.683669093221571, 37.738290200188167 ], [ 26.683440003472544, 37.738264425874704 ], [ 26.683231580061367, 37.738312086569159 ], [ 26.683083061064885, 37.738355999355633 ], [ 26.682960161899057, 37.738361182323551 ], [ 26.682949701438762, 37.738320891776787 ], [ 26.683004629009798, 37.73826242194859 ], [ 26.683124860428308, 37.738183391958096 ], [ 26.683310910632844, 37.738098094331285 ], [ 26.683467824136297, 37.738037301409769 ], [ 26.683680739886423, 37.73798046884589 ], [ 26.684221632019522, 37.737855505276066 ], [ 26.684525290352568, 37.737818069222051 ], [ 26.684679823176275, 37.737774494407894 ], [ 26.684702374024017, 37.737733927412854 ], [ 26.684705165428095, 37.737611798233509 ], [ 26.684739496914545, 37.737498486619032 ], [ 26.684807068452304, 37.737308125405228 ], [ 26.684797448940337, 37.737174834560157 ], [ 26.684816162590469, 37.737126883712627 ], [ 26.68511719973144, 37.737051202350202 ], [ 26.68555768010614, 37.736879042704643 ], [ 26.686045392929838, 37.736684824376134 ], [ 26.686238717757433, 37.73658505179467 ], [ 26.686476659487553, 37.736390804546936 ], [ 26.68672788135601, 37.736098982661801 ], [ 26.687001268592187, 37.735797909739176 ], [ 26.687192735736058, 37.735804195041752 ], [ 26.687334023369075, 37.735726588475067 ], [ 26.687380155501685, 37.735674039179557 ], [ 26.687327518624329, 37.735588272460667 ], [ 26.687350979629809, 37.735524030303537 ], [ 26.687401268245104, 37.735386326282047 ], [ 26.6874421240137, 37.735270957085781 ], [ 26.687720509569125, 37.734999970415778 ], [ 26.688035662240399, 37.734749601710796 ], [ 26.688101443578148, 37.73457644503187 ], [ 26.688038405050595, 37.734327553218812 ], [ 26.687936333916188, 37.734053513068439 ], [ 26.687728663044151, 37.734022013014673 ], [ 26.687468642673014, 37.734056177482636 ], [ 26.687369838927847, 37.734060887485377 ], [ 26.687319312835061, 37.734033431158728 ], [ 26.687414225439532, 37.733948419397059 ], [ 26.687477793697564, 37.733933258741473 ], [ 26.687504733221747, 37.733930496981451 ], [ 26.687986560377961, 37.733915042573393 ], [ 26.688217386478009, 37.73386582446004 ], [ 26.688286638387034, 37.73367324204213 ], [ 26.688378302286804, 37.733510223462048 ], [ 26.688473929257889, 37.733353074343775 ], [ 26.68861392288203, 37.733281336719472 ], [ 26.688584230613991, 37.733186651124477 ], [ 26.688572314010742, 37.733064737739106 ], [ 26.688611402064346, 37.733004243376364 ], [ 26.688650488733611, 37.732943748308749 ], [ 26.688803753353625, 37.732824024902222 ], [ 26.689196767127761, 37.7326855698903 ], [ 26.689351310656164, 37.732608877750529 ], [ 26.689547088380049, 37.732419639955019 ], [ 26.689664991072608, 37.732256021954143 ], [ 26.689782355236034, 37.732077515245273 ], [ 26.689717495462496, 37.7318405863018 ], [ 26.689641699068591, 37.731778894662476 ], [ 26.689671317807974, 37.731705149541732 ], [ 26.6896527972226, 37.731657891858241 ], [ 26.689659912325649, 37.731589066631344 ], [ 26.68964096223235, 37.731463618602419 ], [ 26.689604166843448, 37.731296238407133 ], [ 26.689639055420628, 37.731211901127203 ], [ 26.689655837777451, 37.731144763179564 ], [ 26.689658566146687, 37.731087482901088 ], [ 26.689562518915892, 37.731087767881689 ], [ 26.689477656810901, 37.731131665504556 ], [ 26.689330315332388, 37.731197833521605 ], [ 26.689181736228125, 37.731220315772092 ], [ 26.689164687934159, 37.731246929341864 ], [ 26.689214574760602, 37.731298240487781 ], [ 26.68933113563401, 37.731367103715513 ], [ 26.689417357070802, 37.731427121322625 ], [ 26.689419081455945, 37.731474763656074 ], [ 26.689373075942626, 37.731530648262535 ], [ 26.689289008059578, 37.731530183622148 ], [ 26.689159346708273, 37.731514070704158 ], [ 26.689047681458913, 37.731497547143618 ], [ 26.688863171391219, 37.731458844245289 ], [ 26.6887534718003, 37.731413666138728 ], [ 26.6886487354496, 37.731339765163803 ], [ 26.688512715327459, 37.731230817445116 ], [ 26.688331118489597, 37.731189663433668 ], [ 26.688097344710325, 37.731199766237516 ], [ 26.687982250109002, 37.731171398919869 ], [ 26.687832698542625, 37.731103288312582 ], [ 26.687689833896982, 37.731054097183176 ], [ 26.68752597626036, 37.731005385381188 ], [ 26.687351239816987, 37.730987914553658 ], [ 26.687179934864876, 37.730982286572392 ], [ 26.687050016418826, 37.730959024868298 ], [ 26.686973311884774, 37.73091309221455 ], [ 26.686946732550599, 37.730842175856189 ], [ 26.686938150003279, 37.730770848353508 ], [ 26.686961784474143, 37.730677329207175 ], [ 26.686985359669407, 37.730583156373278 ], [ 26.686932256302129, 37.730499909778011 ], [ 26.686867969666892, 37.730415549334531 ], [ 26.686703946670534, 37.730275317386081 ], [ 26.686537808207266, 37.73010318387184 ], [ 26.686500999953719, 37.730079176076877 ], [ 26.686432461342637, 37.730076448609445 ], [ 26.686357463918807, 37.730096568278952 ], [ 26.686174878085271, 37.730171245854919 ], [ 26.686103418257016, 37.730179296114493 ], [ 26.685594202736205, 37.730218771562569 ], [ 26.68517539307458, 37.730192079476893 ], [ 26.684829303885625, 37.730051200285423 ], [ 26.684764333696897, 37.730082615699253 ], [ 26.684697803886632, 37.730076368795231 ], [ 26.684588682299868, 37.730005544648805 ], [ 26.684473091664383, 37.729921754415912 ], [ 26.684332760777949, 37.729880250678413 ], [ 26.684217169610008, 37.729796460289634 ], [ 26.684076824514552, 37.729650651852239 ], [ 26.683918717323262, 37.729636372756929 ], [ 26.683887511952584, 37.72962864070864 ], [ 26.683797563462036, 37.729606352089966 ], [ 26.683714653201218, 37.729596320396894 ], [ 26.683621894652461, 37.729625253816188 ], [ 26.68346807299589, 37.72962577798129 ], [ 26.683337164803326, 37.729533396543694 ], [ 26.683217180072514, 37.729431824095904 ], [ 26.683070428029701, 37.729420266639998 ], [ 26.682799374487889, 37.729483276076486 ], [ 26.682545588419543, 37.729565293987143 ], [ 26.682385305022763, 37.72961543335218 ], [ 26.682202397876232, 37.729662512098706 ], [ 26.682062414439937, 37.729651394821609 ], [ 26.682062916055635, 37.729540522463957 ], [ 26.682012123811123, 37.729380751888307 ], [ 26.681926583320919, 37.729192721543932 ], [ 26.681630191328889, 37.729028254608743 ], [ 26.681378757005255, 37.728923116678345 ], [ 26.681124500062861, 37.728864532683914 ], [ 26.680902508972569, 37.728826670389111 ], [ 26.680726794484325, 37.728823516570507 ], [ 26.680602374752915, 37.728857835199939 ], [ 26.680396584577764, 37.728906129257616 ], [ 26.680231543818337, 37.728949222571437 ], [ 26.680066117240557, 37.728981595635226 ], [ 26.679917653944369, 37.728984972563445 ], [ 26.679749391872118, 37.728938733643631 ], [ 26.679633827262425, 37.728855535302458 ], [ 26.679456053480703, 37.728795206789684 ], [ 26.679282906282566, 37.728738350605276 ], [ 26.679227245030269, 37.728693126066737 ], [ 26.679148316317068, 37.728626974723099 ], [ 26.679003193947604, 37.728598089197128 ], [ 26.678793035364059, 37.728638629834826 ], [ 26.678636992436616, 37.72868151559819 ], [ 26.678432610445281, 37.728632520405469 ], [ 26.6782496948301, 37.728554427194183 ], [ 26.678089530924861, 37.7284829680165 ], [ 26.677881424534874, 37.728455514302127 ], [ 26.677739384798578, 37.728387219240872 ], [ 26.67758256941524, 37.728408664541483 ], [ 26.677473438412946, 37.728378959241581 ], [ 26.677176378832204, 37.728256968145203 ], [ 26.676803869501214, 37.72816530109764 ], [ 26.676527822576471, 37.728019535841476 ], [ 26.676136271398832, 37.727839539956953 ], [ 26.675575070046982, 37.727634141536974 ], [ 26.675129298756062, 37.72750837036196 ], [ 26.674815794676256, 37.727429660589209 ], [ 26.674465400135411, 37.727326754367233 ], [ 26.674388919634669, 37.727203325089292 ], [ 26.674340845483517, 37.727118588603119 ], [ 26.674307246313447, 37.727053683920708 ], [ 26.674253680137955, 37.726950202597457 ], [ 26.674095664603239, 37.726729682906196 ], [ 26.674010505176327, 37.726656697220569 ], [ 26.673943905325075, 37.726599617274147 ], [ 26.673881178794261, 37.726524748899912 ], [ 26.673828127322047, 37.726518562586513 ], [ 26.673797433845255, 37.726566465171011 ], [ 26.673802627511083, 37.726660757307883 ], [ 26.673811933018381, 37.726769261769583 ], [ 26.673839389077443, 37.726831579136004 ], [ 26.67385964628221, 37.726894060036457 ], [ 26.673835636589185, 37.726977571780289 ], [ 26.673804582785404, 37.727015468561923 ], [ 26.673694451959502, 37.727007954468128 ], [ 26.673641134837194, 37.726977694324681 ], [ 26.673573627479445, 37.726903412429593 ], [ 26.673458048080366, 37.726844525052989 ], [ 26.67336046338928, 37.72678522923816 ], [ 26.673323804459137, 37.726667333584935 ], [ 26.673334396586739, 37.726561237922645 ], [ 26.673338251988305, 37.726518236023104 ], [ 26.673254653018216, 37.726647444565188 ], [ 26.673219967879906, 37.72676011472501 ], [ 26.673219175869065, 37.726762686949932 ], [ 26.673115767707781, 37.726777372839216 ], [ 26.673005870090051, 37.726792979892025 ], [ 26.672865737790783, 37.72681287976873 ], [ 26.672519821855367, 37.726910867786707 ], [ 26.67206908796431, 37.727011230779446 ], [ 26.671837589824872, 37.727047267339799 ], [ 26.671777883244346, 37.726931940101373 ], [ 26.671647390391886, 37.726679884992116 ], [ 26.671618761820323, 37.726561550812875 ], [ 26.671608325930393, 37.726518414197912 ], [ 26.671593257250848, 37.726456128371176 ], [ 26.671532373386135, 37.726204469657176 ], [ 26.671516817104507, 37.7261401689777 ], [ 26.671378385385577, 37.725855074924901 ], [ 26.670868311845311, 37.725889303196581 ], [ 26.670143915689657, 37.726258708139333 ], [ 26.669864426617561, 37.726457422656743 ], [ 26.669803073576908, 37.726511309898015 ], [ 26.669669759592807, 37.726628403697752 ], [ 26.669577632774917, 37.7267053222917 ], [ 26.669333104226926, 37.726909481149022 ], [ 26.669013610867431, 37.727224540084634 ], [ 26.668783100346282, 37.727371981354302 ], [ 26.668672873225809, 37.727416005511643 ], [ 26.668667321535228, 37.727332371200056 ], [ 26.668681021213818, 37.72724992833907 ], [ 26.668663845317564, 37.727145547018267 ], [ 26.668608236001113, 37.727066305117852 ], [ 26.668546955496126, 37.72696469986419 ], [ 26.668492190455488, 37.726843873774328 ], [ 26.6683866046749, 37.726654215537259 ], [ 26.668350175930644, 37.726562784340665 ], [ 26.668316684781797, 37.726382350924219 ], [ 26.668236830542817, 37.726248264668975 ], [ 26.66808396445715, 37.726170666436595 ], [ 26.667816959121549, 37.726090885717682 ], [ 26.667623302196304, 37.726047588328967 ], [ 26.667503079625504, 37.726043158740744 ], [ 26.6674155683226, 37.726030238377973 ], [ 26.667267222698943, 37.725973994427761 ], [ 26.66700201773488, 37.725902515342682 ], [ 26.666786725839486, 37.725862686293524 ], [ 26.666588778619456, 37.725888027548535 ], [ 26.666411713750168, 37.725972499359109 ], [ 26.666236569468218, 37.726110569973706 ], [ 26.666003899294374, 37.726318484858638 ], [ 26.665820954348849, 37.72653897196458 ], [ 26.665205183235106, 37.726494397850082 ], [ 26.66434269887209, 37.726549667464568 ], [ 26.663696921741462, 37.72662148912999 ], [ 26.663286962703904, 37.726708145809383 ], [ 26.66322199508442, 37.726779043765688 ], [ 26.663158510145781, 37.726816717483651 ], [ 26.663056235721957, 37.726850813417514 ], [ 26.66290958511485, 37.72686383557356 ], [ 26.662837268068998, 37.726831608664519 ], [ 26.662775688630717, 37.726869738301119 ], [ 26.662666311667021, 37.726930136480163 ], [ 26.662567288321156, 37.726947923595588 ], [ 26.662490815163533, 37.726907929585266 ], [ 26.66240062573203, 37.726904008646592 ], [ 26.66234668183009, 37.726906418443406 ], [ 26.662252806369889, 37.726880304824775 ], [ 26.662222691422127, 37.726880611116236 ], [ 26.662018058271137, 37.726906548861898 ], [ 26.661968542170928, 37.726908137969858 ], [ 26.661811804967087, 37.726848173591677 ], [ 26.661701822279301, 37.726836354064098 ], [ 26.6615575979604, 37.726874182001573 ], [ 26.661569606633119, 37.726918824839181 ], [ 26.661384513178156, 37.727093918511549 ], [ 26.661124000042484, 37.727153446169552 ], [ 26.660912775634269, 37.727122455462769 ], [ 26.660881368445917, 37.727042994698088 ], [ 26.660847523807139, 37.727004567913625 ], [ 26.660850277984427, 37.726884532595406 ], [ 26.660850132940773, 37.726817601329678 ], [ 26.660828754616755, 37.726757051370555 ], [ 26.660827185443853, 37.726713219033016 ], [ 26.660840421892694, 37.726680495897945 ], [ 26.660821920306891, 37.726633231858926 ], [ 26.660781075680521, 37.726565491410348 ], [ 26.660728640856551, 37.726509457383834 ], [ 26.660688137257651, 37.726451246217955 ], [ 26.660646256246508, 37.72642167422233 ], [ 26.660568305588416, 37.726457766349995 ], [ 26.660517224865902, 37.726506602493451 ], [ 26.660459083013869, 37.726559412237052 ], [ 26.660419180271063, 37.726585108387575 ], [ 26.660349822977398, 37.726588760210511 ], [ 26.660004885576285, 37.72647829765608 ], [ 26.659630004079705, 37.726571158560631 ], [ 26.659320308128159, 37.726724177240911 ], [ 26.658943127523713, 37.726878718250823 ], [ 26.658587461253035, 37.72711025479159 ], [ 26.658446167159568, 37.727263709634279 ], [ 26.65831267369159, 37.727295265118215 ], [ 26.658008878435552, 37.727335656893935 ], [ 26.657443340707214, 37.727432251481034 ], [ 26.657010451338913, 37.727633464323219 ], [ 26.656379119780009, 37.727769979844105 ], [ 26.65601746217639, 37.727597205960301 ], [ 26.655799640879714, 37.727528728058545 ], [ 26.655106011794693, 37.727352705855566 ], [ 26.654767345047567, 37.727213560733773 ], [ 26.654688310040555, 37.727175699598241 ], [ 26.653827646116511, 37.726880701855414 ], [ 26.653614191689918, 37.726703124344766 ], [ 26.653482261933643, 37.726412849635707 ], [ 26.653433247306506, 37.725937131500835 ], [ 26.653447960119937, 37.72574632540978 ], [ 26.653479843743551, 37.725483353028068 ], [ 26.653503362568468, 37.725354073909301 ], [ 26.653565033180953, 37.72508604813973 ], [ 26.653487560317362, 37.72480765839677 ], [ 26.653208071034186, 37.724545739377035 ], [ 26.652791324125864, 37.724101506692399 ], [ 26.65305786223481, 37.723911370097049 ], [ 26.653474661789652, 37.723395356957774 ], [ 26.65363392851129, 37.72302223174804 ], [ 26.653495200716598, 37.722709460327472 ], [ 26.653108839100049, 37.72239630438699 ], [ 26.652779426739848, 37.722207033084935 ], [ 26.652390462185146, 37.722031020612654 ], [ 26.651747429294154, 37.721884567551136 ], [ 26.651116389418739, 37.721717959994265 ], [ 26.650263489816627, 37.721490569827303 ], [ 26.649653836372174, 37.7212277242539 ], [ 26.64864667624056, 37.720759240760181 ], [ 26.648064478279416, 37.720424244240526 ], [ 26.647725764989119, 37.720183908197967 ], [ 26.647263326919521, 37.719771602084023 ], [ 26.646961892824887, 37.719466762169937 ], [ 26.646595465196196, 37.719122143202853 ], [ 26.646288787909747, 37.718938301920225 ], [ 26.646217434835233, 37.718902509958411 ], [ 26.645380146138375, 37.718535686223717 ], [ 26.644913557833366, 37.718328014330964 ], [ 26.644592444404797, 37.718159988555442 ], [ 26.644316187531402, 37.717987379770108 ], [ 26.64410209839205, 37.717917085039176 ], [ 26.643860762567748, 37.717840247356719 ], [ 26.643620825754457, 37.717802717622696 ], [ 26.643441707322076, 37.717703026593398 ], [ 26.643307697999845, 37.717605900109085 ], [ 26.643258267631435, 37.717481841775779 ], [ 26.643275932902675, 37.717345551040665 ], [ 26.643231509688288, 37.717235685255893 ], [ 26.643225792630478, 37.717074884502125 ], [ 26.643269537920855, 37.716830978853807 ], [ 26.643252595819611, 37.71655241864579 ], [ 26.643055853014189, 37.716294577946783 ], [ 26.642784141264141, 37.716038418952948 ], [ 26.642638187263611, 37.715731756038259 ], [ 26.64239202251391, 37.715349855362369 ], [ 26.642069530979224, 37.715142516676394 ], [ 26.641721707252085, 37.715066869888332 ], [ 26.641424248858637, 37.714930491903942 ], [ 26.641166602288539, 37.71485878323071 ], [ 26.640829874633013, 37.714884211375391 ], [ 26.640584356299556, 37.714930247056607 ], [ 26.640584870260113, 37.714882236126854 ], [ 26.640590293900097, 37.714823704012368 ], [ 26.640515876315639, 37.71468876070535 ], [ 26.640412771532439, 37.714574249094767 ], [ 26.640341854125335, 37.714521003497531 ], [ 26.640239303776482, 37.714506611972681 ], [ 26.640159304664436, 37.714451185972798 ], [ 26.640122850712899, 37.714354252982439 ], [ 26.640107726458378, 37.714266379264593 ], [ 26.640077608244876, 37.714178841218022 ], [ 26.640013703939047, 37.714154047554139 ], [ 26.639876183925793, 37.714169049275831 ], [ 26.63975614972281, 37.714169354347803 ], [ 26.639647649414471, 37.714240925321555 ], [ 26.639404911184897, 37.714259825182921 ], [ 26.639423668385856, 37.714123283241392 ], [ 26.639373744497629, 37.714069567463838 ], [ 26.639222369260395, 37.714032428460165 ], [ 26.638976061271485, 37.713981054178362 ], [ 26.638770834028666, 37.713917850353859 ], [ 26.638647356048189, 37.713863396819185 ], [ 26.638462426589928, 37.713853233117199 ], [ 26.638286998930077, 37.713857161942812 ], [ 26.638146036495325, 37.71381740371887 ], [ 26.638018820957406, 37.713784490516645 ], [ 26.637931202240694, 37.713725656767231 ], [ 26.637878935277673, 37.713648150254883 ], [ 26.637856759282208, 37.713530632076434 ], [ 26.637786118279468, 37.713442808902002 ], [ 26.637699513624426, 37.713412561922041 ], [ 26.637609426273976, 37.713411002860227 ], [ 26.637482718243948, 37.713392381507653 ], [ 26.637372482148216, 37.713330477088469 ], [ 26.637315337380908, 37.713242351249029 ], [ 26.637244444295547, 37.713147381264811 ], [ 26.637156445589177, 37.713077826598301 ], [ 26.637069082062379, 37.713026139125219 ], [ 26.636980324080344, 37.712935144399736 ], [ 26.63704025532952, 37.712847974877917 ], [ 26.637168798190235, 37.712791454308153 ], [ 26.637257014271814, 37.71273553442731 ], [ 26.63729071783634, 37.712624340094152 ], [ 26.637337407593389, 37.712544618739365 ], [ 26.637396530218979, 37.712452263286828 ], [ 26.637362051386699, 37.712350952577268 ], [ 26.637398224368567, 37.712228551434912 ], [ 26.637385519497915, 37.712141792285124 ], [ 26.637349124705324, 37.711986469265021 ], [ 26.637302686357355, 37.711819427640968 ], [ 26.637284122915535, 37.711676794866506 ], [ 26.637363422117946, 37.711518741972228 ], [ 26.637589554246517, 37.711270545514736 ], [ 26.637790487604025, 37.711103997669113 ], [ 26.637947428909023, 37.710996403790226 ], [ 26.638043002453742, 37.710862314853728 ], [ 26.638127890971692, 37.710717366201031 ], [ 26.638258518744045, 37.710592851297243 ], [ 26.638272236377198, 37.710484361026104 ], [ 26.638278825421974, 37.710308179809672 ], [ 26.63839737628297, 37.710192783117904 ], [ 26.638133390727091, 37.709984122677035 ], [ 26.637581341928367, 37.709717936264234 ], [ 26.637229350904562, 37.709565309576504 ], [ 26.636920126138509, 37.709391132157499 ], [ 26.636396772304185, 37.709125790684396 ], [ 26.636102526477245, 37.709133291172982 ], [ 26.635795269415663, 37.709089478974484 ], [ 26.635696307380325, 37.709091165052854 ], [ 26.635492706463427, 37.709065623814553 ], [ 26.634724317780133, 37.709061688540331 ], [ 26.634042350883902, 37.709020969380113 ], [ 26.633536642100534, 37.70904072018606 ], [ 26.632851948537642, 37.709105677653753 ], [ 26.632684859793169, 37.709121529046008 ], [ 26.632344397817022, 37.709115935548027 ], [ 26.632056821318386, 37.709090110996385 ], [ 26.631661702715459, 37.709054628488936 ], [ 26.631322193412199, 37.709075937256827 ], [ 26.630645786743791, 37.709192413510145 ], [ 26.630306650347837, 37.709224271234703 ], [ 26.629827957112788, 37.709139677406313 ], [ 26.629803026826778, 37.708859346319137 ], [ 26.629708596983289, 37.70860754383488 ], [ 26.629651665766108, 37.70839781844321 ], [ 26.629646107007311, 37.708240588518727 ], [ 26.62966271965275, 37.708138046209129 ], [ 26.629488472454021, 37.708118312300556 ], [ 26.629308904438385, 37.708149879065431 ], [ 26.629104017085588, 37.708190213180167 ], [ 26.628905049361624, 37.708185712027749 ], [ 26.628666492900674, 37.70812249023362 ], [ 26.628502585772587, 37.708048661137418 ], [ 26.628391620167161, 37.707958086326641 ], [ 26.62829709238428, 37.707859534240164 ], [ 26.62812025723051, 37.70773831095827 ], [ 26.627983325228527, 37.707684742868899 ], [ 26.627772902919499, 37.707674534153625 ], [ 26.627578840324798, 37.707702702456565 ], [ 26.627474207967779, 37.707713976298564 ], [ 26.627391959359233, 37.707721771338875 ], [ 26.627364182337391, 37.707784974028606 ], [ 26.627302356847824, 37.707839996083756 ], [ 26.627191490022948, 37.707887170125652 ], [ 26.627148827109384, 37.707953685196763 ], [ 26.627044489154692, 37.708106525779939 ], [ 26.62693989595569, 37.708198872180475 ], [ 26.626684880430755, 37.70837049404404 ], [ 26.626578041295161, 37.708404345807708 ], [ 26.626410420647822, 37.708399499533833 ], [ 26.626279772322516, 37.708370940859012 ], [ 26.62600177927786, 37.708299890512073 ], [ 26.625886433429475, 37.708296738990661 ], [ 26.625789987521333, 37.708318915295571 ], [ 26.625684512606064, 37.708391358503263 ], [ 26.625597297553291, 37.708522046202432 ], [ 26.625472566255404, 37.708635162914511 ], [ 26.625330388007225, 37.70871395532987 ], [ 26.625274614686102, 37.708715198395268 ], [ 26.625257104997441, 37.708666492296494 ], [ 26.62520009233879, 37.708542339522282 ], [ 26.625089184861757, 37.708424439725022 ], [ 26.625017066963629, 37.708355441661311 ], [ 26.624983353474551, 37.708267502813968 ], [ 26.624954618060578, 37.708116512080039 ], [ 26.624911034657462, 37.707952977144664 ], [ 26.624883844757182, 37.707794798495307 ], [ 26.624898278233086, 37.707666647673328 ], [ 26.624808007866498, 37.707659717516179 ], [ 26.624696928327175, 37.707700935121323 ], [ 26.624575656112011, 37.707772180411283 ], [ 26.624484473633686, 37.707845734836752 ], [ 26.624441912558702, 37.707915227190774 ], [ 26.624336997432451, 37.708024849394157 ], [ 26.624271632868485, 37.708085908198427 ], [ 26.624160237309233, 37.708118191268504 ], [ 26.624079773742132, 37.708176606787198 ], [ 26.623979938138831, 37.708217572733389 ], [ 26.62393674626756, 37.708269197016207 ], [ 26.623905008169018, 37.7083265272612 ], [ 26.623809761322512, 37.708391232197798 ], [ 26.623672438288558, 37.708445538114141 ], [ 26.62359166413486, 37.70848251345069 ], [ 26.623560661878788, 37.708560687658412 ], [ 26.623558804287285, 37.708614372509963 ], [ 26.623507393300621, 37.708688233826344 ], [ 26.623464514779396, 37.708748792002019 ], [ 26.623433512322542, 37.708826966151499 ], [ 26.623379809827959, 37.708899686084855 ], [ 26.623271531350582, 37.708914017896305 ], [ 26.623138873815371, 37.708875248211953 ], [ 26.622962989374393, 37.708780817919596 ], [ 26.62288820168364, 37.70868115648554 ], [ 26.622851842979447, 37.708607461414147 ], [ 26.622793379230643, 37.708439095910428 ], [ 26.622834046836882, 37.70835811922413 ], [ 26.622854120580538, 37.708289128742727 ], [ 26.622821405228734, 37.708212372135897 ], [ 26.622766619701341, 37.708148027235062 ], [ 26.62274900124407, 37.708073915238046 ], [ 26.622769285654183, 37.708010880279112 ], [ 26.622736990692889, 37.707946034862921 ], [ 26.622659612245744, 37.707879212605015 ], [ 26.622524960144446, 37.707783864181657 ], [ 26.622390834765195, 37.707703403932889 ], [ 26.622249422587551, 37.707629066571783 ], [ 26.622179645029785, 37.707565055970022 ], [ 26.622135371176913, 37.707479615657213 ], [ 26.62208766386912, 37.707403192491917 ], [ 26.622039222379982, 37.707305925831356 ], [ 26.621961634979463, 37.70723314733678 ], [ 26.621756010679299, 37.707252623307134 ], [ 26.621429847599202, 37.707364186122525 ], [ 26.621250176822528, 37.707481429346231 ], [ 26.62106135857552, 37.707658480203264 ], [ 26.620765101558529, 37.70787368124693 ], [ 26.620490492908402, 37.708064559963837 ], [ 26.620147635105646, 37.708241586088413 ], [ 26.619479532338648, 37.708372539141642 ], [ 26.619336876625766, 37.708389731562711 ], [ 26.618921253349157, 37.708153163286291 ], [ 26.61835149472164, 37.707920312360685 ], [ 26.618008103805312, 37.707831321192593 ], [ 26.617666663417733, 37.707797723613176 ], [ 26.617326298984942, 37.7077947246515 ], [ 26.615627375318052, 37.707862016782627 ], [ 26.614949724779617, 37.707943582708346 ], [ 26.614273575797256, 37.708067878401522 ], [ 26.613598239844862, 37.708215383441065 ], [ 26.613259449424866, 37.7082572167077 ], [ 26.612918693579669, 37.7082431257626 ], [ 26.611891888557967, 37.708071592256935 ], [ 26.611550152142502, 37.7080295365975 ], [ 26.61119368492664, 37.708041131263599 ], [ 26.610872161920803, 37.70810158319123 ], [ 26.610535110672345, 37.708192999396339 ], [ 26.610197335697194, 37.708263841448172 ], [ 26.609859431151552, 37.708330987951058 ], [ 26.609537312159642, 37.708374552147475 ], [ 26.609319494638754, 37.708473885694666 ], [ 26.609155599545019, 37.708613734299824 ], [ 26.609069089230321, 37.708765014619864 ], [ 26.609050403520026, 37.708797690120804 ], [ 26.608959912485947, 37.709002967864329 ], [ 26.608869419714861, 37.709208244799967 ], [ 26.608733449825646, 37.7093485313478 ], [ 26.608539355685149, 37.709499080429239 ], [ 26.608199297843981, 37.709505023355668 ], [ 26.607947236032427, 37.709405005292069 ], [ 26.607702132090061, 37.709332817352461 ], [ 26.607394583878225, 37.70926332956202 ], [ 26.60682525030138, 37.709134689323783 ], [ 26.606588149613717, 37.709051119324833 ], [ 26.605976734383685, 37.70883561155803 ], [ 26.605104950898095, 37.708593008040914 ], [ 26.604905571030834, 37.708564173437246 ], [ 26.604762956294756, 37.708543546884179 ], [ 26.604424212954164, 37.70858693771526 ], [ 26.604088203802831, 37.7087084079267 ], [ 26.603870543235868, 37.708850493851017 ], [ 26.603777872571797, 37.708926292495988 ], [ 26.603648293290966, 37.709032279971979 ], [ 26.603285213328878, 37.70946268994534 ], [ 26.603100000193454, 37.709639432183479 ], [ 26.603069698655847, 37.709659072443017 ], [ 26.602949885588544, 37.709736729453788 ], [ 26.602783926470774, 37.709875032325613 ], [ 26.60265004727205, 37.710037440503207 ], [ 26.602627964659213, 37.710075572783722 ], [ 26.602626231695613, 37.710078567795328 ], [ 26.602331674437256, 37.710587240280496 ], [ 26.602245570875706, 37.71078555296485 ], [ 26.60218881620527, 37.711005919460355 ], [ 26.602159252910049, 37.711381293361846 ], [ 26.60215421901162, 37.711445199485155 ], [ 26.602005801142553, 37.71148425761298 ], [ 26.601893243717608, 37.711483762774478 ], [ 26.601776209278423, 37.711462506465459 ], [ 26.601700719020105, 37.711449271376644 ], [ 26.601654071879068, 37.711402618923486 ], [ 26.601603676226357, 37.711356048867479 ], [ 26.601482267967977, 37.711317006624256 ], [ 26.601315879116925, 37.711278957421513 ], [ 26.601161153567716, 37.711252571075711 ], [ 26.600966650285457, 37.711054212027214 ], [ 26.600712482738913, 37.710840241218065 ], [ 26.600588564030765, 37.710806026590838 ], [ 26.600543515411438, 37.7107536151753 ], [ 26.600408774918247, 37.710676482044271 ], [ 26.600200464585921, 37.710555196261055 ], [ 26.599949906301106, 37.710392880635375 ], [ 26.599851637332545, 37.71033470430546 ], [ 26.599684235482254, 37.71030453055986 ], [ 26.599450803722917, 37.710288699372796 ], [ 26.599283743572816, 37.710317180582862 ], [ 26.599120343260015, 37.710454855700263 ], [ 26.599013388430102, 37.710485825060786 ], [ 26.598948612335107, 37.710482971882357 ], [ 26.598888735424485, 37.710438896271789 ], [ 26.598891034669297, 37.710382054014403 ], [ 26.59892032860726, 37.71030811561036 ], [ 26.598811023133546, 37.710221180041451 ], [ 26.598608736585724, 37.710229217619194 ], [ 26.59842731737411, 37.710190304131565 ], [ 26.59828575432503, 37.710132629283692 ], [ 26.598113330569323, 37.710093516447628 ], [ 26.597870561624926, 37.710102445670266 ], [ 26.597677896017952, 37.710128150429654 ], [ 26.597476861384852, 37.710043176056459 ], [ 26.597317059618543, 37.709978750510295 ], [ 26.597045555146813, 37.709938243877339 ], [ 26.596827279158795, 37.709875106931257 ], [ 26.596604007258236, 37.709797772874531 ], [ 26.596345124490746, 37.709731953233415 ], [ 26.596112099909956, 37.709762121747836 ], [ 26.595878952221501, 37.709788715184544 ], [ 26.595629556169648, 37.70986573333925 ], [ 26.595436795315344, 37.710060711818223 ], [ 26.595269611195285, 37.710171681037501 ], [ 26.595052947646746, 37.710283740523636 ], [ 26.594915004527941, 37.710329692423819 ], [ 26.594787677546577, 37.710421902758256 ], [ 26.594579883594726, 37.710530188488036 ], [ 26.594308741950151, 37.710629140978462 ], [ 26.594085708324108, 37.710687694759002 ], [ 26.593815074639032, 37.710672194710462 ], [ 26.593605080597118, 37.710552360198868 ], [ 26.593506898882488, 37.710588968213422 ], [ 26.593387811518664, 37.710624641179145 ], [ 26.593164901166688, 37.710686767116165 ], [ 26.592960356465607, 37.710759217400607 ], [ 26.592865509674567, 37.710879319726338 ], [ 26.592836785500399, 37.710904022527522 ], [ 26.592819178751196, 37.710942192041948 ], [ 26.592773265430747, 37.710933665993863 ], [ 26.592672441686911, 37.710933977123048 ], [ 26.592581478668112, 37.71094170037793 ], [ 26.592502046223906, 37.710935818587892 ], [ 26.592414487124714, 37.710903413493781 ], [ 26.592372109198521, 37.71085857001875 ], [ 26.592357922539058, 37.710795940587097 ], [ 26.59236985783016, 37.710725106776039 ], [ 26.592434173298241, 37.710641677020192 ], [ 26.592501993345309, 37.71055983984887 ], [ 26.592421194776957, 37.710566385339256 ], [ 26.592329148086129, 37.710594636518046 ], [ 26.59224376197847, 37.710641813348282 ], [ 26.592177873758828, 37.710645646209045 ], [ 26.592042183998029, 37.710627175021379 ], [ 26.591920574663334, 37.71058216632057 ], [ 26.591803042493609, 37.71056806239045 ], [ 26.591696677007299, 37.710529871736497 ], [ 26.591555154996193, 37.710516294763295 ], [ 26.591439782458082, 37.710564131283967 ], [ 26.591286836674204, 37.710653324359711 ], [ 26.591156884763645, 37.710713401950564 ], [ 26.591035771737683, 37.710699853043693 ], [ 26.591066029363642, 37.710534681040443 ], [ 26.59109191357431, 37.710373181353738 ], [ 26.591065314503545, 37.710255751378753 ], [ 26.5909967613634, 37.710122135246451 ], [ 26.590833564215654, 37.710064153393489 ], [ 26.590647152308215, 37.710011032882264 ], [ 26.590367525769022, 37.709995721965548 ], [ 26.590148241680783, 37.710032728788164 ], [ 26.589988800442807, 37.710107758132416 ], [ 26.589851849266083, 37.710182292842362 ], [ 26.58971461936197, 37.71024117563173 ], [ 26.589498118505286, 37.71023655859738 ], [ 26.589352189794791, 37.710182545061208 ], [ 26.58921500842305, 37.710121187621091 ], [ 26.589028721274047, 37.710071637294142 ], [ 26.588850063051904, 37.709982580420409 ], [ 26.588736244184187, 37.709945742843097 ], [ 26.588572753126293, 37.709905082762681 ], [ 26.588497383828102, 37.709980791962984 ], [ 26.588535593240934, 37.710130154864537 ], [ 26.588552779440477, 37.710284402171077 ], [ 26.588568703239218, 37.710391684031698 ], [ 26.588516952385717, 37.710543022885652 ], [ 26.588397554963247, 37.710733993756421 ], [ 26.588277163665516, 37.710896376966232 ], [ 26.588161691755356, 37.711027657998493 ], [ 26.588044172247226, 37.711161575833557 ], [ 26.58797479021213, 37.711223528217673 ], [ 26.587893212443511, 37.711293983715706 ], [ 26.587837427177021, 37.711346706651916 ], [ 26.587776445314542, 37.711388100583903 ], [ 26.587695675367112, 37.71141276243246 ], [ 26.587604313104169, 37.711409046101522 ], [ 26.587502293983988, 37.711375047293942 ], [ 26.587440130242669, 37.711313470472007 ], [ 26.587367178563614, 37.711217799323741 ], [ 26.587304085939778, 37.711129540220853 ], [ 26.587256979399196, 37.711086705941383 ], [ 26.587168284441418, 37.711090559995334 ], [ 26.587061919337906, 37.711138671317421 ], [ 26.586958618020972, 37.711205788368702 ], [ 26.586791457551875, 37.711369673209752 ], [ 26.58664942668003, 37.711496768312458 ], [ 26.586535918698356, 37.711615606362926 ], [ 26.586477785258005, 37.711738951521568 ], [ 26.586431847506187, 37.711867750326213 ], [ 26.58643722909725, 37.711953461923329 ], [ 26.586493189670108, 37.712043785220999 ], [ 26.586595647083897, 37.712228453983585 ], [ 26.586619758974507, 37.712300403381981 ], [ 26.58662946132285, 37.712441331736656 ], [ 26.586637507984808, 37.712534614470385 ], [ 26.586616367322058, 37.712617093299627 ], [ 26.586559441866868, 37.712706080429989 ], [ 26.586476645101133, 37.712776084458902 ], [ 26.586410579527968, 37.712818065008719 ], [ 26.586324938470788, 37.71285809098633 ], [ 26.586246215673309, 37.712881276520207 ], [ 26.586181153546811, 37.712908930264923 ], [ 26.586108336734121, 37.712972516581502 ], [ 26.586044889837968, 37.713046625722889 ], [ 26.586019473163859, 37.713092482990191 ], [ 26.586010427759771, 37.713134404361647 ], [ 26.586012375095816, 37.713190388804215 ], [ 26.5859872075117, 37.713243393439477 ], [ 26.585948627819047, 37.713299075378274 ], [ 26.585902593684843, 37.713356113266457 ], [ 26.585865058123115, 37.713398660397779 ], [ 26.585820944522336, 37.713424661327885 ], [ 26.585784793420803, 37.713420686255972 ], [ 26.585767388997777, 37.713394842773752 ], [ 26.585772060989051, 37.713356594430188 ], [ 26.585762574847319, 37.713299581909212 ], [ 26.585732355985066, 37.713207263029538 ], [ 26.585680057565003, 37.713127349553353 ], [ 26.585629094984842, 37.713042638355411 ], [ 26.585559135929639, 37.712972649174574 ], [ 26.585514832768776, 37.712906864114082 ], [ 26.585500808702012, 37.712848760269381 ], [ 26.585498944661499, 37.7127951573516 ], [ 26.585498497148301, 37.712739139605624 ], [ 26.585499962994849, 37.712695001125205 ], [ 26.585477894683006, 37.712664491473198 ], [ 26.585450955814292, 37.712623359819254 ], [ 26.585409560891794, 37.71259804105263 ], [ 26.585343503113329, 37.712597107308845 ], [ 26.585289979862338, 37.712611394936033 ], [ 26.585239497743956, 37.712626806647641 ], [ 26.585196585767626, 37.712687352983579 ], [ 26.585139889378286, 37.712739855649716 ], [ 26.585055282844973, 37.712809660369203 ], [ 26.58492572816759, 37.712924557411441 ], [ 26.58476943041509, 37.713047194073134 ], [ 26.584717024507178, 37.713093642834885 ], [ 26.584646584055072, 37.713139295134575 ], [ 26.584578149072488, 37.713156293609913 ], [ 26.58453304184323, 37.713153705759261 ], [ 26.584485483819019, 37.713123755473248 ], [ 26.584438007508009, 37.713096186936831 ], [ 26.584387359124996, 37.713106834157038 ], [ 26.584352366416471, 37.713136211849879 ], [ 26.584299877194756, 37.713180277922973 ], [ 26.584235186328339, 37.713218651197948 ], [ 26.584173037976122, 37.713243855749511 ], [ 26.584115761124419, 37.713279682127769 ], [ 26.584048111679841, 37.713319312709011 ], [ 26.583983048376712, 37.713346964967585 ], [ 26.583902409046079, 37.71335826966552 ], [ 26.583806033767218, 37.713348462619578 ], [ 26.583693120913878, 37.713337825149573 ], [ 26.583548719395335, 37.713327879046965 ], [ 26.583456414305836, 37.713316882657743 ], [ 26.583307307950175, 37.713306045806981 ], [ 26.583092605449963, 37.713280950986814 ], [ 26.582937983322783, 37.713257518204522 ], [ 26.582760870210915, 37.713234578762972 ], [ 26.582597819978162, 37.713184509105687 ], [ 26.582514007541601, 37.713147604224169 ], [ 26.582465069308334, 37.71314271633922 ], [ 26.582337928654855, 37.713154443013948 ], [ 26.582210786860703, 37.713166169713503 ], [ 26.582121441406343, 37.713186009357948 ], [ 26.582006787395056, 37.713233225427729 ], [ 26.581936908095521, 37.713273497950603 ], [ 26.58189588146972, 37.713280357950659 ], [ 26.581742319362224, 37.713265841265063 ], [ 26.581648971293447, 37.713300072392407 ], [ 26.581505523279368, 37.713317520216371 ], [ 26.581420107099543, 37.713272783910504 ], [ 26.581465246719944, 37.713146625752479 ], [ 26.581424050105863, 37.712997326524437 ], [ 26.581307127288753, 37.712871143418312 ], [ 26.581222686590753, 37.712772858421154 ], [ 26.581107253698828, 37.712689558154842 ], [ 26.580935451636513, 37.712668286316173 ], [ 26.580861337465898, 37.712737859654972 ], [ 26.580742241492235, 37.712808415432306 ], [ 26.5805791877407, 37.712779800934086 ], [ 26.580365042421654, 37.712705814139575 ], [ 26.580078303428611, 37.712642550246429 ], [ 26.579934500323763, 37.712559777881502 ], [ 26.579927093467841, 37.712594741550006 ], [ 26.579935927184337, 37.712641754156984 ], [ 26.579967514255639, 37.71271676581258 ], [ 26.579985389594633, 37.712854942466763 ], [ 26.579867088619423, 37.712905216056001 ], [ 26.579749236513909, 37.713141443967231 ], [ 26.579777524643585, 37.713264800977008 ], [ 26.579919936485794, 37.713390427480128 ], [ 26.579975791175542, 37.713599009343362 ], [ 26.57997125867044, 37.713727854404304 ], [ 26.57977878700979, 37.713889422435813 ], [ 26.579471837298744, 37.714125021817459 ], [ 26.579396497606904, 37.714548667403434 ], [ 26.579442153740565, 37.714826615325251 ], [ 26.579157232060808, 37.714918681020968 ], [ 26.578994792744304, 37.714907932525357 ], [ 26.578613955304853, 37.714830438043506 ], [ 26.578311037346506, 37.714922896589201 ], [ 26.577693649569923, 37.71529402801297 ], [ 26.577459405866573, 37.715549489415643 ], [ 26.577105970635117, 37.715743183838441 ], [ 26.576744362096534, 37.715701024952857 ], [ 26.576395216623318, 37.715758727859054 ], [ 26.576003314817857, 37.715881736745189 ], [ 26.575795559145934, 37.716122310441882 ], [ 26.575734723825473, 37.716445500727197 ], [ 26.575799847722422, 37.716765939012951 ], [ 26.575686281644213, 37.717021245444073 ], [ 26.575632780267458, 37.717141520690639 ], [ 26.575526464614189, 37.717451401096383 ], [ 26.575395469271033, 37.717568703929103 ], [ 26.575268475980081, 37.7176716142583 ], [ 26.575060501806529, 37.717680062247503 ], [ 26.574934072684918, 37.717712627110849 ], [ 26.574901122456353, 37.717844474878191 ], [ 26.575043859793215, 37.717982228061452 ], [ 26.574961775527765, 37.718565223113643 ], [ 26.574847695007588, 37.718911036930379 ], [ 26.574466009094497, 37.71906957960919 ], [ 26.574195505087392, 37.719318674103256 ], [ 26.574136977287854, 37.719448696023335 ], [ 26.57417816368994, 37.719597998773004 ], [ 26.574119388096978, 37.71972087500842 ], [ 26.573873895173346, 37.719912203672834 ], [ 26.573385469094656, 37.720108835784487 ], [ 26.57298552962791, 37.720260620523831 ], [ 26.57290875802115, 37.720383888893643 ], [ 26.572944407112157, 37.720633445711854 ], [ 26.572823543282439, 37.721043778182555 ], [ 26.572553027468214, 37.721292868761729 ], [ 26.572006645736199, 37.721376323242794 ], [ 26.571906033781612, 37.721286543938888 ], [ 26.571983969369665, 37.72106669257667 ], [ 26.571964490793924, 37.721024201323445 ], [ 26.57174231943457, 37.720978984786299 ], [ 26.571672934539286, 37.721055600274546 ], [ 26.571657239323915, 37.721252635670119 ], [ 26.571766428107889, 37.721364010240187 ], [ 26.571815545541718, 37.721448442742179 ], [ 26.571624446091391, 37.72152056166685 ], [ 26.571335285148869, 37.721491110790602 ], [ 26.571079892070852, 37.721396550113973 ], [ 26.571020935639165, 37.721331405141491 ], [ 26.570948295374922, 37.721313917092601 ], [ 26.570842630508647, 37.721382979176333 ], [ 26.570883893821996, 37.721534663953634 ], [ 26.570966686950548, 37.721598944729628 ], [ 26.571086960228492, 37.721861306680417 ], [ 26.571430309751733, 37.722676348099888 ], [ 26.571504666562578, 37.723003739978637 ], [ 26.571505514050354, 37.72406944064042 ], [ 26.57146561967858, 37.724478002487395 ], [ 26.57136165195277, 37.725116842516421 ], [ 26.57127261715944, 37.725438732940312 ], [ 26.571211815013797, 37.725439914353288 ], [ 26.571136417716556, 37.725429640359671 ], [ 26.571024354031472, 37.725444005010814 ], [ 26.569826404192725, 37.725467384480531 ], [ 26.568721510989501, 37.726077193242645 ], [ 26.568400736265406, 37.726397318142467 ], [ 26.568101909098413, 37.727311688514938 ], [ 26.568294922200614, 37.728116215960476 ], [ 26.56832584646839, 37.728415707804764 ], [ 26.568347143235293, 37.728621945678931 ], [ 26.567738020346937, 37.728846980455778 ], [ 26.56640902001455, 37.728882696878522 ], [ 26.566269511021794, 37.728877207934779 ], [ 26.566126731614577, 37.728871589928502 ], [ 26.564934968507622, 37.72882468737285 ], [ 26.563896722865564, 37.728655803335911 ], [ 26.563255151974825, 37.72851242708974 ], [ 26.562629049283416, 37.728372504614391 ], [ 26.561505726213312, 37.728018471123001 ], [ 26.560557376813776, 37.727597547455552 ], [ 26.559119140642771, 37.727013795603831 ], [ 26.558229737216205, 37.726388824904141 ], [ 26.55746063706826, 37.726540295687535 ], [ 26.556301398583983, 37.72676859214026 ], [ 26.555457279967914, 37.727088773034467 ], [ 26.554684458414034, 37.727441192669716 ], [ 26.554483749753537, 37.727501863671513 ], [ 26.554364332593167, 37.727617089854022 ], [ 26.55443112218229, 37.727827400925605 ], [ 26.554422106803035, 37.727895178175544 ], [ 26.554404445391658, 37.727938364238071 ], [ 26.55440835884546, 37.728237894727172 ], [ 26.554362331228585, 37.728322244511581 ], [ 26.554166429110577, 37.728502206320272 ], [ 26.554044381938105, 37.728664797449284 ], [ 26.553981515650282, 37.728733742560713 ], [ 26.553901453426192, 37.728859379992919 ], [ 26.553815565877539, 37.728980637452281 ], [ 26.553789698694242, 37.729053286360113 ], [ 26.553754982931633, 37.729177939944258 ], [ 26.55372822742261, 37.729286651538054 ], [ 26.553683025055587, 37.729436313372901 ], [ 26.553637191365496, 37.7295882407684 ], [ 26.553586099682143, 37.729710996706885 ], [ 26.553548007334136, 37.729819954266347 ], [ 26.553547648076584, 37.72989205034898 ], [ 26.553518564834025, 37.730201307769882 ], [ 26.55354474472599, 37.730261564650597 ], [ 26.553615708133176, 37.730469532045788 ], [ 26.553676184009607, 37.730578606527999 ], [ 26.55379143973845, 37.730713525752023 ], [ 26.553970842486144, 37.730878593189118 ], [ 26.554018922821236, 37.730915847021386 ], [ 26.554067635505362, 37.73095083502713 ], [ 26.554276656398329, 37.731090479516361 ], [ 26.554461520848584, 37.73120811971512 ], [ 26.554542029817117, 37.731260440569109 ], [ 26.554617179828142, 37.731321887892626 ], [ 26.554785980883278, 37.731446634512658 ], [ 26.554954538201891, 37.731584902634104 ], [ 26.555018273450266, 37.731644344637814 ], [ 26.555059656904902, 37.731693007774538 ], [ 26.55521015538239, 37.731883479313318 ], [ 26.555352628011484, 37.732067368031053 ], [ 26.555382197900574, 37.732123044966222 ], [ 26.555457158828023, 37.732240815104106 ], [ 26.555549667877468, 37.732373973232455 ], [ 26.55559883422174, 37.732442742316714 ], [ 26.555725553335098, 37.732642740622602 ], [ 26.555843626464259, 37.732818145869217 ], [ 26.555886029043776, 37.732875797351205 ], [ 26.555961247530011, 37.732959769991979 ], [ 26.556090052458362, 37.733096646332704 ], [ 26.556194710276429, 37.733191243293405 ], [ 26.5563257419515, 37.733289774253365 ], [ 26.556455290687161, 37.733365809671874 ], [ 26.556611135456013, 37.733443526685718 ], [ 26.556956539739755, 37.733568942247146 ], [ 26.557307958413407, 37.733642413897599 ], [ 26.557424866353649, 37.733660150708673 ], [ 26.557601450250772, 37.733681097600019 ], [ 26.557709067837855, 37.733696783202333 ], [ 26.557906988249581, 37.733719518618507 ], [ 26.558105373678575, 37.73375576027869 ], [ 26.558220232100698, 37.733775794106243 ], [ 26.558390041192919, 37.733805898218002 ], [ 26.558478993051072, 37.733835504449289 ], [ 26.558667756935701, 37.73390124045013 ], [ 26.558808424673643, 37.733949998308702 ], [ 26.558875331939319, 37.733977830415412 ], [ 26.559090991169693, 37.734103805378666 ], [ 26.559322596143602, 37.734301521571602 ], [ 26.559369242759882, 37.734379354687249 ], [ 26.559481182848376, 37.734561647981387 ], [ 26.559522317012984, 37.734644105699807 ], [ 26.559532094803679, 37.734763289181117 ], [ 26.559547376216013, 37.734898121819917 ], [ 26.55955809570419, 37.73502404244735 ], [ 26.559551023402854, 37.735148097417053 ], [ 26.559543939584053, 37.735292426650531 ], [ 26.559537187385168, 37.735405211380588 ], [ 26.559544452371735, 37.735513184897833 ], [ 26.559552238964212, 37.735677466496256 ], [ 26.559560290484193, 37.735787676196047 ], [ 26.559611467962775, 37.735935245320682 ], [ 26.559630092489602, 37.736002422687932 ], [ 26.55969386077949, 37.736165487493494 ], [ 26.559767338390557, 37.736281034109822 ], [ 26.559920614607094, 37.736469186729217 ], [ 26.559994667337854, 37.736539666051307 ], [ 26.560203627865025, 37.736697322204066 ], [ 26.560413229198716, 37.736832437471534 ], [ 26.560473840165294, 37.736862658696722 ], [ 26.56057113353533, 37.736907851479607 ], [ 26.560774380143034, 37.737002554802707 ], [ 26.560901115544038, 37.737058371023977 ], [ 26.56109004506898, 37.737128604478862 ], [ 26.561326676232969, 37.737224833689027 ], [ 26.561433891573675, 37.737269809635578 ], [ 26.561695305475762, 37.737406049095881 ], [ 26.561876343973385, 37.737514749022409 ], [ 26.561961348991485, 37.73757372442698 ], [ 26.562033754871774, 37.737637479915421 ], [ 26.562164694181689, 37.737794576513473 ], [ 26.562254942277473, 37.737923273038682 ], [ 26.562337792709382, 37.738043119376769 ], [ 26.562377436192754, 37.738123355464296 ], [ 26.562473557613878, 37.738319506745732 ], [ 26.562502261788818, 37.738390970072651 ], [ 26.562554165659037, 37.738518247788264 ], [ 26.562593489438836, 37.738609754927566 ], [ 26.562653567848443, 37.738768392017526 ], [ 26.562714209986755, 37.738902237903531 ], [ 26.562780666308264, 37.739060736581578 ], [ 26.562817631605448, 37.739145536756581 ], [ 26.562841075495861, 37.739187829156357 ], [ 26.562897242357408, 37.739294738718023 ], [ 26.562984406411932, 37.739457292555024 ], [ 26.563015004148337, 37.739521956922829 ], [ 26.563111934360492, 37.739679792697927 ], [ 26.563138212798819, 37.739722022539908 ], [ 26.563241433091626, 37.739897743489749 ], [ 26.563298087647343, 37.739977610040675 ], [ 26.563406590432717, 37.740141952260771 ], [ 26.56346426306478, 37.740230806603897 ], [ 26.56348487241323, 37.740273160508536 ], [ 26.563548837074709, 37.740379899719365 ], [ 26.563622878063281, 37.740490925606096 ], [ 26.563705715680285, 37.740651320909009 ], [ 26.56376763231178, 37.740760357822076 ], [ 26.563917424703444, 37.741031932331637 ], [ 26.5640778592755, 37.741282999947892 ], [ 26.564172763408614, 37.741402582487758 ], [ 26.564229403520191, 37.741472982333924 ], [ 26.564265387503596, 37.741517709329564 ], [ 26.56441956002924, 37.741690066650627 ], [ 26.564473634022562, 37.741736197423783 ], [ 26.564516844179956, 37.741775806455564 ], [ 26.5646962973725, 37.741940855103756 ], [ 26.564945407298577, 37.742171969195439 ], [ 26.565153364150021, 37.742340902235973 ], [ 26.565364468318915, 37.742518776659686 ], [ 26.565409650623415, 37.742553836781745 ], [ 26.565636666933013, 37.742720101514458 ], [ 26.565901545971297, 37.742914826217294 ], [ 26.566181706516339, 37.743100206598065 ], [ 26.566412036911004, 37.743259638153347 ], [ 26.566653463865471, 37.743432345045441 ], [ 26.566885826461998, 37.743630029134785 ], [ 26.567091251893409, 37.743848573298209 ], [ 26.567198749388385, 37.744003922571245 ], [ 26.567266429276447, 37.744094809823515 ], [ 26.567388248960732, 37.744274626745202 ], [ 26.567462065708064, 37.744378896766761 ], [ 26.567555010668372, 37.744503024269058 ], [ 26.567614662799301, 37.744587328863346 ], [ 26.567754442797352, 37.744753237098379 ], [ 26.567802842397615, 37.744819764159608 ], [ 26.567890912544708, 37.7449259763142 ], [ 26.568008351376747, 37.745040558275051 ], [ 26.568096508334243, 37.745128745819365 ], [ 26.5682124446828, 37.745261383117786 ], [ 26.568389693867314, 37.74546477044489 ], [ 26.568425743599494, 37.745502280906557 ], [ 26.568499494884126, 37.745584024413958 ], [ 26.568611655410528, 37.74570998495178 ], [ 26.568754982945638, 37.745875814494902 ], [ 26.568807403340728, 37.745935495452557 ], [ 26.568888630322828, 37.746028338964869 ], [ 26.56901086985928, 37.746158584980208 ], [ 26.569097689793573, 37.746249054151875 ], [ 26.569221114148199, 37.746372515263822 ], [ 26.569386336268352, 37.746535614164927 ], [ 26.569398067953625, 37.74654589563081 ], [ 26.569438998862108, 37.746581773173091 ], [ 26.569484341791849, 37.746621333745743 ], [ 26.569666574153359, 37.746784061298982 ], [ 26.569905723728208, 37.746992853826363 ], [ 26.570017109449953, 37.747096302513597 ], [ 26.570118184554506, 37.747188711867153 ], [ 26.570336074355783, 37.747397968310153 ], [ 26.570377398681227, 37.747444374016396 ], [ 26.57052915377831, 37.747628039032975 ], [ 26.570617465368429, 37.747741002185272 ], [ 26.570711205711987, 37.747867362214336 ], [ 26.570879955715821, 37.748091206127071 ], [ 26.570928127103375, 37.748150978909408 ], [ 26.571084215000809, 37.748336801952163 ], [ 26.571217871699179, 37.748489323440253 ], [ 26.571286277414352, 37.748559917125412 ], [ 26.571379482319397, 37.748650244765493 ], [ 26.571506932808976, 37.748766857888796 ], [ 26.571618720478888, 37.74886128554234 ], [ 26.57174066458419, 37.748962249195387 ], [ 26.57187331844073, 37.749065230777809 ], [ 26.571990231349343, 37.749143777432636 ], [ 26.572119504820758, 37.749231063841655 ], [ 26.57225019613076, 37.749318319566775 ], [ 26.572364906558338, 37.749394659922778 ], [ 26.572518434030695, 37.749485921932489 ], [ 26.572699043139632, 37.749601372554217 ], [ 26.572784546478196, 37.749653571133351 ], [ 26.572855640068951, 37.749699325272928 ], [ 26.57304861137419, 37.749823516711039 ], [ 26.573250158390906, 37.749970047266281 ], [ 26.573300310553471, 37.750004995418479 ], [ 26.573346918155142, 37.750040020865278 ], [ 26.573540273324578, 37.750195741002067 ], [ 26.573699929224944, 37.750340932569905 ], [ 26.573763696541292, 37.750400363575181 ], [ 26.573842341363008, 37.750479743289922 ], [ 26.573974674613225, 37.750614268460026 ], [ 26.57406536181864, 37.750713659651566 ], [ 26.57417194813641, 37.750841989503712 ], [ 26.574342217737509, 37.75104777229015 ], [ 26.574377643197383, 37.751087547533437 ], [ 26.57443030550882, 37.751153978981471 ], [ 26.574551217065949, 37.751306775110024 ], [ 26.574675751027232, 37.751461744243294 ], [ 26.574733922081382, 37.751543823391273 ], [ 26.57484420352846, 37.751696851638577 ], [ 26.574915997327601, 37.751783138807973 ], [ 26.5749590569568, 37.75183851607688 ], [ 26.575099726667393, 37.75202917616685 ], [ 26.575234491351797, 37.752213207090051 ], [ 26.575273299194681, 37.752268676629889 ], [ 26.575347922450135, 37.752375176109894 ], [ 26.575449863792688, 37.752512617443529 ], [ 26.575504258382438, 37.752588021071411 ], [ 26.575625722182366, 37.752756572862516 ], [ 26.575680981595532, 37.752836462941694 ], [ 26.575770484064844, 37.752962911383591 ], [ 26.575799531946, 37.753002825290444 ], [ 26.575852353155646, 37.753073757506314 ], [ 26.57598090630157, 37.753242154190708 ], [ 26.576050180187263, 37.753337506746547 ], [ 26.576166377621181, 37.75347688754816 ], [ 26.576361299196975, 37.753718172133155 ], [ 26.576567098852969, 37.753925427548147 ], [ 26.576723770988821, 37.754086449904712 ], [ 26.576782979096087, 37.754136967526811 ], [ 26.576850848920909, 37.75419180077774 ], [ 26.577022964963795, 37.754327704640119 ], [ 26.577195556305504, 37.754456839738815 ], [ 26.577274610923752, 37.754506922767419 ], [ 26.577342799271648, 37.754550485560685 ], [ 26.577555955113734, 37.754662963135708 ], [ 26.577736355201331, 37.754751377323231 ], [ 26.577894867904011, 37.754822248034834 ], [ 26.578184813471804, 37.754919528126933 ], [ 26.578317345960109, 37.754957176177456 ], [ 26.578562180868808, 37.755001376694061 ], [ 26.578799693059477, 37.755038978346299 ], [ 26.578969405967147, 37.755044273737141 ], [ 26.579115573348027, 37.755045578986405 ], [ 26.579280324959903, 37.755050981760327 ], [ 26.579438228000548, 37.755043018581965 ], [ 26.579594005952082, 37.755035101722804 ], [ 26.579759706186898, 37.755026966875043 ], [ 26.579924301067368, 37.755027867765797 ], [ 26.58008771403178, 37.75503555186441 ], [ 26.580239550362549, 37.755036731370495 ], [ 26.580351769506695, 37.755061306065365 ], [ 26.580574544765067, 37.755144281878302 ], [ 26.580658641845503, 37.755196505291295 ], [ 26.580728006368389, 37.755273830867559 ], [ 26.580840667301487, 37.755433559081624 ], [ 26.580879080908417, 37.755518321050317 ], [ 26.580865436735792, 37.755563576874181 ], [ 26.580851732381486, 37.755609029612003 ], [ 26.580778822810199, 37.755878702099132 ], [ 26.580750775086713, 37.755928876840763 ], [ 26.580575890529133, 37.756142212234536 ], [ 26.580473237961851, 37.756290888617478 ], [ 26.580405565979493, 37.756384733428277 ], [ 26.580293684109037, 37.756594435670181 ], [ 26.580260751900255, 37.756646969709543 ], [ 26.580246874938595, 37.756717108097916 ], [ 26.58020916753528, 37.7569792508083 ], [ 26.580205526594085, 37.757058176577949 ], [ 26.580231816872335, 37.75712067676141 ], [ 26.580319266098343, 37.757330517746112 ], [ 26.58035980103185, 37.757435508474593 ], [ 26.580442395241988, 37.757526061041567 ], [ 26.580545697462448, 37.75764093934486 ], [ 26.580716798010833, 37.757808398111933 ], [ 26.58076782363549, 37.757847829263142 ], [ 26.580818613526496, 37.757880507520291 ], [ 26.581015393231237, 37.75803163368824 ], [ 26.581204929084421, 37.758178413537308 ], [ 26.581256033797342, 37.758220094741631 ], [ 26.581312177768265, 37.758263919281084 ], [ 26.581477454734653, 37.75842699903508 ], [ 26.581628642187692, 37.75855209100515 ], [ 26.581716126949637, 37.758620007514843 ], [ 26.581805900034166, 37.758672105136277 ], [ 26.58200639692161, 37.758766830958308 ], [ 26.582221149711188, 37.758863495660442 ], [ 26.582343607381993, 37.758917128433801 ], [ 26.582642866550273, 37.759016445335313 ], [ 26.582779506037589, 37.759049492881303 ], [ 26.582993872807418, 37.759114626644198 ], [ 26.583064437521145, 37.759124343257632 ], [ 26.583263214262026, 37.759169543758219 ], [ 26.583366934125586, 37.759194301343591 ], [ 26.58355050543663, 37.75927137297149 ], [ 26.583655870617527, 37.759343401397274 ], [ 26.583752725878938, 37.759435891801999 ], [ 26.583842799707938, 37.759578090227514 ], [ 26.583872085336278, 37.759645029642925 ], [ 26.583891914383337, 37.759745967667889 ], [ 26.583905035815885, 37.759919139616059 ], [ 26.583929273999146, 37.760024485605342 ], [ 26.583955475423274, 37.760165833430428 ], [ 26.583961678864629, 37.76026256396058 ], [ 26.583992842094926, 37.760403802619258 ], [ 26.584055419392119, 37.760611933399076 ], [ 26.584115324145415, 37.760784078656606 ], [ 26.584157758515239, 37.760882268100204 ], [ 26.584290276253022, 37.761082105694697 ], [ 26.584354688771938, 37.761159537941282 ], [ 26.584538560869614, 37.761346985442728 ], [ 26.584785992089603, 37.761546553171684 ], [ 26.584882306808662, 37.761603010389287 ], [ 26.585046112705434, 37.761703041247429 ], [ 26.585275446389954, 37.761810643628898 ], [ 26.585346168919934, 37.761845135122442 ], [ 26.585523844432256, 37.761895300020242 ], [ 26.585687501632975, 37.761950278386621 ], [ 26.585761140400727, 37.761966683501576 ], [ 26.585915820281151, 37.762008341618063 ], [ 26.586039863730218, 37.762046167690229 ], [ 26.586245107786556, 37.762093472930893 ], [ 26.586405302625689, 37.762130504751099 ], [ 26.586634648532005, 37.762177280723478 ], [ 26.586783188430118, 37.762205556887423 ], [ 26.587015764749275, 37.762243250040129 ], [ 26.587212111557211, 37.762279486391066 ], [ 26.587277009854347, 37.762289324264536 ], [ 26.587553455045825, 37.762344074918133 ], [ 26.587694670879905, 37.762365752210052 ], [ 26.587941974997449, 37.76241888937183 ], [ 26.588178253835746, 37.762461004493943 ], [ 26.588309861042976, 37.762491902800889 ], [ 26.588593003155843, 37.762535240346359 ], [ 26.588697437533501, 37.762559977521136 ], [ 26.588799746687311, 37.762584761377532 ], [ 26.589051223819755, 37.762655826523606 ], [ 26.589145499521077, 37.76267402898268 ], [ 26.589369092441867, 37.762779496490126 ], [ 26.589540625910292, 37.7628770978936 ], [ 26.589667976176294, 37.762948637980514 ], [ 26.589749722891963, 37.7630346968499 ], [ 26.589861552642422, 37.763149379433465 ], [ 26.590010869437116, 37.763321808003504 ], [ 26.590046463206395, 37.763386354497385 ], [ 26.590136159250108, 37.763537567414787 ], [ 26.590204514593754, 37.763646447358184 ], [ 26.590231841016603, 37.763697658636218 ], [ 26.590318073293687, 37.763830926285223 ], [ 26.59036327629407, 37.763906524426488 ], [ 26.5904804606011, 37.764072901388047 ], [ 26.590546063665279, 37.764143545331883 ], [ 26.590639471045289, 37.764218083436162 ], [ 26.590786826183667, 37.764334236767517 ], [ 26.59097647907193, 37.764442700833051 ], [ 26.591067526183181, 37.764490257511419 ], [ 26.59112998375932, 37.764511410741157 ], [ 26.591297981882949, 37.764568538104015 ], [ 26.59139651191435, 37.76460691924084 ], [ 26.591615550094112, 37.764662923252793 ], [ 26.59174133175523, 37.764709715222999 ], [ 26.591989982267808, 37.764801109697011 ], [ 26.592054408193931, 37.764837988716664 ], [ 26.592102137464011, 37.764863970728243 ], [ 26.592267608646448, 37.765051810044717 ], [ 26.592366291569505, 37.765175790499406 ], [ 26.592433154267955, 37.765302724047793 ], [ 26.592605005757097, 37.765510697408288 ], [ 26.592647535907982, 37.765550310076243 ], [ 26.592653808175992, 37.765556477828376 ], [ 26.592781979678154, 37.765682513160655 ], [ 26.592842309067326, 37.765744261740487 ], [ 26.593100253796464, 37.765939074988779 ], [ 26.593199415368741, 37.765995462611365 ], [ 26.593363085163507, 37.766090978209888 ], [ 26.593589135501965, 37.766205394818776 ], [ 26.593660337031757, 37.766233111741315 ], [ 26.593797701781241, 37.766286405238269 ], [ 26.593974211105177, 37.766363615160891 ], [ 26.594076211017448, 37.766399664958598 ], [ 26.594301792669665, 37.766480299660941 ], [ 26.594359132941968, 37.766497057846401 ], [ 26.594561400695603, 37.766560184080625 ], [ 26.594643158351975, 37.766585415807967 ], [ 26.594875043233543, 37.766643383084116 ], [ 26.594992796409709, 37.766683589886519 ], [ 26.59504659288282, 37.766700426498687 ], [ 26.595249175388417, 37.766792829690893 ], [ 26.595301081806667, 37.766816466174255 ], [ 26.595534856820077, 37.766928455134391 ], [ 26.595614959897951, 37.767007788233748 ], [ 26.595645519522336, 37.767090464761402 ], [ 26.595705379001718, 37.767260352936241 ], [ 26.595754448596644, 37.767385423353524 ], [ 26.59583384165704, 37.767545869189881 ], [ 26.595890553261789, 37.767645992109571 ], [ 26.595953563888653, 37.767763997585931 ], [ 26.595996728530491, 37.767801341662874 ], [ 26.596046350449541, 37.767840797553077 ], [ 26.596265006066133, 37.767966635170808 ], [ 26.596405683084964, 37.76803336798789 ], [ 26.596565107217476, 37.768108698073206 ], [ 26.596621189357762, 37.768129989061798 ], [ 26.596907192671154, 37.768213791968485 ], [ 26.597021484011101, 37.76825632628654 ], [ 26.597236125947184, 37.768328184548103 ], [ 26.59739633896633, 37.768405749057415 ], [ 26.597538908410822, 37.768465680884226 ], [ 26.597592233858425, 37.768489285272544 ], [ 26.597877609400161, 37.76857535187429 ], [ 26.59799394956957, 37.768615587429515 ], [ 26.598208592975325, 37.768687444415846 ], [ 26.598336749155653, 37.768740934545164 ], [ 26.598528628451156, 37.768811041113757 ], [ 26.598626380632659, 37.768847180227063 ], [ 26.598881746582645, 37.768906874679701 ], [ 26.598964926933803, 37.768932071466637 ], [ 26.599108835833139, 37.768949169710275 ], [ 26.599278344733708, 37.768967956405113 ], [ 26.599447223955821, 37.768989008531619 ], [ 26.599707946537976, 37.768999022805005 ], [ 26.599928182483339, 37.769007676904231 ], [ 26.600155426721862, 37.768993649900239 ], [ 26.600406774457973, 37.768979089388218 ], [ 26.600596052170335, 37.768954635150202 ], [ 26.600727751312196, 37.768926946518391 ], [ 26.600884418573568, 37.768903212967544 ], [ 26.600999497493813, 37.768887155094454 ], [ 26.601350323909745, 37.768796055720529 ], [ 26.6017306080584, 37.768695294011458 ], [ 26.601835681469161, 37.768656929101944 ], [ 26.602010779083116, 37.768632786118218 ], [ 26.602110655255785, 37.768608052093519 ], [ 26.602313558653055, 37.768587800310534 ], [ 26.60254836221565, 37.768566842764173 ], [ 26.602792540236344, 37.768550183082475 ], [ 26.602999145495708, 37.768534353192187 ], [ 26.603065073928107, 37.768532895556284 ], [ 26.60327104855379, 37.768519331913893 ], [ 26.603444807313622, 37.768497469299021 ], [ 26.603591156167752, 37.76848297018158 ], [ 26.603749397315973, 37.768463702585088 ], [ 26.60386211144543, 37.76844093667335 ], [ 26.604194422857461, 37.768368259734551 ], [ 26.604289255441184, 37.768341383545057 ], [ 26.604595335161711, 37.768249011349376 ], [ 26.604700722251167, 37.768219647463965 ], [ 26.60492173475674, 37.768149430711389 ], [ 26.605175827448747, 37.768071723446333 ], [ 26.605309649416906, 37.768043983086628 ], [ 26.605591862941843, 37.767979168804786 ], [ 26.60565243245906, 37.767966565409466 ], [ 26.605865963746531, 37.767925797880444 ], [ 26.606084456934877, 37.76788491957759 ], [ 26.606202761226726, 37.767859774831955 ], [ 26.606465282306697, 37.767799899046388 ], [ 26.606605324573668, 37.767767514990531 ], [ 26.606831533847505, 37.767703937192394 ], [ 26.606959508632382, 37.76766874395333 ], [ 26.607103914403243, 37.767598558616804 ], [ 26.607142327857474, 37.767597707973529 ], [ 26.607157592515382, 37.767553501526635 ], [ 26.607192332699114, 37.767516493668474 ], [ 26.607225073128216, 37.767490974367718 ], [ 26.607268689611672, 37.767501452748469 ], [ 26.60727243002551, 37.767539515588226 ], [ 26.607316648512761, 37.767567145183349 ], [ 26.607421621634984, 37.767614412325649 ], [ 26.607590424413534, 37.767700317526248 ], [ 26.607700401725303, 37.767753195154889 ], [ 26.607820585776818, 37.76782301071772 ], [ 26.607865809264492, 37.767879227982213 ], [ 26.607917430992341, 37.7679124176993 ], [ 26.608072364568716, 37.768013886610909 ], [ 26.608162008908756, 37.768103453542842 ], [ 26.60819215757363, 37.768140932010304 ], [ 26.60821050362868, 37.768184392938196 ], [ 26.608207042021291, 37.768222616140662 ], [ 26.608211586122728, 37.768283548990283 ], [ 26.608245341686676, 37.768355278870402 ], [ 26.608247618765947, 37.768420077498853 ], [ 26.608285574148677, 37.768474548221548 ], [ 26.608330798354324, 37.768530764293843 ], [ 26.608418980809844, 37.768647065681705 ], [ 26.60845613112188, 37.76867866660924 ], [ 26.608500016201493, 37.768696767133022 ], [ 26.608550566635767, 37.768699461993045 ], [ 26.60859238509547, 37.7687271453986 ], [ 26.608690227366413, 37.768776474906616 ], [ 26.60875905890417, 37.768820726349759 ], [ 26.608796812342057, 37.768869480074464 ], [ 26.608868380301519, 37.768923205319865 ], [ 26.609034717778975, 37.769007256817702 ], [ 26.60915128507007, 37.769047043814112 ], [ 26.609211682294184, 37.769056434766071 ], [ 26.609304429781485, 37.769088948968893 ], [ 26.609369160326981, 37.769093475222391 ], [ 26.609476115864471, 37.769103025814324 ], [ 26.609620703559838, 37.769127594035595 ], [ 26.609692728920244, 37.76912599791455 ], [ 26.609764686852202, 37.76912249521353 ], [ 26.609806506348122, 37.769150178912888 ], [ 26.609854523346456, 37.769149115037145 ], [ 26.609979031864857, 37.769136819465167 ], [ 26.610094270695967, 37.769134265517799 ], [ 26.610150429980163, 37.769159722887899 ], [ 26.610242800372173, 37.769190099449062 ], [ 26.610346974601182, 37.769214492986194 ], [ 26.6105170444539, 37.769267942862093 ], [ 26.610635892535839, 37.769299638418225 ], [ 26.610707314071881, 37.769280890566691 ], [ 26.610782934203296, 37.769244881698867 ], [ 26.610864360648538, 37.769237355571313 ], [ 26.610875842300736, 37.769290504686268 ], [ 26.610873320970271, 37.769355410042174 ], [ 26.610888194356914, 37.769368430525915 ], [ 26.610936009791335, 37.769361649176389 ], [ 26.610974625123443, 37.769366514917003 ], [ 26.611026772942481, 37.769346285793574 ], [ 26.611067922439563, 37.769354910356462 ], [ 26.61113034317734, 37.769353525729493 ], [ 26.611227906449461, 37.769326566560437 ], [ 26.611304934263792, 37.769330581069191 ], [ 26.611386830684754, 37.769336395027359 ], [ 26.611444920429467, 37.769348458623028 ], [ 26.61147913691164, 37.769364864299824 ], [ 26.61149441352828, 37.769389321350715 ], [ 26.611476011498997, 37.769412616945921 ], [ 26.611503426792048, 37.769440618421704 ], [ 26.611551510172177, 37.769441459501934 ], [ 26.611614201598574, 37.769447698667541 ], [ 26.611680618589439, 37.769423338621891 ], [ 26.611710623310945, 37.769388341905938 ], [ 26.611717811538131, 37.76931951807115 ], [ 26.611737796706617, 37.769204637382273 ], [ 26.611758934820944, 37.76919081837012 ], [ 26.611823421637471, 37.769179850315474 ], [ 26.611879096312958, 37.769123304933245 ], [ 26.611923370711974, 37.769084175577333 ], [ 26.611999793767009, 37.76907103771611 ], [ 26.612095961159497, 37.769072719169515 ], [ 26.612145842697981, 37.769056355118124 ], [ 26.612258143579851, 37.769038605871941 ], [ 26.612353908149167, 37.769028852165583 ], [ 26.612364974494074, 37.769001904637584 ], [ 26.612366421074274, 37.76890650761937 ], [ 26.6123922264062, 37.768888769059025 ], [ 26.612465511408352, 37.768854720001386 ], [ 26.612509986309252, 37.768821308365531 ], [ 26.61254339646274, 37.768814845833816 ], [ 26.612575680512862, 37.768844646463819 ], [ 26.612613892866982, 37.768838076643569 ], [ 26.612668037801829, 37.76880635908406 ], [ 26.612704251108873, 37.768811276972272 ], [ 26.612746474514857, 37.768850394222824 ], [ 26.61279935883725, 37.768851128488464 ], [ 26.612848837876374, 37.768823327215074 ], [ 26.61292711014007, 37.768726225413239 ], [ 26.612937824331318, 37.76862108741102 ], [ 26.612974161133977, 37.768546382284377 ], [ 26.61319462891095, 37.768653232816348 ], [ 26.613359900289669, 37.768732915931807 ], [ 26.613496102478628, 37.768792969825761 ], [ 26.61372667615349, 37.768893730238069 ], [ 26.613847675017446, 37.768945109855935 ], [ 26.613998134795768, 37.76900709861701 ], [ 26.614117636561161, 37.769056258734835 ], [ 26.614334029292284, 37.769137058440194 ], [ 26.614438327404368, 37.769177544502575 ], [ 26.61464392868637, 37.769254077144105 ], [ 26.614766028710712, 37.769296420497277 ], [ 26.61482054008988, 37.76931323198869 ], [ 26.61500274832202, 37.769390283811056 ], [ 26.615081918481913, 37.769422317151871 ], [ 26.615308242632526, 37.769523168795018 ], [ 26.615385444730173, 37.769559750164952 ], [ 26.615499593299379, 37.769618038123077 ], [ 26.615679284870232, 37.769704155759044 ], [ 26.615796350839599, 37.769764631950167 ], [ 26.615975963315389, 37.769848497835454 ], [ 26.616310532084878, 37.770001008427407 ], [ 26.616601609564519, 37.770107176569155 ], [ 26.616771213783224, 37.7701687366351 ], [ 26.616940972665393, 37.770214524756 ], [ 26.617158466789821, 37.770266008639801 ], [ 26.617304434498944, 37.770301061542426 ], [ 26.61749435534858, 37.770335136067061 ], [ 26.617738471113903, 37.77037701696527 ], [ 26.617826461416669, 37.770397588417801 ], [ 26.618060970362187, 37.770448693429806 ], [ 26.618222693879297, 37.770487898893542 ], [ 26.618405850479846, 37.770551407995825 ], [ 26.618669285431967, 37.770658186760798 ], [ 26.618739870765015, 37.770688154863755 ], [ 26.619007413101532, 37.770830884431128 ], [ 26.619198460182886, 37.770937017653978 ], [ 26.619290949624027, 37.770984520735993 ], [ 26.619428895917636, 37.771053538578215 ], [ 26.619583464923132, 37.771131198760422 ], [ 26.619687217813315, 37.771176197924774 ], [ 26.61988700671191, 37.771268619397944 ], [ 26.62009593148759, 37.771358585656309 ], [ 26.620221429811853, 37.771416616062901 ], [ 26.620489997716803, 37.771548055764647 ], [ 26.620663160482824, 37.771629805159655 ], [ 26.620778343802943, 37.771697075615712 ], [ 26.620930398359008, 37.771783800698451 ], [ 26.621057793168422, 37.771855304157967 ], [ 26.621153200096998, 37.771904993184386 ], [ 26.621337164050992, 37.77201128154811 ], [ 26.621586833330444, 37.772149896841142 ], [ 26.621642534161705, 37.772180195077652 ], [ 26.621842572537702, 37.772299640775145 ], [ 26.621844584672587, 37.77230084646169 ], [ 26.621893310941307, 37.77233004910542 ], [ 26.622133137709859, 37.772471135302382 ], [ 26.622202156200814, 37.772516905127659 ], [ 26.6224093790788, 37.772678991294477 ], [ 26.622653721839306, 37.772887557322846 ], [ 26.622715659160633, 37.772953758521204 ], [ 26.622847730275865, 37.773097243151717 ], [ 26.623007458017646, 37.773260386422741 ], [ 26.62305410976726, 37.773315665038297 ], [ 26.623125502628024, 37.773388413698612 ], [ 26.623264586349787, 37.773529489047796 ], [ 26.623369705006386, 37.773633024617716 ], [ 26.623475851183745, 37.773745547439809 ], [ 26.623623920522789, 37.773899938331006 ], [ 26.623683572941019, 37.773961685201172 ], [ 26.623725654951219, 37.774008054881207 ], [ 26.623872083111433, 37.774196272382419 ], [ 26.624025521613383, 37.774382080281455 ], [ 26.624061223324286, 37.774428591429107 ], [ 26.624125369026732, 37.774496996886661 ], [ 26.624271784462536, 37.774644665144244 ], [ 26.624395578498174, 37.77475454177808 ], [ 26.624507152906922, 37.774839910809909 ], [ 26.624619907115353, 37.774918494710775 ], [ 26.624755594625757, 37.775023600820177 ], [ 26.624886869306941, 37.775124299092916 ], [ 26.624999863095965, 37.775209636144602 ], [ 26.625113725428367, 37.775299458888256 ], [ 26.62523870060533, 37.775402549422381 ], [ 26.625347681002438, 37.775494733372611 ], [ 26.625462969968016, 37.775604799012342 ], [ 26.625609381672778, 37.775732191314475 ], [ 26.625699682505218, 37.775797758938587 ], [ 26.625804951340683, 37.775865245429067 ], [ 26.625966714951836, 37.775965262711885 ], [ 26.626099553625242, 37.776029881978836 ], [ 26.626282729479755, 37.776093377886419 ], [ 26.626471099535522, 37.776143241885812 ], [ 26.626640009486298, 37.776184528754818 ], [ 26.626891866871965, 37.77622396478008 ], [ 26.627114339467386, 37.776255045269806 ], [ 26.627456627101655, 37.77628345148031 ], [ 26.62754927104325, 37.776294900924682 ], [ 26.62767082294053, 37.776301199420615 ], [ 26.627893206675992, 37.776309753377255 ], [ 26.628030435684263, 37.776317954354141 ], [ 26.628197441315525, 37.776325490802364 ], [ 26.628337345765203, 37.776329126459814 ], [ 26.628511441563539, 37.776336504703288 ], [ 26.628778020704697, 37.776350827788917 ], [ 26.628992056686702, 37.776364071403194 ], [ 26.629203577209697, 37.77638638177757 ], [ 26.629278416398872, 37.776395974004686 ], [ 26.629474339364545, 37.776418632318112 ], [ 26.629603540016113, 37.776440527142952 ], [ 26.629929699872427, 37.776514340319082 ], [ 26.63000281223789, 37.776535234809174 ], [ 26.630301652994774, 37.776638942719842 ], [ 26.630444022862161, 37.776692080277797 ], [ 26.630605235792849, 37.776776334665144 ], [ 26.630828067477054, 37.776897507682918 ], [ 26.630933652059145, 37.776953719399927 ], [ 26.631121891803502, 37.777086273674755 ], [ 26.631147596800162, 37.777104375787353 ], [ 26.631425688799638, 37.777303157888149 ], [ 26.631631457850855, 37.777483280460011 ], [ 26.631807200261932, 37.777637041983851 ], [ 26.631853073984189, 37.777690081855866 ], [ 26.631922512031235, 37.777767374588521 ], [ 26.632049177814224, 37.777917726755312 ], [ 26.632128392341333, 37.778010569872698 ], [ 26.632217012959398, 37.778168531159466 ], [ 26.632280481650547, 37.778277494089927 ], [ 26.632344029116997, 37.778388709297133 ], [ 26.632360754659704, 37.778440146848894 ], [ 26.632433559619173, 37.778632252151468 ], [ 26.632471424261304, 37.778739535448707 ], [ 26.632492254237196, 37.778806650889294 ], [ 26.63254689502871, 37.779066742219172 ], [ 26.63256883327481, 37.779145096046229 ], [ 26.63258960390004, 37.779250509178034 ], [ 26.63260795696138, 37.779407787398121 ], [ 26.632634090028144, 37.779524343769637 ], [ 26.632661499908185, 37.779676914675981 ], [ 26.632668311008224, 37.779748848949801 ], [ 26.63270147381311, 37.779903543406178 ], [ 26.632754437979813, 37.78011636608138 ], [ 26.632800054149339, 37.78028204568654 ], [ 26.632836662699138, 37.78039386227713 ], [ 26.632985932746863, 37.780681122936883 ], [ 26.633143373039353, 37.780918641967958 ], [ 26.633176484551392, 37.780955080321625 ], [ 26.633249704695249, 37.78103565649738 ], [ 26.633351932553609, 37.781136994797357 ], [ 26.633486065643574, 37.781237619912361 ], [ 26.633592149059254, 37.78132760772143 ], [ 26.633714848430525, 37.781405960897295 ], [ 26.633857091767013, 37.78149514002429 ], [ 26.633977733605896, 37.781555516793937 ], [ 26.634143535180371, 37.781648673851663 ], [ 26.634426023922298, 37.781770758796199 ], [ 26.634515301303367, 37.78180705643237 ], [ 26.634762409871527, 37.781911910036271 ], [ 26.634952857639519, 37.781979735245322 ], [ 26.63508673310638, 37.782033057397747 ], [ 26.635385362745751, 37.782129998127175 ], [ 26.635488111271691, 37.782165994500438 ], [ 26.635746327229938, 37.782263839392641 ], [ 26.635925111804973, 37.782322912324418 ], [ 26.636070573522357, 37.782382732096835 ], [ 26.636355344610553, 37.782488991728506 ], [ 26.636412237295161, 37.782512497464054 ], [ 26.636523667093936, 37.78257307776714 ], [ 26.636677807872033, 37.782657482039603 ], [ 26.636901685977403, 37.782767356469193 ], [ 26.636959379019331, 37.7828133708161 ], [ 26.637021246014726, 37.782857039611706 ], [ 26.637211262927675, 37.782992450678549 ], [ 26.637393469658686, 37.783107762830909 ], [ 26.637461180469369, 37.783176080367504 ], [ 26.637517616481805, 37.783226628089551 ], [ 26.637686215084337, 37.783378287839383 ], [ 26.637889168212123, 37.783538188167697 ], [ 26.637937416674998, 37.783597930034333 ], [ 26.63800435164956, 37.783684285924629 ], [ 26.638103295984958, 37.783812726066181 ], [ 26.63823243267225, 37.783972026737558 ], [ 26.638294632944657, 37.784044971822304 ], [ 26.638391359801943, 37.78415093416406 ], [ 26.638472819804335, 37.784286523610362 ], [ 26.638513269421466, 37.784346439273733 ], [ 26.638654324233798, 37.784541516243053 ], [ 26.638790564566669, 37.784720931207588 ], [ 26.638827858013137, 37.784771907833239 ], [ 26.638896133043055, 37.784855980301543 ], [ 26.639008884397445, 37.785013394481268 ], [ 26.639010654197662, 37.785015721025573 ], [ 26.639072905447055, 37.785097562218596 ], [ 26.639193297356371, 37.785250299578166 ], [ 26.639398742442619, 37.785479975540774 ], [ 26.639605594763736, 37.78568934426508 ], [ 26.639772864892127, 37.785843283329861 ], [ 26.639829933814436, 37.785891563398913 ], [ 26.639895671207711, 37.78594415401701 ], [ 26.640059866339687, 37.786091403824052 ], [ 26.640193401180241, 37.786214560510643 ], [ 26.640282161817982, 37.786295919983743 ], [ 26.64039149695385, 37.7863970921806 ], [ 26.640499734100516, 37.786507299571298 ], [ 26.640574233931719, 37.786586726459369 ], [ 26.640702739021648, 37.78672801672797 ], [ 26.640921745432617, 37.786959637743415 ], [ 26.640979456306361, 37.787025924554115 ], [ 26.641106785451107, 37.787173999123169 ], [ 26.641254449829219, 37.787335133483275 ], [ 26.641302234928382, 37.787401642499582 ], [ 26.641391719609118, 37.787503258375345 ], [ 26.641503906189115, 37.787624640399336 ], [ 26.641586368314297, 37.787708392457709 ], [ 26.641704870899311, 37.787847653327269 ], [ 26.641890692221736, 37.788043973975526 ], [ 26.641929636041723, 37.788081396689371 ], [ 26.642024713985567, 37.788180634700105 ], [ 26.642119872956531, 37.788282122721604 ], [ 26.642292050837728, 37.788453969252984 ], [ 26.642331864883619, 37.788495877315079 ], [ 26.642389177597977, 37.78855090822902 ], [ 26.642549450412545, 37.788707253105279 ], [ 26.642680707070589, 37.788825952509136 ], [ 26.642773179028126, 37.788911731846234 ], [ 26.642885826144763, 37.789006069334661 ], [ 26.643005804395759, 37.789107000596488 ], [ 26.643116874165266, 37.789196866924904 ], [ 26.643246781058579, 37.789297574952215 ], [ 26.643379283199653, 37.78939146636398 ], [ 26.643499411015373, 37.789476623924571 ], [ 26.643633961544513, 37.789568216330608 ], [ 26.643764485495584, 37.789646382442349 ], [ 26.64387096751128, 37.789707067552264 ], [ 26.644035781951057, 37.789811495899322 ], [ 26.644231100520173, 37.789935512921943 ], [ 26.644301567389103, 37.789981237104243 ], [ 26.644362574687115, 37.790020415022433 ], [ 26.644558296387594, 37.790155686889364 ], [ 26.6447701002039, 37.790304112260017 ], [ 26.644810303490157, 37.79033699992096 ], [ 26.644854842489284, 37.790372041957532 ], [ 26.645054753354444, 37.79052524015097 ], [ 26.645303926912224, 37.790706615766751 ], [ 26.645348466458394, 37.790741657529892 ], [ 26.645555229262079, 37.790887942298554 ], [ 26.645840087730388, 37.791054999244778 ], [ 26.645891397577536, 37.791080878180118 ], [ 26.646115715207713, 37.79120198840436 ], [ 26.646327950758092, 37.791282820312844 ], [ 26.646435921701798, 37.791325447720773 ], [ 26.646687078613795, 37.791403151923923 ], [ 26.646814437044746, 37.791452100859743 ], [ 26.647012426336218, 37.791551273893539 ], [ 26.647068072017355, 37.791579307498246 ], [ 26.647302869115613, 37.79169567440816 ], [ 26.647358593972861, 37.791725959210765 ], [ 26.647429693223192, 37.791769413942006 ], [ 26.647596124466471, 37.791918854547198 ], [ 26.647797075324796, 37.792081035231796 ], [ 26.647872283374276, 37.792140166581063 ], [ 26.648041581610819, 37.79233009033905 ], [ 26.648255649348485, 37.79254153329606 ], [ 26.648295469210233, 37.792583439414216 ], [ 26.648461529965356, 37.792762171973578 ], [ 26.648606437008269, 37.792885063055628 ], [ 26.648685287108965, 37.792966638864925 ], [ 26.64879187301845, 37.793049843202695 ], [ 26.648925581323841, 37.79315721691065 ], [ 26.649080240661775, 37.793255107728065 ], [ 26.649187214416031, 37.793329292257823 ], [ 26.649284166546821, 37.793381175596977 ], [ 26.64946885176898, 37.793485148785976 ], [ 26.649787751456081, 37.793631155550365 ], [ 26.65008031892404, 37.793755226466828 ], [ 26.650260174060175, 37.793823264643159 ], [ 26.650405346746993, 37.79387406112221 ], [ 26.650751326588878, 37.793983412436056 ], [ 26.651089186024475, 37.794083933890462 ], [ 26.651231910982318, 37.794125773856543 ], [ 26.65143901954805, 37.794181933016809 ], [ 26.651552977929256, 37.794213156915696 ], [ 26.651716429256425, 37.794259035206736 ], [ 26.651791610868603, 37.79427761616649 ], [ 26.651907689872314, 37.794310050553555 ], [ 26.651993048020149, 37.794333901624782 ], [ 26.652141527919134, 37.794377863533576 ], [ 26.652201819039409, 37.794396779540293 ], [ 26.652354005550187, 37.794445163233711 ], [ 26.65248104997405, 37.794485102607361 ], [ 26.652687774554245, 37.794550278155626 ], [ 26.652812305429023, 37.794599283926019 ], [ 26.653056871256386, 37.79469063950539 ], [ 26.653174069058718, 37.794733051930422 ], [ 26.653313186869958, 37.794792992550633 ], [ 26.653445131547365, 37.794850841598411 ], [ 26.653661801084176, 37.794936066165803 ], [ 26.653755679723627, 37.794981255804167 ], [ 26.653930657421895, 37.795051650787457 ], [ 26.654074577177024, 37.795106976431761 ], [ 26.654149214067122, 37.79513007322435 ], [ 26.654348220842603, 37.795197673579864 ], [ 26.654406547420354, 37.795221137860715 ], [ 26.654634549399752, 37.795285830382717 ], [ 26.654750169666837, 37.795323772121989 ], [ 26.655125929446339, 37.795412164777616 ], [ 26.655480174332592, 37.795494282411205 ], [ 26.655603822123318, 37.795518525818224 ], [ 26.655850020661976, 37.795576047663396 ], [ 26.656087549925168, 37.795629259704661 ], [ 26.65621231010434, 37.795664741098165 ], [ 26.656592183480932, 37.795768804330507 ], [ 26.656894133462032, 37.795876878025965 ], [ 26.657059412406408, 37.795933970740549 ], [ 26.657218470386336, 37.795995708381831 ], [ 26.657558023737582, 37.796123206385509 ], [ 26.657841717850651, 37.796256468855354 ], [ 26.65803436689681, 37.796344479828271 ], [ 26.658135825538494, 37.796403011717828 ], [ 26.658269131617182, 37.796478845751501 ], [ 26.658405759351378, 37.796568120665462 ], [ 26.658525672646189, 37.796646510216434 ], [ 26.658668844776859, 37.796740142013242 ], [ 26.658847249393911, 37.796846494819732 ], [ 26.658936025144083, 37.796907564932361 ], [ 26.659016435932504, 37.796953055733127 ], [ 26.659207300424363, 37.797070389391855 ], [ 26.659445938546583, 37.797213677020501 ], [ 26.659507750371585, 37.797255081430372 ], [ 26.659738992500426, 37.797409797790671 ], [ 26.660024004789413, 37.797599342991873 ], [ 26.660252735565507, 37.797763125981398 ], [ 26.660518522297817, 37.797950850784872 ], [ 26.660747821310117, 37.798130389087852 ], [ 26.661009374145774, 37.798338482570564 ], [ 26.661218818580704, 37.798518468954434 ], [ 26.661446091919398, 37.798720578188814 ], [ 26.661482923311457, 37.798758040795093 ], [ 26.66166029695324, 37.798934245538092 ], [ 26.661791376918437, 37.799066443192537 ], [ 26.661861979831784, 37.799154954152741 ], [ 26.66198211850628, 37.799298661565992 ], [ 26.662062407889543, 37.799380196161778 ], [ 26.662128415275465, 37.799439525962107 ], [ 26.662283466236211, 37.799586949316932 ], [ 26.662478391633904, 37.799737976568274 ], [ 26.662529955297678, 37.799770600206436 ], [ 26.662603037183015, 37.799809495522553 ], [ 26.662830306925795, 37.799912484630816 ], [ 26.662966989502895, 37.799963457721319 ], [ 26.663167740187724, 37.800019739155701 ], [ 26.663288722163472, 37.800048540017883 ], [ 26.663451241762203, 37.800087664509682 ], [ 26.663534861305873, 37.800103793534781 ], [ 26.663959872752354, 37.800159505510464 ], [ 26.664415989133584, 37.800191985553447 ], [ 26.66447280473815, 37.80019295211212 ], [ 26.664806377227936, 37.800212434534245 ], [ 26.664896603022612, 37.800214897436291 ], [ 26.664998177152984, 37.800217103958644 ], [ 26.665256172200365, 37.800227032403875 ], [ 26.665377603244703, 37.800228788348846 ], [ 26.66550896184609, 37.800230320108852 ], [ 26.665716992138329, 37.800232368320884 ], [ 26.665857488118039, 37.800231439505048 ], [ 26.666005076949659, 37.80023035077194 ], [ 26.666188124035422, 37.80022845780956 ], [ 26.666337840520207, 37.800227319753169 ] ] ] ] } },
{ "type": "Feature", "properties": { "SITECODE": "GR4120008", "SITENAME": "SAMOS: OROS KERKIS", "RELEASE_DA": "2021-12-14", "MS": "GR", "SITETYPE": "A", "INSPIRE_ID": null }, "geometry": { "type": "MultiPolygon", "coordinates": [ [ [ [ 26.645133816889892, 37.774438254881986 ], [ 26.645028954101182, 37.774401569471948 ], [ 26.644977574663898, 37.774479645687116 ], [ 26.645057603663304, 37.774550800853554 ], [ 26.645066121597683, 37.774590143930261 ], [ 26.645097836738625, 37.774617936993735 ], [ 26.645150192567883, 37.774632031649631 ], [ 26.645169901715104, 37.774630020678089 ], [ 26.645231263819028, 37.774599730746232 ], [ 26.645237607782299, 37.774570146972536 ], [ 26.64523099314502, 37.774531498051822 ], [ 26.645201731415135, 37.774490396772201 ], [ 26.645133816889892, 37.774438254881986 ] ] ], [ [ [ 26.659931066508481, 37.788681269696369 ], [ 26.660118344317173, 37.788669529467555 ], [ 26.660464224190822, 37.788680787420112 ], [ 26.660834973449081, 37.788715323160353 ], [ 26.661284535784507, 37.788769533921183 ], [ 26.661761372304046, 37.788830278780864 ], [ 26.662034395670439, 37.788854498490544 ], [ 26.662132850212497, 37.788839947056942 ], [ 26.662139000946279, 37.788839037601733 ], [ 26.662236522773188, 37.788814513203896 ], [ 26.662415560562163, 37.788819143433514 ], [ 26.662503391557674, 37.788767845187557 ], [ 26.662584482736182, 37.78874213185253 ], [ 26.662644219729025, 37.78871157641418 ], [ 26.662694376093025, 37.788644283375376 ], [ 26.662733693873825, 37.788604914253142 ], [ 26.662788289956275, 37.788607968440708 ], [ 26.66295629328075, 37.788619645273769 ], [ 26.663059701928887, 37.788679687037138 ], [ 26.66309967808084, 37.788686319636348 ], [ 26.663148544709639, 37.788694424801591 ], [ 26.663241742929571, 37.788709881947433 ], [ 26.663264731017016, 37.788711077558958 ], [ 26.663354618311324, 37.78871935021985 ], [ 26.663512743296344, 37.788772514639199 ], [ 26.66386878710518, 37.788882711571254 ], [ 26.664118802811657, 37.788965928990024 ], [ 26.664458963365654, 37.78892246921815 ], [ 26.664659224180731, 37.788852376331199 ], [ 26.665025788702309, 37.788686430303187 ], [ 26.664877625637647, 37.788557319938121 ], [ 26.664610925738401, 37.788368778612934 ], [ 26.664566229878606, 37.788328617077049 ], [ 26.664484548502827, 37.788238209343369 ], [ 26.664451549871664, 37.788189366829471 ], [ 26.664407087474544, 37.78811906832501 ], [ 26.664275430376151, 37.787787386143705 ], [ 26.66426942197338, 37.787754568364491 ], [ 26.664259006281515, 37.787697660921843 ], [ 26.664377713674213, 37.787727644188493 ], [ 26.664535408452704, 37.787727053799728 ], [ 26.664673058374724, 37.78769116017093 ], [ 26.664810500790637, 37.787545001904306 ], [ 26.664956417719605, 37.787321171709614 ], [ 26.665035004083972, 37.787209129454247 ], [ 26.665087859365464, 37.787112569428345 ], [ 26.66509698334233, 37.786948455731384 ], [ 26.665091419404618, 37.786793616022251 ], [ 26.66517483265558, 37.786606958719815 ], [ 26.665238302515604, 37.78649227932469 ], [ 26.66525149177939, 37.786441319563281 ], [ 26.66528130075573, 37.786330380322788 ], [ 26.665339192019875, 37.786269466716242 ], [ 26.665433641098698, 37.786180905766557 ], [ 26.66549775154412, 37.786084091268933 ], [ 26.665512873012194, 37.785982424046622 ], [ 26.665494699478351, 37.785852902302992 ], [ 26.665480210881302, 37.785784090905878 ], [ 26.665520778276772, 37.785742644493922 ], [ 26.665588786967074, 37.785712495313149 ], [ 26.665711074883891, 37.785771712342196 ], [ 26.665917148954385, 37.78590532493584 ], [ 26.666005906191661, 37.785950997902546 ], [ 26.666232652321352, 37.785991159462711 ], [ 26.666394995394299, 37.785994636538625 ], [ 26.666594473771951, 37.785944822311123 ], [ 26.666768741442564, 37.785862201031748 ], [ 26.666792328939568, 37.785766302698029 ], [ 26.666803481947881, 37.78565876548376 ], [ 26.666736740647011, 37.78553694117732 ], [ 26.666706907593483, 37.785429494865568 ], [ 26.66669756762187, 37.78525328110657 ], [ 26.666718725232215, 37.785103710067162 ], [ 26.66671947957698, 37.7850414911141 ], [ 26.666731918711534, 37.784969686274586 ], [ 26.666757133320719, 37.784919048356464 ], [ 26.666780675283135, 37.784905403578904 ], [ 26.66687349937002, 37.784906055415085 ], [ 26.666702418139867, 37.784773210980823 ], [ 26.666435073057585, 37.784648140665865 ], [ 26.666203974438986, 37.784277878791656 ], [ 26.666287811488122, 37.784103133765569 ], [ 26.666475728616696, 37.784005276976259 ], [ 26.6665420462881, 37.783959118259077 ], [ 26.666560577922422, 37.783946219831336 ], [ 26.666839799689328, 37.783751885224845 ], [ 26.667113456813308, 37.783673178314793 ], [ 26.667256522974967, 37.783602670170801 ], [ 26.667466324384073, 37.783673017229027 ], [ 26.667395684096856, 37.783797400703179 ], [ 26.667472518108802, 37.783929171848726 ], [ 26.667562902684939, 37.784002414525169 ], [ 26.667563750664996, 37.78400310263801 ], [ 26.667587000084445, 37.784021941765964 ], [ 26.667678756201301, 37.7841509883485 ], [ 26.667793670909909, 37.784172226031224 ], [ 26.667966127081009, 37.784206463385161 ], [ 26.668125721855201, 37.784217149670077 ], [ 26.66815651129777, 37.784154468291135 ], [ 26.66808670370985, 37.784134592954842 ], [ 26.667984139212351, 37.784122612826366 ], [ 26.66795506858384, 37.784066053287269 ], [ 26.668097940567691, 37.784029438567032 ], [ 26.668090481387619, 37.78398907800144 ], [ 26.668042805076709, 37.783832808256456 ], [ 26.6680337168671, 37.783747186467792 ], [ 26.66795078986075, 37.783780058020575 ], [ 26.667791795633253, 37.783786044845236 ], [ 26.667732284631924, 37.783634810631007 ], [ 26.667686407027446, 37.783570287766395 ], [ 26.667640529304173, 37.783505763986462 ], [ 26.667583601890723, 37.783379745327053 ], [ 26.667643301525292, 37.783324178090425 ], [ 26.667545866145026, 37.783300036434291 ], [ 26.667485730061486, 37.783277557486933 ], [ 26.667476611064, 37.783265581717124 ], [ 26.66751091854211, 37.783133678084432 ], [ 26.66750689226145, 37.78302171739422 ], [ 26.667484083032161, 37.78297216846466 ], [ 26.667373974160252, 37.782917444148417 ], [ 26.667270724403004, 37.78288640603806 ], [ 26.667213097000694, 37.782871020145116 ], [ 26.667166276463561, 37.78282201709542 ], [ 26.667142524937603, 37.782746262280227 ], [ 26.667130608757919, 37.782665475495264 ], [ 26.667142851009572, 37.782571739656859 ], [ 26.6671802232229, 37.782495230110804 ], [ 26.667271900527009, 37.782371564082645 ], [ 26.667403195458782, 37.782263686930619 ], [ 26.667608754693727, 37.782132673617639 ], [ 26.667790816786088, 37.782016496168083 ], [ 26.667859077974626, 37.781993494758147 ], [ 26.668035134730307, 37.781960896991961 ], [ 26.668081957806887, 37.781926459592825 ], [ 26.668193469783276, 37.78182712841582 ], [ 26.668230535291514, 37.781819685531531 ], [ 26.668311895909763, 37.781803342380996 ], [ 26.668388082012466, 37.78189175308696 ], [ 26.668417692294998, 37.781926111857338 ], [ 26.668435269402373, 37.781997236028609 ], [ 26.668416936533031, 37.782113876959642 ], [ 26.668383703485269, 37.782233834509803 ], [ 26.668451986337182, 37.782253147776295 ], [ 26.668598844717536, 37.782160415700957 ], [ 26.668801467863236, 37.782348004214384 ], [ 26.668827951956427, 37.782301705249637 ], [ 26.668862940634728, 37.782272303179468 ], [ 26.668940377183496, 37.782253859581154 ], [ 26.668991744737514, 37.782262231687469 ], [ 26.669068065956179, 37.782296263257834 ], [ 26.66917261239605, 37.78240228948723 ], [ 26.66926899933252, 37.782493083407417 ], [ 26.66934909448457, 37.782548487768729 ], [ 26.669470351649242, 37.782579115830089 ], [ 26.669633203037019, 37.782596880455998 ], [ 26.669718958228092, 37.782559175654434 ], [ 26.669784817866741, 37.782469471093506 ], [ 26.669888839419489, 37.782355059002597 ], [ 26.669944066566373, 37.782303741285034 ], [ 26.669991918531505, 37.782297888079739 ], [ 26.67009405145021, 37.782297956268891 ], [ 26.670220797991558, 37.782314155278584 ], [ 26.670387249680747, 37.782348522940175 ], [ 26.670534405382828, 37.782347572576576 ], [ 26.670683705477739, 37.782322728978919 ], [ 26.670916871848501, 37.782207773389658 ], [ 26.671156898499241, 37.78203305748351 ], [ 26.671360819634867, 37.781856775959561 ], [ 26.67144202683162, 37.781692816005403 ], [ 26.671524348052429, 37.78155982258869 ], [ 26.671545440018523, 37.781394842621971 ], [ 26.671477264320437, 37.781253344156234 ], [ 26.671301294708293, 37.781121440223721 ], [ 26.671239035620982, 37.780977425560884 ], [ 26.671183637488788, 37.780773649201507 ], [ 26.671157651265048, 37.780552516849163 ], [ 26.671156532543531, 37.780271220209968 ], [ 26.671201123318621, 37.780174845454106 ], [ 26.671266622215157, 37.780112911985952 ], [ 26.671113319935991, 37.78003281752278 ], [ 26.671098177675294, 37.780008263048046 ], [ 26.671017618950085, 37.779877638092778 ], [ 26.671015558662695, 37.779867957344685 ], [ 26.670974225864722, 37.779673591912548 ], [ 26.671033736391575, 37.77949105126568 ], [ 26.671117934389979, 37.77938521417768 ], [ 26.671269378728052, 37.779194846543732 ], [ 26.671362150610719, 37.779293133213024 ], [ 26.671403098560297, 37.779387567120146 ], [ 26.671554235950023, 37.779413938895928 ], [ 26.671757146702031, 37.779418276540994 ], [ 26.671813421741934, 37.779416999474755 ], [ 26.671879555727177, 37.779376757161387 ], [ 26.671987710612523, 37.779356422217326 ], [ 26.67205127306784, 37.779349020646279 ], [ 26.671958871723707, 37.779181248406246 ], [ 26.67186700374241, 37.779041676181137 ], [ 26.671838078506152, 37.778972143497775 ], [ 26.671931888291375, 37.778908028540229 ], [ 26.672106817228755, 37.778761014238796 ], [ 26.672092921322417, 37.778541992952633 ], [ 26.672018483831593, 37.778310040256031 ], [ 26.671706693334524, 37.778159764087761 ], [ 26.671481512819035, 37.778079046122592 ], [ 26.671588867040022, 37.777890651562217 ], [ 26.671664924318332, 37.777880362191432 ], [ 26.672097020465653, 37.777821900059216 ], [ 26.672265086313882, 37.777651201245533 ], [ 26.672547884437886, 37.777496971196712 ], [ 26.672735676438393, 37.777540389981397 ], [ 26.673002011087924, 37.777429445570959 ], [ 26.673116787156076, 37.777431794904075 ], [ 26.67338082425649, 37.777437198743137 ], [ 26.673642422503629, 37.777471907691236 ], [ 26.673509903836489, 37.777355410525544 ], [ 26.673461129575088, 37.777252214148689 ], [ 26.673383520673831, 37.777078149260319 ], [ 26.673248675407823, 37.776982867371736 ], [ 26.673010611167445, 37.776836284674459 ], [ 26.672916604518747, 37.776728154829605 ], [ 26.67291617261494, 37.77661194000401 ], [ 26.672892480518264, 37.776475392178696 ], [ 26.672749920947908, 37.77637432480104 ], [ 26.672678639608183, 37.776271637753297 ], [ 26.672618289120877, 37.7760554587095 ], [ 26.672581547853987, 37.776016514223905 ], [ 26.672544807962353, 37.775977570406987 ], [ 26.672573450113177, 37.775872027900135 ], [ 26.672604310218375, 37.775561396049291 ], [ 26.672907853151525, 37.775482982595612 ], [ 26.673044011913316, 37.775260555661205 ], [ 26.673265403492977, 37.775069571392201 ], [ 26.673332873461675, 37.774907831214897 ], [ 26.673457200414411, 37.774773883984558 ], [ 26.673529567585476, 37.774698333511026 ], [ 26.67357440958741, 37.774609103957239 ], [ 26.67360810107288, 37.774460525180992 ], [ 26.673732599896379, 37.774331340782794 ], [ 26.673935460626957, 37.774043027604122 ], [ 26.674179482071761, 37.773813382122356 ], [ 26.674550399529195, 37.773521251395231 ], [ 26.67472102305587, 37.773338569402661 ], [ 26.674746910768082, 37.773223543456467 ], [ 26.674743819221419, 37.773137784669672 ], [ 26.674675992949624, 37.773089262305234 ], [ 26.674433934109373, 37.773039924474972 ], [ 26.67416195180332, 37.77299365169587 ], [ 26.673869992032913, 37.772976440886929 ], [ 26.673661632091935, 37.772945409392122 ], [ 26.673538843628094, 37.772871904760166 ], [ 26.673353205407825, 37.772804595820524 ], [ 26.673163796659264, 37.772799359472472 ], [ 26.672997710081873, 37.77277452240272 ], [ 26.672911278963486, 37.772709729149 ], [ 26.672735328248663, 37.772577829889471 ], [ 26.672613570630851, 37.772532911300637 ], [ 26.672299147377682, 37.772475675247399 ], [ 26.672006504289445, 37.772439402802604 ], [ 26.6718069771557, 37.772403400533761 ], [ 26.671517249543243, 37.772364675113245 ], [ 26.671272795116245, 37.772332074515269 ], [ 26.671099420696258, 37.772271637096104 ], [ 26.670855137787541, 37.772160357326754 ], [ 26.670746415089301, 37.772102028419205 ], [ 26.670823047794116, 37.772082409643154 ], [ 26.67120181905355, 37.772091698864507 ], [ 26.671708106751378, 37.772174802130351 ], [ 26.672176026693585, 37.772240951883511 ], [ 26.672582450613564, 37.772267492661427 ], [ 26.673132152086701, 37.772269320576612 ], [ 26.673623456150352, 37.772150881917391 ], [ 26.674062030212369, 37.772069400813969 ], [ 26.674358099915231, 37.772034069640618 ], [ 26.674445081798822, 37.772032094488921 ], [ 26.674664201173261, 37.772027117801464 ], [ 26.675040009209322, 37.771954208473915 ], [ 26.6754235307837, 37.77184536677543 ], [ 26.675782619030151, 37.771808597563719 ], [ 26.676156732454917, 37.771813686315092 ], [ 26.676427078601684, 37.771814695707171 ], [ 26.676518716992021, 37.771822268916004 ], [ 26.676614232704861, 37.771805793075977 ], [ 26.676699887627311, 37.771765699661188 ], [ 26.676775247502494, 37.771690080403097 ], [ 26.676883190216834, 37.771601799578804 ], [ 26.677066329424903, 37.771516577655703 ], [ 26.677298343921485, 37.771454084031674 ], [ 26.677640875891512, 37.771374774229116 ], [ 26.677810470044481, 37.771330388165836 ], [ 26.677922537353627, 37.771356448442603 ], [ 26.677981103305026, 37.771398030464091 ], [ 26.677982202386211, 37.771428481001173 ], [ 26.677983252848801, 37.771457584166498 ], [ 26.678006924434271, 37.771530950158436 ], [ 26.67809739170821, 37.771624257234791 ], [ 26.678187860149777, 37.77171756312115 ], [ 26.678334016485479, 37.771835908263427 ], [ 26.678449347491959, 37.771910767540824 ], [ 26.678524265197382, 37.771906083988242 ], [ 26.678599182896221, 37.771901400376258 ], [ 26.678713330113595, 37.771943504815695 ], [ 26.678745383747408, 37.771999398026125 ], [ 26.678678839629232, 37.772132037452039 ], [ 26.678629870182895, 37.772231495203094 ], [ 26.6786136939097, 37.772303385476789 ], [ 26.678589799006666, 37.772369491963275 ], [ 26.678641779748695, 37.772353408584372 ], [ 26.678747447973787, 37.772264580874811 ], [ 26.678839403047746, 37.772211827513971 ], [ 26.678884632281175, 37.772216759161992 ], [ 26.678885814182802, 37.772249513141638 ], [ 26.678855010120483, 37.772308330787254 ], [ 26.678815748068921, 37.772385513680987 ], [ 26.678753852627299, 37.772501358643254 ], [ 26.678645491275681, 37.77266117346187 ], [ 26.67869335312065, 37.772822200657245 ], [ 26.678666954114917, 37.772906984642006 ], [ 26.678733596007937, 37.772982944465276 ], [ 26.678826783381929, 37.773041255893197 ], [ 26.678658588186636, 37.773374087184443 ], [ 26.678651470998862, 37.773391125963052 ], [ 26.678570123903395, 37.773585900040722 ], [ 26.678424517094228, 37.773607366846505 ], [ 26.678407289879825, 37.77365859243195 ], [ 26.678429854911119, 37.773693990299776 ], [ 26.678495633678203, 37.773965275877515 ], [ 26.678442075685208, 37.77424807305222 ], [ 26.678412886098215, 37.774402202509876 ], [ 26.678866143095949, 37.774523026750899 ], [ 26.678869250723935, 37.774543154684046 ], [ 26.678600952192774, 37.77461906453717 ], [ 26.678502959122579, 37.774660201291439 ], [ 26.678385745649795, 37.774728095018808 ], [ 26.678280309202133, 37.774802588982475 ], [ 26.678248251980818, 37.774873123078372 ], [ 26.678256862651541, 37.774951888458375 ], [ 26.678223984526703, 37.77499955593435 ], [ 26.678139277848686, 37.775009492281022 ], [ 26.678044857243307, 37.774949845434882 ], [ 26.677967808653015, 37.774932142165952 ], [ 26.677897411873566, 37.774948385172316 ], [ 26.677876070914092, 37.77499399501162 ], [ 26.677998014661895, 37.775127114091902 ], [ 26.678068003392177, 37.775318633979303 ], [ 26.677874314310294, 37.775444628029952 ], [ 26.677849669967443, 37.77565175658227 ], [ 26.677871170826229, 37.775872988262044 ], [ 26.677934079084427, 37.775993147000513 ], [ 26.678191920368466, 37.776188142557388 ], [ 26.678369291670428, 37.776005301663488 ], [ 26.678629193475061, 37.775820582804023 ], [ 26.678774734817484, 37.775692107533239 ], [ 26.678985017883338, 37.775588980430825 ], [ 26.679049641274567, 37.775507046178085 ], [ 26.679161633188144, 37.775385295177713 ], [ 26.679282956817893, 37.775313991432299 ], [ 26.679415964399443, 37.775254342721531 ], [ 26.67965004329648, 37.775186434610767 ], [ 26.679771473637889, 37.775118108211309 ], [ 26.679873405807623, 37.775083030754018 ], [ 26.679937462958232, 37.775110183543582 ], [ 26.680063939952941, 37.775119225351162 ], [ 26.68018827563921, 37.775152155666511 ], [ 26.68034605559555, 37.775196246773831 ], [ 26.680503403672112, 37.775228427054515 ], [ 26.680720901825865, 37.775262734014817 ], [ 26.680888354294034, 37.775308510482077 ], [ 26.680948551558075, 37.775349788780282 ], [ 26.680971390220911, 37.775316844940988 ], [ 26.681080366834323, 37.775332720122364 ], [ 26.681162855126967, 37.775318629969391 ], [ 26.681219273869935, 37.775300656322202 ], [ 26.68125701288756, 37.775264365722691 ], [ 26.681259139564485, 37.775249363707388 ], [ 26.681237328866032, 37.775228777043189 ], [ 26.681204049463435, 37.775159720825563 ], [ 26.681200961630715, 37.775153313604243 ], [ 26.681243901495616, 37.775144705116375 ], [ 26.68126094309665, 37.77515842563529 ], [ 26.681310724065597, 37.775198496445739 ], [ 26.681432283649247, 37.775237688822386 ], [ 26.681574418334829, 37.775247803532672 ], [ 26.681602244209895, 37.775245508316722 ], [ 26.68167024830376, 37.775239899647339 ], [ 26.681797426054988, 37.775235096105888 ], [ 26.681855597971143, 37.775249028445707 ], [ 26.682075223624615, 37.775304371360505 ], [ 26.682230365871025, 37.775338633150049 ], [ 26.682598541282005, 37.775427927087478 ], [ 26.68299675644311, 37.775476073061917 ], [ 26.683263389948774, 37.775498606462513 ], [ 26.683742613243997, 37.775419738425327 ], [ 26.683992511141717, 37.775353250534287 ], [ 26.684272496008646, 37.775246737282551 ], [ 26.684555583019364, 37.775225979339154 ], [ 26.684910462063982, 37.775321594434715 ], [ 26.685185606730847, 37.775454790698952 ], [ 26.685495432330168, 37.775723952394465 ], [ 26.685595608603304, 37.775628687236441 ], [ 26.685348766671627, 37.775355241222535 ], [ 26.685361371631654, 37.775265646520985 ], [ 26.685541746712151, 37.77513640980041 ], [ 26.686043861330951, 37.775067739453483 ], [ 26.686700582931337, 37.775038453589836 ], [ 26.68678265838567, 37.774942560387537 ], [ 26.686774925546136, 37.774886864350705 ], [ 26.686684334737595, 37.774838560196677 ], [ 26.686438192436782, 37.774783811336917 ], [ 26.686409015215894, 37.774777321667635 ], [ 26.686416292259747, 37.774689181749466 ], [ 26.686425144829521, 37.774581924503686 ], [ 26.686363815418943, 37.774575243367984 ], [ 26.686262311522103, 37.774564183699773 ], [ 26.686056530514627, 37.774604638031605 ], [ 26.685980106299741, 37.774484794053187 ], [ 26.686031020900366, 37.774397805551274 ], [ 26.686293666307609, 37.774434728331023 ], [ 26.686295107377269, 37.774426061469264 ], [ 26.686330661236294, 37.774212164662863 ], [ 26.6862159578749, 37.774137003677254 ], [ 26.686182988351057, 37.774115400287869 ], [ 26.685899233060816, 37.773993132200296 ], [ 26.68577603490932, 37.774074617505342 ], [ 26.685417109888242, 37.773932728010337 ], [ 26.685430851615145, 37.773863296482382 ], [ 26.685488287901084, 37.773800553110384 ], [ 26.685637154443956, 37.773792603657149 ], [ 26.685722110582173, 37.773788067701922 ], [ 26.685782871065921, 37.773761521653135 ], [ 26.685833084417187, 37.77370822879562 ], [ 26.685859685881649, 37.773631366614111 ], [ 26.685835245889567, 37.773553038544229 ], [ 26.685648716678127, 37.77337848487916 ], [ 26.685721750213578, 37.773280264361922 ], [ 26.685946466205152, 37.77336072513959 ], [ 26.686090996489572, 37.773354282693631 ], [ 26.686145076544683, 37.773296148285233 ], [ 26.686139462571223, 37.773213378122179 ], [ 26.686097961212305, 37.773157523879384 ], [ 26.686024596388549, 37.77305878975956 ], [ 26.686185286518604, 37.772884681901822 ], [ 26.686602038263707, 37.772582408201892 ], [ 26.686825973077692, 37.772462863149315 ], [ 26.687006723814083, 37.772477812066946 ], [ 26.687105576459501, 37.772451791489054 ], [ 26.68724473179833, 37.772415163600655 ], [ 26.687372633970014, 37.772297807007796 ], [ 26.687610297386847, 37.772225629641511 ], [ 26.687626934281376, 37.772191176046206 ], [ 26.68777792994544, 37.771878494607051 ], [ 26.688028989281708, 37.771994338853297 ], [ 26.688107067849355, 37.772025867865871 ], [ 26.688196631340045, 37.772062034211025 ], [ 26.688373228953399, 37.772127156595552 ], [ 26.68845901763753, 37.772015985988688 ], [ 26.688773987305762, 37.772170910743824 ], [ 26.688914062856067, 37.772058046406848 ], [ 26.688746227227302, 37.771902145197451 ], [ 26.688859379838906, 37.771792277787441 ], [ 26.689080197421418, 37.771918360468867 ], [ 26.689194300760981, 37.771834693440951 ], [ 26.689236400407211, 37.771836118967073 ], [ 26.689289569227572, 37.771836622974078 ], [ 26.68932633418099, 37.772055501056421 ], [ 26.689339903805376, 37.772111646809009 ], [ 26.689514168063187, 37.772252621093216 ], [ 26.689602972748659, 37.772316200244966 ], [ 26.689856178580285, 37.772354667916844 ], [ 26.690014869891659, 37.772331206732247 ], [ 26.690154966248063, 37.772324954793824 ], [ 26.690248634964696, 37.772310607382892 ], [ 26.690311972556394, 37.772148950096934 ], [ 26.690371233100215, 37.772139967031052 ], [ 26.690487371393228, 37.772215131329908 ], [ 26.690532448200692, 37.772305267375657 ], [ 26.690568287036211, 37.772432237239059 ], [ 26.69069734439741, 37.772545631079019 ], [ 26.690836814346376, 37.772614920799477 ], [ 26.690996630110185, 37.772582659030093 ], [ 26.69106599670318, 37.772640199843963 ], [ 26.691201583694347, 37.772801126104554 ], [ 26.691288564997471, 37.772814397025606 ], [ 26.691367376490994, 37.772801152314486 ], [ 26.691545657180249, 37.772814242865337 ], [ 26.691709669685153, 37.77283147514369 ], [ 26.691827103084275, 37.772823068237521 ], [ 26.692001273364429, 37.772855324549496 ], [ 26.69219903890345, 37.772875597539176 ], [ 26.69244723747509, 37.772961473984971 ], [ 26.692754282336406, 37.773013576430927 ], [ 26.693045471544934, 37.773025991288662 ], [ 26.693300095819687, 37.773023983097275 ], [ 26.693400739631805, 37.7730827137799 ], [ 26.69351826422994, 37.773142965052209 ], [ 26.693639359791348, 37.773235557620005 ], [ 26.693773409655261, 37.77328780238377 ], [ 26.693975426011427, 37.773292718630302 ], [ 26.694087707510736, 37.773274889647958 ], [ 26.694162390266012, 37.773214057635705 ], [ 26.69422031349751, 37.773088758557414 ], [ 26.694269392471895, 37.772984643261807 ], [ 26.694389115403641, 37.772840767523256 ], [ 26.694473466966915, 37.772781619672585 ], [ 26.69456995863025, 37.772726007739728 ], [ 26.694637645092442, 37.772671055321403 ], [ 26.694652371407393, 37.77256047803327 ], [ 26.69469298444271, 37.772408493391389 ], [ 26.694764826989683, 37.772269526714432 ], [ 26.694856316618655, 37.772142314572505 ], [ 26.694944169726771, 37.77196788918522 ], [ 26.695007461435353, 37.771858106329155 ], [ 26.695099780669032, 37.771753763175894 ], [ 26.695275240471954, 37.771662778068219 ], [ 26.695397735621725, 37.771542486388398 ], [ 26.695491828116989, 37.77148693035619 ], [ 26.695584975496608, 37.771405455292665 ], [ 26.695705679271814, 37.771341659450023 ], [ 26.695823203245368, 37.771296245134977 ], [ 26.695974616033915, 37.771178343337617 ], [ 26.696154193483377, 37.771094889173476 ], [ 26.696252088369672, 37.77109112280737 ], [ 26.696399936208604, 37.771139613389984 ], [ 26.696488910815145, 37.771207765338033 ], [ 26.696562391211355, 37.771219814747212 ], [ 26.696702964779838, 37.771173873156215 ], [ 26.696854024017973, 37.771152105413229 ], [ 26.697007505401235, 37.771144012757247 ], [ 26.697161908600126, 37.7711084330303 ], [ 26.697332122016487, 37.771084700358628 ], [ 26.697456016478821, 37.771055921730557 ], [ 26.697618933051078, 37.771043034551582 ], [ 26.697788665554278, 37.771058983190727 ], [ 26.697914130703317, 37.771126296832549 ], [ 26.69801538597148, 37.771162123302069 ], [ 26.698235735919287, 37.771089937298434 ], [ 26.698342713047449, 37.771018825107895 ], [ 26.698423027095455, 37.77095442736163 ], [ 26.698521878286002, 37.770871292338228 ], [ 26.698562598401185, 37.770881040695677 ], [ 26.698585166861093, 37.770920194559039 ], [ 26.698545095181188, 37.771034022520141 ], [ 26.6985293253022, 37.771128983759894 ], [ 26.698592373981416, 37.7711183849257 ], [ 26.698673940795512, 37.771035647646983 ], [ 26.698772034209636, 37.770984573324021 ], [ 26.698899697137566, 37.770900780308502 ], [ 26.699053266877513, 37.770842331181342 ], [ 26.699278341217401, 37.770794449032216 ], [ 26.699366112452612, 37.770723776049493 ], [ 26.699500065822814, 37.77060169258732 ], [ 26.699637606208189, 37.770525300646554 ], [ 26.6997493675958, 37.770480014716085 ], [ 26.699866409195703, 37.770474281112001 ], [ 26.699981110910205, 37.770509797144555 ], [ 26.700137432331754, 37.770474168312397 ], [ 26.700289225051751, 37.770366934097908 ], [ 26.700373263791668, 37.770299396440187 ], [ 26.700468043214311, 37.770262892054348 ], [ 26.700562823873693, 37.770226388261847 ], [ 26.700751847473473, 37.770191537869131 ], [ 26.700913228154416, 37.770189362971273 ], [ 26.701110402558403, 37.770219933752827 ], [ 26.701174192337568, 37.770282554134475 ], [ 26.701351613923709, 37.770457003990074 ], [ 26.701505769681667, 37.770625885701769 ], [ 26.701569690976218, 37.770744958383084 ], [ 26.701598845642565, 37.770875031730661 ], [ 26.701606425680751, 37.771030491539392 ], [ 26.701608524389968, 37.771193704875749 ], [ 26.701663288358379, 37.771325193528867 ], [ 26.701739123695557, 37.771454674350579 ], [ 26.701836250811745, 37.771588242702101 ], [ 26.701919302923468, 37.771651947614735 ], [ 26.701992343523251, 37.77165179833289 ], [ 26.702071730905594, 37.771614881454198 ], [ 26.702144690645756, 37.77155980464007 ], [ 26.70220849211427, 37.771517143980226 ], [ 26.702298980742015, 37.771521169133848 ], [ 26.702381810433405, 37.771578777724386 ], [ 26.702381490812595, 37.771728313355602 ], [ 26.702400819651171, 37.771889605659617 ], [ 26.702484927361841, 37.771982275173528 ], [ 26.702585632769818, 37.772002852977835 ], [ 26.702817214262009, 37.77202805296514 ], [ 26.702930439742474, 37.772075806886342 ], [ 26.703408081250522, 37.772470707616428 ], [ 26.703482680289536, 37.772548612942821 ], [ 26.703533074432897, 37.772551031156766 ], [ 26.70358516975595, 37.772567021283763 ], [ 26.703742656947895, 37.77261535732935 ], [ 26.703878692928566, 37.772721901766218 ], [ 26.704045258070945, 37.772842049785062 ], [ 26.704379261331152, 37.773106164696692 ], [ 26.704535001731607, 37.773176493384689 ], [ 26.704670306239265, 37.773180538436883 ], [ 26.704835098540894, 37.773169601121126 ], [ 26.70495848741788, 37.773176304386176 ], [ 26.705067206466119, 37.773167884764717 ], [ 26.705059695360234, 37.773093675773076 ], [ 26.705034899960289, 37.772874910241342 ], [ 26.704922890743124, 37.772438813053064 ], [ 26.704866295706331, 37.771998008504305 ], [ 26.704875232164035, 37.771666414296654 ], [ 26.704967189617228, 37.771387749654615 ], [ 26.705049872407042, 37.771266645662024 ], [ 26.705325096399843, 37.771071982524042 ], [ 26.70550141424998, 37.770965416268538 ], [ 26.705714612674743, 37.770881842924439 ], [ 26.705915284940428, 37.770784254275917 ], [ 26.706012709533379, 37.770655658530295 ], [ 26.706130841987232, 37.770435992898456 ], [ 26.706288417819383, 37.770227341513269 ], [ 26.706413979412581, 37.770129092331999 ], [ 26.706714156116586, 37.769960073359648 ], [ 26.707024812236618, 37.769831346644182 ], [ 26.707357430013193, 37.769728337634398 ], [ 26.707689872466823, 37.769620563311776 ], [ 26.707846048232792, 37.769538297645781 ], [ 26.707996004679277, 37.769367963564626 ], [ 26.708123913217623, 37.769169528129339 ], [ 26.708325408605738, 37.768847811736961 ], [ 26.708470101520206, 37.768615612738081 ], [ 26.708634625031753, 37.768433022801041 ], [ 26.708883255609795, 37.768250879759329 ], [ 26.709035209513448, 37.768135334518334 ], [ 26.709206731877199, 37.768062250323489 ], [ 26.709430700574536, 37.767945044924254 ], [ 26.709686460766751, 37.767793731957539 ], [ 26.70985097985179, 37.767611140797655 ], [ 26.710077947201764, 37.76732936516602 ], [ 26.710306740435758, 37.767097611821328 ], [ 26.710454253492408, 37.767025075608927 ], [ 26.710618074504442, 37.766987929742555 ], [ 26.710848171309223, 37.76695641004256 ], [ 26.711085790973794, 37.766884186514226 ], [ 26.711202948384873, 37.766802813799288 ], [ 26.711394988783354, 37.766633891138312 ], [ 26.711557022594658, 37.766465658558005 ], [ 26.711837168718965, 37.766242257558432 ], [ 26.712029554343772, 37.766082861250382 ], [ 26.712327916541824, 37.765782748644398 ], [ 26.712694506020494, 37.765459607990806 ], [ 26.712875234007893, 37.765310015206687 ], [ 26.713188900510094, 37.765100142465926 ], [ 26.713361146670973, 37.76496504884021 ], [ 26.713540955208686, 37.76470819255789 ], [ 26.713690494811573, 37.764444884598134 ], [ 26.713820682766489, 37.7642273175952 ], [ 26.713861114883809, 37.764018968878098 ], [ 26.713807483320849, 37.763784182951284 ], [ 26.713719278138466, 37.763507278593899 ], [ 26.713722658269074, 37.763271177644413 ], [ 26.713757223569395, 37.763148790213386 ], [ 26.713882975816368, 37.762974241709045 ], [ 26.713967593077552, 37.762824477718645 ], [ 26.713999070556461, 37.762699780422963 ], [ 26.71398979851686, 37.762528340943277 ], [ 26.713939904574854, 37.762231477907527 ], [ 26.713936024253023, 37.762043228585817 ], [ 26.713993983059911, 37.761903614929082 ], [ 26.714128735573151, 37.761728857601675 ], [ 26.714334016838542, 37.761511943158254 ], [ 26.714477159287799, 37.761320302211828 ], [ 26.714552770905573, 37.761170743232469 ], [ 26.714676651807498, 37.761027230760881 ], [ 26.71485328056654, 37.760930179751277 ], [ 26.715021868162069, 37.760859538865596 ], [ 26.715305429801809, 37.760812470174841 ], [ 26.715571597260954, 37.760782495172251 ], [ 26.715766664866305, 37.76069693805303 ], [ 26.715880281918874, 37.760601339693409 ], [ 26.716004072713744, 37.76045543960565 ], [ 26.716131594949786, 37.760247467513771 ], [ 26.716266288443432, 37.759989264537793 ], [ 26.716492775050263, 37.759695567717486 ], [ 26.716909364954347, 37.759345033913064 ], [ 26.717274472833722, 37.759064826414786 ], [ 26.717572836931772, 37.758848144695477 ], [ 26.717936858183254, 37.758620407853812 ], [ 26.718214618156008, 37.758497178521324 ], [ 26.718478943653281, 37.758417170822831 ], [ 26.718637352568084, 37.758396826023983 ], [ 26.718823722051088, 37.758402059991816 ], [ 26.719053440590439, 37.758360993346962 ], [ 26.719160875746937, 37.758260768194752 ], [ 26.719224823072778, 37.758121015210897 ], [ 26.719216063762261, 37.757963868686545 ], [ 26.719142519315792, 37.757841592984974 ], [ 26.718979576290486, 37.757738073650408 ], [ 26.718629829533548, 37.757617404740074 ], [ 26.718250341674388, 37.757504577403751 ], [ 26.71799008278353, 37.757367539852631 ], [ 26.717864924794458, 37.757229764752928 ], [ 26.717804641325262, 37.757059504163557 ], [ 26.717749730884542, 37.756707926249469 ], [ 26.717671379005569, 37.756290137425182 ], [ 26.717638046820117, 37.756035810999585 ], [ 26.717705640436925, 37.755831605089128 ], [ 26.717851415759263, 37.755630363003824 ], [ 26.718104412998208, 37.755405189530755 ], [ 26.718447798505021, 37.755106404169815 ], [ 26.718730008120289, 37.754859099998221 ], [ 26.719056469427752, 37.75450825607922 ], [ 26.719409545174141, 37.754228319582481 ], [ 26.719734537000956, 37.754001480095994 ], [ 26.720118831135178, 37.753754197946598 ], [ 26.720867546178557, 37.753291081506866 ], [ 26.721312447693606, 37.753059083467583 ], [ 26.721744121880615, 37.752794012434421 ], [ 26.721998582237514, 37.752609326108015 ], [ 26.722189339305601, 37.752407038897978 ], [ 26.72228985884766, 37.752364186523216 ], [ 26.722415076037368, 37.752339832868451 ], [ 26.722599391378786, 37.75237133618549 ], [ 26.722804939503245, 37.752490554054511 ], [ 26.722900413099197, 37.752593963409211 ], [ 26.723077882040315, 37.752766281079602 ], [ 26.723173040775347, 37.75290474298626 ], [ 26.723225905260225, 37.753118087050744 ], [ 26.723322024429105, 37.753282750680839 ], [ 26.723457350053412, 37.753370216169358 ], [ 26.723654717991817, 37.753430022977611 ], [ 26.723986042545462, 37.753458121001579 ], [ 26.724240703656651, 37.75344269529392 ], [ 26.724541182913971, 37.753366605203276 ], [ 26.724798609677137, 37.753262903480525 ], [ 26.72494281800363, 37.75318327544538 ], [ 26.72507592722712, 37.753046686039212 ], [ 26.725107295608858, 37.752919607094519 ], [ 26.725091563173365, 37.752736394518053 ], [ 26.72503234362788, 37.752513664034197 ], [ 26.724958005037966, 37.75212439561686 ], [ 26.724942154530524, 37.751774304037482 ], [ 26.724978437659299, 37.751208437668232 ], [ 26.725027918210294, 37.75075670254126 ], [ 26.72509524934474, 37.750218727621551 ], [ 26.725167447036085, 37.749895204398847 ], [ 26.725295715005288, 37.749708662139021 ], [ 26.725412443668414, 37.749567687826712 ], [ 26.725599694488022, 37.749358679773408 ], [ 26.725839336315339, 37.749098039342464 ], [ 26.726014435661121, 37.748960477054666 ], [ 26.726215021896401, 37.748862857570856 ], [ 26.726476830046913, 37.748797195726929 ], [ 26.726877273035921, 37.748663951209728 ], [ 26.727225752760749, 37.748505687604904 ], [ 26.727626655881384, 37.748303294132533 ], [ 26.727764326197622, 37.748209512108232 ], [ 26.72778940167472, 37.748156481176707 ], [ 26.727770176386855, 37.748123550129236 ], [ 26.727665443314269, 37.748133126932601 ], [ 26.727482160398168, 37.748211277252302 ], [ 26.727106770072965, 37.748372549287822 ], [ 26.726880700309593, 37.748430234745648 ], [ 26.726608144926089, 37.748448464980065 ], [ 26.726161156170644, 37.748458811199136 ], [ 26.726024558884983, 37.748500115675292 ], [ 26.725933047632619, 37.748542763406398 ], [ 26.725854673436515, 37.748616099543156 ], [ 26.725701796706961, 37.748786525260535 ], [ 26.725520345582222, 37.748914695154639 ], [ 26.725291642318233, 37.749025003452246 ], [ 26.725167964178226, 37.749058383551791 ], [ 26.725076579398344, 37.749074352511045 ], [ 26.724937613786189, 37.749071606177168 ], [ 26.724709558410339, 37.748993437847943 ], [ 26.724427728386324, 37.7487794324879 ], [ 26.724335472970104, 37.748617660633315 ], [ 26.724312462954295, 37.7485019665911 ], [ 26.724327280191819, 37.748394342769359 ], [ 26.724413563803925, 37.748291024075655 ], [ 26.724585366435132, 37.748063541806161 ], [ 26.724627451097078, 37.747880781001449 ], [ 26.724605713918798, 37.74759519504844 ], [ 26.724546334580939, 37.747408824481184 ], [ 26.724403802900202, 37.747206494370893 ], [ 26.724232728753105, 37.74694224228864 ], [ 26.724148666398232, 37.746696838497805 ], [ 26.724074399498019, 37.746513789670018 ], [ 26.723895136486679, 37.746333170227061 ], [ 26.723764367249281, 37.746246789549822 ], [ 26.723540398719436, 37.746177467286905 ], [ 26.723268885234678, 37.746142023395606 ], [ 26.723022490265496, 37.746177521183512 ], [ 26.722805002313422, 37.746182548736932 ], [ 26.722653918108669, 37.746156240083494 ], [ 26.722546521947187, 37.746093159851952 ], [ 26.722467378355738, 37.745981744267866 ], [ 26.722343276297185, 37.745770046395741 ], [ 26.722294061670418, 37.745553637732577 ], [ 26.722326867152958, 37.745424735044558 ], [ 26.722390253857633, 37.745208703595814 ], [ 26.722397940219217, 37.745008859318283 ], [ 26.722338132340017, 37.744810574935762 ], [ 26.722188805692518, 37.744524955100644 ], [ 26.722030960071546, 37.744314036338217 ], [ 26.721869979816244, 37.744222393443422 ], [ 26.721549291713036, 37.744176161077448 ], [ 26.721318814978105, 37.744133804110589 ], [ 26.721188597072974, 37.744062311207593 ], [ 26.721086196577037, 37.743930572217188 ], [ 26.721008447792503, 37.743652239418736 ], [ 26.72088474985123, 37.743553771962944 ], [ 26.720712523830151, 37.743462387363842 ], [ 26.720580958679186, 37.74345648587893 ], [ 26.720287024170467, 37.743525857126677 ], [ 26.720015521529692, 37.743490403540051 ], [ 26.719858078771288, 37.743392717453538 ], [ 26.719721278209448, 37.743243889607378 ], [ 26.719604253571735, 37.743020105642103 ], [ 26.719593852519093, 37.742838559534114 ], [ 26.719668561108893, 37.742726568247839 ], [ 26.719858854831152, 37.742594032616005 ], [ 26.720200439116958, 37.742493761509671 ], [ 26.720398667163277, 37.742372959557869 ], [ 26.720592596431917, 37.742237356090619 ], [ 26.720900541906921, 37.742140837784206 ], [ 26.721207137160441, 37.742109913846747 ], [ 26.721691271936901, 37.74211065130762 ], [ 26.721919669401359, 37.742096433231481 ], [ 26.722096705371946, 37.742011879634866 ], [ 26.722257103993137, 37.741883008387262 ], [ 26.722298278400739, 37.74177775393418 ], [ 26.722268360009906, 37.741575795532462 ], [ 26.722101247251683, 37.741111783989638 ], [ 26.721954806768956, 37.74080225543667 ], [ 26.721736949113321, 37.740387095651478 ], [ 26.721662735259301, 37.740102720942716 ], [ 26.721650407499983, 37.739766255350546 ], [ 26.721613429720254, 37.739576383237903 ], [ 26.721609829699396, 37.739478122930905 ], [ 26.721596199541491, 37.739428062509241 ], [ 26.721468068789147, 37.739290364294604 ], [ 26.721324591285558, 37.739143481168085 ], [ 26.721147389135627, 37.739059363658129 ], [ 26.720934191367807, 37.738976075382993 ], [ 26.720797063529449, 37.738838584941753 ], [ 26.720661190600676, 37.7386533808981 ], [ 26.72059439558307, 37.738468964624431 ], [ 26.720512394360263, 37.738361190892739 ], [ 26.72037223682398, 37.738304824946674 ], [ 26.720221387334412, 37.738284467651852 ], [ 26.719881045677447, 37.738254179466679 ], [ 26.719675473111195, 37.7382970730038 ], [ 26.719298334235752, 37.738491739790163 ], [ 26.718983137442248, 37.738656364793435 ], [ 26.718813383865978, 37.738693660692242 ], [ 26.71862293129281, 37.738657526411728 ], [ 26.718515505387781, 37.738593251137395 ], [ 26.718429166168615, 37.738530873472619 ], [ 26.718434938531875, 37.738442529023729 ], [ 26.718545855072499, 37.738192024787217 ], [ 26.718575485845733, 37.738017303428975 ], [ 26.718617847664945, 37.737780300824909 ], [ 26.718579782014789, 37.737478400758597 ], [ 26.718554811850176, 37.737288250247182 ], [ 26.718596614653134, 37.737118015748514 ], [ 26.718696488365687, 37.736893990955366 ], [ 26.718711347121683, 37.736807821698378 ], [ 26.718652475514837, 37.736675671094901 ], [ 26.718547827166969, 37.736523117739004 ], [ 26.718405930939539, 37.736419111424411 ], [ 26.718292423301079, 37.73635259199375 ], [ 26.718169481035904, 37.736274370971138 ], [ 26.718022458231324, 37.73619431814496 ], [ 26.717913606635161, 37.736172988159034 ], [ 26.71781171224152, 37.736177726316818 ], [ 26.717650090632894, 37.736190990671702 ], [ 26.717537281057805, 37.736143526890388 ], [ 26.717468853902037, 37.736078351193314 ], [ 26.717486886554006, 37.73599687683474 ], [ 26.717535177118165, 37.735921855576663 ], [ 26.717558385323404, 37.735914063623667 ], [ 26.717504415771344, 37.735883633775344 ], [ 26.717468510252843, 37.73588684846095 ], [ 26.717442647063201, 37.735918438548033 ], [ 26.717384102597681, 37.736041376844788 ], [ 26.717345856813598, 37.736144774813901 ], [ 26.717310958915625, 37.736257631753524 ], [ 26.717243626663596, 37.736304482235759 ], [ 26.717158733512811, 37.736363658424963 ], [ 26.717127917138647, 37.736423969503583 ], [ 26.717041591949243, 37.73652609392699 ], [ 26.716915315981975, 37.736602912503514 ], [ 26.716691449041956, 37.736720129441551 ], [ 26.71660064339358, 37.736781824926496 ], [ 26.716493358833898, 37.736803370050602 ], [ 26.716376032557793, 37.736796541313524 ], [ 26.716303521108724, 37.736783906332768 ], [ 26.716259202102929, 37.736762281866866 ], [ 26.716272369481281, 37.736730766935871 ], [ 26.716324395049718, 37.736606249860017 ], [ 26.716446436172177, 37.736249399437881 ], [ 26.716492195099793, 37.736023047865771 ], [ 26.716315071851188, 37.735612298851521 ], [ 26.716143683172046, 37.735112017502544 ], [ 26.716061378146687, 37.73483140117083 ], [ 26.715767996220929, 37.7343196255514 ], [ 26.71558169352555, 37.734027104106922 ], [ 26.7154645876935, 37.734026227568734 ], [ 26.715217922422461, 37.734053369191905 ], [ 26.715047349948168, 37.73406803063623 ], [ 26.714930766856288, 37.734081445618159 ], [ 26.714844702343914, 37.734190713018741 ], [ 26.71472277480845, 37.734304382090109 ], [ 26.714601953298359, 37.734325047337911 ], [ 26.714509883769658, 37.734269950805739 ], [ 26.714375755571332, 37.734172910157731 ], [ 26.714239403076139, 37.734056051343401 ], [ 26.714120269810802, 37.733876415112704 ], [ 26.71395588570854, 37.733690667683796 ], [ 26.713886276736126, 37.733568298907905 ], [ 26.71386212953178, 37.733605808867601 ], [ 26.7138522204535, 37.733663253850381 ], [ 26.713842919787172, 37.733737375281251 ], [ 26.713808928658462, 37.733792992509564 ], [ 26.713759505779777, 37.733837045084492 ], [ 26.713662614345569, 37.733896494233257 ], [ 26.713470874352897, 37.733989122819011 ], [ 26.71321784174383, 37.734047401375015 ], [ 26.713029838103662, 37.734077956218563 ], [ 26.712810232230328, 37.734147383557378 ], [ 26.712701343281157, 37.73420711001188 ], [ 26.712552765145613, 37.734248674666901 ], [ 26.712235612477908, 37.734277435653333 ], [ 26.712057039794246, 37.73431969375185 ], [ 26.711906158984483, 37.734380385256657 ], [ 26.711702938435195, 37.734487578451223 ], [ 26.71144777316081, 37.734569742980327 ], [ 26.711208123951003, 37.734665853490377 ], [ 26.711095276423105, 37.734699444544674 ], [ 26.710951392538735, 37.734705138932405 ], [ 26.710806290728982, 37.734677484259187 ], [ 26.710671838819675, 37.734694884416136 ], [ 26.710543299169043, 37.734709763006983 ], [ 26.710473877530895, 37.734699439707171 ], [ 26.710400762103671, 37.734670128101229 ], [ 26.710390374327986, 37.734632220347365 ], [ 26.710406371923085, 37.734577020643506 ], [ 26.710454668022027, 37.73450200191057 ], [ 26.710494226722645, 37.734434337459788 ], [ 26.710488620423053, 37.734362943520281 ], [ 26.710418809839389, 37.734259649977346 ], [ 26.710403684086927, 37.734174171400241 ], [ 26.710417467814672, 37.733975974099366 ], [ 26.710426315042877, 37.733875786784147 ], [ 26.709925279034795, 37.733821750020311 ], [ 26.709724507117908, 37.733769749057409 ], [ 26.709234069297484, 37.733697586007303 ], [ 26.708914517751129, 37.73368109465153 ], [ 26.708634955166616, 37.733732222468923 ], [ 26.708375765566799, 37.733827587404498 ], [ 26.7082048210431, 37.733873238727909 ], [ 26.708035129544598, 37.733850316555866 ], [ 26.707883202217459, 37.733791848976651 ], [ 26.707852453622717, 37.733780015223026 ], [ 26.707772775868769, 37.73373119518385 ], [ 26.707828856823948, 37.733622621048212 ], [ 26.707807388323779, 37.733527751953993 ], [ 26.707753272602144, 37.733443168658404 ], [ 26.707493427694661, 37.733232186108829 ], [ 26.707190898904301, 37.733003116319388 ], [ 26.707061763375592, 37.732836813036528 ], [ 26.707032302201636, 37.732687290447672 ], [ 26.707109861847183, 37.732509087776535 ], [ 26.707130954692168, 37.732346484790057 ], [ 26.707090970138157, 37.73223773514426 ], [ 26.706997866244315, 37.732154047287075 ], [ 26.706836163139251, 37.732164914750186 ], [ 26.706630512655074, 37.732205400503837 ], [ 26.706378396582412, 37.732206425721046 ], [ 26.706225815635268, 37.732302911340625 ], [ 26.706151302597778, 37.732399986519241 ], [ 26.706142873696869, 37.732501250576711 ], [ 26.706198163447443, 37.732535740902101 ], [ 26.706257059164248, 37.732586836530274 ], [ 26.706286395746382, 37.732650532675933 ], [ 26.706282652395604, 37.732712606531486 ], [ 26.706236224512232, 37.732756586955446 ], [ 26.706133156489066, 37.732811404788606 ], [ 26.705974315245374, 37.732900881203328 ], [ 26.705849419906997, 37.733015802221622 ], [ 26.705727438006384, 37.73312827216845 ], [ 26.705635846045265, 37.733168521342954 ], [ 26.705551775842597, 37.733168064813128 ], [ 26.705456723111645, 37.73315356662561 ], [ 26.705415937404684, 37.733147344771069 ], [ 26.70530135405469, 37.733133287485764 ], [ 26.705224239189086, 37.733158900483389 ], [ 26.705127688738671, 37.733227873691376 ], [ 26.705029785799301, 37.733342172957791 ], [ 26.704916540359974, 37.733447289820511 ], [ 26.704831552445917, 37.733504076116937 ], [ 26.704716310791593, 37.73355440281636 ], [ 26.70448908762619, 37.733662136601843 ], [ 26.704081067651217, 37.733833621634624 ], [ 26.703715436575607, 37.733932606540812 ], [ 26.7034267948554, 37.734001488921393 ], [ 26.703101466957005, 37.733927626097866 ], [ 26.702958042894242, 37.733863446278605 ], [ 26.702852165756774, 37.733758593154221 ], [ 26.702718599002377, 37.733635299761062 ], [ 26.702553079030086, 37.73354134962586 ], [ 26.702349002599906, 37.733460204302965 ], [ 26.702020651245171, 37.733346145656405 ], [ 26.701501089582944, 37.733174487533297 ], [ 26.700974924948, 37.732986289434599 ], [ 26.700836230447379, 37.73288695384975 ], [ 26.700702150690937, 37.732749363703832 ], [ 26.700572423848143, 37.732566380089715 ], [ 26.700483160951297, 37.732422996949538 ], [ 26.700335439893806, 37.732240423572847 ], [ 26.700124820755867, 37.732061676446335 ], [ 26.699949617112079, 37.731948869370036 ], [ 26.699738452712488, 37.73192033326071 ], [ 26.69955909954087, 37.731941132445499 ], [ 26.699324576165349, 37.732013260957402 ], [ 26.698933942259856, 37.732167641873012 ], [ 26.698777487489853, 37.732240364424186 ], [ 26.698621261674301, 37.732236790909852 ], [ 26.698421576280165, 37.732193683441849 ], [ 26.698193252408519, 37.732105932914358 ], [ 26.697973176811704, 37.732079980715937 ], [ 26.697830505341749, 37.732119009581112 ], [ 26.697678491189038, 37.732148715536439 ], [ 26.697494579060901, 37.732126702804813 ], [ 26.697327454277126, 37.732070926951678 ], [ 26.697019334461238, 37.731934935445921 ], [ 26.696776853828872, 37.731787904753055 ], [ 26.696281775239289, 37.731463075563198 ], [ 26.69600855354475, 37.731378736297337 ], [ 26.69569472476568, 37.73133346540191 ], [ 26.695570455944562, 37.731300549302006 ], [ 26.695477452249612, 37.731219232827755 ], [ 26.695312675641222, 37.730979827064921 ], [ 26.695249900621025, 37.730821528771884 ], [ 26.695172017786767, 37.730577748666818 ], [ 26.695025845008988, 37.730354603377506 ], [ 26.694916895508261, 37.730247426041764 ], [ 26.694684719662114, 37.730135917600045 ], [ 26.694579548308653, 37.730050111825165 ], [ 26.694471873516616, 37.729895223255291 ], [ 26.694325034457712, 37.729736462253513 ], [ 26.694211989654356, 37.729681830419189 ], [ 26.694058337111727, 37.729666271632645 ], [ 26.693909670205869, 37.729705432546972 ], [ 26.693788946726563, 37.729770180448909 ], [ 26.693729761456538, 37.729876434132301 ], [ 26.693645977452508, 37.729966559523568 ], [ 26.69357572231225, 37.730015848795716 ], [ 26.693458578819644, 37.730013759887058 ], [ 26.693388646490956, 37.729989132038547 ], [ 26.693302162637558, 37.729921971606387 ], [ 26.693125425436957, 37.729749597330006 ], [ 26.693171515071768, 37.729893396759856 ], [ 26.693156517419439, 37.730017419662126 ], [ 26.693132191951552, 37.73006056729627 ], [ 26.693021441763008, 37.730218260836288 ], [ 26.692831779094718, 37.730111456839488 ], [ 26.692764258549211, 37.730073433204588 ], [ 26.692460231508569, 37.729967137018669 ], [ 26.692247262543482, 37.729888560380218 ], [ 26.692206483551409, 37.729591480092594 ], [ 26.692139910990949, 37.729522428013773 ], [ 26.691992836751066, 37.729369871071754 ], [ 26.691538205535732, 37.729249135512475 ], [ 26.691268160045684, 37.729157136988242 ], [ 26.691214092999392, 37.729167380163695 ], [ 26.691170584521863, 37.729251574098228 ], [ 26.691021269196199, 37.729272864181148 ], [ 26.690970507879374, 37.729321704947957 ], [ 26.690678945254646, 37.729352205453303 ], [ 26.690339618529737, 37.729431478673725 ], [ 26.690161819769383, 37.729495142697203 ], [ 26.689958508040576, 37.729475944574268 ], [ 26.689995542313369, 37.729316236405133 ], [ 26.68992968345086, 37.729282612240247 ], [ 26.689876832648537, 37.729190838669091 ], [ 26.689855667635282, 37.729095629710322 ], [ 26.689679169836033, 37.729503191378988 ], [ 26.688893315387002, 37.729685635980111 ], [ 26.688568826951098, 37.729428407369262 ], [ 26.688320200242053, 37.729276729892561 ], [ 26.688157515195364, 37.729509316129288 ], [ 26.68788551512564, 37.729458303703204 ], [ 26.687800091177984, 37.72908833286408 ], [ 26.687773567069584, 37.728852911663779 ], [ 26.687891583288589, 37.728770755525431 ], [ 26.688230331079826, 37.728534941588237 ], [ 26.688330805561442, 37.728325231180619 ], [ 26.687948462723853, 37.727962036120751 ], [ 26.687725849209201, 37.728031484398265 ], [ 26.687485968946852, 37.727872455529145 ], [ 26.687694932404735, 37.727674574642315 ], [ 26.687253443060946, 37.727169679937028 ], [ 26.686991223989448, 37.727139900537985 ], [ 26.686806624913263, 37.727015368989974 ], [ 26.686749955938662, 37.726885679946015 ], [ 26.686688548587931, 37.72690114257783 ], [ 26.686656644019997, 37.726897312466946 ], [ 26.686644153514674, 37.726890727119375 ], [ 26.686606850540372, 37.726871062896507 ], [ 26.686575137570664, 37.726824103359235 ], [ 26.686582938690698, 37.726728561907471 ], [ 26.686481036368214, 37.72650439422484 ], [ 26.686406129555646, 37.726300475586108 ], [ 26.686410290555713, 37.726207995899571 ], [ 26.68652346974152, 37.726189117293842 ], [ 26.686638612609858, 37.726052980655474 ], [ 26.686760010835286, 37.725923853252986 ], [ 26.686832319577348, 37.725848298546211 ], [ 26.686889531432637, 37.725687258978418 ], [ 26.687022049503597, 37.725450594927942 ], [ 26.687050906478269, 37.72533549990461 ], [ 26.687045323206053, 37.725264104263893 ], [ 26.686985670625706, 37.725191558212046 ], [ 26.686936823847397, 37.72516883073321 ], [ 26.686703756855557, 37.725197986965156 ], [ 26.6866075275851, 37.725193029395108 ], [ 26.686522521573099, 37.725166358553267 ], [ 26.6864581624511, 37.72512967840062 ], [ 26.686416505210477, 37.725056722928372 ], [ 26.686319795787192, 37.724869515015492 ], [ 26.686183431806363, 37.724667594639293 ], [ 26.686036020045677, 37.724492147547345 ], [ 26.685910634038464, 37.724344807333203 ], [ 26.685833592387063, 37.724289345135325 ], [ 26.685769580168326, 37.724262194226384 ], [ 26.685664097441482, 37.724250294977047 ], [ 26.685502320296603, 37.724258752006961 ], [ 26.685384669244403, 37.724242360126453 ], [ 26.68531457174489, 37.724212964350713 ], [ 26.6853061648169, 37.724146398754996 ], [ 26.685357049744422, 37.724059413947231 ], [ 26.685451972122248, 37.723945195803822 ], [ 26.685485120141895, 37.723865766669064 ], [ 26.685494091125044, 37.723698675173239 ], [ 26.685522420450326, 37.723485843583489 ], [ 26.68556361723785, 37.723380003276368 ], [ 26.68561945390994, 37.723180850197032 ], [ 26.685631595220091, 37.723018454496497 ], [ 26.685618009591312, 37.722725518218134 ], [ 26.685584476964646, 37.722545089119826 ], [ 26.685500222231365, 37.722372973342083 ], [ 26.68540971062265, 37.722193843681907 ], [ 26.685256479766796, 37.722023296872983 ], [ 26.685131445204696, 37.721885484020454 ], [ 26.685059284648407, 37.721798916796288 ], [ 26.685036484661914, 37.721749370903041 ], [ 26.685040848248743, 37.721703973587651 ], [ 26.685096193234298, 37.721657413455198 ], [ 26.685216825847238, 37.721590293048891 ], [ 26.685374983133539, 37.721481787989788 ], [ 26.685459456857192, 37.721410723750829 ], [ 26.685512662800917, 37.7213880522606 ], [ 26.685479201196035, 37.721278748951981 ], [ 26.685440459854821, 37.721203341707636 ], [ 26.685413628456669, 37.721125278062047 ], [ 26.685344209450868, 37.721031496238375 ], [ 26.685181984686782, 37.72086115339517 ], [ 26.685159530006771, 37.720821135555681 ], [ 26.685105279215662, 37.720731774240214 ], [ 26.685069106764129, 37.720644388539647 ], [ 26.684993777714723, 37.720553125076734 ], [ 26.684868671743548, 37.720496373704762 ], [ 26.684732087018389, 37.720454186091239 ], [ 26.684645376823077, 37.720463315736936 ], [ 26.684639391259108, 37.720546896485494 ], [ 26.684589958780883, 37.720590936617825 ], [ 26.684491166207891, 37.72059795603662 ], [ 26.684386967829198, 37.720538344244027 ], [ 26.684281489980606, 37.720526442429765 ], [ 26.684200272685427, 37.720604583909967 ], [ 26.684099687317339, 37.720645021496203 ], [ 26.684054283906914, 37.720717578579936 ], [ 26.683956954980495, 37.720765094236192 ], [ 26.683934769347644, 37.720815665546105 ], [ 26.683928180619919, 37.720882570270163 ], [ 26.683940360331395, 37.720970505114202 ], [ 26.683930513830528, 37.721030331802424 ], [ 26.683899847993636, 37.721095401893848 ], [ 26.683600332194928, 37.721125970351579 ], [ 26.683466736228187, 37.721149993445927 ], [ 26.683366807048603, 37.721241909593601 ], [ 26.683334810799515, 37.72135326299022 ], [ 26.683257976144354, 37.721419860265165 ], [ 26.683184970180168, 37.721392914447165 ], [ 26.683145266347143, 37.721351615223014 ], [ 26.683158444790287, 37.721217804124784 ], [ 26.683118847093368, 37.721118574588168 ], [ 26.683088848334933, 37.721035814098485 ], [ 26.683000664160087, 37.720920998305964 ], [ 26.682907946256943, 37.720846822002969 ], [ 26.682816087472116, 37.720796462208618 ], [ 26.682714457442394, 37.720724869663513 ], [ 26.682626616289607, 37.720660487275666 ], [ 26.682601188600003, 37.720728173406954 ], [ 26.682566405172114, 37.720762343821796 ], [ 26.682533673778305, 37.720770238723155 ], [ 26.682434366233664, 37.720762965721313 ], [ 26.682397691857869, 37.720744727420836 ], [ 26.682359212491505, 37.72067646460826 ], [ 26.682313110156226, 37.720646521010586 ], [ 26.682224595302948, 37.720605621967302 ], [ 26.682163499470214, 37.720576019491432 ], [ 26.682140272125601, 37.72051456128932 ], [ 26.682137263963618, 37.720431186494729 ], [ 26.682086532782659, 37.720356050073747 ], [ 26.682002725349939, 37.720279282157044 ], [ 26.681842657742308, 37.720168488852124 ], [ 26.681697326879064, 37.720050206223746 ], [ 26.681582931207313, 37.719957446896224 ], [ 26.681467685006997, 37.719924307947885 ], [ 26.681343270483382, 37.719886610091116 ], [ 26.68130256654462, 37.719839854275683 ], [ 26.681272998363468, 37.71976900388826 ], [ 26.681251568907111, 37.719674127219022 ], [ 26.681176846746911, 37.71959953566666 ], [ 26.681057141305448, 37.719525967664794 ], [ 26.680884058727731, 37.719470304707684 ], [ 26.680699752656928, 37.719436352132483 ], [ 26.680543211586983, 37.719423225015873 ], [ 26.680394470659532, 37.719459987175853 ], [ 26.68025463874238, 37.719494161344848 ], [ 26.680152163007126, 37.719482186997944 ], [ 26.680039143391742, 37.719427540789717 ], [ 26.679928952468799, 37.719368060093217 ], [ 26.679829903668512, 37.719367928597677 ], [ 26.679605932283383, 37.719399247688756 ], [ 26.679409810868368, 37.719453771996186 ], [ 26.679253789569326, 37.719538383206789 ], [ 26.679093486837399, 37.719670769979409 ], [ 26.678988789800943, 37.719763744600435 ], [ 26.678935496947503, 37.719784031142744 ], [ 26.678847499127755, 37.719757422797265 ], [ 26.67879771404716, 37.719708489203342 ], [ 26.678742870168847, 37.719602449731802 ], [ 26.678733434224881, 37.719423857355167 ], [ 26.678747302124421, 37.71922566018187 ], [ 26.678726990840861, 37.719161752016717 ], [ 26.678632305075304, 37.719032778233661 ], [ 26.678548841489285, 37.718882092442591 ], [ 26.678550462802892, 37.718760465949273 ], [ 26.67854753295051, 37.718512584077217 ], [ 26.678544266629704, 37.718338617277183 ], [ 26.678492252129814, 37.718227747903057 ], [ 26.67838463310672, 37.718156288109647 ], [ 26.678275902355733, 37.718137301209772 ], [ 26.678147296390282, 37.718149760846458 ], [ 26.678004383478601, 37.718181620260964 ], [ 26.677854699872661, 37.718192175813996 ], [ 26.67772651874489, 37.718133101701113 ], [ 26.677621076930489, 37.718072080857176 ], [ 26.677543961302895, 37.717997542200365 ], [ 26.677485779282598, 37.717898729584419 ], [ 26.677361791586733, 37.717706052030799 ], [ 26.677229065358979, 37.717520723900577 ], [ 26.67717954090066, 37.717478935169368 ], [ 26.677100799939932, 37.717459266573485 ], [ 26.676932095379435, 37.717441642875798 ], [ 26.676718151266858, 37.717417893477617 ], [ 26.676437461765239, 37.717374203364194 ], [ 26.676302172629207, 37.717367740825175 ], [ 26.676221635697893, 37.717381491974791 ], [ 26.676134156169834, 37.717369173892521 ], [ 26.676010432834389, 37.717350526621011 ], [ 26.675873004167805, 37.717367952886136 ], [ 26.675775157521727, 37.717401168682905 ], [ 26.675640725657736, 37.717418526506215 ], [ 26.675543564219495, 37.717387352766195 ], [ 26.675396536225961, 37.717304865562596 ], [ 26.675258589821127, 37.717224554394861 ], [ 26.675181048938335, 37.717154791635998 ], [ 26.675112675480872, 37.71700614504136 ], [ 26.67506914909368, 37.716964219412873 ], [ 26.674983727510526, 37.716925627960769 ], [ 26.674830275265293, 37.716914807265702 ], [ 26.674562011907309, 37.716882752286615 ], [ 26.674398793026477, 37.716850692315589 ], [ 26.674234460725735, 37.716787670158425 ], [ 26.674118021954254, 37.71672117151401 ], [ 26.673972281196701, 37.716590971042535 ], [ 26.673886174560415, 37.716533322884544 ], [ 26.673813432977752, 37.716513514731041 ], [ 26.673699051257472, 37.716504191172376 ], [ 26.673575501756588, 37.716490306121365 ], [ 26.673395662958821, 37.716413323931057 ], [ 26.673261662367466, 37.716359148503273 ], [ 26.673181467252746, 37.71629897899453 ], [ 26.673149681815683, 37.716249636400015 ], [ 26.673095562075847, 37.71629005310092 ], [ 26.672958131639202, 37.716390919507113 ], [ 26.672861313360528, 37.716494440128606 ], [ 26.67278527457632, 37.716424641610892 ], [ 26.672668860440762, 37.716317017535367 ], [ 26.672579434714482, 37.716229642136554 ], [ 26.672509450139557, 37.716136221468808 ], [ 26.672312051994595, 37.71590467341121 ], [ 26.672066717317719, 37.715717123300031 ], [ 26.671882684407411, 37.715606859429023 ], [ 26.671705332299251, 37.715557239380985 ], [ 26.671529778644089, 37.715557643108454 ], [ 26.671314382211296, 37.715576828880792 ], [ 26.671095259047092, 37.715617561471909 ], [ 26.670947977866579, 37.715653086227455 ], [ 26.670746333935455, 37.71567076952028 ], [ 26.670571464910044, 37.715648506432174 ], [ 26.67042384768466, 37.71554933467192 ], [ 26.670333548091872, 37.715458403449254 ], [ 26.670239483291947, 37.715262653510067 ], [ 26.670233233481092, 37.715172196021364 ], [ 26.670285157239018, 37.71511380246551 ], [ 26.670331340394011, 37.715062690508603 ], [ 26.670371526066237, 37.715011713210984 ], [ 26.670399116804163, 37.714944332846841 ], [ 26.670372218518803, 37.714863881524614 ], [ 26.670276179355483, 37.714780230869486 ], [ 26.670188019341779, 37.714748850358241 ], [ 26.670103200421369, 37.714726931730716 ], [ 26.669989420229925, 37.714734276288375 ], [ 26.669819520861772, 37.714766737806762 ], [ 26.669672498811551, 37.714767685590751 ], [ 26.669581854171366, 37.714750663861288 ], [ 26.669471248469609, 37.714679264582429 ], [ 26.669325686499814, 37.714637263336698 ], [ 26.669263915788839, 37.714588597231376 ], [ 26.669219112897807, 37.714510936172104 ], [ 26.669196417182317, 37.714380324585647 ], [ 26.6691568416386, 37.714281087968544 ], [ 26.669040668345371, 37.714221733279963 ], [ 26.668913781577029, 37.714198381067945 ], [ 26.668759909150264, 37.714175641247067 ], [ 26.668681266320448, 37.714074905977597 ], [ 26.668619761867337, 37.714044073538233 ], [ 26.668548135097016, 37.714055230698527 ], [ 26.66843915103285, 37.714112535836783 ], [ 26.668356299049094, 37.714145405725901 ], [ 26.668298555254793, 37.714125253918901 ], [ 26.66821562386917, 37.714072297945364 ], [ 26.668125920404826, 37.71408148145094 ], [ 26.668049842610099, 37.714052210235863 ], [ 26.667835738916281, 37.714023682294169 ], [ 26.667791955717455, 37.714058049377734 ], [ 26.667705764023207, 37.714099710308574 ], [ 26.667628224970237, 37.714095136241482 ], [ 26.667534582208525, 37.714078182651583 ], [ 26.667325178642223, 37.714029248281946 ], [ 26.667309412538867, 37.714001214492519 ], [ 26.667220066563438, 37.713853041227537 ], [ 26.667098163160041, 37.713717521868354 ], [ 26.66701044048212, 37.713614606504464 ], [ 26.666965127167462, 37.713522651231251 ], [ 26.666917259562084, 37.713275786607142 ], [ 26.666885307338653, 37.713221675328064 ], [ 26.66675604028049, 37.713048176281966 ], [ 26.666688797598859, 37.712930492973591 ], [ 26.666546862579821, 37.712654763676582 ], [ 26.666376917128257, 37.712351058049045 ], [ 26.666320140894136, 37.712106777873664 ], [ 26.666201599960718, 37.711813829939516 ], [ 26.666072850821312, 37.711654623456212 ], [ 26.665987874667426, 37.711544492554765 ], [ 26.665893827345478, 37.71134873880537 ], [ 26.665844929648696, 37.711156731590208 ], [ 26.665832025252008, 37.710880465720386 ], [ 26.665847987346794, 37.710655997362878 ], [ 26.665865656588892, 37.710479170540815 ], [ 26.665837568992952, 37.710365371046045 ], [ 26.66577169573921, 37.710285800748245 ], [ 26.665636003943376, 37.710183969490899 ], [ 26.665530211515872, 37.710079078459891 ], [ 26.665517032226738, 37.709962552166665 ], [ 26.665514650746022, 37.70981240621844 ], [ 26.665508491395279, 37.709674030765633 ], [ 26.665469468534081, 37.709673720710413 ], [ 26.665391250356333, 37.709668337071413 ], [ 26.665144263558844, 37.709642930005963 ], [ 26.664857953432449, 37.709608876389261 ], [ 26.664603507050391, 37.709626551891247 ], [ 26.664391636374368, 37.709659950361377 ], [ 26.664206582413094, 37.709687976446624 ], [ 26.663949320634433, 37.709703172893228 ], [ 26.663695556543171, 37.709739901080248 ], [ 26.663605004142788, 37.709725260387444 ], [ 26.663507003797172, 37.70967025666004 ], [ 26.66325943133084, 37.709544727193972 ], [ 26.663106350127048, 37.709459972235791 ], [ 26.662983851618417, 37.709391217845869 ], [ 26.662826904614455, 37.709366156798801 ], [ 26.662645204211319, 37.709320194314309 ], [ 26.662425119353653, 37.709291791368329 ], [ 26.662102915240382, 37.709260924049865 ], [ 26.661905453703856, 37.709193861978676 ], [ 26.661685981492379, 37.709098688614191 ], [ 26.661457854659151, 37.709013241759791 ], [ 26.661337489591517, 37.709004043254467 ], [ 26.66112176784981, 37.709013683465635 ], [ 26.661043210698775, 37.708998766578567 ], [ 26.660855343703695, 37.708948175675751 ], [ 26.660504706608595, 37.708877417966612 ], [ 26.660278626207688, 37.708849143200062 ], [ 26.660080231262381, 37.708833485153285 ], [ 26.66000552528439, 37.708842324901944 ], [ 26.659889692198028, 37.708875933736394 ], [ 26.65975397577181, 37.708940984261929 ], [ 26.659614751516781, 37.708991808884612 ], [ 26.659537301739906, 37.709007861554618 ], [ 26.659399028482113, 37.709001444449612 ], [ 26.659319347997872, 37.709039006851341 ], [ 26.659205216762601, 37.709120257754257 ], [ 26.659076349381202, 37.709208995856827 ], [ 26.65897233823852, 37.709237567383475 ], [ 26.658846400405697, 37.709240409922714 ], [ 26.658728863620755, 37.709226372682963 ], [ 26.658527026574149, 37.709204702293398 ], [ 26.65840666090919, 37.709195496486601 ], [ 26.65834488291264, 37.70923026614161 ], [ 26.658266053239938, 37.709291649480832 ], [ 26.658189283597984, 37.709326759153434 ], [ 26.658100435197365, 37.709359756871812 ], [ 26.658064454749862, 37.709390013125201 ], [ 26.658043164931893, 37.70937368538516 ], [ 26.657929784485415, 37.709291249443147 ], [ 26.657815898187096, 37.70919463638451 ], [ 26.657727920816885, 37.709084091465741 ], [ 26.657579823162305, 37.709037842812855 ], [ 26.657410203952562, 37.708993986048561 ], [ 26.657347579066702, 37.708921010916974 ], [ 26.657332929017134, 37.708846959636219 ], [ 26.657334225136314, 37.708799247165047 ], [ 26.65729860409591, 37.708726140752354 ], [ 26.657255007477186, 37.708681827495575 ], [ 26.657173536931992, 37.708669360541712 ], [ 26.657085180097173, 37.708800094918175 ], [ 26.657030165605587, 37.708856170164331 ], [ 26.656921114057887, 37.708827635778661 ], [ 26.656799557573109, 37.708785076593202 ], [ 26.656697382205692, 37.70874162759867 ], [ 26.656690207748049, 37.708729303998361 ], [ 26.656633852579304, 37.708663819323881 ], [ 26.6565336453308, 37.708546870334182 ], [ 26.656460596327303, 37.708434081798266 ], [ 26.656356371310181, 37.708288612645902 ], [ 26.656332116557031, 37.708228138685577 ], [ 26.656253177701458, 37.708034417846378 ], [ 26.656099296996416, 37.707758945170241 ], [ 26.656050853155314, 37.707578842253703 ], [ 26.655991585419557, 37.707515807381611 ], [ 26.655899420607469, 37.70745589961696 ], [ 26.655802434292866, 37.707443054561409 ], [ 26.655713587572539, 37.707476051809117 ], [ 26.655546523937751, 37.707503656465313 ], [ 26.655301161906074, 37.707523492479311 ], [ 26.655177120800847, 37.707495293943751 ], [ 26.655054375690604, 37.707419383918989 ], [ 26.654782264835251, 37.707194255069233 ], [ 26.654505201886138, 37.706914401105855 ], [ 26.654373463609677, 37.706838692373537 ], [ 26.654187839153789, 37.706766579713346 ], [ 26.653849806928921, 37.706712208908634 ], [ 26.653367849550413, 37.706661074916632 ], [ 26.652912709267348, 37.706604564223568 ], [ 26.65239083999171, 37.706528101803798 ], [ 26.652166409040831, 37.706461629745696 ], [ 26.652123072408209, 37.706424460922399 ], [ 26.652103918059542, 37.706308069832048 ], [ 26.652120490117625, 37.706183722115902 ], [ 26.652097377914593, 37.706124638965449 ], [ 26.652046685188225, 37.70604948735506 ], [ 26.651892433662233, 37.70593136940483 ], [ 26.651495169244996, 37.705730504917121 ], [ 26.65127306037267, 37.705644906629203 ], [ 26.65095695623803, 37.705616254537766 ], [ 26.650780843322071, 37.705558230825766 ], [ 26.650731086503193, 37.705509282808087 ], [ 26.650700280519189, 37.705402691397836 ], [ 26.650678178911789, 37.705228789787618 ], [ 26.650603008427026, 37.704988729647425 ], [ 26.650574800133313, 37.704955032556768 ], [ 26.65042583645268, 37.704816766162935 ], [ 26.650081646834327, 37.704555577683287 ], [ 26.649709813264629, 37.704276413655997 ], [ 26.64948305542649, 37.704076953955308 ], [ 26.649177568031092, 37.703840641763193 ], [ 26.648989082686203, 37.703704692667834 ], [ 26.648831044251736, 37.703665330123847 ], [ 26.64869766489171, 37.703661176844321 ], [ 26.648559804544359, 37.70368286956792 ], [ 26.648426668853546, 37.703716400718108 ], [ 26.648277228726858, 37.703670753133657 ], [ 26.648122494225973, 37.7036398981258 ], [ 26.647940288877468, 37.703579145021045 ], [ 26.647758695464056, 37.703535542977875 ], [ 26.647604008602631, 37.703478385402498 ], [ 26.647564490258524, 37.703548413299927 ], [ 26.647464074599274, 37.703593583282256 ], [ 26.647357067343943, 37.703622212575745 ], [ 26.647205850420299, 37.703673292154456 ], [ 26.647028864221127, 37.703674884391113 ], [ 26.646714666169409, 37.703615186461079 ], [ 26.646115153549157, 37.703464145803139 ], [ 26.645712226447809, 37.703356370286166 ], [ 26.645198618496735, 37.703258230584439 ], [ 26.644745485525558, 37.703173037384666 ], [ 26.644368954038988, 37.703047975801589 ], [ 26.643961052189955, 37.702968916233836 ], [ 26.643456019440471, 37.702858655586333 ], [ 26.642783034990863, 37.702666331694445 ], [ 26.642033031762832, 37.70250195578663 ], [ 26.641495992202536, 37.702335185599452 ], [ 26.641262417255511, 37.702264128975486 ], [ 26.641075003576539, 37.702225415181211 ], [ 26.641033995893658, 37.702169114364636 ], [ 26.64103728503521, 37.702092749010674 ], [ 26.641037915894938, 37.702025978503201 ], [ 26.640977396446001, 37.701927201800423 ], [ 26.64087249725906, 37.70184610870033 ], [ 26.640844159180521, 37.701808596958237 ], [ 26.6408786151325, 37.701764910341836 ], [ 26.640877347247823, 37.701729176727568 ], [ 26.64083933876962, 37.70167280929639 ], [ 26.640809310207313, 37.701587653649781 ], [ 26.640789038335658, 37.701523736729285 ], [ 26.640703817837426, 37.70148988372712 ], [ 26.640639548163801, 37.701539007429915 ], [ 26.640585495315751, 37.701537833871697 ], [ 26.640521432950234, 37.701508275973765 ], [ 26.640507156918439, 37.701444223597406 ], [ 26.640485362338914, 37.70133742691506 ], [ 26.640466441809973, 37.701311624334586 ], [ 26.640391318897688, 37.701308539973468 ], [ 26.640260448326522, 37.701256636885887 ], [ 26.640134646934357, 37.701178395632589 ], [ 26.640078311676536, 37.701112901040979 ], [ 26.64006618919699, 37.701024959775445 ], [ 26.640036077231628, 37.700937421382669 ], [ 26.639987553263385, 37.700838375561524 ], [ 26.63991622783578, 37.700773218138359 ], [ 26.6398493373771, 37.700748490004351 ], [ 26.639768891808725, 37.700764596858704 ], [ 26.63967594726952, 37.700766678974858 ], [ 26.639621134640461, 37.700744065745951 ], [ 26.63960419950962, 37.700689610120122 ], [ 26.639651495070801, 37.700669477854575 ], [ 26.639697437557132, 37.700611229678884 ], [ 26.639667326360573, 37.700523691090602 ], [ 26.639629318672622, 37.700467323200876 ], [ 26.639531686428214, 37.700421827569393 ], [ 26.639445583401134, 37.700447597368303 ], [ 26.639353399854528, 37.700471119130157 ], [ 26.63928161201159, 37.700477495726275 ], [ 26.639241367927575, 37.700442634753664 ], [ 26.639179585080146, 37.700308122957622 ], [ 26.639149389976502, 37.700218201758041 ], [ 26.639085414429811, 37.700191025119182 ], [ 26.639002140549614, 37.700211963351414 ], [ 26.638903115032946, 37.700211795997411 ], [ 26.638817814099585, 37.700175560303258 ], [ 26.63864585992058, 37.700064971825007 ], [ 26.638543286498066, 37.699964751337845 ], [ 26.638548309628359, 37.699852584857823 ], [ 26.638604133437525, 37.699734512030254 ], [ 26.638598685872584, 37.699665494290507 ], [ 26.638527361953845, 37.699600334908631 ], [ 26.638491002232104, 37.699505784040504 ], [ 26.638458189211356, 37.699342013730529 ], [ 26.638396535033682, 37.699126436855337 ], [ 26.638342185959569, 37.699032289477913 ], [ 26.638232521139944, 37.698901232111574 ], [ 26.638216304864052, 37.698782388792765 ], [ 26.638140633514976, 37.698679180889599 ], [ 26.638052081470281, 37.698635864634696 ], [ 26.637924218234168, 37.698583892107571 ], [ 26.637840143201554, 37.69849756097851 ], [ 26.637690321378301, 37.698334024685224 ], [ 26.637666378405207, 37.698251116581012 ], [ 26.637673641628602, 37.698117441614734 ], [ 26.637721061920356, 37.698016246979776 ], [ 26.63774969106715, 37.69797745967179 ], [ 26.638004994158702, 37.697900220279521 ], [ 26.638081678375524, 37.697862741296333 ], [ 26.638147846651716, 37.697782584057492 ], [ 26.638149155496357, 37.697734871848347 ], [ 26.638132223005218, 37.697680416537317 ], [ 26.638100130678346, 37.697621531665703 ], [ 26.638050301530676, 37.697570195910124 ], [ 26.637948367694168, 37.697572477709883 ], [ 26.637855258288592, 37.69756979395234 ], [ 26.637792592904827, 37.69749490436493 ], [ 26.637726423549754, 37.697405788138248 ], [ 26.637700075205988, 37.69733962123469 ], [ 26.637743779210801, 37.697302881141198 ], [ 26.637818562322742, 37.697296439470222 ], [ 26.637926407510111, 37.69729164093534 ], [ 26.638003176098504, 37.697256545284496 ], [ 26.638070274276046, 37.697202591859053 ], [ 26.638047344265182, 37.697148270313058 ], [ 26.637961539633537, 37.697097739179462 ], [ 26.637898327837799, 37.697092002465695 ], [ 26.637824557823123, 37.697127031666525 ], [ 26.637756868934261, 37.697164308703776 ], [ 26.637657003636832, 37.697140318217578 ], [ 26.6376131728369, 37.697088847481652 ], [ 26.63759070834514, 37.696962991903327 ], [ 26.637563683379859, 37.696877768447358 ], [ 26.637511831207373, 37.696769258010043 ], [ 26.637458835863296, 37.69671322517776 ], [ 26.637403266577085, 37.696669169530487 ], [ 26.637344952362678, 37.696632329329489 ], [ 26.637328358218848, 37.696587401744424 ], [ 26.63735056966976, 37.696536837503594 ], [ 26.637367460721727, 37.696505465279323 ], [ 26.637350358862712, 37.696446245111041 ], [ 26.637269538937922, 37.696366993214028 ], [ 26.63720565060078, 37.69634219774526 ], [ 26.637120524165642, 37.69631072504783 ], [ 26.637007655190626, 37.696258415149842 ], [ 26.636923753071233, 37.696176847736346 ], [ 26.636828027764828, 37.696100313881679 ], [ 26.636670020345701, 37.696044245504574 ], [ 26.636527805677616, 37.695925836062251 ], [ 26.636390574880128, 37.695778705473415 ], [ 26.636300425031088, 37.69569012440946 ], [ 26.636248361365929, 37.695660295519396 ], [ 26.636174888419461, 37.695619024780179 ], [ 26.636093183773653, 37.695599396044514 ], [ 26.636019459285059, 37.695550977589235 ], [ 26.635940835149889, 37.695533663430162 ], [ 26.635826995045132, 37.695538593253112 ], [ 26.635684694668203, 37.695587074551653 ], [ 26.635605013598216, 37.695624619691735 ], [ 26.635526473908751, 37.695609686699996 ], [ 26.635492315270945, 37.695577072812064 ], [ 26.635495864320106, 37.695507853232051 ], [ 26.635371173637449, 37.695460574875639 ], [ 26.635294619829761, 37.695416987974987 ], [ 26.635343267890569, 37.695265699493191 ], [ 26.635355857857384, 37.695112833792386 ], [ 26.635311523209182, 37.695047069071698 ], [ 26.635186916856508, 37.695002172111899 ], [ 26.635127718159804, 37.695024953693093 ], [ 26.635099806631541, 37.69499935220454 ], [ 26.635113278824196, 37.694956137017243 ], [ 26.635122739800405, 37.694884399775198 ], [ 26.635121221079075, 37.694841519492535 ], [ 26.635060670803753, 37.694826185941764 ], [ 26.634963340047715, 37.694873659368326 ], [ 26.634847768093749, 37.694914389966527 ], [ 26.634766063453448, 37.694894759313378 ], [ 26.634739886890163, 37.694833358152657 ], [ 26.634733766791317, 37.694745280521651 ], [ 26.634742554534107, 37.694654487198854 ], [ 26.634748764459651, 37.694575671654121 ], [ 26.634692607562584, 37.694514939945648 ], [ 26.634557575735339, 37.69442974536895 ], [ 26.634463036193317, 37.694386560298959 ], [ 26.634283205549668, 37.694307135672346 ], [ 26.634113210478468, 37.694251332374897 ], [ 26.633975135044636, 37.69424964945614 ], [ 26.633795510895027, 37.694260816719606 ], [ 26.63363653327168, 37.694261985516455 ], [ 26.633554829858131, 37.694242353740158 ], [ 26.633523332052672, 37.694200143345192 ], [ 26.633505813148492, 37.694129010769991 ], [ 26.633387037474051, 37.694079213973872 ], [ 26.633281098408361, 37.69405297202168 ], [ 26.63315902479798, 37.694079540996114 ], [ 26.633044127827013, 37.694139327099869 ], [ 26.63297010506966, 37.694167206240976 ], [ 26.632920573350354, 37.694208844162347 ], [ 26.632883286031287, 37.694257359368322 ], [ 26.632855161151799, 37.694310439199768 ], [ 26.632767074455021, 37.694364857852158 ], [ 26.63259484292842, 37.694330559638161 ], [ 26.632393352248243, 37.694232542416792 ], [ 26.632063974622891, 37.69399671680501 ], [ 26.631818878694911, 37.693768544856397 ], [ 26.631452315920491, 37.69341434154029 ], [ 26.631166616173427, 37.693055945947549 ], [ 26.630905794009607, 37.692637392400357 ], [ 26.630790812172599, 37.692270417660325 ], [ 26.630761691339089, 37.692125634759385 ], [ 26.630780571253297, 37.692065609840235 ], [ 26.63093385040148, 37.69198827998121 ], [ 26.631087549899185, 37.691922860411708 ], [ 26.631148990416104, 37.691878574400704 ], [ 26.631159465531471, 37.691835425858741 ], [ 26.631110404659118, 37.69180552778522 ], [ 26.631051423448103, 37.691749624608491 ], [ 26.631056373437779, 37.69163507583928 ], [ 26.631077796795473, 37.691477244060749 ], [ 26.631091201010513, 37.691262372171913 ], [ 26.631117305509928, 37.691152118125274 ], [ 26.631241311374744, 37.691180343997843 ], [ 26.631261538968083, 37.691158435445573 ], [ 26.631122627505832, 37.691132926260877 ], [ 26.631136100587653, 37.691089710658211 ], [ 26.631187871478289, 37.691026568059151 ], [ 26.631352583999387, 37.691018122408316 ], [ 26.631491327319143, 37.691038865336715 ], [ 26.631691424920486, 37.691012940343995 ], [ 26.631913012267322, 37.691000838741665 ], [ 26.632076460783612, 37.690956658640516 ], [ 26.632242654760955, 37.690905263740518 ], [ 26.632397446483356, 37.690870812189388 ], [ 26.632593413798475, 37.690728155013055 ], [ 26.632693701981403, 37.690594786983958 ], [ 26.632881144271032, 37.690380795034237 ], [ 26.633118488343413, 37.690220522666479 ], [ 26.633308119019897, 37.69006846938705 ], [ 26.633459874615127, 37.689948254864241 ], [ 26.633579748441495, 37.68985974743444 ], [ 26.633622777148354, 37.689803951011037 ], [ 26.633684934079582, 37.689695275785539 ], [ 26.633738604893793, 37.689601094396586 ], [ 26.633744057844726, 37.689500839010073 ], [ 26.633792490668679, 37.689428232213658 ], [ 26.633849917309316, 37.689355424948374 ], [ 26.633856633690748, 37.689290902925819 ], [ 26.633766700712084, 37.68929291270328 ], [ 26.633662115874081, 37.689304785832611 ], [ 26.633638940264994, 37.689243316862502 ], [ 26.63368804759882, 37.689189767915131 ], [ 26.633693920605371, 37.689101423218261 ], [ 26.633593441668985, 37.68897492584717 ], [ 26.633476070886562, 37.688879797520769 ], [ 26.633338895858877, 37.688818492127091 ], [ 26.633228363953673, 37.68874705302909 ], [ 26.633084266842207, 37.688659675204946 ], [ 26.632855813009133, 37.688562261275287 ], [ 26.632745485750288, 37.688581414979943 ], [ 26.632550970049493, 37.688595296397175 ], [ 26.632447361556064, 37.688549927511318 ], [ 26.632326911427004, 37.688452483989394 ], [ 26.632104033433432, 37.688343023623588 ], [ 26.631910325391424, 37.68829489816347 ], [ 26.631696980565916, 37.688285357310562 ], [ 26.631526159120103, 37.688205726651937 ], [ 26.631264481019535, 37.688101898468474 ], [ 26.631054050843741, 37.688089908428722 ], [ 26.630928987747417, 37.688116541493521 ], [ 26.630901789610284, 37.68819582544279 ], [ 26.630937409063446, 37.688354767923755 ], [ 26.630943186159264, 37.688433314903797 ], [ 26.630940558142743, 37.688528739451208 ], [ 26.630843486489276, 37.688583357793014 ], [ 26.63076389366497, 37.688623281553348 ], [ 26.630653095134864, 37.688713967202837 ], [ 26.630622814540253, 37.68879093648895 ], [ 26.63056082197706, 37.688904373969876 ], [ 26.630497312313935, 37.688974931851391 ], [ 26.630431343861932, 37.689145678842941 ], [ 26.630422721751842, 37.689241236922719 ], [ 26.63046645699087, 37.689290327625386 ], [ 26.630420513650215, 37.689348571968551 ], [ 26.630337587875314, 37.689379032946022 ], [ 26.630234180253332, 37.689424255132373 ], [ 26.630160497631984, 37.689461661975905 ], [ 26.630129964278812, 37.689531483575394 ], [ 26.630089762294524, 37.689582447564284 ], [ 26.630001345085667, 37.68962733524473 ], [ 26.629937666912149, 37.689693128558886 ], [ 26.629897970791905, 37.689758386165899 ], [ 26.629880268812041, 37.689851762867569 ], [ 26.629915433190337, 37.6899129658064 ], [ 26.629933705378964, 37.690005539766389 ], [ 26.629925165993811, 37.690103480351404 ], [ 26.629870311304455, 37.690164307983942 ], [ 26.629834202011203, 37.690246173988804 ], [ 26.629763129384159, 37.690357430235565 ], [ 26.629647814036051, 37.690405302831515 ], [ 26.629459541091428, 37.690426192463093 ], [ 26.629359602280953, 37.690399812281619 ], [ 26.629339006338927, 37.690326363950213 ], [ 26.629262882677082, 37.690294683945659 ], [ 26.629110666396567, 37.690317153204091 ], [ 26.628969517625833, 37.690313148838442 ], [ 26.628827557408609, 37.690371150990131 ], [ 26.628778024466175, 37.690412787117694 ], [ 26.628759396913615, 37.690479958036299 ], [ 26.62872552547968, 37.690540316584688 ], [ 26.628624441581266, 37.690566413793121 ], [ 26.628498112289883, 37.69055730935353 ], [ 26.628406074248179, 37.690499758860653 ], [ 26.628339585016636, 37.690401108045016 ], [ 26.62825264889592, 37.690403046544034 ], [ 26.628109846256546, 37.690437224879069 ], [ 26.628086705574759, 37.690461582853239 ], [ 26.628002375193795, 37.690537371534163 ], [ 26.627852063894725, 37.690528802290267 ], [ 26.627727470507683, 37.690483898487486 ], [ 26.627652999554517, 37.69041403444011 ], [ 26.627598167370021, 37.690305586336144 ], [ 26.627533193954978, 37.690249815549457 ], [ 26.627387869433885, 37.690212524943028 ], [ 26.627233467023778, 37.690173052361963 ], [ 26.626998124018023, 37.690135384130883 ], [ 26.626917687368241, 37.690151481724797 ], [ 26.626889222991188, 37.690195030241469 ], [ 26.626772559646579, 37.690204783733435 ], [ 26.626651132827202, 37.690164575725468 ], [ 26.626593810023564, 37.690070487541441 ], [ 26.626569461146168, 37.689975664252877 ], [ 26.626523570145903, 37.68995046067208 ], [ 26.626405141885051, 37.689910185430108 ], [ 26.626299854298292, 37.689817166741918 ], [ 26.626227597851912, 37.689639965732191 ], [ 26.626143125565012, 37.689541714258731 ], [ 26.626026016833208, 37.689453726426876 ], [ 26.625882093490215, 37.689371104504367 ], [ 26.625790030988867, 37.689227721810632 ], [ 26.625504122399882, 37.689117268662535 ], [ 26.625241802372063, 37.689080197526167 ], [ 26.625062245299333, 37.689007904714089 ], [ 26.624996182607401, 37.688921162592834 ], [ 26.624897144716609, 37.688835155251155 ], [ 26.624671781575916, 37.688740040838653 ], [ 26.624424956679611, 37.688716927237671 ], [ 26.624272491693571, 37.688732242823555 ], [ 26.624125207479985, 37.688809431379788 ], [ 26.623996807105893, 37.688826594991291 ], [ 26.623777297621768, 37.688812409623729 ], [ 26.623679856307902, 37.688771664493174 ], [ 26.623673920033898, 37.688688350759293 ], [ 26.623727770749188, 37.688598938626072 ], [ 26.623790277370784, 37.688499797383052 ], [ 26.623762205343162, 37.688469427974631 ], [ 26.623596909669839, 37.688461187538877 ], [ 26.623431444655122, 37.688448182104153 ], [ 26.623293464949104, 37.68844886927733 ], [ 26.623242921840205, 37.688461914829368 ], [ 26.623176829201686, 37.688544446925583 ], [ 26.623142450300168, 37.688590510650023 ], [ 26.62311538771807, 37.688588728685303 ], [ 26.623033692081542, 37.688569089508476 ], [ 26.622981135444249, 37.688524960607843 ], [ 26.622976374165393, 37.68847499990963 ], [ 26.622958782887221, 37.688401483098389 ], [ 26.622882411539916, 37.688362651325939 ], [ 26.622774407354342, 37.688362671634366 ], [ 26.62265175222181, 37.688372553214172 ], [ 26.622612193902924, 37.688356744259146 ], [ 26.622592779982391, 37.688316646181846 ], [ 26.622630239769265, 37.688272897650123 ], [ 26.622686609172103, 37.688254954217321 ], [ 26.622715746997923, 37.688230464837652 ], [ 26.622731719558978, 37.688172889287515 ], [ 26.622705585300398, 37.688069759965693 ], [ 26.622669292844748, 37.688001905129461 ], [ 26.622528326329263, 37.687747554246101 ], [ 26.622262104180493, 37.687429233673157 ], [ 26.622144223195249, 37.68723397237131 ], [ 26.622025527912697, 37.687100716579103 ], [ 26.622031498155764, 37.687014754568587 ], [ 26.62200315282233, 37.686891409937289 ], [ 26.62190510552583, 37.686748157173518 ], [ 26.621740186212904, 37.686580168117132 ], [ 26.621628180997988, 37.686551665539511 ], [ 26.621385514733905, 37.686476002760216 ], [ 26.621259671657288, 37.686395355707496 ], [ 26.621141315032542, 37.686271628555119 ], [ 26.620897809380121, 37.686172141740727 ], [ 26.620773793016561, 37.686058075705482 ], [ 26.620688432016195, 37.686019443869526 ], [ 26.620628982333411, 37.68603507119365 ], [ 26.6205676869297, 37.685998286499512 ], [ 26.620409354372491, 37.685846838126061 ], [ 26.62040159761823, 37.685796942816282 ], [ 26.620408578996972, 37.685739568313849 ], [ 26.620436793831939, 37.685688873124384 ], [ 26.620517227537135, 37.685672780084268 ], [ 26.620588500217668, 37.685652122960448 ], [ 26.620638536526901, 37.685624784257321 ], [ 26.620634365550632, 37.685591499546263 ], [ 26.620564329504646, 37.685562062248231 ], [ 26.620510203667777, 37.685558497284028 ], [ 26.620506283497573, 37.685532359275321 ], [ 26.62052592494857, 37.685493775528641 ], [ 26.620518755228503, 37.685460557675128 ], [ 26.620441152767651, 37.685471819790145 ], [ 26.620392435660367, 37.685451444822476 ], [ 26.620372352564914, 37.685392288060171 ], [ 26.620355678710428, 37.685242457376894 ], [ 26.620358495728855, 37.685049755501524 ], [ 26.620371306295915, 37.684868274852533 ], [ 26.620425019909725, 37.684689701030457 ], [ 26.620429194802178, 37.684603778435111 ], [ 26.620370750913317, 37.684511619477831 ], [ 26.620390237114886, 37.684383395775612 ], [ 26.620418693697509, 37.684169143068679 ], [ 26.620426324225722, 37.684044997469414 ], [ 26.620440291950729, 37.683964579451128 ], [ 26.620460600385677, 37.683927889320607 ], [ 26.620505493300691, 37.683907817297907 ], [ 26.620531602287372, 37.683899608221033 ], [ 26.62056244281969, 37.683889385480661 ], [ 26.620573828709627, 37.683871966613992 ], [ 26.620584008325753, 37.683820241929553 ], [ 26.62064042111059, 37.683786563538767 ], [ 26.620678521704839, 37.683778087521809 ], [ 26.620737666721197, 37.68375388465946 ], [ 26.620786148699576, 37.683699401221538 ], [ 26.620864882121889, 37.683686206037102 ], [ 26.620891846536299, 37.683634109305174 ], [ 26.620901286380068, 37.683561421807731 ], [ 26.620931120055477, 37.683522610849543 ], [ 26.620989125747272, 37.683466009622499 ], [ 26.621032338935532, 37.683398292317122 ], [ 26.621119611855626, 37.683259596445851 ], [ 26.621211340317604, 37.683138348670546 ], [ 26.621296904349734, 37.683012470324009 ], [ 26.621428416560882, 37.682828350253985 ], [ 26.621514986328243, 37.68273105803901 ], [ 26.621613379720554, 37.682628735546771 ], [ 26.621777213735186, 37.682510652669123 ], [ 26.621935723773628, 37.682411760080527 ], [ 26.622077589827629, 37.682351384868753 ], [ 26.622557815866951, 37.682188113716116 ], [ 26.62267155368648, 37.682180814956361 ], [ 26.622857399137111, 37.682176679570922 ], [ 26.623037752377794, 37.682186970577163 ], [ 26.623182809275793, 37.682217119904827 ], [ 26.623388485912987, 37.682264993467811 ], [ 26.623744375103087, 37.682319059410283 ], [ 26.623950052526848, 37.68236693170271 ], [ 26.624318603745138, 37.682439787550166 ], [ 26.624511284947062, 37.682459338380113 ], [ 26.624685812485524, 37.682474524693376 ], [ 26.624927293057443, 37.682516829284339 ], [ 26.625095657614867, 37.682527384394923 ], [ 26.625199085617869, 37.682567995989125 ], [ 26.625289683094977, 37.682585050788148 ], [ 26.625396585075983, 37.682554059466895 ], [ 26.625364258550796, 37.682488024095598 ], [ 26.625245480504606, 37.682352389379929 ], [ 26.625175501986853, 37.682239508878972 ], [ 26.625085692526262, 37.682074618545705 ], [ 26.624957392264964, 37.681839061550583 ], [ 26.624836096047101, 37.68163195783287 ], [ 26.624673004280183, 37.681430552946793 ], [ 26.624558208623572, 37.681237610109754 ], [ 26.62450470573831, 37.681081446905829 ], [ 26.62450750946833, 37.680990786742115 ], [ 26.624558272826796, 37.680899059808532 ], [ 26.624639514194858, 37.680820957243235 ], [ 26.624719746760817, 37.680714268471171 ], [ 26.624695883125817, 37.680547909130709 ], [ 26.62464406121719, 37.680439391988465 ], [ 26.624405053809131, 37.680296896466366 ], [ 26.624221178349117, 37.680186552142146 ], [ 26.624079938413448, 37.680094330950858 ], [ 26.623952031432125, 37.680039959788402 ], [ 26.62381779425456, 37.679976190991162 ], [ 26.623477885869303, 37.679864549895463 ], [ 26.623265381527101, 37.679792986544577 ], [ 26.623072708704299, 37.679773433621158 ], [ 26.622837902277457, 37.679750049884696 ], [ 26.622458720149464, 37.679715572479083 ], [ 26.622007933951327, 37.679692222997623 ], [ 26.62164975462753, 37.679743105304873 ], [ 26.621379652345237, 37.679739577077044 ], [ 26.621235105633893, 37.679723718613964 ], [ 26.621158850153968, 37.679773096842808 ], [ 26.621178847519332, 37.679829872323161 ], [ 26.621282771666536, 37.679884780036936 ], [ 26.621363389122951, 37.679959279949443 ], [ 26.621348088617228, 37.680035913765693 ], [ 26.621296651216536, 37.68010858181713 ], [ 26.621299335538673, 37.680184815471037 ], [ 26.62129568868124, 37.680251651684458 ], [ 26.621166653487613, 37.680335583309535 ], [ 26.621077569202804, 37.680361405839712 ], [ 26.621025628925043, 37.680419780410595 ], [ 26.621048142406533, 37.680548023654026 ], [ 26.621074470813898, 37.680614194768815 ], [ 26.621089647497332, 37.680704454966957 ], [ 26.62103938369037, 37.680810475128155 ], [ 26.620898525006865, 37.680899437192281 ], [ 26.620806799082779, 37.681020683837474 ], [ 26.620755360819196, 37.681093352437117 ], [ 26.62064384772842, 37.681334246323139 ], [ 26.620571616191686, 37.681497974867042 ], [ 26.620454777563523, 37.681758060942848 ], [ 26.620320121959956, 37.682023311559746 ], [ 26.620240216475878, 37.682139526852843 ], [ 26.620188441329599, 37.682202666064278 ], [ 26.620131006435827, 37.682275466707019 ], [ 26.620056257578529, 37.682367726187202 ], [ 26.620018651006752, 37.682492537518009 ], [ 26.619980040820117, 37.682588762030093 ], [ 26.619957747245923, 37.68267985581182 ], [ 26.619936198081618, 37.682749475085338 ], [ 26.619927142917589, 37.682833121725295 ], [ 26.619887692079299, 37.682905523361498 ], [ 26.619827573226747, 37.682902091197043 ], [ 26.619757057460504, 37.682944189311876 ], [ 26.61977405728835, 37.683001030624062 ], [ 26.619811117339644, 37.683031200797906 ], [ 26.619812961475191, 37.683083611263307 ], [ 26.619750202213766, 37.683175604746303 ], [ 26.619763700890154, 37.683218218711687 ], [ 26.619765378399762, 37.683265864901387 ], [ 26.619743326459275, 37.683321189923177 ], [ 26.619628801997891, 37.683391445674772 ], [ 26.61951590043914, 37.683422564905783 ], [ 26.61945054138312, 37.683440707204149 ], [ 26.619384174959194, 37.683430260621314 ], [ 26.619337283924448, 37.68337646699861 ], [ 26.61930146077043, 37.683296203101492 ], [ 26.619259893927328, 37.683223218105439 ], [ 26.61917369973218, 37.683160761341817 ], [ 26.619102261442837, 37.683176653290168 ], [ 26.619086036753089, 37.683227081745621 ], [ 26.619114019830327, 37.683255069591546 ], [ 26.619118609232974, 37.683300266018186 ], [ 26.619011368387326, 37.6833217221713 ], [ 26.618917773318191, 37.683304728988332 ], [ 26.618838160616836, 37.683258814451968 ], [ 26.61875114827507, 37.683258364328125 ], [ 26.61866880765594, 37.683305492375993 ], [ 26.618643505847121, 37.683353738118598 ], [ 26.618559510616127, 37.683439048611973 ], [ 26.618479246039577, 37.68345990596135 ], [ 26.618363764406194, 37.683503001257179 ], [ 26.618178604399013, 37.683612017282442 ], [ 26.618096097634282, 37.683654380373909 ], [ 26.617972796973582, 37.683731027924445 ], [ 26.617900286974091, 37.683801778566 ], [ 26.617887225719688, 37.683856905382186 ], [ 26.61784035258114, 37.683888940550972 ], [ 26.617730029205894, 37.683908080268637 ], [ 26.617517870708379, 37.683931864910356 ], [ 26.617160654925435, 37.683925492530044 ], [ 26.616915923472124, 37.68387609123225 ], [ 26.616694269392458, 37.683885781449661 ], [ 26.616442387284025, 37.683888989121982 ], [ 26.616146044604303, 37.683907487933553 ], [ 26.615867604042617, 37.683923205073938 ], [ 26.615788828717939, 37.68390111227184 ], [ 26.615661256614178, 37.683856260020427 ], [ 26.615539427580124, 37.68380412818491 ], [ 26.615420262397979, 37.68374240041684 ], [ 26.615452118026184, 37.683677012708252 ], [ 26.615435664988077, 37.683635655540314 ], [ 26.615382370113878, 37.683612997477297 ], [ 26.615307639988913, 37.683620615712357 ], [ 26.615264094497416, 37.6837046687955 ], [ 26.615132393980041, 37.683660575091736 ], [ 26.615060787248076, 37.683671700804567 ], [ 26.615062042485317, 37.68370743476072 ], [ 26.615060885474335, 37.683759911927787 ], [ 26.615010596886847, 37.683780100297653 ], [ 26.614920570919576, 37.683693883808175 ], [ 26.614843203729045, 37.683626460657102 ], [ 26.614753260918587, 37.683542626654464 ], [ 26.614633009399, 37.683449927923412 ], [ 26.614409500898059, 37.683321373649363 ], [ 26.614287255464273, 37.683257329384226 ], [ 26.614165929872755, 37.683219488995633 ], [ 26.61404793735381, 37.683191112823621 ], [ 26.613998972334102, 37.683163589689102 ], [ 26.614002374327136, 37.683089605345984 ], [ 26.614032754727955, 37.683015022830148 ], [ 26.614039822726962, 37.68296002948393 ], [ 26.614009261893919, 37.682944018245877 ], [ 26.613927504980825, 37.68300781970887 ], [ 26.613845901208013, 37.682990555730747 ], [ 26.613744473969344, 37.682921281181457 ], [ 26.613620150869458, 37.682883507563083 ], [ 26.613527226788587, 37.682885568150191 ], [ 26.613459370473265, 37.682918067041463 ], [ 26.613347039040018, 37.682880027077744 ], [ 26.613189159436633, 37.6828263085226 ], [ 26.612915783927328, 37.682729849735068 ], [ 26.612670223617595, 37.682656617487218 ], [ 26.612493282941625, 37.682658155316958 ], [ 26.612317348581268, 37.682688280608488 ], [ 26.612282296615351, 37.682715282498926 ], [ 26.612289546780538, 37.682750884476008 ], [ 26.612254744797383, 37.682785034039945 ], [ 26.612209447469883, 37.68277650082247 ], [ 26.612118267796198, 37.682742760379782 ], [ 26.611983126862253, 37.682738602434696 ], [ 26.611879215487846, 37.682769515360491 ], [ 26.611768138922645, 37.682767208449143 ], [ 26.611716092844528, 37.682737368140714 ], [ 26.61161067809963, 37.682725398959505 ], [ 26.611489605351064, 37.682694703544499 ], [ 26.611371364275708, 37.682659177279994 ], [ 26.611251283408308, 37.68257123941445 ], [ 26.611100487260586, 37.682548353619886 ], [ 26.610998236757649, 37.682541082555552 ], [ 26.610906315595951, 37.682571728953562 ], [ 26.610859607695058, 37.682608526670698 ], [ 26.610824973294672, 37.682647439657728 ], [ 26.610841548522128, 37.682692371130322 ], [ 26.610849967186688, 37.682761324907695 ], [ 26.610787769699062, 37.6827841611615 ], [ 26.610688015877408, 37.682762529104551 ], [ 26.610450279212724, 37.682655738826995 ], [ 26.610338441549562, 37.682546161521707 ], [ 26.610276819464509, 37.682499842578338 ], [ 26.610176230581271, 37.682454387573983 ], [ 26.610088716235918, 37.682439636498188 ], [ 26.610006113000168, 37.682393783280141 ], [ 26.609938996601347, 37.682361891085591 ], [ 26.609904279277753, 37.682398421063517 ], [ 26.609941586136486, 37.68243574180088 ], [ 26.610057831289112, 37.682499923642439 ], [ 26.610124947896658, 37.682531815737597 ], [ 26.610141355564533, 37.682571983242426 ], [ 26.61009647443592, 37.682575361000296 ], [ 26.61000213027323, 37.682536919958714 ], [ 26.609877226667347, 37.682482466167556 ], [ 26.609778716289696, 37.682410738626402 ], [ 26.609758476902499, 37.682346814784779 ], [ 26.609811597118195, 37.682321796761677 ], [ 26.609904103537762, 37.682307828060736 ], [ 26.609896353416449, 37.682257932568675 ], [ 26.609815161119286, 37.682166747709438 ], [ 26.609758365155649, 37.682086944193074 ], [ 26.609659113136125, 37.682079605300515 ], [ 26.609532131113752, 37.682051422387929 ], [ 26.60938100202037, 37.682019006559059 ], [ 26.60936135591853, 37.682057587297969 ], [ 26.609357447567326, 37.682117278527798 ], [ 26.609295417165665, 37.6821448779327 ], [ 26.609195832076253, 37.682128009217308 ], [ 26.609001233478359, 37.682053639493127 ], [ 26.608917627837656, 37.681979197123283 ], [ 26.608914372385364, 37.681886287801419 ], [ 26.608879972926779, 37.681760687902823 ], [ 26.608844905867731, 37.681616031435944 ], [ 26.608796345165647, 37.681428757588911 ], [ 26.608705318588132, 37.681228118433566 ], [ 26.608596475190186, 37.681032643618188 ], [ 26.608595215627382, 37.680911079497534 ], [ 26.608598942107644, 37.680674965277269 ], [ 26.608562790807461, 37.680499337552298 ], [ 26.608569445065552, 37.680432434538204 ], [ 26.608628727530427, 37.680412049429329 ], [ 26.608667026492036, 37.680392128490716 ], [ 26.608677846946886, 37.680358509934912 ], [ 26.608648283137057, 37.680285255299907 ], [ 26.608572254556027, 37.680170114973613 ], [ 26.608565918029271, 37.680074889356021 ], [ 26.608541680110626, 37.679982443050093 ], [ 26.608512699145521, 37.679925865430484 ], [ 26.608435760023024, 37.679870348069365 ], [ 26.608344417275088, 37.679831838932117 ], [ 26.608235835419904, 37.679729338936276 ], [ 26.608139242608232, 37.679626573908209 ], [ 26.608079537461833, 37.679549217710139 ], [ 26.608011013937123, 37.679562654400918 ], [ 26.607970377597741, 37.679515869911583 ], [ 26.607994517293893, 37.679434274834648 ], [ 26.608060204474334, 37.679339839252876 ], [ 26.608100413858988, 37.67926932128205 ], [ 26.608088460580177, 37.679204509822782 ], [ 26.608063020085321, 37.679163348981028 ], [ 26.607978167833423, 37.679053171929986 ], [ 26.607900812883102, 37.678985742292561 ], [ 26.607771249426683, 37.678883706645472 ], [ 26.607735357776772, 37.678801055018567 ], [ 26.607696552562278, 37.678720853022028 ], [ 26.607636014229822, 37.678619672952529 ], [ 26.60762371298291, 37.678597687828265 ], [ 26.607679719934094, 37.678571310483591 ], [ 26.607674722392026, 37.678535658604723 ], [ 26.607658795361978, 37.67850918912832 ], [ 26.607568812776819, 37.678499567997093 ], [ 26.607530925942452, 37.678445570968961 ], [ 26.607569179113437, 37.678412825216476 ], [ 26.607724977635328, 37.678364675246122 ], [ 26.607712276958082, 37.678323233768218 ], [ 26.607608098981146, 37.67834639939597 ], [ 26.607480797981864, 37.678384691531406 ], [ 26.607413020689627, 37.678333738527428 ], [ 26.607260320570255, 37.678341885577012 ], [ 26.607183806095527, 37.678384108167577 ], [ 26.607200712388011, 37.678438570583815 ], [ 26.607182399668165, 37.67851526807447 ], [ 26.607115211155172, 37.678566821989264 ], [ 26.607013465877955, 37.678573840898103 ], [ 26.606917717383524, 37.678580725966455 ], [ 26.60683495264994, 37.678530105647958 ], [ 26.606732701894423, 37.678437000693307 ], [ 26.606667666466556, 37.678293005095192 ], [ 26.606602970106564, 37.678244369736973 ], [ 26.606442690142245, 37.67820738256561 ], [ 26.606373250181178, 37.678194612913494 ], [ 26.606293489116752, 37.678229755007528 ], [ 26.606247280806585, 37.678280845079136 ], [ 26.606203155291819, 37.67830566144292 ], [ 26.606158110131386, 37.678304273052014 ], [ 26.606114562317192, 37.678259937202753 ], [ 26.606022472907988, 37.678199985485527 ], [ 26.605941459671261, 37.678199393128459 ], [ 26.605870689229224, 37.67823433559596 ], [ 26.605755538489785, 37.678201119172662 ], [ 26.605687178000345, 37.678133489118125 ], [ 26.605486761932383, 37.677978181391396 ], [ 26.605314325617904, 37.677850864011241 ], [ 26.605292171884678, 37.677732146294311 ], [ 26.605265943409105, 37.677668354266189 ], [ 26.605215900556296, 37.67760985616561 ], [ 26.605115572121925, 37.677571541869327 ], [ 26.605027813795846, 37.677549641098977 ], [ 26.604959788481548, 37.677491540517707 ], [ 26.604918655802699, 37.677430461011014 ], [ 26.604866784277213, 37.677405381437474 ], [ 26.604767704565983, 37.677402802449414 ], [ 26.604675286329091, 37.677419149535133 ], [ 26.60462949627658, 37.677482150275146 ], [ 26.604541242161414, 37.677531783872077 ], [ 26.604465894035297, 37.677607357995853 ], [ 26.60440295040361, 37.677694577678572 ], [ 26.604369482559072, 37.677766842060691 ], [ 26.604348419759884, 37.677850753818745 ], [ 26.604333685694932, 37.677944060553244 ], [ 26.604325695798664, 37.678058677958852 ], [ 26.604299222381158, 37.678159396831489 ], [ 26.604288651409419, 37.678285990345671 ], [ 26.604207226294633, 37.678445145207967 ], [ 26.604165267435864, 37.678617730733173 ], [ 26.604120478052558, 37.678795148288756 ], [ 26.604137300358879, 37.678933058199668 ], [ 26.604199083418596, 37.67906997331329 ], [ 26.604300081313568, 37.679127345811033 ], [ 26.604496000722371, 37.679239840909304 ], [ 26.604652454167233, 37.679338902212301 ], [ 26.604832306793089, 37.67950658731106 ], [ 26.605253795811301, 37.67989304154198 ], [ 26.605364626157609, 37.680059867742074 ], [ 26.605439152580779, 37.680217958071076 ], [ 26.605409936264067, 37.680411720915302 ], [ 26.605414021670406, 37.680528453988529 ], [ 26.60535224238388, 37.680563197326236 ], [ 26.605190377073274, 37.680566775786311 ], [ 26.6051151068358, 37.68055890272862 ], [ 26.605089543778359, 37.680514168446422 ], [ 26.605052819326268, 37.680407693504073 ], [ 26.604980046587322, 37.680385460796231 ], [ 26.604919427180842, 37.680281897446655 ], [ 26.604840243866597, 37.680247885029907 ], [ 26.604765389636864, 37.680251922710255 ], [ 26.604740495868317, 37.680312076998007 ], [ 26.604802529324886, 37.680370309732034 ], [ 26.604805279879859, 37.680448926958135 ], [ 26.604809944882454, 37.680496506805639 ], [ 26.604878806363171, 37.680578430776102 ], [ 26.604963902757547, 37.680609928073508 ], [ 26.60493451399962, 37.680713096749194 ], [ 26.604892803890575, 37.680807000485657 ], [ 26.604755834867994, 37.680836253068811 ], [ 26.604688559504407, 37.680885423624794 ], [ 26.604635441458043, 37.680996267956502 ], [ 26.604562087442581, 37.681043188219888 ], [ 26.604498388779845, 37.681023138540489 ], [ 26.604379820566496, 37.680978074963647 ], [ 26.604288731632192, 37.681032539487923 ], [ 26.604218624895797, 37.681086540022569 ], [ 26.604191398769302, 37.681165818871783 ], [ 26.604267508464133, 37.681369175194881 ], [ 26.604306312823269, 37.68144937824254 ], [ 26.604242616562992, 37.681515158393111 ], [ 26.604034873109939, 37.681579352758867 ], [ 26.603887661700636, 37.681573067891854 ], [ 26.603758826451095, 37.68147014843349 ], [ 26.603588212950726, 37.681309410126659 ], [ 26.603429676505865, 37.681236619339906 ], [ 26.603233923249945, 37.681300547463373 ], [ 26.603131758442011, 37.681381480648973 ], [ 26.602845748066233, 37.681609523953156 ], [ 26.602609693221286, 37.681722023358979 ], [ 26.602511773472088, 37.681666965772941 ], [ 26.602392453749463, 37.681600460041075 ], [ 26.602222676683002, 37.681549373595033 ], [ 26.602173800483232, 37.681610056759958 ], [ 26.602219597151802, 37.681718716218228 ], [ 26.60218945578637, 37.681800443825146 ], [ 26.602082210497652, 37.681907714052542 ], [ 26.6019421577187, 37.682020477112395 ], [ 26.601868801032925, 37.682067395329959 ], [ 26.601776376431399, 37.682083740641275 ], [ 26.601700688503932, 37.682149784105285 ], [ 26.601645816432786, 37.682210599119621 ], [ 26.601582950478178, 37.682214370966967 ], [ 26.601482865029439, 37.682183202067051 ], [ 26.601363629104494, 37.682204907452423 ], [ 26.60131025567118, 37.682308604177699 ], [ 26.601298597780449, 37.682404227648881 ], [ 26.601292600607753, 37.682490189100037 ], [ 26.601301760152502, 37.682580584920252 ], [ 26.601307338212489, 37.682654371086976 ], [ 26.601221073215687, 37.682675348123759 ], [ 26.601181022749305, 37.682731067351369 ], [ 26.601160287994741, 37.682824508358976 ], [ 26.601173276566762, 37.682938660873155 ], [ 26.601123815686318, 37.682982666689533 ], [ 26.600923310200685, 37.682996629411157 ], [ 26.600790666781272, 37.682978098050761 ], [ 26.600651280496098, 37.682938259197961 ], [ 26.600622304440598, 37.682881679129778 ], [ 26.600664439056921, 37.682799686822193 ], [ 26.600673017120851, 37.68270174783413 ], [ 26.600610235751365, 37.682622072414539 ], [ 26.600513730398287, 37.682607512375512 ], [ 26.600350613110336, 37.682575348142016 ], [ 26.600221054073089, 37.682473304110253 ], [ 26.600190497095525, 37.682371459383148 ], [ 26.600228968836507, 37.682270475663749 ], [ 26.600296419043289, 37.682054413019209 ], [ 26.600200670878273, 37.681717975134738 ], [ 26.600061538893751, 37.681599452803319 ], [ 26.599944804363073, 37.681520965862866 ], [ 26.599872782878009, 37.681434340177539 ], [ 26.599883527584364, 37.681312511494895 ], [ 26.599848308544136, 37.681248916312853 ], [ 26.599631990296867, 37.68115355250994 ], [ 26.599312422851039, 37.681108148890509 ], [ 26.599019587861623, 37.680969173310281 ], [ 26.598709607793012, 37.680682756685627 ], [ 26.598386726121571, 37.680370397387392 ], [ 26.597860927042174, 37.6801745654179 ], [ 26.597502481803307, 37.680132398806954 ], [ 26.597127220275809, 37.680038149096411 ], [ 26.596797253579684, 37.679952436754938 ], [ 26.596491025375144, 37.679773217809661 ], [ 26.596195860418359, 37.679739189920035 ], [ 26.595951743967699, 37.679620590210966 ], [ 26.595646606278049, 37.679386510192181 ], [ 26.595492429603372, 37.679094269328303 ], [ 26.595487129115607, 37.679008275751499 ], [ 26.59554458374339, 37.678978400871102 ], [ 26.595572319034719, 37.67887050210313 ], [ 26.59551574953456, 37.678796646843359 ], [ 26.59543394541668, 37.67877341468683 ], [ 26.595298687169844, 37.678765664956224 ], [ 26.595108366747489, 37.678598194628066 ], [ 26.59504569389772, 37.678584358212852 ], [ 26.59487559587425, 37.678523729822039 ], [ 26.594605936995979, 37.678274561343358 ], [ 26.594452339039744, 37.678084825934846 ], [ 26.594351930846791, 37.678044120581127 ], [ 26.594203822182521, 37.677925788220278 ], [ 26.593941480706729, 37.677800433037412 ], [ 26.593762236256431, 37.677649406120835 ], [ 26.593480077380676, 37.677557865080225 ], [ 26.593351355638823, 37.677565465237045 ], [ 26.593260437716875, 37.67753885591047 ], [ 26.593207076918034, 37.677470889134263 ], [ 26.593102022400551, 37.677296771954317 ], [ 26.592884148827935, 37.677156131187672 ], [ 26.592808726288613, 37.677057655376949 ], [ 26.592752048235386, 37.676894394818966 ], [ 26.592638159317278, 37.676811070097493 ], [ 26.592495645868286, 37.676594861615357 ], [ 26.59238751629017, 37.676418428062412 ], [ 26.592390359978051, 37.676327766156419 ], [ 26.592447403042073, 37.676243065604268 ], [ 26.592439334776568, 37.676183639381208 ], [ 26.59234568214309, 37.67607841162539 ], [ 26.592265606813122, 37.675932354884374 ], [ 26.59225372416488, 37.675763340457202 ], [ 26.592220100899908, 37.675659176224762 ], [ 26.591930547461381, 37.675527262478539 ], [ 26.59165689173512, 37.675421224021711 ], [ 26.591456071864854, 37.675425638884796 ], [ 26.591269479559294, 37.675494114332984 ], [ 26.591155307333278, 37.67566113183193 ], [ 26.591099091543718, 37.675769654757751 ], [ 26.591009158339496, 37.675857462187622 ], [ 26.590947610533334, 37.675985175227027 ], [ 26.590868589752205, 37.676041747837651 ], [ 26.590894212566969, 37.676174698088779 ], [ 26.590937226920627, 37.676376406761214 ], [ 26.590928195577359, 37.676634094789911 ], [ 26.59086972655307, 37.676764125615875 ], [ 26.590770304168597, 37.676837836073624 ], [ 26.590621334060433, 37.676953165668024 ], [ 26.590558457357528, 37.677042762080831 ], [ 26.590413409059444, 37.677098402154506 ], [ 26.590262615483532, 37.677161320017369 ], [ 26.590231466663671, 37.677214455770184 ], [ 26.590291400666871, 37.677298967940267 ], [ 26.590388463706304, 37.677416043893807 ], [ 26.590446229640147, 37.677524446396454 ], [ 26.590433563894191, 37.67759148034402 ], [ 26.590465678762715, 37.677738592671858 ], [ 26.59046680208769, 37.677864283481242 ], [ 26.590406940188792, 37.677975867208744 ], [ 26.590300977775392, 37.678055680912692 ], [ 26.590208345000914, 37.678087519169722 ], [ 26.590218324755696, 37.678158824156874 ], [ 26.590267947250357, 37.678291842768054 ], [ 26.590294468719822, 37.678407488355781 ], [ 26.590240546235695, 37.678474238831697 ], [ 26.590248748188333, 37.678602205816617 ], [ 26.590232275376039, 37.67877542104015 ], [ 26.590220603917544, 37.67887104384063 ], [ 26.590327586133139, 37.678928296436951 ], [ 26.590548217311333, 37.679018814256374 ], [ 26.590680272523961, 37.679150020941904 ], [ 26.590820650636488, 37.679304886491053 ], [ 26.590900146989412, 37.679434267826522 ], [ 26.591065612674292, 37.679555799666929 ], [ 26.591145627936736, 37.679700070152158 ], [ 26.591291118650112, 37.679786277944935 ], [ 26.591300995509556, 37.679854605258157 ], [ 26.591253632662603, 37.679894389414045 ], [ 26.591171497662128, 37.680012423590973 ], [ 26.591104142202003, 37.680124172234954 ], [ 26.591056539900304, 37.680372574545828 ], [ 26.59101624177362, 37.680507570484608 ], [ 26.590919341057603, 37.680524601099656 ], [ 26.590832628160449, 37.680618894168454 ], [ 26.590793260761668, 37.680780690609012 ], [ 26.590824359574277, 37.680920076738253 ], [ 26.590862435028914, 37.681044407596339 ], [ 26.590821408868315, 37.681158558406167 ], [ 26.590739791225655, 37.681291481315384 ], [ 26.590617800167003, 37.681341845187823 ], [ 26.590434407251649, 37.681351837149919 ], [ 26.590284425806786, 37.681352152643356 ], [ 26.590166923980771, 37.681315992292092 ], [ 26.590130610473572, 37.681242285347331 ], [ 26.590144580486974, 37.681104888934016 ], [ 26.590007324788495, 37.680932073103676 ], [ 26.589920646023543, 37.680811789220243 ], [ 26.589751413022945, 37.680797626669872 ], [ 26.589640455468853, 37.680841786812749 ], [ 26.589622325817732, 37.68096735459708 ], [ 26.58955546668496, 37.681201279623956 ], [ 26.589451672962578, 37.681343629483329 ], [ 26.589267121922585, 37.681428149057069 ], [ 26.589078514281208, 37.681503817342943 ], [ 26.588999394226501, 37.681600922767267 ], [ 26.588969070304877, 37.681807221925105 ], [ 26.588972591311393, 37.681908473006061 ], [ 26.588732060744281, 37.681892893679382 ], [ 26.588478839674405, 37.681835871322356 ], [ 26.588266731979541, 37.681774965152961 ], [ 26.588149560559078, 37.681640448764135 ], [ 26.588105672246211, 37.681456638978915 ], [ 26.588076357712183, 37.681260589055434 ], [ 26.58799580922074, 37.681208713677776 ], [ 26.587822084769225, 37.681281072929913 ], [ 26.587544271101368, 37.681379558509931 ], [ 26.587323076746252, 37.681488722524414 ], [ 26.587023919841073, 37.681620457112331 ], [ 26.586507828488628, 37.681876161689019 ], [ 26.58609967286413, 37.682108632763693 ], [ 26.585721077374373, 37.682328533541153 ], [ 26.585374856669031, 37.682508981661123 ], [ 26.585115565489541, 37.682601094445474 ], [ 26.584957984281267, 37.682598591121071 ], [ 26.584742827943494, 37.682665893385554 ], [ 26.584674632831277, 37.682753815685729 ], [ 26.584639205739656, 37.682921483847885 ], [ 26.584605354678629, 37.683026533120916 ], [ 26.584490850134735, 37.683076727824371 ], [ 26.584384691873339, 37.683043292998171 ], [ 26.584300810664644, 37.683003409021225 ], [ 26.584202121405792, 37.6830770977109 ], [ 26.58416785531147, 37.683170235987902 ], [ 26.584283989257365, 37.683274977302943 ], [ 26.584400432511437, 37.683388652139001 ], [ 26.584425084694193, 37.683450695696635 ], [ 26.584408314192583, 37.683507687905852 ], [ 26.584343761397761, 37.683592548940162 ], [ 26.584368931743278, 37.683669482638599 ], [ 26.584499641065609, 37.683761982300489 ], [ 26.584588408755728, 37.683834541452761 ], [ 26.584644358298899, 37.68404192963996 ], [ 26.584719043981398, 37.684248905545047 ], [ 26.584793006743954, 37.684435036814179 ], [ 26.584853245115958, 37.684549943825004 ], [ 26.584778174978368, 37.684655897290952 ], [ 26.584660542473383, 37.684724041548328 ], [ 26.584549886894852, 37.684777131980489 ], [ 26.584428092200898, 37.684833445935801 ], [ 26.584401733616634, 37.684938331758467 ], [ 26.58447238704175, 37.685029169041208 ], [ 26.58444592478801, 37.685131075550167 ], [ 26.584327439099166, 37.685282684323113 ], [ 26.584181662289552, 37.685512376640915 ], [ 26.58413620730494, 37.685823315397677 ], [ 26.584102535497124, 37.686041608935305 ], [ 26.583937425438496, 37.68614655551427 ], [ 26.583754716652617, 37.68628466997658 ], [ 26.583602089881204, 37.686425106265709 ], [ 26.5835311768842, 37.686542887987592 ], [ 26.583598159559283, 37.686744074717232 ], [ 26.5836757668289, 37.686927145318215 ], [ 26.58360630003866, 37.687086619665628 ], [ 26.583526135231491, 37.687153941371115 ], [ 26.583303367197182, 37.68721842902616 ], [ 26.583196142971733, 37.687262502112191 ], [ 26.582949107849263, 37.687384144001889 ], [ 26.58282201059756, 37.687395869351491 ], [ 26.582593014290328, 37.687388967483805 ], [ 26.582324966907571, 37.687445504419635 ], [ 26.582205232735692, 37.687561374973306 ], [ 26.582140881374119, 37.68765219113871 ], [ 26.582182280190501, 37.687764532538566 ], [ 26.582338473796437, 37.687942903109203 ], [ 26.582499917492811, 37.687948306208376 ], [ 26.582574864129214, 37.687946663685473 ], [ 26.58267154243282, 37.688030971172253 ], [ 26.582679836907829, 37.688161919203068 ], [ 26.582658048008692, 37.688290544778972 ], [ 26.582742425450405, 37.688452607456952 ], [ 26.582817524283556, 37.688671496830231 ], [ 26.582921232941242, 37.688958304514827 ], [ 26.582919111078834, 37.689113321307396 ], [ 26.582855971787904, 37.689347161957706 ], [ 26.582930660156936, 37.689554138884311 ], [ 26.582937480415975, 37.689750682837925 ], [ 26.58284490557336, 37.689892781981392 ], [ 26.582809161914444, 37.690051516050048 ], [ 26.582738939612607, 37.690297431661186 ], [ 26.582659804834776, 37.690394532994681 ], [ 26.582369778177096, 37.690466453145014 ], [ 26.582095287046645, 37.690445644908465 ], [ 26.582018140361118, 37.690492037700366 ], [ 26.582011445558237, 37.690623313551811 ], [ 26.58202294050346, 37.690846578060516 ], [ 26.582002287525576, 37.691007961081255 ], [ 26.581946047503731, 37.691116481589169 ], [ 26.581862748758418, 37.691201751313564 ], [ 26.581724092813239, 37.691204789426443 ], [ 26.581543699320473, 37.69119383978029 ], [ 26.581483297486496, 37.691290528887485 ], [ 26.581526379199722, 37.691343228384689 ], [ 26.581516479346647, 37.691382188078954 ], [ 26.581434139033842, 37.6913869730326 ], [ 26.58138823862469, 37.691361156436201 ], [ 26.581269589021844, 37.691292230427187 ], [ 26.581079220081133, 37.691209973105593 ], [ 26.580769893245762, 37.691049855226169 ], [ 26.580424124575085, 37.690920337957841 ], [ 26.58007261896595, 37.690841607111615 ], [ 26.579776156912338, 37.690836176500468 ], [ 26.579463435937729, 37.690902625350994 ], [ 26.579359093714945, 37.691030077394409 ], [ 26.579297554835673, 37.691094008762107 ], [ 26.579148894706091, 37.691133024179948 ], [ 26.578870002419318, 37.691201711550001 ], [ 26.578650759764738, 37.691260152918339 ], [ 26.578209142912588, 37.691394983787085 ], [ 26.577993509122688, 37.691557651354991 ], [ 26.577934443876423, 37.691693053246496 ], [ 26.577882358316625, 37.69181340086881 ], [ 26.577891778228338, 37.691977106608846 ], [ 26.577973157934444, 37.692052811663096 ], [ 26.577979278630526, 37.692121222968431 ], [ 26.578068773707511, 37.69221463174069 ], [ 26.578251955060228, 37.692305991648453 ], [ 26.578366444122246, 37.692363090852673 ], [ 26.578423140055737, 37.692484038325965 ], [ 26.578427164076697, 37.69260017857345 ], [ 26.578389655882631, 37.692708286883324 ], [ 26.578298236577705, 37.692775851527962 ], [ 26.578189111854741, 37.692873604702811 ], [ 26.578105153889695, 37.693048294484505 ], [ 26.578124992841293, 37.693187929922729 ], [ 26.578220333383513, 37.693233527223171 ], [ 26.578378969047467, 37.693265819692215 ], [ 26.578510308758954, 37.693376193141297 ], [ 26.578576047416306, 37.693541646690441 ], [ 26.578667917638139, 37.693703547538014 ], [ 26.578838900836445, 37.693875638977097 ], [ 26.57897980049729, 37.694045407226433 ], [ 26.579167355962689, 37.69415455197224 ], [ 26.579463489245672, 37.694258337909474 ], [ 26.57966053250076, 37.694316608815626 ], [ 26.579762647128479, 37.694341196329582 ], [ 26.579921905902079, 37.694391352807514 ], [ 26.580016525705933, 37.694416103958588 ], [ 26.580141229890408, 37.694443175669136 ], [ 26.580204319894833, 37.694423912722186 ], [ 26.580290102968945, 37.694410114456439 ], [ 26.580360141876287, 37.694483085128695 ], [ 26.580390092795561, 37.694589717122746 ], [ 26.580337181556807, 37.694686242368583 ], [ 26.580300192553182, 37.694809241235383 ], [ 26.580323989119776, 37.694954749523795 ], [ 26.580441686127152, 37.69510416374149 ], [ 26.580478410266767, 37.695189784497465 ], [ 26.580572588226499, 37.69530991114901 ], [ 26.580688013088249, 37.695393810188683 ], [ 26.580830528135468, 37.695393668312413 ], [ 26.581043497048036, 37.695478410823313 ], [ 26.581242198520084, 37.695584326229685 ], [ 26.581305569923607, 37.695681285700623 ], [ 26.58135467462964, 37.695799418336421 ], [ 26.581388994754612, 37.695923835094284 ], [ 26.581405919771164, 37.696087375336255 ], [ 26.581390797682104, 37.696192013683195 ], [ 26.581479239187345, 37.696362928945376 ], [ 26.581564169107295, 37.69643259277035 ], [ 26.58163286727866, 37.696466851383015 ], [ 26.58168479137996, 37.696558099138628 ], [ 26.581832399021174, 37.696596588908236 ], [ 26.582043513052483, 37.696627725781816 ], [ 26.582187682582305, 37.696675231021395 ], [ 26.582347464174131, 37.696740273401339 ], [ 26.582455502328838, 37.696827312406583 ], [ 26.582430480189494, 37.696970910660312 ], [ 26.582354879033282, 37.697061973931582 ], [ 26.582202564957313, 37.697104054176769 ], [ 26.582041694199027, 37.697223806516689 ], [ 26.581904031734584, 37.697363911570271 ], [ 26.581848896651383, 37.69761247691325 ], [ 26.581882880970785, 37.697835247429055 ], [ 26.582050857076897, 37.69802826046719 ], [ 26.582315449866236, 37.698195314727762 ], [ 26.582597542570138, 37.698326222896853 ], [ 26.582916494027369, 37.698438440612968 ], [ 26.583080545082492, 37.698518289984293 ], [ 26.583140898218964, 37.698636175354437 ], [ 26.583206033215077, 37.698783758410507 ], [ 26.583301978249455, 37.698954506118675 ], [ 26.583311412731792, 37.69911821149811 ], [ 26.583236946769215, 37.699242031456123 ], [ 26.583156225958771, 37.699401751666784 ], [ 26.583109364093033, 37.699456422578017 ], [ 26.583028669524541, 37.699508854243319 ], [ 26.582917163859197, 37.699538121206672 ], [ 26.582808784741694, 37.699549437105304 ], [ 26.582656879557842, 37.69960342985857 ], [ 26.582515908100582, 37.699648241296941 ], [ 26.582454054348144, 37.699703240204705 ], [ 26.582393338667821, 37.69979099663658 ], [ 26.582290567018617, 37.699855833275826 ], [ 26.582198110932541, 37.699893621737473 ], [ 26.582117103921188, 37.699937119516413 ], [ 26.582016916977114, 37.700076404505765 ], [ 26.582018130040975, 37.700219427058592 ], [ 26.582017791547987, 37.700317781239775 ], [ 26.581903750587433, 37.700490151858844 ], [ 26.581840007758441, 37.700598835777811 ], [ 26.581833310270962, 37.700730111763754 ], [ 26.581901160805241, 37.700847833289636 ], [ 26.582008789440085, 37.700922959030819 ], [ 26.582137666996154, 37.700961859501788 ], [ 26.582233226156248, 37.701013408957131 ], [ 26.582317438332687, 37.701062226611768 ], [ 26.582448203595966, 37.701047440369109 ], [ 26.582620608307682, 37.701043662423672 ], [ 26.582803948215869, 37.701030702866355 ], [ 26.583050485791123, 37.701001457463441 ], [ 26.583333468047339, 37.700941610964001 ], [ 26.58347265938599, 37.700953460929419 ], [ 26.583680968974935, 37.701011478107496 ], [ 26.583809742826293, 37.701047397183139 ], [ 26.583881239412605, 37.70116205741013 ], [ 26.583931904639236, 37.701324858019674 ], [ 26.584009655975148, 37.701403617821086 ], [ 26.584114782211135, 37.70151456039352 ], [ 26.584125896979046, 37.701618624292827 ], [ 26.584128690839467, 37.701699028626095 ], [ 26.584024367961629, 37.701719196534256 ], [ 26.5839927043803, 37.701779494996458 ], [ 26.584061513226413, 37.701816728761109 ], [ 26.584185920836664, 37.701834862157824 ], [ 26.584233379304749, 37.701905346486789 ], [ 26.58430624706882, 37.7019514316192 ], [ 26.584374848046242, 37.701982709514944 ], [ 26.584358591858727, 37.702054590862581 ], [ 26.584347219320879, 37.702159146700552 ], [ 26.584405612513066, 37.702220450512982 ], [ 26.584556671122336, 37.70224992030667 ], [ 26.584650267156952, 37.702244886246184 ], [ 26.584636930654039, 37.702292862653174 ], [ 26.584545816922162, 37.702369366088156 ], [ 26.584530283640131, 37.702462092694752 ], [ 26.584496114049728, 37.702558208014388 ], [ 26.584481720419625, 37.702683692844985 ], [ 26.584595919599291, 37.702731851945451 ], [ 26.584732296880265, 37.70277058262981 ], [ 26.584858592058648, 37.702735030687101 ], [ 26.584980828330167, 37.702690627060107 ], [ 26.585037980290974, 37.702716194506102 ], [ 26.585124057716222, 37.702818613212699 ], [ 26.585219392993395, 37.702971492151363 ], [ 26.585268509265891, 37.703089622532836 ], [ 26.585228189692877, 37.703224616788823 ], [ 26.585168716233131, 37.703348108865107 ], [ 26.58522157984568, 37.703466157648208 ], [ 26.585299749273361, 37.703556828647564 ], [ 26.585319502896148, 37.703693484925019 ], [ 26.585336603740057, 37.70382220168311 ], [ 26.585305176770152, 37.703954019684723 ], [ 26.585286983933692, 37.704121310643828 ], [ 26.585276462950183, 37.70425028525117 ], [ 26.585296836596388, 37.704404809148571 ], [ 26.585364608575535, 37.704541602971119 ], [ 26.585403570936176, 37.704626579291116 ], [ 26.585425618998649, 37.704742919021285 ], [ 26.585447419405661, 37.704852111061641 ], [ 26.585452470941838, 37.704997434339539 ], [ 26.585411035948024, 37.705186692391663 ], [ 26.585358286707468, 37.705309441323251 ], [ 26.585260825533766, 37.70535449455442 ], [ 26.585108314639037, 37.705369761774413 ], [ 26.584929727852096, 37.705411825601637 ], [ 26.584882727051827, 37.705527295465188 ], [ 26.584867716464288, 37.705613455722286 ], [ 26.584859446194212, 37.705720923187648 ], [ 26.584797949339436, 37.705851017723468 ], [ 26.584666574082018, 37.70595641819709 ], [ 26.584496382178394, 37.706067437728024 ], [ 26.584388001792316, 37.706143723086484 ], [ 26.584263782115094, 37.70628234514097 ], [ 26.584128993492481, 37.706375898677585 ], [ 26.584037492328608, 37.706398219512074 ], [ 26.583984510768449, 37.706427990467517 ], [ 26.583934508569818, 37.706543526423459 ], [ 26.583946484692717, 37.706629093730548 ], [ 26.583979200996929, 37.706707054059798 ], [ 26.583975189770829, 37.706764361881682 ], [ 26.583862135871737, 37.706878895935894 ], [ 26.583762003736773, 37.706933543336994 ], [ 26.583660051522951, 37.706935778876002 ], [ 26.583508467052699, 37.706891418864721 ], [ 26.583468224238249, 37.706942369107153 ], [ 26.583454969148718, 37.706992725840188 ], [ 26.583415387965566, 37.707062734380699 ], [ 26.583338334709406, 37.707090650250024 ], [ 26.583152089532554, 37.707085195480531 ], [ 26.58301564466133, 37.707131101532795 ], [ 26.582769758546618, 37.707136490866112 ], [ 26.582549370876585, 37.707098406630692 ], [ 26.582371626008165, 37.707078460442276 ], [ 26.582238168558209, 37.707055905006555 ], [ 26.582223451825616, 37.706955191027696 ], [ 26.582064877505342, 37.706882372386744 ], [ 26.581744832435483, 37.706999055562974 ], [ 26.581588365418433, 37.707159839007701 ], [ 26.58161082154815, 37.707288091253908 ], [ 26.581549153269325, 37.707413418538756 ], [ 26.581495795108641, 37.707605321112581 ], [ 26.581634681081649, 37.707802547029175 ], [ 26.581731421042587, 37.707995928966461 ], [ 26.581648515480218, 37.708120347833869 ], [ 26.58136061459852, 37.708552409305433 ], [ 26.580801237544414, 37.709036725883934 ], [ 26.580583302529803, 37.709155938576821 ], [ 26.580241947153745, 37.70917771805081 ], [ 26.57986614299918, 37.709071507290474 ], [ 26.579604407014685, 37.709139225547084 ], [ 26.579413150987325, 37.709162485558629 ], [ 26.579302125763522, 37.709422405305325 ], [ 26.579286234497509, 37.709656401114984 ], [ 26.579385944761846, 37.709935549513439 ], [ 26.579460874762841, 37.710014715201361 ], [ 26.579660080357812, 37.710225184009509 ], [ 26.579967768288146, 37.710270898562079 ], [ 26.579983566396653, 37.710380223986562 ], [ 26.580071993539104, 37.71050703234804 ], [ 26.580075299488691, 37.710602327369465 ], [ 26.579873484788344, 37.710840393412624 ], [ 26.579790913159307, 37.711228435311497 ], [ 26.579745435426538, 37.711820702374887 ], [ 26.579769980545546, 37.71190592292826 ], [ 26.579881917018902, 37.712294546295318 ], [ 26.579925809379478, 37.712500574724992 ], [ 26.579934500323763, 37.712559777881502 ], [ 26.579927093467841, 37.712594741550006 ], [ 26.579935927184337, 37.712641754156984 ], [ 26.579967514255639, 37.71271676581258 ], [ 26.579985389594633, 37.712854942466763 ], [ 26.579867088619423, 37.712905216056001 ], [ 26.579749236513909, 37.713141443967231 ], [ 26.579777524643585, 37.713264800977008 ], [ 26.579919936485794, 37.713390427480128 ], [ 26.579975791175542, 37.713599009343362 ], [ 26.57997125867044, 37.713727854404304 ], [ 26.57977878700979, 37.713889422435813 ], [ 26.579471837298744, 37.714125021817459 ], [ 26.579396497606904, 37.714548667403434 ], [ 26.579442153740565, 37.714826615325251 ], [ 26.579157232060808, 37.714918681020968 ], [ 26.578994792744304, 37.714907932525357 ], [ 26.578613955304853, 37.714830438043506 ], [ 26.578311037346506, 37.714922896589201 ], [ 26.577693649569923, 37.71529402801297 ], [ 26.577459405866573, 37.715549489415643 ], [ 26.577105970635117, 37.715743183838441 ], [ 26.576744362096534, 37.715701024952857 ], [ 26.576395216623318, 37.715758727859054 ], [ 26.576003314817857, 37.715881736745189 ], [ 26.575795559145934, 37.716122310441882 ], [ 26.575734723825473, 37.716445500727197 ], [ 26.575799847722422, 37.716765939012951 ], [ 26.575686281644213, 37.717021245444073 ], [ 26.575632780267458, 37.717141520690639 ], [ 26.575526464614189, 37.717451401096383 ], [ 26.575395469271033, 37.717568703929103 ], [ 26.575268475980081, 37.7176716142583 ], [ 26.575060501806529, 37.717680062247503 ], [ 26.574934072684918, 37.717712627110849 ], [ 26.574901122456353, 37.717844474878191 ], [ 26.575043859793215, 37.717982228061452 ], [ 26.574961775527765, 37.718565223113643 ], [ 26.574847695007588, 37.718911036930379 ], [ 26.574466009094497, 37.71906957960919 ], [ 26.574195505087392, 37.719318674103256 ], [ 26.574136977287854, 37.719448696023335 ], [ 26.57417816368994, 37.719597998773004 ], [ 26.574119388096978, 37.71972087500842 ], [ 26.573873895173346, 37.719912203672834 ], [ 26.573385469094656, 37.720108835784487 ], [ 26.57298552962791, 37.720260620523831 ], [ 26.57290875802115, 37.720383888893643 ], [ 26.572944407112157, 37.720633445711854 ], [ 26.572823543282439, 37.721043778182555 ], [ 26.572553027468214, 37.721292868761729 ], [ 26.572006645736199, 37.721376323242794 ], [ 26.571906033781612, 37.721286543938888 ], [ 26.571983969369665, 37.72106669257667 ], [ 26.571964490793924, 37.721024201323445 ], [ 26.57174231943457, 37.720978984786299 ], [ 26.571672934539286, 37.721055600274546 ], [ 26.571657239323915, 37.721252635670119 ], [ 26.571766428107889, 37.721364010240187 ], [ 26.571815545541718, 37.721448442742179 ], [ 26.571624446091391, 37.72152056166685 ], [ 26.571335285148869, 37.721491110790602 ], [ 26.571079892070852, 37.721396550113973 ], [ 26.571020935639165, 37.721331405141491 ], [ 26.570948295374922, 37.721313917092601 ], [ 26.570842630508647, 37.721382979176333 ], [ 26.570883893821996, 37.721534663953634 ], [ 26.570966686950548, 37.721598944729628 ], [ 26.571086960228492, 37.721861306680417 ], [ 26.571430309751733, 37.722676348099888 ], [ 26.571504666562578, 37.723003739978637 ], [ 26.571505514050354, 37.72406944064042 ], [ 26.57146561967858, 37.724478002487395 ], [ 26.57136165195277, 37.725116842516421 ], [ 26.57127261715944, 37.725438732940312 ], [ 26.571211815013797, 37.725439914353288 ], [ 26.571136417716556, 37.725429640359671 ], [ 26.571024354031472, 37.725444005010814 ], [ 26.571006297725564, 37.725498622469061 ], [ 26.57114848384197, 37.725517370713412 ], [ 26.571193131735978, 37.725550590450247 ], [ 26.571229694986609, 37.725649268132912 ], [ 26.571234415507462, 37.725681589951392 ], [ 26.571219241992139, 37.725798268044031 ], [ 26.571196565042985, 37.725836907529086 ], [ 26.571173862108431, 37.725944215170628 ], [ 26.571108785197399, 37.72600666932955 ], [ 26.571054493400524, 37.726103220746673 ], [ 26.571033003222954, 37.726176167513472 ], [ 26.570978737309627, 37.726204055348909 ], [ 26.570904326181729, 37.726274342493575 ], [ 26.570830731181101, 37.726298835968592 ], [ 26.570794712470068, 37.726368284953381 ], [ 26.57072732800308, 37.726364033551214 ], [ 26.570643344309367, 37.726365866079092 ], [ 26.570532899718252, 37.726366369164353 ], [ 26.570485870761299, 37.726464667810312 ], [ 26.570416982858895, 37.726555816333111 ], [ 26.570447425410073, 37.726602834543449 ], [ 26.570542127327883, 37.726633193010244 ], [ 26.570609750570217, 37.726713732910824 ], [ 26.570703529685964, 37.72671740895494 ], [ 26.57071503889853, 37.726772469465672 ], [ 26.570637567391859, 37.726823750924346 ], [ 26.570623474006272, 37.726902259208266 ], [ 26.57058508084749, 37.726903096311254 ], [ 26.570577328476244, 37.726956670777376 ], [ 26.57065116042159, 37.727008465340703 ], [ 26.570676269015141, 37.727095654807854 ], [ 26.570661384070469, 37.727151291604677 ], [ 26.570643967267941, 37.727203169343653 ], [ 26.570660051450595, 37.727321072762187 ], [ 26.570644678540766, 37.727432033289531 ], [ 26.570605731283209, 37.727486288333893 ], [ 26.570543448123544, 37.727560125287702 ], [ 26.570502628582794, 37.727629680156952 ], [ 26.570411748070097, 37.727709863351414 ], [ 26.570322014283271, 37.72775378273105 ], [ 26.570306602136132, 37.72779417197038 ], [ 26.57021811919839, 37.727874302781409 ], [ 26.570127552382079, 37.727947893101245 ], [ 26.570035205356604, 37.728017579676973 ], [ 26.569988203283337, 37.728047216108735 ], [ 26.56993319041473, 37.728105637042489 ], [ 26.569889021006095, 37.728130441815139 ], [ 26.569814363531705, 37.728141605442133 ], [ 26.569732884232195, 37.72812907878108 ], [ 26.569673305859318, 37.728142299297119 ], [ 26.569605469654149, 37.728177155841664 ], [ 26.569549963222912, 37.728221282341465 ], [ 26.569488456342455, 37.7282655383638 ], [ 26.569483939404044, 37.728308552636577 ], [ 26.569479176667766, 37.728344418277331 ], [ 26.569427408980083, 37.728409919580905 ], [ 26.569350657949091, 37.728447355328619 ], [ 26.569269306972505, 37.728525421936283 ], [ 26.569202953771718, 37.728603163793167 ], [ 26.569135530102518, 37.728649933147224 ], [ 26.56906711773799, 37.728668113528862 ], [ 26.568986707585658, 37.728686556055358 ], [ 26.568949114492245, 37.728727906461515 ], [ 26.568936175349545, 37.728787792484667 ], [ 26.568877996217697, 37.728841512124404 ], [ 26.568751817229625, 37.728925324145102 ], [ 26.568679134848587, 37.728993665829655 ], [ 26.568647292844648, 37.72902773856498 ], [ 26.568615449704989, 37.72906181148474 ], [ 26.568480600755873, 37.729155349316947 ], [ 26.568377592813729, 37.72921481540488 ], [ 26.568285924262863, 37.729254959273128 ], [ 26.568241344590103, 37.729267852213063 ], [ 26.568157356307413, 37.72926968285887 ], [ 26.568047608443127, 37.729307838067051 ], [ 26.567941189822616, 37.729355456116522 ], [ 26.567822525760278, 37.729396189625916 ], [ 26.567748442323456, 37.729424029219018 ], [ 26.56769256647031, 37.729381513925297 ], [ 26.567669143946091, 37.729355201808268 ], [ 26.567701344885752, 37.729309798685136 ], [ 26.567779259857396, 37.729284258699522 ], [ 26.567796977500361, 37.729254070748219 ], [ 26.567817519469731, 37.729196999159363 ], [ 26.567779716343473, 37.729188882524362 ], [ 26.567724916460524, 37.729231799371824 ], [ 26.567647722176666, 37.729278183982849 ], [ 26.567559792490247, 37.729339705641621 ], [ 26.567523944262199, 37.729388169190443 ], [ 26.567503884085273, 37.729422978534799 ], [ 26.567405969377496, 37.729456105015515 ], [ 26.567320217084269, 37.729493737165136 ], [ 26.567246463492324, 37.729531106183472 ], [ 26.567211621024551, 37.729565243500559 ], [ 26.56718951720044, 37.729620562187634 ], [ 26.567160838250178, 37.729659331637777 ], [ 26.567091071006416, 37.72972522550787 ], [ 26.567010494408031, 37.729738902367409 ], [ 26.566972816978947, 37.729777868662929 ], [ 26.566893556876018, 37.72982966349111 ], [ 26.566859044198864, 37.729873330489454 ], [ 26.566860772041032, 37.729923360129561 ], [ 26.566779947411948, 37.729929888556903 ], [ 26.566741364068942, 37.729942651117661 ], [ 26.566718519164777, 37.729976526336863 ], [ 26.566734587022363, 37.73000717078169 ], [ 26.56676174783351, 37.73001134770174 ], [ 26.56680583662521, 37.729984161026863 ], [ 26.566842243583697, 37.729995289280822 ], [ 26.56686431027693, 37.730025801851738 ], [ 26.566865626865397, 37.730063919908261 ], [ 26.566831276691701, 37.730112351300015 ], [ 26.56677884784143, 37.730158792030146 ], [ 26.566717338227878, 37.73020304804048 ], [ 26.566685742181249, 37.730244266593822 ], [ 26.566626737641155, 37.730274160833815 ], [ 26.566582648837734, 37.730301348308991 ], [ 26.566526479240093, 37.730326414318711 ], [ 26.566484402963535, 37.730324945820584 ], [ 26.566498495640296, 37.730298413306087 ], [ 26.566503589682519, 37.730272076762638 ], [ 26.566461349747438, 37.730265844035841 ], [ 26.566391004917556, 37.730315060024289 ], [ 26.56634182146702, 37.730368582159869 ], [ 26.566335455510131, 37.730445014233823 ], [ 26.566307680301719, 37.730509991860934 ], [ 26.56626757917407, 37.730565701136761 ], [ 26.566253814179845, 37.730601763812395 ], [ 26.566262528169474, 37.730680250549291 ], [ 26.566293757686271, 37.730715333258004 ], [ 26.566345327499352, 37.730730898811629 ], [ 26.566416495407442, 37.730705506885307 ], [ 26.566427259804779, 37.730669510300878 ], [ 26.566472418001787, 37.730673294468914 ], [ 26.566471146284119, 37.730723389987681 ], [ 26.566528714093735, 37.730738824690384 ], [ 26.566509609852286, 37.730794076176288 ], [ 26.566544332980488, 37.730843387772637 ], [ 26.566566481515164, 37.730876283902816 ], [ 26.566589453507913, 37.730933002071282 ], [ 26.56659077006379, 37.730971120091404 ], [ 26.566583251834679, 37.731014199190128 ], [ 26.566584815741464, 37.731059463671706 ], [ 26.566543809540281, 37.731088967459492 ], [ 26.566456984460451, 37.73109562660801 ], [ 26.566421729728752, 37.73111785205078 ], [ 26.566369381606723, 37.73116667606434 ], [ 26.566335525777355, 37.731229401941462 ], [ 26.566326324189241, 37.731310664051684 ], [ 26.566312149914026, 37.731334813871449 ], [ 26.566322875491434, 37.731384648557835 ], [ 26.566345271472549, 37.73142469117721 ], [ 26.5663956065472, 37.731404520421307 ], [ 26.566406387758732, 37.731369000495121 ], [ 26.56642578325134, 37.731374299673938 ], [ 26.56642430475366, 37.731401034358719 ], [ 26.566436633045619, 37.731410302269126 ], [ 26.566481633865386, 37.731392154813705 ], [ 26.56648531472468, 37.731359652131545 ], [ 26.566525714577111, 37.731347327604588 ], [ 26.566543170248512, 37.731366020889787 ], [ 26.56654428936152, 37.731398420541495 ], [ 26.566561548903579, 37.731411396161988 ], [ 26.566601684649122, 37.731391448512873 ], [ 26.566613222588479, 37.731377845856066 ], [ 26.566642215793369, 37.731382934694906 ], [ 26.566670353506385, 37.731363249812865 ], [ 26.566711280929322, 37.73136617334891 ], [ 26.566785869778744, 37.731370270093073 ], [ 26.56682258932771, 37.731390449895194 ], [ 26.566828155625128, 37.731464715200985 ], [ 26.566800691618383, 37.731503936923829 ], [ 26.566773277681719, 37.731544587635838 ], [ 26.566750621775952, 37.731566539414295 ], [ 26.566718670047539, 37.731580108884252 ], [ 26.566690466948749, 37.73159788972562 ], [ 26.56668245473011, 37.731626673915038 ], [ 26.566701143461984, 37.7316462933765 ], [ 26.566740787815021, 37.731646860792011 ], [ 26.566790736524482, 37.731632896648371 ], [ 26.566826980452735, 37.731639259755696 ], [ 26.566861471310546, 37.731647092204696 ], [ 26.566891058291276, 37.731669335795274 ], [ 26.566888545459136, 37.731700861518888 ], [ 26.566921582991629, 37.731718738363234 ], [ 26.566952870789457, 37.731738083966462 ], [ 26.566978857700764, 37.731760405304264 ], [ 26.566978390847733, 37.731799037016913 ], [ 26.566984432405121, 37.731817503679046 ], [ 26.567008421982969, 37.731834146437699 ], [ 26.567041262095593, 37.731846304891022 ], [ 26.567087984833233, 37.731895355092625 ], [ 26.567115920256164, 37.731921925754698 ], [ 26.567124464788197, 37.731934614740062 ], [ 26.567110566951925, 37.731967652818788 ], [ 26.567087426663189, 37.731992953101852 ], [ 26.567073949694148, 37.732019947969803 ], [ 26.5670982100945, 37.732027049948172 ], [ 26.567148142229225, 37.732012608985343 ], [ 26.567193585030811, 37.731980313930379 ], [ 26.567220581584952, 37.731979725780562 ], [ 26.5672141228942, 37.732001322682237 ], [ 26.56719925929568, 37.73204027133891 ], [ 26.567200246137666, 37.73206885949844 ], [ 26.567183334574569, 37.732100698826798 ], [ 26.567155229399521, 37.732121338182935 ], [ 26.567129812899857, 37.7321676675273 ], [ 26.567157205282516, 37.732178514106323 ], [ 26.567203900426026, 37.732174635897366 ], [ 26.567247243273791, 37.732177983676053 ], [ 26.567299733120599, 37.732185422753481 ], [ 26.567346923385642, 37.732195838255663 ], [ 26.56738671598319, 37.732200691877495 ], [ 26.567433511580184, 37.732199672429282 ], [ 26.567488810907324, 37.732184163100349 ], [ 26.567514353160249, 37.732193619477506 ], [ 26.567520691398592, 37.732220661725918 ], [ 26.567509771846233, 37.732269534983573 ], [ 26.567527945089608, 37.732326359576518 ], [ 26.567578119760967, 37.73237104075691 ], [ 26.567607558320539, 37.732388997779452 ], [ 26.567615647275012, 37.732414570150134 ], [ 26.567616288386443, 37.73243315169011 ], [ 26.567634731502334, 37.732445625167031 ], [ 26.567647972611315, 37.732463931723501 ], [ 26.567650463056157, 37.732483904431142 ], [ 26.567614841432267, 37.732547622794613 ], [ 26.567610133040553, 37.73256775268942 ], [ 26.567620071137238, 37.732594715338749 ], [ 26.567586367367294, 37.732609755156837 ], [ 26.567576210993508, 37.732628573257585 ], [ 26.567595690912867, 37.73267106208877 ], [ 26.567644878163499, 37.7326871570409 ], [ 26.567685511370666, 37.732716311954903 ], [ 26.567674047915002, 37.732749463125913 ], [ 26.567652845888698, 37.732761368714598 ], [ 26.567646239380579, 37.732778679131322 ], [ 26.567670131269939, 37.732792462414437 ], [ 26.56768768430565, 37.73277920632772 ], [ 26.56771283206346, 37.732777227739199 ], [ 26.567729673695286, 37.732795457344004 ], [ 26.56774345627819, 37.732829489181896 ], [ 26.567744049762151, 37.732846642208216 ], [ 26.567717546986323, 37.732861524481962 ], [ 26.567694395357005, 37.732869180924553 ], [ 26.567665846284303, 37.732876956338437 ], [ 26.567657290869281, 37.732890015634524 ], [ 26.567690378270527, 37.732909321335157 ], [ 26.567706972428223, 37.732920404500298 ], [ 26.567732268608353, 37.732922714160935 ], [ 26.567774722841484, 37.732900331938787 ], [ 26.567801128476759, 37.732882590191778 ], [ 26.567837222613765, 37.732884664999808 ], [ 26.567855912107632, 37.732904284168583 ], [ 26.567883698844899, 37.732926566475058 ], [ 26.567923837934039, 37.732941426427288 ], [ 26.567944180300543, 37.732956718214545 ], [ 26.567934714462737, 37.73299554793595 ], [ 26.56791371024983, 37.733013172792461 ], [ 26.567902049261658, 37.733040605648263 ], [ 26.567910730886187, 37.733083331176594 ], [ 26.56803681702312, 37.73306868597605 ], [ 26.568069592452918, 37.733148437429129 ], [ 26.568086444031128, 37.733201713692239 ], [ 26.568152245534264, 37.733259883050387 ], [ 26.5682249292785, 37.733300020947254 ], [ 26.568263455298187, 37.733328983763471 ], [ 26.568326992788489, 37.733321636962522 ], [ 26.5683733251864, 37.733359369098991 ], [ 26.568438407040215, 37.733396693493781 ], [ 26.568505901168752, 37.733395222839704 ], [ 26.568580481305411, 37.733381675869602 ], [ 26.568651105252343, 37.733362254348776 ], [ 26.568729849255401, 37.733360538093869 ], [ 26.568761595341321, 37.733410508821898 ], [ 26.568766785676839, 37.733452117991945 ], [ 26.568813016649493, 37.733486873195567 ], [ 26.568887451753998, 37.733577635660858 ], [ 26.568950122214751, 37.733653754654782 ], [ 26.568979425441928, 37.733719871804809 ], [ 26.568975402957946, 37.733777179693199 ], [ 26.568932549123424, 37.73384010070415 ], [ 26.568913939084275, 37.733909648485323 ], [ 26.568904327704463, 37.733978998266949 ], [ 26.568914975585162, 37.734026449555223 ], [ 26.568970287516521, 37.734063390154859 ], [ 26.569036940707047, 37.734081009304269 ], [ 26.569132437109563, 37.73406462273546 ], [ 26.569214405476021, 37.734038993705084 ], [ 26.569253066875607, 37.734045779154734 ], [ 26.569268189603189, 37.734066430182303 ], [ 26.569223977968882, 37.734107448666521 ], [ 26.569135977699382, 37.734132255387884 ], [ 26.569068162031886, 37.734185231584306 ], [ 26.569086410955133, 37.734226795545872 ], [ 26.569158535850086, 37.734229037196634 ], [ 26.569219057776671, 37.734242973945243 ], [ 26.569289640072846, 37.734270046033664 ], [ 26.569331227931642, 37.734292026419162 ], [ 26.569370282597731, 37.73431024793679 ], [ 26.569403879943746, 37.73430951522861 ], [ 26.569431821059652, 37.734284110188028 ], [ 26.569485894832972, 37.734250506897098 ], [ 26.569537702074516, 37.734220767379533 ], [ 26.569587438145735, 37.734200609454653 ], [ 26.569625571722714, 37.734192148473277 ], [ 26.569633363663847, 37.734209144280868 ], [ 26.569612886193422, 37.734242015067892 ], [ 26.569597405991505, 37.734280498310454 ], [ 26.569654117102374, 37.734323130388908 ], [ 26.569729855047278, 37.734290961399367 ], [ 26.569817922298007, 37.734268059738113 ], [ 26.569869334016786, 37.734226884313621 ], [ 26.569901611382548, 37.734188033898604 ], [ 26.569982150119586, 37.734155760420201 ], [ 26.570019030609149, 37.7341110873638 ], [ 26.570048908555215, 37.734072289292747 ], [ 26.570122906807931, 37.734059231155435 ], [ 26.570175965436412, 37.734065702523345 ], [ 26.570205685399454, 37.734091756713369 ], [ 26.570195400916923, 37.73414157166313 ], [ 26.570227717847054, 37.734173290863843 ], [ 26.570256449334575, 37.734170756157688 ], [ 26.570305658179606, 37.734135351404454 ], [ 26.570348128894601, 37.734113443796332 ], [ 26.570372918380205, 37.734135790236273 ], [ 26.570390705619506, 37.734164012576578 ], [ 26.570465033318666, 37.734160483202906 ], [ 26.570536894941316, 37.734155101451357 ], [ 26.57058775183167, 37.734167341523914 ], [ 26.570576873782798, 37.734200005321249 ], [ 26.570575396849662, 37.734226739019071 ], [ 26.570652057141643, 37.734221252358829 ], [ 26.570660997490855, 37.734201983377581 ], [ 26.57069406659631, 37.734186003955529 ], [ 26.570730590297913, 37.734200464811536 ], [ 26.570739372386189, 37.734246049177074 ], [ 26.570759823787249, 37.734281842049782 ], [ 26.570796084216706, 37.734288680536579 ], [ 26.570835272415717, 37.734310713726494 ], [ 26.570812197181198, 37.734337919058248 ], [ 26.570840506609635, 37.734392612518469 ], [ 26.570894226292971, 37.734418143971375 ], [ 26.570931145762447, 37.734444040452075 ], [ 26.570920729795077, 37.734490042943754 ], [ 26.570878720514219, 37.734525292321209 ], [ 26.570839770331634, 37.734579546233611 ], [ 26.570861804254893, 37.734661081910012 ], [ 26.570863057795396, 37.734697293769536 ], [ 26.570914771374262, 37.734734311940088 ], [ 26.571004158355613, 37.734749526827102 ], [ 26.571059551066323, 37.734754039436972 ], [ 26.571119809875032, 37.734760354542438 ], [ 26.571211001800894, 37.734758363882129 ], [ 26.571285527638697, 37.734760550361116 ], [ 26.571330727927837, 37.734748121564039 ], [ 26.571375137529461, 37.734712819372852 ], [ 26.571430199586104, 37.734707802942317 ], [ 26.571442858164858, 37.734726601077796 ], [ 26.571416566704805, 37.734799652448743 ], [ 26.571391357428794, 37.734834535118885 ], [ 26.571373082249345, 37.734861636394413 ], [ 26.571388470836101, 37.734889910922206 ], [ 26.571436267816125, 37.734883145283874 ], [ 26.571483604504373, 37.734863038805742 ], [ 26.571509607140701, 37.734851026241792 ], [ 26.571532062148194, 37.734875332720307 ], [ 26.571543179473696, 37.734918958509716 ], [ 26.571554228469193, 37.734960677999162 ], [ 26.571555350364793, 37.73499307732984 ], [ 26.571592798010315, 37.735034220808046 ], [ 26.571644116786093, 37.7350598037184 ], [ 26.571656908021762, 37.735082411451664 ], [ 26.571641230425264, 37.735115179504433 ], [ 26.571673945455341, 37.735158333615345 ], [ 26.571740877336595, 37.735149243295631 ], [ 26.57178427155598, 37.735154018049862 ], [ 26.571830592517006, 37.735173986752912 ], [ 26.571881911504935, 37.735199569519871 ], [ 26.571890628703798, 37.735243247876618 ], [ 26.571879751874494, 37.735275909795526 ], [ 26.571943268782544, 37.735306947116911 ], [ 26.571987850521943, 37.73534602883656 ], [ 26.572035096062695, 37.735392679321485 ], [ 26.572033752067217, 37.735423226344672 ], [ 26.572035137081887, 37.735463249920166 ], [ 26.572074654803505, 37.735494810823198 ], [ 26.572117521799537, 37.735484339009396 ], [ 26.572159729879047, 37.735454806328477 ], [ 26.572202926525964, 37.735453863477005 ], [ 26.57221871127355, 37.735493572624819 ], [ 26.572248367063086, 37.735517721140603 ], [ 26.572371945151421, 37.735549355240209 ], [ 26.572570974137335, 37.73560985842154 ], [ 26.572581011085266, 37.735691653527319 ], [ 26.572555470861062, 37.735717005892234 ], [ 26.572490608352791, 37.735716516236131 ], [ 26.572426011627275, 37.735723648455831 ], [ 26.572393206215331, 37.735747252550645 ], [ 26.572365133554623, 37.735768845921243 ], [ 26.572391045936175, 37.735823592069814 ], [ 26.572427637361979, 37.73583995974559 ], [ 26.572480234961013, 37.735833089329589 ], [ 26.5725436453749, 37.73579165073393 ], [ 26.572611986334859, 37.735753918766832 ], [ 26.572654787465879, 37.735741540908847 ], [ 26.572677441783348, 37.73577156248534 ], [ 26.572656964530861, 37.735804434905283 ], [ 26.572617421631445, 37.73584153725087 ], [ 26.572592012386508, 37.735870702298286 ], [ 26.572559603994399, 37.735905741924604 ], [ 26.572584393897642, 37.735928087861843 ], [ 26.572646261458107, 37.735911478118005 ], [ 26.572680938373054, 37.73587257420693 ], [ 26.572732217779865, 37.735827586609901 ], [ 26.572784684110403, 37.735816902465366 ], [ 26.572816474698833, 37.735833375312112 ], [ 26.572832787819028, 37.735888331582828 ], [ 26.572831973202831, 37.735934125651362 ], [ 26.572793550496151, 37.736003626816725 ], [ 26.572719948984634, 37.736028123260787 ], [ 26.572631484244454, 37.736039591098461 ], [ 26.572555216822504, 37.736056515312903 ], [ 26.57251034519901, 37.736078476543149 ], [ 26.572497068132087, 37.736111191147003 ], [ 26.572466794961411, 37.736138554201318 ], [ 26.572436520661093, 37.736165917441419 ], [ 26.572444775498219, 37.736196254397768 ], [ 26.572471833178479, 37.73621473718211 ], [ 26.572475420975447, 37.73624898976481 ], [ 26.572447481608293, 37.73627439632056 ], [ 26.572437197413752, 37.736324210626471 ], [ 26.572454986281056, 37.736352432430671 ], [ 26.572537769100482, 37.736384955659979 ], [ 26.572576694536131, 37.736399365875201 ], [ 26.572644615961682, 37.736418862908259 ], [ 26.572693404795309, 37.736440685122666 ], [ 26.572739332351876, 37.736449218318661 ], [ 26.572784929013203, 37.736448222705391 ], [ 26.572813265844122, 37.736434253291414 ], [ 26.572858069410707, 37.736410386515267 ], [ 26.572913399038459, 37.736412992847519 ], [ 26.572949330866077, 37.736410300558553 ], [ 26.573018662094587, 37.736401157017923 ], [ 26.573074848417797, 37.736428539681 ], [ 26.573076235073334, 37.73646856208083 ], [ 26.573030877679766, 37.736545846754559 ], [ 26.573011588955637, 37.736613023344432 ], [ 26.572972573812422, 37.736665373059068 ], [ 26.572872902463303, 37.736699975910916 ], [ 26.572817638566811, 37.736699275361289 ], [ 26.572733314388632, 37.736691580033508 ], [ 26.572690249092336, 37.736696335637269 ], [ 26.5726841053736, 37.73672698685025 ], [ 26.572675560933813, 37.736757689839877 ], [ 26.572620893269068, 37.736774142715177 ], [ 26.572576970049912, 37.73675412115481 ], [ 26.572503233158056, 37.736774804473981 ], [ 26.572413951779957, 37.736832067241316 ], [ 26.572376808779229, 37.736869116810759 ], [ 26.572380923571124, 37.736918617698258 ], [ 26.572326518418627, 37.736942693786176 ], [ 26.572240981011905, 37.736969356777784 ], [ 26.572210376588181, 37.736987190954324 ], [ 26.57218168504868, 37.737060294972565 ], [ 26.572221799213288, 37.737109010321205 ], [ 26.572320919509465, 37.737127826409207 ], [ 26.572365040767576, 37.737153565458378 ], [ 26.572396149984627, 37.737219642906254 ], [ 26.572446942810963, 37.737229977090522 ], [ 26.572506279080912, 37.737209608482011 ], [ 26.572540626571861, 37.737161174799368 ], [ 26.572576164365536, 37.737147048557254 ], [ 26.572624491802294, 37.737155529316929 ], [ 26.572660159065759, 37.737145214140391 ], [ 26.572666236615543, 37.737112656265388 ], [ 26.572705780973831, 37.737075552851792 ], [ 26.572765778013302, 37.73707424272061 ], [ 26.572828174456184, 37.737072880080376 ], [ 26.572860494540617, 37.737104599019546 ], [ 26.572907214417615, 37.737136002521979 ], [ 26.572944754397788, 37.737110388216145 ], [ 26.572988503690357, 37.737056027592551 ], [ 26.573033770685438, 37.737045501986053 ], [ 26.573070758825423, 37.737073304114162 ], [ 26.573089603785441, 37.737132018454538 ], [ 26.573050060925286, 37.737169122708046 ], [ 26.573000719829317, 37.737200718088445 ], [ 26.572982773573447, 37.737237348757262 ], [ 26.573010163952212, 37.737265359914446 ], [ 26.573081961619629, 37.737258070501881 ], [ 26.573175556543646, 37.737256026200036 ], [ 26.573233350946982, 37.737260484935213 ], [ 26.57328720470797, 37.737289825679909 ], [ 26.573542627746018, 37.737175528684851 ], [ 26.573576226754728, 37.737174795307965 ], [ 26.573620150371564, 37.737194815480336 ], [ 26.573663282360293, 37.737191967001984 ], [ 26.573704475546528, 37.737202510857486 ], [ 26.573756126933819, 37.737237621394485 ], [ 26.573754982705221, 37.737273884633119 ], [ 26.57375542185412, 37.737355889729756 ], [ 26.573786903803388, 37.737502067197561 ], [ 26.573838444500943, 37.737568650894843 ], [ 26.573889986204236, 37.737635233474165 ], [ 26.573952294865023, 37.737700629668062 ], [ 26.574075415774271, 37.737718919804848 ], [ 26.57415273898653, 37.737732489132007 ], [ 26.574209676899727, 37.737712171771747 ], [ 26.57427207395024, 37.73771080814705 ], [ 26.574317672578882, 37.737709811558538 ], [ 26.574368619379616, 37.737655292835278 ], [ 26.574463073511502, 37.737678024264817 ], [ 26.574519262725477, 37.737705405748862 ], [ 26.574600924751888, 37.737705527870844 ], [ 26.574612849747197, 37.737783637405954 ], [ 26.574557571300211, 37.737877828014781 ], [ 26.574554806351959, 37.737927955118792 ], [ 26.574604427719009, 37.737930447026173 ], [ 26.57473661706101, 37.737809372687082 ], [ 26.574774419707111, 37.737791381036843 ], [ 26.574819490191615, 37.737775137889933 ], [ 26.574858482606018, 37.73779145109642 ], [ 26.574967446514925, 37.737886342489624 ], [ 26.574981361449964, 37.73794134997781 ], [ 26.574993272497984, 37.738007846678293 ], [ 26.575040853208151, 37.738064026903956 ], [ 26.575075243974833, 37.738086162620931 ], [ 26.575112497785227, 37.738121586994247 ], [ 26.57511901515776, 37.738171033979349 ], [ 26.575151271154049, 37.738200847109653 ], [ 26.575145652164661, 37.738310163876882 ], [ 26.57507442615389, 37.738377285076226 ], [ 26.575112709010821, 37.738399098491882 ], [ 26.575214718931022, 37.738353953308213 ], [ 26.575328577165397, 37.738258005277729 ], [ 26.575387496279433, 37.738294864544024 ], [ 26.575413740729633, 37.738359139732481 ], [ 26.575457667092586, 37.73837915964377 ], [ 26.575548797004362, 37.738375259860149 ], [ 26.575571387017991, 37.738403376715567 ], [ 26.57556995780125, 37.738500681297872 ], [ 26.575487017262351, 37.738533012041138 ], [ 26.575435275359062, 37.738564659608727 ], [ 26.575409999698998, 37.738597636682094 ], [ 26.575408789532119, 37.738631995131719 ], [ 26.575361583591363, 37.7386559151265 ], [ 26.575304911647503, 37.738683855932464 ], [ 26.575233838453734, 37.738712112696589 ], [ 26.575192093084109, 37.738754986084849 ], [ 26.575186148825335, 37.738791355577902 ], [ 26.575187271768456, 37.738823754817659 ], [ 26.575225934490781, 37.738830538007157 ], [ 26.575264333259604, 37.738829698922437 ], [ 26.575279988011893, 37.738865596773479 ], [ 26.575290843628505, 37.738901598808688 ], [ 26.575354033248068, 37.738923104036083 ], [ 26.575423632264666, 37.738921582477893 ], [ 26.575493229064683, 37.738920061259208 ], [ 26.575536361881746, 37.738917210997336 ], [ 26.575600498973511, 37.738896736054436 ], [ 26.575620116188496, 37.738930738623644 ], [ 26.575644407871916, 37.738955956266679 ], [ 26.575687903581006, 37.738963588288044 ], [ 26.575729995387839, 37.738982694060326 ], [ 26.575759241930978, 37.738994928830898 ], [ 26.575804784457141, 37.739009669325824 ], [ 26.575840321903687, 37.739047514797896 ], [ 26.575841858845664, 37.739091827092828 ], [ 26.575874225757506, 37.739194113306333 ], [ 26.575904512171395, 37.739236366783835 ], [ 26.575931247296708, 37.739280127554515 ], [ 26.575977817181958, 37.739376383091525 ], [ 26.575999697214201, 37.739435984807244 ], [ 26.575988040383606, 37.739463419913207 ], [ 26.576025129744121, 37.739494079005659 ], [ 26.576052872069852, 37.739514929492401 ], [ 26.576068462292231, 37.739548920292705 ], [ 26.576064499055608, 37.739590491635639 ], [ 26.576064136170491, 37.739631983944925 ], [ 26.576006026640464, 37.739670447458558 ], [ 26.575947271658361, 37.739690328163583 ], [ 26.575886965327388, 37.739717395985757 ], [ 26.575842660249325, 37.739738391653979 ], [ 26.575787554964602, 37.739759623286588 ], [ 26.575754296323208, 37.739787529635485 ], [ 26.575778588644706, 37.739812748083423 ], [ 26.575857837122392, 37.739812445816582 ], [ 26.575925888775117, 37.73980094391009 ], [ 26.575956487944932, 37.739800275171156 ], [ 26.57596492327357, 37.739828889600858 ], [ 26.575928456368789, 37.739859488806047 ], [ 26.575851566286246, 37.739914812885402 ], [ 26.575758747214213, 37.739943664359416 ], [ 26.575674459715376, 37.740002131396487 ], [ 26.575720796289616, 37.740120136990377 ], [ 26.575715082909017, 37.740163176333596 ], [ 26.575786058763214, 37.740236010112426 ], [ 26.575865588884724, 37.740295782168268 ], [ 26.575941831985041, 37.740312709971199 ], [ 26.576014078502784, 37.740318282944223 ], [ 26.576074469927651, 37.740345573610441 ], [ 26.576159167847575, 37.740346582312121 ], [ 26.576205768442055, 37.740339840425143 ], [ 26.576265727891361, 37.740302766886288 ], [ 26.576319628120835, 37.740298726955359 ], [ 26.576383172972367, 37.740313073848107 ], [ 26.576418216367063, 37.740336625107169 ], [ 26.576479795157439, 37.740398219035576 ], [ 26.576482373959443, 37.740472549718113 ], [ 26.576474250511957, 37.74054997301797 ], [ 26.576441324101854, 37.740639383734802 ], [ 26.576393474372569, 37.740696695663338 ], [ 26.576352237291417, 37.740823481786627 ], [ 26.576323768417293, 37.740833640484809 ], [ 26.576279973335595, 37.740817432485777 ], [ 26.576236972626479, 37.740824094494876 ], [ 26.576239901283291, 37.740839289926186 ], [ 26.576298624731422, 37.740870429272412 ], [ 26.576314082240366, 37.740900608590991 ], [ 26.576281803780049, 37.740939461237652 ], [ 26.576241928815861, 37.740967036208112 ], [ 26.576238782113126, 37.741014786669176 ], [ 26.576240500135633, 37.74106434062454 ], [ 26.576246489234457, 37.741098541263675 ], [ 26.576299356193903, 37.741099292391638 ], [ 26.576307436112806, 37.741055247084972 ], [ 26.576326722674828, 37.740988068337458 ], [ 26.576361004131364, 37.740937728443882 ], [ 26.576398676876824, 37.740915924405314 ], [ 26.576435337092246, 37.740934195334091 ], [ 26.576426728519998, 37.740962994433254 ], [ 26.576370252416915, 37.740996653390376 ], [ 26.576330953034386, 37.741110045374469 ], [ 26.576371400136725, 37.741168287041191 ], [ 26.576464406745572, 37.741149087046125 ], [ 26.576508815323887, 37.741113783932398 ], [ 26.576574277566991, 37.74113142541956 ], [ 26.576611731573308, 37.74117256735709 ], [ 26.576639584992595, 37.741213919080494 ], [ 26.576580180688552, 37.741232385402327 ], [ 26.576559240827848, 37.741251915337095 ], [ 26.57656536253592, 37.741289928376652 ], [ 26.576609423305069, 37.741313758242484 ], [ 26.576615941868674, 37.741363206815976 ], [ 26.576568338034477, 37.741375692737392 ], [ 26.576537931211245, 37.741399245588418 ], [ 26.576572390708513, 37.741423287223597 ], [ 26.576602579022275, 37.741462681279906 ], [ 26.576618499341365, 37.741506200060719 ], [ 26.576585891441123, 37.741535523710724 ], [ 26.576524349259142, 37.741561665186431 ], [ 26.576500944966494, 37.741579342588956 ], [ 26.576459000902418, 37.741616499975429 ], [ 26.576459926259918, 37.741643180838309 ], [ 26.576505591410669, 37.741644089244545 ], [ 26.576541592201192, 37.74164330214299 ], [ 26.576603530159442, 37.741628596389262 ], [ 26.576646267814532, 37.741614310017013 ], [ 26.576677666661865, 37.741619345536193 ], [ 26.576654789428929, 37.74165227133755 ], [ 26.576610445404494, 37.741689479594207 ], [ 26.576585499951172, 37.74173198575 ], [ 26.576560223078602, 37.741764964100611 ], [ 26.57648355442673, 37.741770455002886 ], [ 26.576448017797716, 37.741784584085984 ], [ 26.576430536438153, 37.741834555395869 ], [ 26.576408650933036, 37.7418960695341 ], [ 26.576405568534877, 37.741945726988575 ], [ 26.576432564954168, 37.741962302371391 ], [ 26.576440624512212, 37.741986921308744 ], [ 26.576437212541929, 37.7420270488035 ], [ 26.576404140351389, 37.742043031271329 ], [ 26.576370321657095, 37.742106713321107 ], [ 26.576357176909376, 37.742143239924829 ], [ 26.576359292909316, 37.742204228250849 ], [ 26.576427352768238, 37.742227533837855 ], [ 26.576477753814647, 37.742226431817528 ], [ 26.576572432893911, 37.742186214903747 ], [ 26.576638773631849, 37.742159968438841 ], [ 26.576711766479988, 37.742186981787192 ], [ 26.576753954561287, 37.742226113535828 ], [ 26.576807879298649, 37.742257357796312 ], [ 26.57686387311556, 37.742279020573456 ], [ 26.576910730523185, 37.74231423513924 ], [ 26.576918988230911, 37.742344569566491 ], [ 26.577033706971989, 37.742397373867639 ], [ 26.577085034044856, 37.74242295321816 ], [ 26.57718820701885, 37.742442391347026 ], [ 26.577232134599583, 37.742462410571989 ], [ 26.577281854828858, 37.742510912743313 ], [ 26.577292513213845, 37.742541198064245 ], [ 26.577289167016144, 37.742583232391119 ], [ 26.577290753600717, 37.742628973761462 ], [ 26.577317750335254, 37.742645547969254 ], [ 26.577389883917082, 37.742647783940178 ], [ 26.577410075772505, 37.742675952889101 ], [ 26.577368065280012, 37.742711203980797 ], [ 26.577342855308441, 37.742746086306987 ], [ 26.577349572251581, 37.742801253098996 ], [ 26.577413098654841, 37.742832287068595 ], [ 26.577504365607531, 37.742832196890291 ], [ 26.577526429001939, 37.742845065958733 ], [ 26.577578569655522, 37.742824851942402 ], [ 26.57762518068682, 37.742783777363847 ], [ 26.577702993165143, 37.742742022360233 ], [ 26.577778803689998, 37.742711753443658 ], [ 26.577833805893679, 37.742704828157109 ], [ 26.577846732348078, 37.742731246400119 ], [ 26.577828815659469, 37.742907112655431 ], [ 26.577838992288527, 37.742992719780588 ], [ 26.577832831118691, 37.743092035237567 ], [ 26.577849082880128, 37.743145084474293 ], [ 26.577900674601924, 37.743178287471089 ], [ 26.578056395714626, 37.743235912818662 ], [ 26.578094380178648, 37.743292300302997 ], [ 26.578148902566522, 37.743340698250599 ], [ 26.578189221982377, 37.743395127987 ], [ 26.578203007247772, 37.743446324170655 ], [ 26.578175529504836, 37.743485072796297 ], [ 26.57814569529798, 37.74349049428136 ], [ 26.578074465689074, 37.743476386198829 ], [ 26.578013968369071, 37.743463405961251 ], [ 26.577984299095775, 37.743473592355514 ], [ 26.577985208352658, 37.743499796496117 ], [ 26.578045709163423, 37.743550854702271 ], [ 26.57809010132074, 37.743584215595796 ], [ 26.578174698782856, 37.743599529785826 ], [ 26.578237100366234, 37.743598164380657 ], [ 26.578305493674371, 37.743630999076174 ], [ 26.578359221031025, 37.743656526084607 ], [ 26.578414686873355, 37.74366293992022 ], [ 26.578435277652392, 37.743702542984046 ], [ 26.578448799655035, 37.743746115837787 ], [ 26.578502593337458, 37.743773548520245 ], [ 26.578563455653718, 37.743797010479888 ], [ 26.578634181931925, 37.74382788759722 ], [ 26.578686105513, 37.743870618921882 ], [ 26.5787401641097, 37.743905674517947 ], [ 26.578869550970712, 37.743965783359243 ], [ 26.578939286862251, 37.74396807247377 ], [ 26.578954547776302, 37.743992532972108 ], [ 26.578951005050556, 37.74402884886149 ], [ 26.57899273231904, 37.744054638163412 ], [ 26.579008192049479, 37.744084816826593 ], [ 26.578982453053733, 37.744104453398371 ], [ 26.578944910997308, 37.744130071032366 ], [ 26.578951299358316, 37.744175706759712 ], [ 26.579006832328744, 37.744184027751878 ], [ 26.579043495448968, 37.744202298358047 ], [ 26.579115101312784, 37.744189286808414 ], [ 26.579140509138369, 37.744160120497703 ], [ 26.579198309182971, 37.744164576321296 ], [ 26.579240302737265, 37.744197989245009 ], [ 26.579315217137474, 37.744280270543236 ], [ 26.579378016537845, 37.744290338934611 ], [ 26.579407677220008, 37.74431448501641 ], [ 26.579433399393807, 37.744363512193253 ], [ 26.579455662327444, 37.744382098033164 ], [ 26.579496795131259, 37.744390734134761 ], [ 26.579546204138584, 37.744361041304323 ], [ 26.579579739631313, 37.744358400947462 ], [ 26.579614134437595, 37.744380534806858 ], [ 26.579615126816169, 37.744409123210936 ], [ 26.579673988169301, 37.744444073386241 ], [ 26.579717056829459, 37.744439314626227 ], [ 26.579775387492194, 37.744459018830462 ], [ 26.579801175112024, 37.744509951840655 ], [ 26.579854554932357, 37.744594611344183 ], [ 26.579876007042646, 37.744658990857786 ], [ 26.579934386653569, 37.744749263821149 ], [ 26.579955309865579, 37.744798395246441 ], [ 26.579942365425079, 37.744840639444071 ], [ 26.579923583186641, 37.744862606934113 ], [ 26.579839010809255, 37.744907751385753 ], [ 26.579798937674791, 37.744929610283826 ], [ 26.579770930037796, 37.744953110548259 ], [ 26.579785926918742, 37.744969948696806 ], [ 26.579828996115626, 37.744965190758499 ], [ 26.579878008285029, 37.744924064082632 ], [ 26.57990177656616, 37.74505514821935 ], [ 26.579899028539398, 37.745114336044992 ], [ 26.579819392705005, 37.745241961455854 ], [ 26.579781372006664, 37.745322903522094 ], [ 26.579794695220571, 37.745360757184443 ], [ 26.579840960276133, 37.745378816377382 ], [ 26.579905498552424, 37.74536977497808 ], [ 26.579961712008345, 37.745328489003164 ], [ 26.580033384205095, 37.745317383566707 ], [ 26.580058246037176, 37.745341633830421 ], [ 26.580062368387566, 37.745391134441441 ], [ 26.580093221234193, 37.745449585867661 ], [ 26.580150873997052, 37.745518892365226 ], [ 26.580115600263348, 37.745540646934991 ], [ 26.580114194152614, 37.745569286869944 ], [ 26.580164993069449, 37.745579618593702 ], [ 26.580203328115207, 37.745576870883518 ], [ 26.580185121442476, 37.745605878141589 ], [ 26.580137582910378, 37.745620272352703 ], [ 26.580084779609219, 37.745621429111686 ], [ 26.580090637732688, 37.745651816991021 ], [ 26.580140031943337, 37.745690789342497 ], [ 26.580205630353149, 37.74571224074549 ], [ 26.580187090516585, 37.745731720484429 ], [ 26.580202549989579, 37.745761898155408 ], [ 26.580250222388941, 37.74575131611482 ], [ 26.58031262596711, 37.745749949247781 ], [ 26.580359155719684, 37.745775633152462 ], [ 26.580353544400388, 37.745821531523838 ], [ 26.580360264375216, 37.745876696871356 ], [ 26.580375657955337, 37.745904969629684 ], [ 26.580406926714154, 37.745906192258182 ], [ 26.580415666300514, 37.745881204543672 ], [ 26.580415946935979, 37.745820164781065 ], [ 26.580420234186882, 37.745736149291055 ], [ 26.580395041551615, 37.745702368395435 ], [ 26.580388850789117, 37.745662451065201 ], [ 26.580424786386022, 37.745659756823621 ], [ 26.580471978475554, 37.745704498253765 ], [ 26.580512830805166, 37.745774174701175 ], [ 26.580524086481677, 37.745821611449934 ], [ 26.580567752109324, 37.745834004087676 ], [ 26.580600277851286, 37.745871439080503 ], [ 26.580618734099698, 37.745918718448983 ], [ 26.580708714848615, 37.74601974132824 ], [ 26.580792704880384, 37.746086564782971 ], [ 26.580846037652876, 37.746100654737972 ], [ 26.580889290419353, 37.74617027826838 ], [ 26.581020935580209, 37.746295184179765 ], [ 26.581023054614175, 37.746296995167512 ], [ 26.581147184144442, 37.746403042779662 ], [ 26.581280634586456, 37.746510742683533 ], [ 26.581361230623319, 37.746549030355645 ], [ 26.581403490956784, 37.746590065304417 ], [ 26.581450087620613, 37.746617652581783 ], [ 26.581541690756563, 37.746627089866017 ], [ 26.581603763568825, 37.746616192457317 ], [ 26.581685899202007, 37.746629652137607 ], [ 26.581735492698375, 37.746674340097329 ], [ 26.58178182356292, 37.746694305267141 ], [ 26.581861214121282, 37.746766951386761 ], [ 26.581917410553128, 37.746794329315257 ], [ 26.581975080352827, 37.746794970917833 ], [ 26.582029011227029, 37.746826214570028 ], [ 26.582033399359108, 37.746883338132783 ], [ 26.582016516281506, 37.746950463947051 ], [ 26.582007231727548, 37.747028867674068 ], [ 26.58205921219577, 37.747142167070294 ], [ 26.582167999040283, 37.74723133351403 ], [ 26.582282464666644, 37.747276506823532 ], [ 26.582288259095538, 37.747304989388013 ], [ 26.582361854149255, 37.747349151917476 ], [ 26.582413517207883, 37.747384258839432 ], [ 26.582465246410148, 37.747421270594579 ], [ 26.582488173742121, 37.747458915015784 ], [ 26.582538909140684, 37.747467338521417 ], [ 26.582674711966995, 37.747504414883124 ], [ 26.582753239924497, 37.747552283978635 ], [ 26.58282710307321, 37.747604068705634 ], [ 26.582852362829719, 37.747639753839096 ], [ 26.58283695366093, 37.747680144332875 ], [ 26.582823546807244, 37.747709049360495 ], [ 26.582845319167323, 37.747851621363267 ], [ 26.582920719075954, 37.747878577831479 ], [ 26.582972050856718, 37.747904153886928 ], [ 26.583069186730299, 37.747934448875192 ], [ 26.583144852138652, 37.747969028139515 ], [ 26.583184581085618, 37.748006303575714 ], [ 26.58318617137682, 37.748052044534191 ], [ 26.583230370351171, 37.748079684433563 ], [ 26.583301766189116, 37.748129616107803 ], [ 26.583369819209771, 37.748221582876646 ], [ 26.583388345595992, 37.74827076610682 ], [ 26.583451002945608, 37.748345684632824 ], [ 26.583485090601588, 37.748380879711391 ], [ 26.583583052937591, 37.748482022136002 ], [ 26.583626178098282, 37.748547833390582 ], [ 26.583600902224248, 37.748580811535078 ], [ 26.583639424232231, 37.748652444153542 ], [ 26.583697945236967, 37.748746526494294 ], [ 26.583774075744241, 37.748794447327718 ], [ 26.583782867350479, 37.74884003059433 ], [ 26.583849332844554, 37.7488862538357 ], [ 26.583917532728176, 37.748913368098549 ], [ 26.583981596792587, 37.748959646165055 ], [ 26.584020319010715, 37.74903699755874 ], [ 26.584071506120289, 37.749127425044151 ], [ 26.584112430219275, 37.749199005293292 ], [ 26.584195630824425, 37.749242956398618 ], [ 26.584269362271378, 37.749290928654304 ], [ 26.584357495309501, 37.749338584636682 ], [ 26.584441768927164, 37.749344364172678 ], [ 26.584515168815017, 37.749382807513733 ], [ 26.584524492502926, 37.74944363834036 ], [ 26.584547089811121, 37.749471752493072 ], [ 26.584621563782072, 37.749472025104012 ], [ 26.584669302697304, 37.749463348683697 ], [ 26.584733379181227, 37.749440961921685 ], [ 26.584777048786659, 37.749453355055984 ], [ 26.584863456916302, 37.749451458451119 ], [ 26.584922336226565, 37.749417741638808 ], [ 26.5849810816032, 37.74938021350706 ], [ 26.585068299268322, 37.749332524698723 ], [ 26.585106846863571, 37.749266829663696 ], [ 26.585140594726187, 37.749201240217104 ], [ 26.58511580779987, 37.749110232860382 ], [ 26.585106683287734, 37.749055121074612 ], [ 26.585145962562308, 37.749010390722376 ], [ 26.58521410877167, 37.748966933815268 ], [ 26.585297320437611, 37.748942218796628 ], [ 26.585369327866552, 37.748940638789364 ], [ 26.585470005516513, 37.748934615383597 ], [ 26.585553348974631, 37.748913712701231 ], [ 26.585643297576372, 37.748875499256265 ], [ 26.58573351037575, 37.74884490799721 ], [ 26.585886262151277, 37.748816761173394 ], [ 26.586011405373231, 37.748823550523205 ], [ 26.586147411580168, 37.748866339882063 ], [ 26.586273948180349, 37.748913152425381 ], [ 26.5864038813673, 37.748988498904083 ], [ 26.586562740164361, 37.749135688842216 ], [ 26.586633000640216, 37.749221882637798 ], [ 26.586722793764462, 37.749317183867078 ], [ 26.586745544520404, 37.749393756795406 ], [ 26.586703084938581, 37.749434618546843 ], [ 26.586702699162213, 37.749509727779284 ], [ 26.586692439068862, 37.749560020481951 ], [ 26.586670345636424, 37.749604432334877 ], [ 26.586623932825518, 37.749651227719653 ], [ 26.586601722676502, 37.749703212861696 ], [ 26.586564779652591, 37.749745984791303 ], [ 26.586532502331224, 37.749784839750959 ], [ 26.586495228182574, 37.749818082779242 ], [ 26.586477817848518, 37.749869963092678 ], [ 26.586467331362215, 37.749911667573926 ], [ 26.5864609389468, 37.749937089282831 ], [ 26.586456326623139, 37.750011575787596 ], [ 26.586443650652097, 37.750061444477339 ], [ 26.586386100590527, 37.750133278675058 ], [ 26.586336878894148, 37.75023735466818 ], [ 26.586340407406805, 37.750269701285781 ], [ 26.586416143210894, 37.750306185314521 ], [ 26.586455543035449, 37.750333928672177 ], [ 26.586468938630855, 37.750373689315254 ], [ 26.586433665031482, 37.750395443296846 ], [ 26.586444127735056, 37.750420009333993 ], [ 26.586497863148423, 37.750445531276476 ], [ 26.586537662158758, 37.750484710759771 ], [ 26.586543989748314, 37.750528440682601 ], [ 26.586581254972891, 37.750563861709693 ], [ 26.586620921017264, 37.750599228795949 ], [ 26.586570780532195, 37.75060795925873 ], [ 26.58655704227413, 37.75062733423006 ], [ 26.586610711471831, 37.75065095035864 ], [ 26.586666117287773, 37.750655456083905 ], [ 26.586765059741282, 37.750668541760561 ], [ 26.586806993172846, 37.750700045327697 ], [ 26.58683492265887, 37.750743300949644 ], [ 26.586915915221056, 37.750861682078472 ], [ 26.586918637239659, 37.750939821209244 ], [ 26.586915497152287, 37.750987573248587 ], [ 26.586926690025315, 37.751033102444062 ], [ 26.586974763358537, 37.751033954178354 ], [ 26.586988224825706, 37.751075620617975 ], [ 26.586987816084335, 37.751132849531203 ], [ 26.58694373900093, 37.751177684075522 ], [ 26.586930133887623, 37.751200871433156 ], [ 26.586979798465563, 37.751247464137471 ], [ 26.587026135276066, 37.751267425311909 ], [ 26.587079804526805, 37.751291043086191 ], [ 26.587117469509778, 37.75133789910042 ], [ 26.587170133510053, 37.751401590204438 ], [ 26.587190929214344, 37.751446910158343 ], [ 26.587244997244117, 37.751481961319037 ], [ 26.587267795947447, 37.751515791850409 ], [ 26.587358134054565, 37.751557675683934 ], [ 26.587359263326949, 37.751590075045854 ], [ 26.587413862658671, 37.7516403738897 ], [ 26.587446063129338, 37.751668276405084 ], [ 26.587498870309439, 37.751667116389235 ], [ 26.587536677926359, 37.751649119539685 ], [ 26.587606286102439, 37.751647590956942 ], [ 26.587676626631225, 37.75166702514052 ], [ 26.587714291188572, 37.751713881060326 ], [ 26.587784962445678, 37.751742845956223 ], [ 26.587831698098679, 37.751774243025366 ], [ 26.587901705311094, 37.751784148584989 ], [ 26.58795250957246, 37.751794476829062 ], [ 26.587952974970477, 37.751807816922224 ], [ 26.588011645465873, 37.751837045341773 ], [ 26.588086918284858, 37.751860185971523 ], [ 26.588119052893067, 37.751886183387768 ], [ 26.588118313448881, 37.751933881605318 ], [ 26.588135846155179, 37.751954476870715 ], [ 26.588179051393183, 37.751953527505833 ], [ 26.588218993167526, 37.751927855480318 ], [ 26.588304077690911, 37.751887839572319 ], [ 26.588369019037973, 37.751890226759421 ], [ 26.5884154214869, 37.75191209507868 ], [ 26.588485163841156, 37.751914376206123 ], [ 26.588520029975594, 37.751949849408923 ], [ 26.588559032986431, 37.751966158270712 ], [ 26.588613974111489, 37.75195732093534 ], [ 26.588657646445608, 37.751969713003056 ], [ 26.58866177309654, 37.752019213097206 ], [ 26.588677437011455, 37.752055107148827 ], [ 26.588737245906504, 37.752048070357276 ], [ 26.588791722614125, 37.752025892643069 ], [ 26.588814530555016, 37.751991060479412 ], [ 26.588807869517343, 37.751937801156735 ], [ 26.5887426620579, 37.751927791373539 ], [ 26.588729264850386, 37.751888032092431 ], [ 26.588788675652456, 37.751869560722412 ], [ 26.588825684723236, 37.751828693773533 ], [ 26.588879297271141, 37.751781739611133 ], [ 26.588926174229968, 37.75174828352322 ], [ 26.589001854904232, 37.751714197263254 ], [ 26.589091937281697, 37.75167979310536 ], [ 26.589209692277365, 37.751612355816889 ], [ 26.589281776732999, 37.751544015258673 ], [ 26.589415197911226, 37.75151247217299 ], [ 26.589501608084262, 37.751510573152473 ], [ 26.589630095110824, 37.751475324348064 ], [ 26.589771719167473, 37.751403546886408 ], [ 26.589922938246676, 37.751400222027378 ], [ 26.590019216555564, 37.751405734211296 ], [ 26.590128832800779, 37.751380435629336 ], [ 26.59021841148919, 37.75136606772643 ], [ 26.590307990581902, 37.75135170150687 ], [ 26.590408005673776, 37.751326613670784 ], [ 26.590460080348723, 37.751304488150922 ], [ 26.590531359166764, 37.751281940035526 ], [ 26.59060330039356, 37.751278450576933 ], [ 26.590704911358578, 37.751299103727177 ], [ 26.590816388299267, 37.75132716785145 ], [ 26.590964202871817, 37.751363971532008 ], [ 26.591096212995414, 37.751429730341926 ], [ 26.591177417875954, 37.751485163568169 ], [ 26.591260158227566, 37.751515768286176 ], [ 26.591333896845779, 37.751563735595262 ], [ 26.591400699907037, 37.751619485017322 ], [ 26.591504106560013, 37.751691594086175 ], [ 26.591586914148042, 37.751724105094652 ], [ 26.591689184901373, 37.751832478637326 ], [ 26.591753455455414, 37.751884469298382 ], [ 26.591822327535191, 37.751930637479745 ], [ 26.591889196922882, 37.751988292408619 ], [ 26.591966733766299, 37.752076230199627 ], [ 26.591992665897017, 37.752130971530555 ], [ 26.591951251199685, 37.752252043289744 ], [ 26.59193210986032, 37.752323035542645 ], [ 26.591902502237016, 37.75236946271918 ], [ 26.591892229842987, 37.752419277970574 ], [ 26.591910295792982, 37.752455119287838 ], [ 26.591914092794685, 37.752495089432564 ], [ 26.591891419908364, 37.752533735469711 ], [ 26.591890550867749, 37.752577621045944 ], [ 26.591909015592961, 37.752624897741001 ], [ 26.591960753225997, 37.752661906642551 ], [ 26.591996885620667, 37.752733590096526 ], [ 26.592042154622217, 37.752791719211523 ], [ 26.592051484588879, 37.752852547129258 ], [ 26.592040475052691, 37.752950062391996 ], [ 26.591947188565204, 37.753030316625882 ], [ 26.591846501487435, 37.753105009908232 ], [ 26.591814359957919, 37.753147676805476 ], [ 26.591840292763951, 37.75320241897186 ], [ 26.59188989707749, 37.753247102828851 ], [ 26.591898627602976, 37.753290779282864 ], [ 26.591899353419315, 37.75338040543334 ], [ 26.591896282751701, 37.75343006413312 ], [ 26.591898278713664, 37.753487240611491 ], [ 26.591884003612336, 37.753560031621696 ], [ 26.591836855458151, 37.753654527328905 ], [ 26.5917801726983, 37.753751140836918 ], [ 26.591701419353509, 37.75383488815514 ], [ 26.59159772657295, 37.75396114465336 ], [ 26.591521973780125, 37.754061991847777 ], [ 26.591465961258653, 37.754108999466787 ], [ 26.591366740893356, 37.754156958158532 ], [ 26.591295261943944, 37.754173789404916 ], [ 26.591221647992221, 37.754198295736551 ], [ 26.591150301263774, 37.754218939384742 ], [ 26.591021882838486, 37.754187432130941 ], [ 26.590941273913604, 37.7541491514298 ], [ 26.590893465653441, 37.754155924499024 ], [ 26.590826521639354, 37.75416502730171 ], [ 26.590775182378302, 37.754139455014929 ], [ 26.590712705068928, 37.754138921478408 ], [ 26.59063949637553, 37.754106199678922 ], [ 26.590608764258313, 37.754051564003753 ], [ 26.590578928904851, 37.754033074657499 ], [ 26.590559366583541, 37.753943932694469 ], [ 26.590505893892246, 37.753926036058566 ], [ 26.590489954837516, 37.753951181795863 ], [ 26.590483556663703, 37.754054059943101 ], [ 26.590460273499776, 37.75406436653779 ], [ 26.590430197967425, 37.75409745143206 ], [ 26.590417723533132, 37.754153038524755 ], [ 26.590388380868191, 37.754207088939552 ], [ 26.590434918887556, 37.754232767528038 ], [ 26.590505261156597, 37.754252200646135 ], [ 26.59052119243103, 37.754295719046688 ], [ 26.590498319341307, 37.75432864560257 ], [ 26.590444041162517, 37.754356541445269 ], [ 26.590395501559055, 37.75434235119215 ], [ 26.590355698434916, 37.754303172662901 ], [ 26.590320424431848, 37.754324928911892 ], [ 26.590319819308377, 37.754376440322304 ], [ 26.590361224316624, 37.754392695359137 ], [ 26.590362355335245, 37.75442509449848 ], [ 26.590288074940712, 37.754430542068654 ], [ 26.590224261756305, 37.754460554585918 ], [ 26.590143046614706, 37.754473784811246 ], [ 26.590078967303111, 37.75449617525021 ], [ 26.590071293523781, 37.75455165532825 ], [ 26.590093695617561, 37.754574050630517 ], [ 26.59010215996247, 37.754610103272888 ], [ 26.590103156645583, 37.754638691174542 ], [ 26.590154163216674, 37.754654735227128 ], [ 26.590298654477603, 37.754664909372757 ], [ 26.590421872183324, 37.754685086717977 ], [ 26.590491278229262, 37.754746502422719 ], [ 26.590519144383002, 37.754787850137127 ], [ 26.590474533933783, 37.75481744060199 ], [ 26.590404789553439, 37.754815160899874 ], [ 26.59032731162608, 37.75479779072117 ], [ 26.590246030651013, 37.754809115135259 ], [ 26.590204558396383, 37.754790952583207 ], [ 26.590160153814878, 37.754757598109435 ], [ 26.590100143894826, 37.754758917653447 ], [ 26.59006839967844, 37.754813021080729 ], [ 26.59005766133242, 37.754849496721512 ], [ 26.590111134662607, 37.754867393564858 ], [ 26.590151071169959, 37.754910383591003 ], [ 26.590183531778003, 37.755014572067545 ], [ 26.590211199280688, 37.755050202521737 ], [ 26.590295813033197, 37.755065506958537 ], [ 26.590367493011712, 37.755054394470648 ], [ 26.590407368799443, 37.755026814977043 ], [ 26.59047591700508, 37.754994790531626 ], [ 26.590549126432585, 37.755027511498369 ], [ 26.590562325743665, 37.75506155225397 ], [ 26.590523313963647, 37.755113909137158 ], [ 26.590493836639105, 37.755164147413971 ], [ 26.590457093658976, 37.755212638614957 ], [ 26.590434884319507, 37.755264624427859 ], [ 26.59047174174615, 37.755425935113159 ], [ 26.590508213984211, 37.755438483620139 ], [ 26.590633035143064, 37.755435738016736 ], [ 26.590738986557103, 37.755442944850202 ], [ 26.590801530323574, 37.755445383341026 ], [ 26.590882813078533, 37.755434058230087 ], [ 26.590990432943347, 37.755420247902222 ], [ 26.591027171885415, 37.755440419936441 ], [ 26.591080179816444, 37.75544497619623 ], [ 26.591127856632543, 37.755434390501151 ], [ 26.591126459852724, 37.755394368386483 ], [ 26.591077652483794, 37.755372553927607 ], [ 26.591050384140807, 37.755348358928742 ], [ 26.591029517518411, 37.755301134516948 ], [ 26.591028454004913, 37.755270641838706 ], [ 26.591095199264217, 37.7552558217212 ], [ 26.591166879342449, 37.755244708621753 ], [ 26.591172218312877, 37.755191185451963 ], [ 26.591113079005314, 37.75514861806046 ], [ 26.591082810244451, 37.755107324803738 ], [ 26.591100218329263, 37.755055442127492 ], [ 26.591166964029938, 37.755040624615901 ], [ 26.591275448832636, 37.755051587367305 ], [ 26.59133438945436, 37.755088437327579 ], [ 26.59141953351245, 37.755118988790436 ], [ 26.591518550631395, 37.755133975645926 ], [ 26.591556557060663, 37.755121696515808 ], [ 26.5915626934713, 37.755091044917968 ], [ 26.591550698536238, 37.755022645094513 ], [ 26.591531700006833, 37.754960121913001 ], [ 26.591556440621954, 37.754911894505085 ], [ 26.591660928632834, 37.754877171417682 ], [ 26.591770083400213, 37.754838530829716 ], [ 26.591876904198148, 37.754801847046629 ], [ 26.591973053720956, 37.754803547521959 ], [ 26.592068272133648, 37.754778564888042 ], [ 26.592172291824689, 37.754730499688705 ], [ 26.592278447350125, 37.754674759028291 ], [ 26.592347261168456, 37.754650356983738 ], [ 26.592510488112431, 37.754646764445553 ], [ 26.5926343720724, 37.754685997047545 ], [ 26.592730516877545, 37.754756359667432 ], [ 26.592765652508628, 37.754799454035791 ], [ 26.592716309522601, 37.754831057248836 ], [ 26.592678634613613, 37.754852866666496 ], [ 26.592675497806912, 37.754900618678327 ], [ 26.592717436221456, 37.754932120271235 ], [ 26.592742104805552, 37.754950649771693 ], [ 26.592848592533333, 37.754904438117954 ], [ 26.592931271524868, 37.754933135298529 ], [ 26.592971341890021, 37.754979934771768 ], [ 26.592979537187343, 37.755077027986637 ], [ 26.592945793600588, 37.755142618853547 ], [ 26.592999397729834, 37.755232990928768 ], [ 26.593049469811, 37.755291013227932 ], [ 26.593154086261418, 37.755328764726237 ], [ 26.593203629554985, 37.755302879306001 ], [ 26.593252306734961, 37.755252216802994 ], [ 26.593295781182899, 37.755258889597201 ], [ 26.593444536196284, 37.755322369245313 ], [ 26.593502208674561, 37.755391670179094 ], [ 26.593569413898948, 37.755527517430949 ], [ 26.593617084684109, 37.755585593677083 ], [ 26.593735304303543, 37.755600156544432 ], [ 26.593873661073363, 37.755640978006262 ], [ 26.593965743067308, 37.755663745613205 ], [ 26.594049488476475, 37.755722934286844 ], [ 26.594124630239229, 37.755810924061691 ], [ 26.594130696723862, 37.75584702834054 ], [ 26.594101422046911, 37.75590298560077 ], [ 26.594158496537705, 37.755955133602534 ], [ 26.594270509699065, 37.75613576806618 ], [ 26.594293640717787, 37.756247790241517 ], [ 26.594253632187122, 37.756271559014962 ], [ 26.594274501293576, 37.756318781654223 ], [ 26.594328376369592, 37.75634811125974 ], [ 26.594351578962581, 37.756393375121483 ], [ 26.594354043767382, 37.756463893114969 ], [ 26.594334899762323, 37.756603548470913 ], [ 26.594248470549786, 37.75688010502509 ], [ 26.594191188249976, 37.756959564689176 ], [ 26.594137776132762, 37.757012239575054 ], [ 26.594103168057103, 37.757053055279428 ], [ 26.594126369723806, 37.757098319346284 ], [ 26.594179181406826, 37.757097156280764 ], [ 26.594194982698841, 37.757136862357619 ], [ 26.594167841970346, 37.757185142631194 ], [ 26.594166452206885, 37.757186800089585 ], [ 26.594112493773753, 37.757251209076863 ], [ 26.594014684067975, 37.757316563795079 ], [ 26.593998547658241, 37.757335991613509 ], [ 26.593961937393122, 37.757388295785681 ], [ 26.593919461350513, 37.757410211753644 ], [ 26.593849446854929, 37.757400310168421 ], [ 26.593793304322588, 37.757374844796409 ], [ 26.593760230698336, 37.757390830166443 ], [ 26.593747291879637, 37.757433076569804 ], [ 26.593782164477251, 37.757468548196549 ], [ 26.593847843148019, 37.757491895323732 ], [ 26.593913454505877, 37.757513338664161 ], [ 26.593976667773958, 37.757534833722417 ], [ 26.593977865557626, 37.757569139582245 ], [ 26.593951526781971, 37.757571626672956 ], [ 26.593959660634884, 37.757598151096637 ], [ 26.593975328151298, 37.757634044014949 ], [ 26.594003731991556, 37.757690637765336 ], [ 26.594024799640291, 37.757743578736822 ], [ 26.593988522927926, 37.757805412285862 ], [ 26.593964048589836, 37.757861261350818 ], [ 26.593959044592928, 37.757924313984176 ], [ 26.59394757156711, 37.758008488829262 ], [ 26.593968772710078, 37.758065241188199 ], [ 26.593954432249543, 37.758136127395623 ], [ 26.593916824121717, 37.758159843664849 ], [ 26.593847941717513, 37.758182340097768 ], [ 26.593799399315305, 37.758168150749469 ], [ 26.593750722229366, 37.758150149286742 ], [ 26.593677039693052, 37.758172752553207 ], [ 26.59364123232405, 37.758179263300036 ], [ 26.59362342505467, 37.758219709331058 ], [ 26.593629226107673, 37.758248190532896 ], [ 26.593605553081996, 37.758258248382191 ], [ 26.593589818867706, 37.758220449729336 ], [ 26.593569614914998, 37.758192283377149 ], [ 26.593477330779859, 37.758163799186448 ], [ 26.593395043510977, 37.758215201529005 ], [ 26.593370036289922, 37.758255804636157 ], [ 26.593366500215474, 37.758292122238039 ], [ 26.593335826479354, 37.758308055319198 ], [ 26.593276079217365, 37.758317000905066 ], [ 26.59323800472043, 37.758327375043564 ], [ 26.593154452079975, 37.758342566709388 ], [ 26.593085502832398, 37.758363157778398 ], [ 26.593019287282491, 37.758393225167843 ], [ 26.592893789631336, 37.758445577077772 ], [ 26.592827773040572, 37.758481362518118 ], [ 26.592772889004728, 37.758560770913824 ], [ 26.592741345693131, 37.758620592059764 ], [ 26.592771749026916, 37.75866569803663 ], [ 26.592847630122638, 37.758705988581752 ], [ 26.592951984718368, 37.758736114459445 ], [ 26.593024200825024, 37.758740247408738 ], [ 26.593095217026452, 37.758710073973965 ], [ 26.593121556248882, 37.75870758710721 ], [ 26.593141493955041, 37.75872812789207 ], [ 26.593175367095306, 37.758735010442628 ], [ 26.59322311051983, 37.758726330617264 ], [ 26.593276392564192, 37.758669846456449 ], [ 26.593315936330963, 37.758632735355668 ], [ 26.593334209040446, 37.758605632333548 ], [ 26.593340478906793, 37.758578791102536 ], [ 26.593362149989701, 37.758580221819003 ], [ 26.593380151224121, 37.7586141569506 ], [ 26.593416159099444, 37.758613364278659 ], [ 26.593439165877577, 37.758584246633134 ], [ 26.593472976926932, 37.758520562419264 ], [ 26.593517788307807, 37.758496687723294 ], [ 26.593606141619805, 37.758481390549179 ], [ 26.593706696455428, 37.758471547863522 ], [ 26.593780248117351, 37.75844513277913 ], [ 26.593812120511799, 37.758463504301709 ], [ 26.593810785441917, 37.758494049801286 ], [ 26.593850525977846, 37.758531321832699 ], [ 26.593891334152456, 37.758530422900726 ], [ 26.59394921317023, 37.758536777711548 ], [ 26.59392680556298, 37.758583046073696 ], [ 26.593876661023312, 37.758591779487183 ], [ 26.59387759277072, 37.758618460543602 ], [ 26.593873591219374, 37.758641438050596 ], [ 26.593881924907624, 37.758673677766843 ], [ 26.593930800310659, 37.758697396617634 ], [ 26.593982210652712, 37.758724874481722 ], [ 26.594030687924519, 37.75873715781232 ], [ 26.594041890602732, 37.75871402382063 ], [ 26.594035359147007, 37.758664575673158 ], [ 26.594063499518615, 37.758644884903561 ], [ 26.594112242233596, 37.758664790299335 ], [ 26.594162117834056, 37.758717097342007 ], [ 26.594221595120093, 37.758769191073881 ], [ 26.594200856273261, 37.758794443368863 ], [ 26.594154580093875, 37.758776389793852 ], [ 26.594091566535177, 37.758760610957417 ], [ 26.59405442307003, 37.75879766843493 ], [ 26.594077027419456, 37.758825780713757 ], [ 26.594144908102106, 37.758843359158334 ], [ 26.594190718053554, 37.758848070889563 ], [ 26.594205920490715, 37.758870624498641 ], [ 26.594161043296499, 37.758892592735023 ], [ 26.594106296311505, 37.758907150740207 ], [ 26.594088357582557, 37.758943783262922 ], [ 26.594053148404818, 37.758967447611724 ], [ 26.593998135426176, 37.758974381686635 ], [ 26.593977862256033, 37.759012974009352 ], [ 26.593960389900047, 37.759062949234895 ], [ 26.593926783078828, 37.759063688887302 ], [ 26.593845697465344, 37.759080732762278 ], [ 26.593775012694309, 37.759120436516106 ], [ 26.593723066502676, 37.75914637348766 ], [ 26.593698591460246, 37.759202226144787 ], [ 26.593686119356256, 37.759257812335676 ], [ 26.593666778130004, 37.75932308739187 ], [ 26.593639769657095, 37.759375177936441 ], [ 26.593588288972835, 37.759414459525246 ], [ 26.59358701945666, 37.759446910880918 ], [ 26.593638762642556, 37.759483917567749 ], [ 26.593747253643613, 37.759494880111809 ], [ 26.593826138537953, 37.759483606634582 ], [ 26.593884485288424, 37.759503301317096 ], [ 26.593914890128065, 37.759548407704123 ], [ 26.593963767339353, 37.759572126286614 ], [ 26.594022911808644, 37.759614691580516 ], [ 26.594088459801181, 37.75963422875536 ], [ 26.594158809141707, 37.75965365870438 ], [ 26.59421722086925, 37.759675260135388 ], [ 26.594306175297795, 37.75967711548553 ], [ 26.594369121540304, 37.759690986852775 ], [ 26.594466676406867, 37.759732706400982 ], [ 26.59452588830775, 37.759777177926921 ], [ 26.594623176294917, 37.759811273637538 ], [ 26.59466138321768, 37.759873372681142 ], [ 26.594689787620645, 37.759929965301716 ], [ 26.594702853897655, 37.760028859123743 ], [ 26.594723923187725, 37.760081799718307 ], [ 26.594770599766132, 37.760111287290002 ], [ 26.594814875491004, 37.760140829865641 ], [ 26.59486522123801, 37.760137813002338 ], [ 26.594898097400808, 37.76011610801676 ], [ 26.594959844951859, 37.760095675212035 ], [ 26.594979515230545, 37.760108591183752 ], [ 26.594973313156931, 37.760137339907978 ], [ 26.594962976233692, 37.760185249241687 ], [ 26.594932768561602, 37.760214524636694 ], [ 26.594922497673863, 37.760264341618402 ], [ 26.594937900762726, 37.760292611235101 ], [ 26.594986778054995, 37.760316330301535 ], [ 26.595026921470851, 37.760296370867913 ], [ 26.595076734728163, 37.760278109038694 ], [ 26.595136415632968, 37.760267256767861 ], [ 26.595223771709371, 37.760223371366997 ], [ 26.595284586602329, 37.760176256505538 ], [ 26.595331865342562, 37.760154233588288 ], [ 26.595363538831513, 37.760166887413263 ], [ 26.595302455216167, 37.76027504293458 ], [ 26.595286048525217, 37.760355510829541 ], [ 26.595285580402624, 37.760410833276083 ], [ 26.595300783227902, 37.760433384862331 ], [ 26.595330056613644, 37.760446091768117 ], [ 26.595336323118872, 37.760487914932654 ], [ 26.595392537151874, 37.760515285517315 ], [ 26.595410941071314, 37.760560656017098 ], [ 26.59543020970235, 37.760630801956609 ], [ 26.595467483879808, 37.760666218041202 ], [ 26.595516628907511, 37.760697560444335 ], [ 26.59558664586547, 37.76070745989513 ], [ 26.595636457690421, 37.760757860207299 ], [ 26.595671597966366, 37.76080095312355 ], [ 26.595720142123355, 37.760815143317522 ], [ 26.595791493190038, 37.760863160318713 ], [ 26.595809961818638, 37.760979098995911 ], [ 26.595824463772246, 37.761033137389234 ], [ 26.595830663624323, 37.761107384998994 ], [ 26.595863621273434, 37.761173892417716 ], [ 26.595951941165264, 37.761277801285928 ], [ 26.595988348663766, 37.761339940137979 ], [ 26.59599449925982, 37.761412759487847 ], [ 26.596007001039137, 37.761512617189155 ], [ 26.595999747632831, 37.761562844052797 ], [ 26.596001347569828, 37.761608583776493 ], [ 26.596006498402296, 37.761652815638989 ], [ 26.59603285465797, 37.761685135776489 ], [ 26.596078716307197, 37.761708442527706 ], [ 26.596103071412031, 37.761735085063869 ], [ 26.596089867522661, 37.761769707694519 ], [ 26.596101819732045, 37.761802345921289 ], [ 26.596139028473342, 37.761835856838381 ], [ 26.5961692856045, 37.761876674278987 ], [ 26.596171086052451, 37.761928131032413 ], [ 26.596196291774167, 37.761979072813467 ], [ 26.596238652995854, 37.762005318191129 ], [ 26.596298218554725, 37.762008297317557 ], [ 26.596361785289076, 37.762022630852876 ], [ 26.596382939831543, 37.762060787264531 ], [ 26.596393142465026, 37.762094894700915 ], [ 26.596444056003165, 37.762108076877261 ], [ 26.596519375804967, 37.762097833225788 ], [ 26.596568871593234, 37.762104847359417 ], [ 26.596625018829933, 37.762130312657717 ], [ 26.596685968924525, 37.762155671293137 ], [ 26.596706107361864, 37.762181929462365 ], [ 26.596687902519186, 37.76221094044773 ], [ 26.596691169423007, 37.762235663379847 ], [ 26.596713975610839, 37.762269492044489 ], [ 26.596768123561311, 37.762306444463142 ], [ 26.596820536416196, 37.762362509155544 ], [ 26.596877284125142, 37.76240512562466 ], [ 26.596893888542088, 37.76246770031468 ], [ 26.596898156759664, 37.762521009548607 ], [ 26.596942034388711, 37.762539116820925 ], [ 26.597021723157852, 37.762550709839445 ], [ 26.597075137279564, 37.762566697581541 ], [ 26.597132485695674, 37.762557804773117 ], [ 26.59718069901108, 37.762562462656518 ], [ 26.597206372723619, 37.762609578893596 ], [ 26.597171096112149, 37.762631338651481 ], [ 26.597136353994202, 37.762668343851828 ], [ 26.597118614722657, 37.762710695064172 ], [ 26.597118148455909, 37.762766017282594 ], [ 26.597131618853446, 37.762807681440215 ], [ 26.597173363258133, 37.762833462674735 ], [ 26.597225777167136, 37.76282086293466 ], [ 26.597298196335057, 37.762830709804447 ], [ 26.597372951244616, 37.76283859740866 ], [ 26.597436569058978, 37.76287152615928 ], [ 26.597474179236581, 37.762916471608364 ], [ 26.597490117272933, 37.762959989120723 ], [ 26.597539263609534, 37.762991328683732 ], [ 26.597618684842729, 37.762995299519304 ], [ 26.597736184472819, 37.762988893042092 ], [ 26.597885025326708, 37.762985610868284 ], [ 26.59803660049716, 37.762991802818313 ], [ 26.598103618648462, 37.76298460316427 ], [ 26.598163635015052, 37.762983279282039 ], [ 26.598243524456304, 37.763000590223676 ], [ 26.598321012287286, 37.763017953567683 ], [ 26.598401233861718, 37.76304479315494 ], [ 26.598466385215758, 37.763052891143438 ], [ 26.598547607463608, 37.763039656525756 ], [ 26.598606756517082, 37.763013556382653 ], [ 26.598676375560807, 37.76301202018724 ], [ 26.598749263680951, 37.763035207428437 ], [ 26.598784340807491, 37.763076394116688 ], [ 26.598820883778231, 37.763090845085991 ], [ 26.598847958494733, 37.763109322055563 ], [ 26.598882435715165, 37.763133355443664 ], [ 26.598937851054217, 37.763137854638593 ], [ 26.59905334868612, 37.763142935216351 ], [ 26.599137906841534, 37.763156328349098 ], [ 26.599200923589688, 37.763172102981073 ], [ 26.599278211912637, 37.763166582281592 ], [ 26.599332361256451, 37.76320353416304 ], [ 26.599388176874765, 37.763219467340626 ], [ 26.599443793201406, 37.763229684143234 ], [ 26.599483004724121, 37.763251706123242 ], [ 26.599557228039878, 37.763313007690286 ], [ 26.599618378254391, 37.763344083666837 ], [ 26.59969826746951, 37.763361393521606 ], [ 26.599816967990733, 37.763389290004781 ], [ 26.5999307350279, 37.763413480308373 ], [ 26.600040701194843, 37.763466365428876 ], [ 26.600203614752697, 37.763521895682523 ], [ 26.600280369809237, 37.76351829366142 ], [ 26.600329652220779, 37.763553444779298 ], [ 26.600420876535782, 37.763551429921527 ], [ 26.600480827636378, 37.763548198667763 ], [ 26.600590794286965, 37.763601082221619 ], [ 26.600686222731351, 37.76365047313147 ], [ 26.600831533119063, 37.763683502797598 ], [ 26.60095116998281, 37.763738079353899 ], [ 26.601034728557707, 37.763791546875282 ], [ 26.601098282331673, 37.76382256731204 ], [ 26.601137761652662, 37.763852212308642 ], [ 26.601189178317256, 37.763879685931862 ], [ 26.601247888771802, 37.763907407711848 ], [ 26.601359720572674, 37.763910659562605 ], [ 26.601516264571753, 37.763904340895657 ], [ 26.601613142030573, 37.763892187106265 ], [ 26.601672306291469, 37.76388329090792 ], [ 26.601709528693643, 37.763919690067226 ], [ 26.601763544883866, 37.763952828396555 ], [ 26.601828897634107, 37.76396664207109 ], [ 26.601917389829968, 37.763955151132471 ], [ 26.60199140998742, 37.763942071718624 ], [ 26.602067964841368, 37.763932752095393 ], [ 26.602117777346379, 37.76391448500727 ], [ 26.602108637724669, 37.76385937517594 ], [ 26.602135842956599, 37.763812999518052 ], [ 26.602182920192902, 37.763785257309692 ], [ 26.602195654488799, 37.763737293069866 ], [ 26.602229659589941, 37.763679321619364 ], [ 26.602283873461179, 37.763649515282573 ], [ 26.602342285974373, 37.763602449398505 ], [ 26.602382429382214, 37.76358248779502 ], [ 26.602410636201085, 37.763564700334122 ], [ 26.602454449654921, 37.763580896391446 ], [ 26.602505865993319, 37.763608371251443 ], [ 26.602556079116791, 37.763601539032045 ], [ 26.602605825637628, 37.763581366711598 ], [ 26.602606756364089, 37.763539385286727 ], [ 26.602646431070479, 37.763506084773255 ], [ 26.602694245089399, 37.763499306442583 ], [ 26.602710252361394, 37.763544727863923 ], [ 26.602734993480791, 37.763565161016714 ], [ 26.602775738218643, 37.763562354195344 ], [ 26.602811213637267, 37.763546310497468 ], [ 26.602842623551343, 37.763551338738701 ], [ 26.602927514758065, 37.763574257320869 ], [ 26.602960862754419, 37.76363455529949 ], [ 26.602916653133587, 37.763675585559497 ], [ 26.602862641549748, 37.763711109058811 ], [ 26.602756748222607, 37.763774484140917 ], [ 26.602748550446087, 37.763814718627827 ], [ 26.602745217930728, 37.763856751738402 ], [ 26.602764228095623, 37.763919273706563 ], [ 26.602744559899691, 37.763975020688477 ], [ 26.602716955371058, 37.764009962100253 ], [ 26.602698618723728, 37.764035162757352 ], [ 26.602658942678559, 37.764068463477571 ], [ 26.602606262555405, 37.764073441402978 ], [ 26.602552448585083, 37.764114684083559 ], [ 26.602541586485469, 37.764216012233732 ], [ 26.602566729912215, 37.76424788029238 ], [ 26.602562929591745, 37.764276573511417 ], [ 26.602533593375391, 37.764330625887062 ], [ 26.602486113201202, 37.764346935337748 ], [ 26.602468378068725, 37.764389287146749 ], [ 26.602491053075386, 37.764419303014591 ], [ 26.602533267808585, 37.764458423503292 ], [ 26.602529803910773, 37.764496646619662 ], [ 26.602546079352194, 37.764549690669817 ], [ 26.602545548571644, 37.764603107314343 ], [ 26.602554288006207, 37.764646782834944 ], [ 26.602586566937507, 37.764676585186663 ], [ 26.602634184860772, 37.764732752020521 ], [ 26.602680338682624, 37.764815654460172 ], [ 26.602746365007146, 37.764917189269525 ], [ 26.602777979883122, 37.764996597698619 ], [ 26.602781584497151, 37.765030849433579 ], [ 26.602729503638763, 37.765052980793357 ], [ 26.602704032131722, 37.765080245154756 ], [ 26.602676359376982, 37.765113281938177 ], [ 26.602670159830808, 37.765142028207691 ], [ 26.602671896782748, 37.765191580006388 ], [ 26.602716132939701, 37.765241554140218 ], [ 26.602771001226913, 37.765264659824211 ], [ 26.602862185625433, 37.765347043886237 ], [ 26.602933614319753, 37.765431293696651 ], [ 26.602995187554164, 37.765491443024175 ], [ 26.603099176253703, 37.765579263513885 ], [ 26.603167851450472, 37.765636395577552 ], [ 26.603210017296043, 37.765656921357674 ], [ 26.603291145816261, 37.765709486666474 ], [ 26.603386779767593, 37.765764592540435 ], [ 26.603482962066899, 37.765783922492588 ], [ 26.60361360439866, 37.76580964344906 ], [ 26.603764776723605, 37.765833787590054 ], [ 26.603807521970772, 37.765819491922549 ], [ 26.603871411198355, 37.765860040033466 ], [ 26.603902559779254, 37.765926107204848 ], [ 26.603925971587433, 37.765977087037221 ], [ 26.603995666901696, 37.766046116176497 ], [ 26.604026415548173, 37.766100748047442 ], [ 26.604032955644911, 37.766150192895743 ], [ 26.604005351101446, 37.766185134595311 ], [ 26.603956940218907, 37.76624342516331 ], [ 26.603939338895831, 37.766289589524007 ], [ 26.603943144272574, 37.766329558300853 ], [ 26.603979623521507, 37.7663421022975 ], [ 26.604032240490945, 37.766335217492632 ], [ 26.604101928054146, 37.766335584066645 ], [ 26.60414634561495, 37.766368933151689 ], [ 26.604191030478034, 37.766409905926551 ], [ 26.604271859585726, 37.766453894259286 ], [ 26.604366826696388, 37.766489939374502 ], [ 26.604513347895164, 37.766557270106048 ], [ 26.604639458630459, 37.766590719882508 ], [ 26.604712885095466, 37.766629148161947 ], [ 26.604787710947686, 37.766638938294186 ], [ 26.604855734018962, 37.76666032112557 ], [ 26.604897952033181, 37.766699441197211 ], [ 26.60498811917024, 37.766735593193957 ], [ 26.605047543387126, 37.766785775535247 ], [ 26.605109299995036, 37.766833999032222 ], [ 26.605155317232036, 37.766844424902118 ], [ 26.605245149164759, 37.76687104746928 ], [ 26.605326976474718, 37.766874959077313 ], [ 26.605408736943403, 37.766876965842073 ], [ 26.605545052825608, 37.766927354886725 ], [ 26.605594205439697, 37.766958690855084 ], [ 26.605626351787382, 37.76698468085003 ], [ 26.605695841282163, 37.766979329738483 ], [ 26.605825423581187, 37.767043218385048 ], [ 26.605864504692171, 37.767061427170752 ], [ 26.605920861656458, 37.767092604248639 ], [ 26.605977350423046, 37.767127592103961 ], [ 26.60602089845495, 37.767136166515137 ], [ 26.606102859250356, 37.767143888930754 ], [ 26.606166082146981, 37.76716537660446 ], [ 26.606216565498741, 37.767166167817017 ], [ 26.606281185332499, 37.767159014895725 ], [ 26.606320067345418, 37.767171505247298 ], [ 26.606335877336267, 37.767211209611439 ], [ 26.606351018110285, 37.767231855287228 ], [ 26.606472663548168, 37.767274937870418 ], [ 26.606523882956008, 37.767296691476631 ], [ 26.606554165570522, 37.767337981673343 ], [ 26.60663352488244, 37.767340040032373 ], [ 26.606719082075653, 37.76731335193665 ], [ 26.606777370157179, 37.767331134638468 ], [ 26.60685587022904, 37.767377080291141 ], [ 26.606951374310967, 37.767428370189727 ], [ 26.606995325419604, 37.767448378034743 ], [ 26.607064344813569, 37.767429683691283 ], [ 26.607093624084296, 37.76744238746253 ], [ 26.607090026231987, 37.767476798698681 ], [ 26.607088765073584, 37.767509250303789 ], [ 26.607095841851841, 37.767573942299066 ], [ 26.607103914403243, 37.767598558616804 ], [ 26.607142327857474, 37.767597707973529 ], [ 26.607157592515382, 37.767553501526635 ], [ 26.607192332699114, 37.767516493668474 ], [ 26.607225073128216, 37.767490974367718 ], [ 26.607268689611672, 37.767501452748469 ], [ 26.60727243002551, 37.767539515588226 ], [ 26.607316648512761, 37.767567145183349 ], [ 26.607421621634984, 37.767614412325649 ], [ 26.607590424413534, 37.767700317526248 ], [ 26.607700401725303, 37.767753195154889 ], [ 26.607820585776818, 37.76782301071772 ], [ 26.607865809264492, 37.767879227982213 ], [ 26.607917430992341, 37.7679124176993 ], [ 26.608072364568716, 37.768013886610909 ], [ 26.608162008908756, 37.768103453542842 ], [ 26.60819215757363, 37.768140932010304 ], [ 26.60821050362868, 37.768184392938196 ], [ 26.608207042021291, 37.768222616140662 ], [ 26.608211586122728, 37.768283548990283 ], [ 26.608245341686676, 37.768355278870402 ], [ 26.608247618765947, 37.768420077498853 ], [ 26.608285574148677, 37.768474548221548 ], [ 26.608330798354324, 37.768530764293843 ], [ 26.608418980809844, 37.768647065681705 ], [ 26.60845613112188, 37.76867866660924 ], [ 26.608500016201493, 37.768696767133022 ], [ 26.608550566635767, 37.768699461993045 ], [ 26.60859238509547, 37.7687271453986 ], [ 26.608690227366413, 37.768776474906616 ], [ 26.60875905890417, 37.768820726349759 ], [ 26.608796812342057, 37.768869480074464 ], [ 26.608868380301519, 37.768923205319865 ], [ 26.609034717778975, 37.769007256817702 ], [ 26.60915128507007, 37.769047043814112 ], [ 26.609211682294184, 37.769056434766071 ], [ 26.609304429781485, 37.769088948968893 ], [ 26.609369160326981, 37.769093475222391 ], [ 26.609476115864471, 37.769103025814324 ], [ 26.609620703559838, 37.769127594035595 ], [ 26.609692728920244, 37.76912599791455 ], [ 26.609764686852202, 37.76912249521353 ], [ 26.609806506348122, 37.769150178912888 ], [ 26.609854523346456, 37.769149115037145 ], [ 26.609979031864857, 37.769136819465167 ], [ 26.610094270695967, 37.769134265517799 ], [ 26.610150429980163, 37.769159722887899 ], [ 26.610242800372173, 37.769190099449062 ], [ 26.610346974601182, 37.769214492986194 ], [ 26.6105170444539, 37.769267942862093 ], [ 26.610635892535839, 37.769299638418225 ], [ 26.610707314071881, 37.769280890566691 ], [ 26.610782934203296, 37.769244881698867 ], [ 26.610864360648538, 37.769237355571313 ], [ 26.610875842300736, 37.769290504686268 ], [ 26.610873320970271, 37.769355410042174 ], [ 26.610888194356914, 37.769368430525915 ], [ 26.610936009791335, 37.769361649176389 ], [ 26.610974625123443, 37.769366514917003 ], [ 26.611026772942481, 37.769346285793574 ], [ 26.611067922439563, 37.769354910356462 ], [ 26.61113034317734, 37.769353525729493 ], [ 26.611227906449461, 37.769326566560437 ], [ 26.611304934263792, 37.769330581069191 ], [ 26.611386830684754, 37.769336395027359 ], [ 26.611444920429467, 37.769348458623028 ], [ 26.61147913691164, 37.769364864299824 ], [ 26.61149441352828, 37.769389321350715 ], [ 26.611476011498997, 37.769412616945921 ], [ 26.611503426792048, 37.769440618421704 ], [ 26.611551510172177, 37.769441459501934 ], [ 26.611614201598574, 37.769447698667541 ], [ 26.611680618589439, 37.769423338621891 ], [ 26.611710623310945, 37.769388341905938 ], [ 26.611717811538131, 37.76931951807115 ], [ 26.611737796706617, 37.769204637382273 ], [ 26.611758934820944, 37.76919081837012 ], [ 26.611823421637471, 37.769179850315474 ], [ 26.611879096312958, 37.769123304933245 ], [ 26.611923370711974, 37.769084175577333 ], [ 26.611999793767009, 37.76907103771611 ], [ 26.612095961159497, 37.769072719169515 ], [ 26.612145842697981, 37.769056355118124 ], [ 26.612258143579851, 37.769038605871941 ], [ 26.612353908149167, 37.769028852165583 ], [ 26.612364974494074, 37.769001904637584 ], [ 26.612366421074274, 37.76890650761937 ], [ 26.6123922264062, 37.768888769059025 ], [ 26.612465511408352, 37.768854720001386 ], [ 26.612509986309252, 37.768821308365531 ], [ 26.61254339646274, 37.768814845833816 ], [ 26.612575680512862, 37.768844646463819 ], [ 26.612613892866982, 37.768838076643569 ], [ 26.612668037801829, 37.76880635908406 ], [ 26.612704251108873, 37.768811276972272 ], [ 26.612746474514857, 37.768850394222824 ], [ 26.61279935883725, 37.768851128488464 ], [ 26.612848837876374, 37.768823327215074 ], [ 26.61292711014007, 37.768726225413239 ], [ 26.612937824331318, 37.76862108741102 ], [ 26.612974161133977, 37.768546382284377 ], [ 26.612978153108784, 37.768538177163066 ], [ 26.612998068030336, 37.768421391631456 ], [ 26.613051677024856, 37.768374426407547 ], [ 26.61307031565331, 37.76822142962061 ], [ 26.613124109962943, 37.76811152007555 ], [ 26.613155894635948, 37.767990654177069 ], [ 26.61315233725287, 37.767889646365354 ], [ 26.613188602995443, 37.767827807243876 ], [ 26.613228812804884, 37.767809750505492 ], [ 26.613269573254797, 37.767875601726736 ], [ 26.613299590980667, 37.767909266090932 ], [ 26.613334410419807, 37.767942825990445 ], [ 26.613382359105508, 37.767939853824387 ], [ 26.613414307417102, 37.767960124938334 ], [ 26.613408313570854, 37.767994590497324 ], [ 26.613440799470879, 37.768030107772262 ], [ 26.613493095069661, 37.768082351045393 ], [ 26.613500596583361, 37.768150035953425 ], [ 26.613511743406683, 37.768193656560804 ], [ 26.613555763576045, 37.768215567919739 ], [ 26.613596577084522, 37.768214662142256 ], [ 26.613617444900893, 37.768193218411668 ], [ 26.613635949077423, 37.768113512615649 ], [ 26.613656720831177, 37.767952838142286 ], [ 26.61368459060412, 37.767925517295808 ], [ 26.61369725000797, 37.767875647323137 ], [ 26.613676767930468, 37.767839863019042 ], [ 26.613686759368225, 37.7677824218963 ], [ 26.613724819307969, 37.76770337828934 ], [ 26.613744748820235, 37.767655253939076 ], [ 26.61380842913653, 37.767621414574187 ], [ 26.613870647954471, 37.767614312851286 ], [ 26.613961876487647, 37.767612287649442 ], [ 26.613996160429441, 37.767630599860837 ], [ 26.614062850764345, 37.767733425714425 ], [ 26.614109858249762, 37.767789004338866 ], [ 26.61416520740169, 37.767868240160062 ], [ 26.61415948836127, 37.767919030553074 ], [ 26.614131471634828, 37.767976275066395 ], [ 26.614184728102867, 37.768017412027667 ], [ 26.614111997777218, 37.768135370976047 ], [ 26.614075733632511, 37.768197209320462 ], [ 26.614075413494376, 37.768256343363525 ], [ 26.614102560706879, 37.768276719593736 ], [ 26.61412284143055, 37.768306787748607 ], [ 26.61412151412636, 37.768337334025226 ], [ 26.614173021230698, 37.768435370174124 ], [ 26.614141353241568, 37.768469592033831 ], [ 26.614120752826434, 37.768498659681775 ], [ 26.614100354159142, 37.768533443343301 ], [ 26.614118435102665, 37.768569281271873 ], [ 26.614203269270945, 37.768590285381549 ], [ 26.614304774130083, 37.76860710467475 ], [ 26.614355593798521, 37.768617421777925 ], [ 26.614382674147677, 37.768635893157843 ], [ 26.614405692357607, 37.768675435812945 ], [ 26.61453239698282, 37.768657363974803 ], [ 26.614594537056348, 37.768601484222145 ], [ 26.614641411809693, 37.768568019798707 ], [ 26.614678483028669, 37.768529050838666 ], [ 26.614715820042061, 37.76849770409985 ], [ 26.614762829587548, 37.768468051766369 ], [ 26.614813447864314, 37.768472649762685 ], [ 26.614838530941405, 37.768502609478055 ], [ 26.614839873895189, 37.768540724682396 ], [ 26.614839151278908, 37.768588423797802 ], [ 26.614859297321992, 37.768614678730437 ], [ 26.614902847480842, 37.76862324802449 ], [ 26.614976669017388, 37.768604443195898 ], [ 26.615032810299112, 37.768561236732417 ], [ 26.615080423945603, 37.768548736211521 ], [ 26.615167591613002, 37.768567780207853 ], [ 26.615276367251184, 37.768586344844607 ], [ 26.615326918306575, 37.768589036926031 ], [ 26.615363937430683, 37.768616824601203 ], [ 26.615403358234978, 37.768644558457673 ], [ 26.615509126799385, 37.768646023972828 ], [ 26.615585147541655, 37.768621447090602 ], [ 26.615666372192191, 37.768608200635597 ], [ 26.615759129882615, 37.768581345347826 ], [ 26.615830147282654, 37.768551158609036 ], [ 26.615903766183429, 37.768526635287394 ], [ 26.615948708299108, 37.768506564741031 ], [ 26.616020733587696, 37.768504965558343 ], [ 26.616087014473734, 37.768476790127707 ], [ 26.616100075567083, 37.768438354801319 ], [ 26.616135617166798, 37.768424213784336 ], [ 26.616195838999356, 37.76842859722251 ], [ 26.616265059813291, 37.768415614853048 ], [ 26.616329477544738, 37.768402740967311 ], [ 26.616419431658283, 37.768364502731472 ], [ 26.616492311088471, 37.768319016637427 ], [ 26.616539722172011, 37.768300798500221 ], [ 26.616609277789816, 37.768297345307921 ], [ 26.61664722108214, 37.768283151153618 ], [ 26.616697704611163, 37.768283936874568 ], [ 26.616752518509461, 37.768271275685954 ], [ 26.616806662380629, 37.768239555619026 ], [ 26.616841129330634, 37.768194921716379 ], [ 26.616868459642127, 37.768152353866064 ], [ 26.616904453917925, 37.768082891637391 ], [ 26.616936853918649, 37.768047840076939 ], [ 26.616975670386299, 37.768058421336484 ], [ 26.617029562697411, 37.768087740924145 ], [ 26.617088189583697, 37.768115046472687 ], [ 26.617170420590512, 37.768130385734501 ], [ 26.617254583163209, 37.768132329511651 ], [ 26.617307333409773, 37.76812924980279 ], [ 26.617386394179537, 37.768098930866081 ], [ 26.617455343938158, 37.768078326200929 ], [ 26.61749044588715, 37.768076614348743 ], [ 26.617644970647856, 37.768096951716849 ], [ 26.617740800021227, 37.768089099293427 ], [ 26.617875951294025, 37.768082327650824 ], [ 26.617914229397048, 37.768077662411422 ], [ 26.61798118307328, 37.768068544802631 ], [ 26.618035020223889, 37.768052042406147 ], [ 26.618096836540047, 37.768033502842378 ], [ 26.61816494832247, 37.767965280399544 ], [ 26.618206165478036, 37.767975807469035 ], [ 26.618256043674375, 37.767959439552982 ], [ 26.618325665488808, 37.767957891811477 ], [ 26.618385954118725, 37.76796418233144 ], [ 26.6184232437258, 37.767999590406639 ], [ 26.618436188306156, 37.768026005780648 ], [ 26.618458467194916, 37.768044582636591 ], [ 26.61849421094832, 37.76803615939599 ], [ 26.618528811652425, 37.76799533616694 ], [ 26.618557015036956, 37.767977544251295 ], [ 26.618612233335604, 37.767976316640244 ], [ 26.61869372529404, 37.767970689428488 ], [ 26.618751141747484, 37.767963691167409 ], [ 26.618792271719844, 37.767903651000012 ], [ 26.618786776578741, 37.767816037028325 ], [ 26.61881850523449, 37.76776192691554 ], [ 26.618858376174753, 37.767734338808772 ], [ 26.618904193068744, 37.767739041113764 ], [ 26.618918348878193, 37.767799759176427 ], [ 26.618964702597804, 37.767819708817093 ], [ 26.619020794644854, 37.767843255585717 ], [ 26.619116892772738, 37.767843026243433 ], [ 26.619212790509277, 37.767837078649066 ], [ 26.619300407671492, 37.767800799209475 ], [ 26.619363210707782, 37.767742182662026 ], [ 26.619426014086319, 37.767683567840145 ], [ 26.619503355565929, 37.767628442858452 ], [ 26.619556757603309, 37.767575758092036 ], [ 26.619632370236175, 37.767539745331618 ], [ 26.619695194787724, 37.767549790599638 ], [ 26.619707286334663, 37.767620092530763 ], [ 26.619730575154605, 37.767667257589828 ], [ 26.619777535466405, 37.767704358532761 ], [ 26.619822498214987, 37.767752948191458 ], [ 26.619876459060254, 37.767784171736224 ], [ 26.619937016348832, 37.767798083071618 ], [ 26.619967351870383, 37.767800178507819 ], [ 26.620085896267017, 37.767819518005801 ], [ 26.620140644246526, 37.767804949738832 ], [ 26.620214126069325, 37.767776611861223 ], [ 26.620299208294071, 37.767736573794686 ], [ 26.620433079264675, 37.767693589291262 ], [ 26.620521975300441, 37.767693517948878 ], [ 26.620587266395866, 37.767705416652909 ], [ 26.620658773466339, 37.767757229164154 ], [ 26.620726219320936, 37.767830113303162 ], [ 26.620785924385501, 37.76788791166193 ], [ 26.62082361852665, 37.767934754628747 ], [ 26.620866180605862, 37.767983397672189 ], [ 26.620880136621583, 37.768038397394164 ], [ 26.620939909773746, 37.768098102130956 ], [ 26.621024945455769, 37.768124819234579 ], [ 26.621051848422407, 37.768206233680495 ], [ 26.621077068360783, 37.768240003944449 ], [ 26.621137221014763, 37.768242479856646 ], [ 26.621204039508928, 37.768229548717102 ], [ 26.621230112787796, 37.768219431186836 ], [ 26.621286406849194, 37.768248695561155 ], [ 26.621365766849387, 37.76825074442192 ], [ 26.621415510627006, 37.768230563417362 ], [ 26.621461057989073, 37.768227641964828 ], [ 26.621520741043366, 37.768216776815159 ], [ 26.62159794771193, 37.768157839637993 ], [ 26.621665348014535, 37.768093399026313 ], [ 26.621731627775617, 37.768065220395101 ], [ 26.621783838721882, 37.768046893017889 ], [ 26.621835444675884, 37.768011412673118 ], [ 26.621873115592731, 37.767989594166416 ], [ 26.621935400653058, 37.767984392931815 ], [ 26.621992548728777, 37.767969768942315 ], [ 26.622060486670687, 37.767920573409114 ], [ 26.622126968320281, 37.76789811421402 ], [ 26.622193112640787, 37.76786612402536 ], [ 26.622259727976271, 37.767847475291177 ], [ 26.622352617147843, 37.767824427696219 ], [ 26.622470769904329, 37.767768390780333 ], [ 26.622530249997769, 37.767751809030152 ], [ 26.622594085117949, 37.767790440938462 ], [ 26.622654574181983, 37.767802444186572 ], [ 26.622711140102453, 37.767839330874338 ], [ 26.622759626219395, 37.767851601240203 ], [ 26.622816436433997, 37.767827449546729 ], [ 26.622860190427108, 37.76784173375502 ], [ 26.62289647063642, 37.767848553516849 ], [ 26.622948276629977, 37.767818790714024 ], [ 26.622989604785364, 37.767764466794084 ], [ 26.623035017566949, 37.767757732273864 ], [ 26.623057678349738, 37.767719082490174 ], [ 26.623075604117247, 37.767682444348935 ], [ 26.623124091739719, 37.767694716102078 ], [ 26.623167776594549, 37.767707092980245 ], [ 26.62323252966095, 37.767703743596577 ], [ 26.623279221913869, 37.767733221109459 ], [ 26.623327843448514, 37.767749303302217 ], [ 26.62337298609318, 37.767734947030931 ], [ 26.623407068757253, 37.767747538142572 ], [ 26.623403412620739, 37.767780043819052 ], [ 26.623418625566394, 37.767802593189472 ], [ 26.623466303690183, 37.76779199341609 ], [ 26.623468030586785, 37.76777288303456 ], [ 26.623459751057027, 37.767742549376592 ], [ 26.623493091646754, 37.767734179346157 ], [ 26.623557305831209, 37.767715582635148 ], [ 26.623586181761212, 37.767716846716105 ], [ 26.623649343599684, 37.767736420430602 ], [ 26.623704560683521, 37.767735190027771 ], [ 26.62374391579921, 37.767761014862124 ], [ 26.623764807016478, 37.767808232604217 ], [ 26.623771023924022, 37.767848147246916 ], [ 26.623788839202216, 37.767876359777766 ], [ 26.623832053375626, 37.767875396622273 ], [ 26.623847510650005, 37.767836906560412 ], [ 26.623885923766824, 37.767836051022009 ], [ 26.623972350956855, 37.767834124800004 ], [ 26.624065710402277, 37.767824414358088 ], [ 26.624118393390095, 37.767819427872936 ], [ 26.624179128895918, 37.767770390385813 ], [ 26.624242264383948, 37.767721301876556 ], [ 26.624304212194613, 37.767706570806034 ], [ 26.624370490637205, 37.767678390357965 ], [ 26.624407242863079, 37.767698552774789 ], [ 26.624443928392363, 37.767716808479847 ], [ 26.624474017579495, 37.767752376811039 ], [ 26.624515638524297, 37.767774337123114 ], [ 26.624578059633208, 37.76777294518368 ], [ 26.624628272667174, 37.767766104183409 ], [ 26.624673887515531, 37.767765087686506 ], [ 26.624741647929639, 37.767778836118616 ], [ 26.624789191959437, 37.767764425138544 ], [ 26.624844678682702, 37.767770817604813 ], [ 26.624891776362208, 37.767811728166123 ], [ 26.624919194609014, 37.767839726841714 ], [ 26.62496122174068, 37.767873121517262 ], [ 26.625019312196113, 37.767885177753215 ], [ 26.625114222886754, 37.767919301685907 ], [ 26.625190399848005, 37.767967192514931 ], [ 26.625225087937498, 37.767996936902954 ], [ 26.625273441647334, 37.768005394321463 ], [ 26.625317531420247, 37.768029206892358 ], [ 26.625378561943485, 37.768056456103906 ], [ 26.625443518241621, 37.76805882202472 ], [ 26.625510740006213, 37.768057323694251 ], [ 26.625566361245088, 37.768067527139848 ], [ 26.625626988038139, 37.768083341228923 ], [ 26.62568754499749, 37.768097250056734 ], [ 26.625767514024183, 37.768116445706575 ], [ 26.625786854419573, 37.768119829504158 ], [ 26.625874427669277, 37.768150302324784 ], [ 26.625905975233707, 37.768159135140088 ], [ 26.626007037255825, 37.76823126604662 ], [ 26.626007778380725, 37.768252229248006 ], [ 26.626009126866073, 37.768290345997002 ], [ 26.62604401960839, 37.768325806684935 ], [ 26.626089972041743, 37.768334317737384 ], [ 26.626151380539856, 37.76830433840081 ], [ 26.626185530182958, 37.768318837112396 ], [ 26.626244295943195, 37.768349949942902 ], [ 26.626311922011165, 37.768359885968188 ], [ 26.626412349781489, 37.768346201875431 ], [ 26.626507504742072, 37.768319284905225 ], [ 26.626548655281272, 37.768327904588723 ], [ 26.626620678403253, 37.768326297671642 ], [ 26.626711570293722, 37.76831473375313 ], [ 26.626797727660865, 37.768305183347366 ], [ 26.626860148406596, 37.768303790949801 ], [ 26.626938901763854, 37.76828868331684 ], [ 26.627031588035287, 37.768259913231823 ], [ 26.627110745446043, 37.768256240391331 ], [ 26.627160352334357, 37.768232245192536 ], [ 26.627191157753078, 37.768220115468516 ], [ 26.62723264657355, 37.768238262015196 ], [ 26.627314406902045, 37.768240253887811 ], [ 26.627358159806246, 37.76825453544464 ], [ 26.627401306569162, 37.768251665026696 ], [ 26.627506940846111, 37.768249308452141 ], [ 26.627617242112169, 37.768243033394235 ], [ 26.627683074918338, 37.768270173214006 ], [ 26.627732303608269, 37.768303406959006 ], [ 26.627775922129825, 37.768313876017864 ], [ 26.627838343121113, 37.768312483853087 ], [ 26.627878616515115, 37.768296327685981 ], [ 26.627972718425607, 37.76830757828111 ], [ 26.628032333482814, 37.768294805187992 ], [ 26.628087686741388, 37.768297384286512 ], [ 26.628166911909794, 37.768295616162362 ], [ 26.628231530049245, 37.76828845209932 ], [ 26.628293814474482, 37.768283248614175 ], [ 26.628343286446992, 37.768255440513222 ], [ 26.628395023015841, 37.768223770082358 ], [ 26.628461772921536, 37.768208929105676 ], [ 26.628542858704595, 37.768191860597199 ], [ 26.628558720214485, 37.768164805296713 ], [ 26.628561844882281, 37.768125195951342 ], [ 26.628633167310266, 37.768079991483781 ], [ 26.628693951033732, 37.768015455718533 ], [ 26.628729118250273, 37.76799082954588 ], [ 26.628800803726293, 37.767979693622586 ], [ 26.628881955887898, 37.767981457818429 ], [ 26.628965199426169, 37.767999864883969 ], [ 26.629016890848614, 37.768017783643621 ], [ 26.62901781905439, 37.768043987916606 ], [ 26.629030920575904, 37.768074689432858 ], [ 26.629033601262773, 37.768108007723775 ], [ 26.629044865108973, 37.768129212151486 ], [ 26.629063630393215, 37.768150250546988 ], [ 26.629079267845974, 37.768167782130433 ], [ 26.629110120156898, 37.76819093488259 ], [ 26.629135882168619, 37.76819751228642 ], [ 26.629188398895568, 37.768196339612444 ], [ 26.629215619075641, 37.768201692352818 ], [ 26.629226459030612, 37.768210985662385 ], [ 26.62923313649517, 37.768229910748332 ], [ 26.629235988225528, 37.768267992299457 ], [ 26.629240339631405, 37.768306040933908 ], [ 26.629243780957136, 37.768360798710233 ], [ 26.629248426730697, 37.768407185993212 ], [ 26.629243986801605, 37.768451391823348 ], [ 26.629231665149291, 37.768485043945113 ], [ 26.629233225685933, 37.768529115952383 ], [ 26.629253870881502, 37.768560840243275 ], [ 26.629323991380456, 37.7685902669486 ], [ 26.629372489482691, 37.768645212533265 ], [ 26.629413087073829, 37.768646689255668 ], [ 26.629439884763634, 37.768640131525594 ], [ 26.629496567324548, 37.768641972871237 ], [ 26.629479827782305, 37.768678108498825 ], [ 26.629494345232647, 37.768706393734817 ], [ 26.629528495934053, 37.768737817457506 ], [ 26.629568140966814, 37.768754811714899 ], [ 26.629530352873893, 37.768790225924107 ], [ 26.629492310546031, 37.768818492509517 ], [ 26.629439919662858, 37.768823238392386 ], [ 26.629407499704598, 37.768840650975136 ], [ 26.629431356929668, 37.768878264369313 ], [ 26.629473244095379, 37.768873752750061 ], [ 26.62951276419701, 37.7688871746941 ], [ 26.629552873784558, 37.768917271948553 ], [ 26.629567602032168, 37.76895151431772 ], [ 26.629623373377179, 37.768957420294818 ], [ 26.629668239443379, 37.768994564862773 ], [ 26.629703889864839, 37.769025954693994 ], [ 26.629767460570822, 37.769040032550038 ], [ 26.629764477636204, 37.769083012134473 ], [ 26.629721572919092, 37.769143574224678 ], [ 26.629713963668948, 37.769183080635848 ], [ 26.629708720965056, 37.769204656314812 ], [ 26.629704068455446, 37.769242905347674 ], [ 26.629679911534836, 37.769281590324148 ], [ 26.629691638365387, 37.769315898888316 ], [ 26.62972498816168, 37.769324690224089 ], [ 26.629756202995303, 37.769315649099454 ], [ 26.629815632151995, 37.769297632865346 ], [ 26.629868445288771, 37.769304798218371 ], [ 26.629923963363147, 37.769303559050172 ], [ 26.629972739358358, 37.769323924732646 ], [ 26.629987805502754, 37.769367694322717 ], [ 26.630009614634954, 37.769389857943779 ], [ 26.630056806415375, 37.769407876098562 ], [ 26.630137346357785, 37.769434687570907 ], [ 26.63015253901813, 37.769482030135421 ], [ 26.630197361151424, 37.769517984144677 ], [ 26.630224412960974, 37.769518572015649 ], [ 26.630272387210255, 37.769516308118718 ], [ 26.630323784845238, 37.769525888504049 ], [ 26.63037418744101, 37.769549794922156 ], [ 26.630396039198676, 37.769573149084067 ], [ 26.630403181205995, 37.769605174355362 ], [ 26.63044312399014, 37.769630507313174 ], [ 26.630494985096089, 37.769653189882938 ], [ 26.630533173466276, 37.769671410988224 ], [ 26.630559609951852, 37.76969704561823 ], [ 26.630594629925454, 37.769710568031748 ], [ 26.630619396817881, 37.769731472121869 ], [ 26.630620621022278, 37.769766012954989 ], [ 26.630627763611958, 37.769798039962772 ], [ 26.630654370570237, 37.769828439782202 ], [ 26.63068359820543, 37.769848051838267 ], [ 26.630707310429489, 37.769839176761529 ], [ 26.63074869117094, 37.769820371831116 ], [ 26.630793452953608, 37.769812220520436 ], [ 26.630861988790677, 37.769839297988497 ], [ 26.630899014486289, 37.76986708025629 ], [ 26.630948003401659, 37.769893403214475 ], [ 26.630973236378171, 37.769927409962861 ], [ 26.631013937456757, 37.769974182659304 ], [ 26.63104929473478, 37.769997234151312 ], [ 26.631081841221889, 37.769983394029076 ], [ 26.631115678096592, 37.769963565381559 ], [ 26.631155451203604, 37.769984133666135 ], [ 26.631194802165641, 37.769992790501981 ], [ 26.631250659678393, 37.770001077627619 ], [ 26.631321643540939, 37.769990071575769 ], [ 26.631384715924035, 37.769990091283432 ], [ 26.631434548752797, 37.770023309714936 ], [ 26.631463079009368, 37.77006558667123 ], [ 26.631483847866711, 37.770092300600076 ], [ 26.631514685543682, 37.770148831151083 ], [ 26.631563707334639, 37.770159179106948 ], [ 26.631609129345588, 37.770169607873925 ], [ 26.631649453021783, 37.770188733744632 ], [ 26.63170466234503, 37.770170334144957 ], [ 26.631721503565647, 37.770137057848267 ], [ 26.631709178263733, 37.770094418427412 ], [ 26.631737481835742, 37.770079482328747 ], [ 26.631779656930124, 37.770099996112279 ], [ 26.63184325966661, 37.770165807223364 ], [ 26.631888580425951, 37.770173376919708 ], [ 26.631992532779993, 37.770208245840948 ], [ 26.632076932996505, 37.770250703241558 ], [ 26.632148729470526, 37.770293443907264 ], [ 26.632244541031675, 37.770352813334135 ], [ 26.632307689547833, 37.770405758250973 ], [ 26.632385140512682, 37.770455524546172 ], [ 26.632524532788153, 37.770532372070456 ], [ 26.632604220748828, 37.770611555097183 ], [ 26.632631773889816, 37.770651708037228 ], [ 26.632662408868956, 37.770702519571259 ], [ 26.632718253992035, 37.770752768460504 ], [ 26.632777852063064, 37.770807224179805 ], [ 26.632838236060365, 37.770833052539096 ], [ 26.632952032271668, 37.770840521906955 ], [ 26.632994384314134, 37.770815257254192 ], [ 26.633060399487309, 37.77079661585843 ], [ 26.633112465137778, 37.770791161064238 ], [ 26.633170897292096, 37.770812741262887 ], [ 26.633262044499688, 37.77084217342702 ], [ 26.633347232479409, 37.770856004039217 ], [ 26.633403001589716, 37.770853326711013 ], [ 26.633447103820551, 37.770826591747941 ], [ 26.63348169632452, 37.770785765442469 ], [ 26.633494122207932, 37.770628135161509 ], [ 26.633517024230532, 37.770613317896512 ], [ 26.633536323096898, 37.770598582126922 ], [ 26.63353434539308, 37.770542839192913 ], [ 26.633517429359742, 37.770523189776014 ], [ 26.633446291635742, 37.770499032608711 ], [ 26.633369702012835, 37.770473565708144 ], [ 26.633285909500312, 37.770448261135314 ], [ 26.633209016349046, 37.770414219079555 ], [ 26.633138006079918, 37.770342852625248 ], [ 26.633101460798255, 37.770277867191211 ], [ 26.633093979688717, 37.770219384804321 ], [ 26.633111073322844, 37.770193254287072 ], [ 26.633093142826461, 37.770145020290784 ], [ 26.633053859127934, 37.770104415287371 ], [ 26.633019623089758, 37.77005368404577 ], [ 26.632965375714374, 37.769997677410302 ], [ 26.632963904905793, 37.769956227284965 ], [ 26.632991294910418, 37.76991556063868 ], [ 26.633038643467305, 37.769878740718923 ], [ 26.633070395663552, 37.769859435187804 ], [ 26.633190071422316, 37.769931143250922 ], [ 26.633205820759105, 37.769917916578436 ], [ 26.633102552824127, 37.769851563601769 ], [ 26.633100142699035, 37.769834451298465 ], [ 26.633133855642676, 37.769768850002279 ], [ 26.633374443988448, 37.769574648838308 ], [ 26.633466859393838, 37.769538250792181 ], [ 26.633647493254806, 37.76948271498641 ], [ 26.633783392353806, 37.769452973629953 ], [ 26.634002845225684, 37.769408012349068 ], [ 26.634132150027387, 37.769395583671489 ], [ 26.634187097269791, 37.769386725557368 ], [ 26.634207690043798, 37.769357655661842 ], [ 26.634257430285796, 37.769337469081719 ], [ 26.634355659707698, 37.769329549529637 ], [ 26.634461361991889, 37.769329092810864 ], [ 26.634506440371787, 37.7693365104262 ], [ 26.634587257052885, 37.769319555388613 ], [ 26.63465606683576, 37.769295128171464 ], [ 26.634733366318965, 37.769306749860206 ], [ 26.63475913315277, 37.769329583657807 ], [ 26.634776069192192, 37.769327774962029 ], [ 26.634905779467278, 37.769326780939352 ], [ 26.634963805636037, 37.769336926150132 ], [ 26.63504810321589, 37.769342668478629 ], [ 26.635119720295872, 37.769329622330417 ], [ 26.635194416688428, 37.769335580774538 ], [ 26.635283719662105, 37.769346933204588 ], [ 26.635416642609929, 37.769368752919668 ], [ 26.635532557369721, 37.769385232756555 ], [ 26.635592306737934, 37.769376265387109 ], [ 26.635665955368697, 37.76942039320442 ], [ 26.635775141466532, 37.769450372862636 ], [ 26.635852643199154, 37.769467711654841 ], [ 26.635902316466673, 37.769445619320379 ], [ 26.635952799916751, 37.769446396781689 ], [ 26.636028984028947, 37.769494280654484 ], [ 26.636185307392633, 37.769498411237599 ], [ 26.63628783265013, 37.769543798876327 ], [ 26.636341666143426, 37.769571201496809 ], [ 26.636413419617316, 37.769561967308242 ], [ 26.636466305089268, 37.769562691031815 ], [ 26.636510467041688, 37.769588403858336 ], [ 26.636543604172662, 37.769574311393093 ], [ 26.63659195900723, 37.7695827650046 ], [ 26.636638791686782, 37.769616048128633 ], [ 26.636676023839748, 37.769649545671555 ], [ 26.636716904680167, 37.769650537551364 ], [ 26.636766342189233, 37.76968948409683 ], [ 26.636876478004332, 37.769746142994542 ], [ 26.636943263618768, 37.769799959644303 ], [ 26.637075345250391, 37.769865664286812 ], [ 26.637199884799177, 37.769922000642467 ], [ 26.637287939463668, 37.769965804741368 ], [ 26.637387795737979, 37.770003621636576 ], [ 26.637546557088605, 37.770076357524061 ], [ 26.637601136182777, 37.770124725994052 ], [ 26.637707449864944, 37.770141417096902 ], [ 26.637723345220085, 37.770183021158786 ], [ 26.637767779454283, 37.770216357632712 ], [ 26.637853297879975, 37.770256402396363 ], [ 26.638003134478986, 37.770348409705022 ], [ 26.638038712386692, 37.770402924581674 ], [ 26.638018595240691, 37.770445336460554 ], [ 26.637946773220651, 37.770452667198782 ], [ 26.637932745359315, 37.770531179314261 ], [ 26.637966491815742, 37.770534238956898 ], [ 26.638042845123525, 37.770519176219487 ], [ 26.63808991268882, 37.770491420390179 ], [ 26.638149496747648, 37.770545397048615 ], [ 26.638172865770077, 37.770594462716829 ], [ 26.638196235052437, 37.77064352925823 ], [ 26.638240872813423, 37.770682582405854 ], [ 26.638234889885101, 37.770717047319764 ], [ 26.638238104030265, 37.7707398633463 ], [ 26.638274997426546, 37.770763831352006 ], [ 26.638276284643968, 37.770800040147591 ], [ 26.638268781549431, 37.770859335244182 ], [ 26.638239671646197, 37.770919113658366 ], [ 26.638255838570586, 37.770968340085112 ], [ 26.638291918994724, 37.770969439627983 ], [ 26.638379432406797, 37.770997995941883 ], [ 26.638413789111706, 37.771018206028572 ], [ 26.638460896174234, 37.771059111302108 ], [ 26.638476453089691, 37.771091186175084 ], [ 26.638494818365519, 37.771134643171244 ], [ 26.638535835116912, 37.771139445572352 ], [ 26.638588992910723, 37.771147790558402 ], [ 26.638683370920198, 37.7711666565515 ], [ 26.638743934336919, 37.771180558418642 ], [ 26.638787963420491, 37.771202458678722 ], [ 26.638839601126012, 37.771235632808292 ], [ 26.638873958110878, 37.771255842708747 ], [ 26.638870308557195, 37.771288349603552 ], [ 26.638866930933023, 37.771328477928826 ], [ 26.638899292232178, 37.77136017608624 ], [ 26.638952653708451, 37.771374239553531 ], [ 26.639022347022298, 37.771374584739853 ], [ 26.639084903993613, 37.771376997607994 ], [ 26.639139078964256, 37.771413929377374 ], [ 26.639204783154842, 37.771437250580888 ], [ 26.639276944358542, 37.771439448014114 ], [ 26.63934122487732, 37.771422750121552 ], [ 26.639400703625356, 37.771406158865801 ], [ 26.639482833623291, 37.771398263066992 ], [ 26.63953200523839, 37.771382235648602 ], [ 26.63957886926546, 37.771348760408074 ], [ 26.63961755144879, 37.771359559776961 ], [ 26.63971199906786, 37.771385927121074 ], [ 26.639871327644663, 37.771451812156556 ], [ 26.639902850205495, 37.771450884534879 ], [ 26.639904447119882, 37.771450178430648 ], [ 26.639946712803923, 37.771422528413787 ], [ 26.640016609755076, 37.77142859155127 ], [ 26.640087386333903, 37.77145942899152 ], [ 26.640145414229778, 37.771469571049458 ], [ 26.640222851823772, 37.771485001340864 ], [ 26.64025181380066, 37.771515101106175 ], [ 26.640301306418433, 37.771529016869188 ], [ 26.64033147232545, 37.771566486347155 ], [ 26.640352186410144, 37.771602580829246 ], [ 26.640393121820033, 37.771610878867683 ], [ 26.640457673489468, 37.771601802714883 ], [ 26.640523473463308, 37.771560274742043 ], [ 26.640567461877861, 37.771513512981443 ], [ 26.640610066890364, 37.771495391633188 ], [ 26.640647233318003, 37.771526982890272 ], [ 26.640644194085009, 37.77157664056827 ], [ 26.640664283395733, 37.771600983803538 ], [ 26.640711146578099, 37.7715675108714 ], [ 26.640793955917779, 37.771531322287757 ], [ 26.640890126129587, 37.771532980097611 ], [ 26.640984233964968, 37.771544220336494 ], [ 26.641048148346616, 37.771584746997526 ], [ 26.641093058730906, 37.771631421327832 ], [ 26.64117337238541, 37.771660137721234 ], [ 26.6412456693017, 37.771666145851874 ], [ 26.641320977871391, 37.771689251088119 ], [ 26.641410352805917, 37.77170250500334 ], [ 26.641513792748484, 37.771705906871816 ], [ 26.641603235869979, 37.771721066172773 ], [ 26.641686968110804, 37.771778313081931 ], [ 26.641753216170464, 37.77181688113442 ], [ 26.64183579457379, 37.771841730619876 ], [ 26.642057284064492, 37.771853926894941 ], [ 26.642159069994904, 37.771878345086421 ], [ 26.642237526655411, 37.771922359780582 ], [ 26.642341986433703, 37.771954347516754 ], [ 26.64239849522442, 37.771989317603314 ], [ 26.642490610444181, 37.772012046166431 ], [ 26.642593846326978, 37.772009729225395 ], [ 26.642657220145033, 37.772035008673228 ], [ 26.642702132470731, 37.772081683911104 ], [ 26.642746637521249, 37.772116922662526 ], [ 26.642829692016505, 37.772155112374428 ], [ 26.642871864883116, 37.772192311822941 ], [ 26.642907106155985, 37.772237296859529 ], [ 26.642942211619346, 37.772278467893905 ], [ 26.642979785524712, 37.772321493010224 ], [ 26.643026284852464, 37.772345243486477 ], [ 26.643092899049826, 37.772326582961838 ], [ 26.643336646676506, 37.77231924388574 ], [ 26.64346805049097, 37.772319274597002 ], [ 26.643542085166096, 37.772395095889664 ], [ 26.643553194537667, 37.772496171040999 ], [ 26.643527744747182, 37.772624889056679 ], [ 26.64348364488119, 37.772757003776285 ], [ 26.643545028263976, 37.772854537936915 ], [ 26.643547293123369, 37.772893521795389 ], [ 26.643589973966758, 37.773001672258665 ], [ 26.643617809276567, 37.773031941242301 ], [ 26.643628160782544, 37.773052689051077 ], [ 26.643579235372655, 37.773095747872496 ], [ 26.64350623303525, 37.7731374382317 ], [ 26.643504918513834, 37.773167986121152 ], [ 26.643539074637037, 37.773182477265735 ], [ 26.64361350260582, 37.773180806690505 ], [ 26.643628655579153, 37.773201445826246 ], [ 26.643617668961834, 37.773230301066427 ], [ 26.643640430979847, 37.773262215590641 ], [ 26.643643918860395, 37.773292653725015 ], [ 26.643697350141014, 37.773308620107358 ], [ 26.64375182310259, 37.773286416318577 ], [ 26.643828516641445, 37.773280879905826 ], [ 26.643882830222502, 37.773321620182735 ], [ 26.643915603564022, 37.773364751727982 ], [ 26.643912160175336, 37.773402976399211 ], [ 26.643920314374931, 37.773429494504533 ], [ 26.6439970740437, 37.773425863904833 ], [ 26.644068287200259, 37.773401377988286 ], [ 26.644106633474916, 37.773398609756498 ], [ 26.644127198121712, 37.773436293608519 ], [ 26.644114626454968, 37.773488072351526 ], [ 26.6440858610069, 37.773557381092651 ], [ 26.644104092735951, 37.773597023082438 ], [ 26.644112857063533, 37.773640694660735 ], [ 26.644104409513549, 37.77367330916762 ], [ 26.644136638282081, 37.773701194138305 ], [ 26.644279651924624, 37.77373612809852 ], [ 26.644336026353056, 37.773767287666217 ], [ 26.644403320528134, 37.773767683292263 ], [ 26.6444930380915, 37.773790463171267 ], [ 26.644568825006004, 37.773826906868791 ], [ 26.644641032189252, 37.773897762266522 ], [ 26.64470467961285, 37.773930663676893 ], [ 26.644747805025712, 37.773994543582418 ], [ 26.644790998753539, 37.774060329019512 ], [ 26.644842028900513, 37.7740763483731 ], [ 26.644897294994056, 37.774143768357106 ], [ 26.644949208615721, 37.774184564243335 ], [ 26.644996185681684, 37.774221653791365 ], [ 26.645076298643261, 37.774244650055444 ], [ 26.645149709204091, 37.774214391193027 ], [ 26.645299293128872, 37.774363381165301 ], [ 26.645387726908247, 37.774458987891002 ], [ 26.64547244504401, 37.774510012266852 ], [ 26.64553129088991, 37.77454302200988 ], [ 26.645601909110113, 37.774602943889242 ], [ 26.645641337558057, 37.774697900464766 ], [ 26.645676451463959, 37.774772926465097 ], [ 26.645693252960779, 37.774839780205738 ], [ 26.645691537666046, 37.774892746799175 ], [ 26.645674023966855, 37.774957510173046 ], [ 26.64563182547576, 37.774987067505705 ], [ 26.645580318671765, 37.775008251607659 ], [ 26.645583291563419, 37.775041086007654 ], [ 26.645600618536275, 37.775072165970734 ], [ 26.645574271484847, 37.775091355108195 ], [ 26.645573234157307, 37.775112834901613 ], [ 26.645545034538127, 37.775130633714859 ], [ 26.64550638734001, 37.775158680220414 ], [ 26.645469540479493, 37.77518668734583 ], [ 26.645445501365472, 37.775220128115194 ], [ 26.645441985780721, 37.775273134933919 ], [ 26.645457461545217, 37.775302825283234 ], [ 26.645499694183201, 37.775324765352266 ], [ 26.645547431015263, 37.775349441364227 ], [ 26.645558845963922, 37.775366348979809 ], [ 26.645496517707215, 37.775437843447818 ], [ 26.645474075947416, 37.775465526025265 ], [ 26.645445366974478, 37.775469032209777 ], [ 26.645429669678855, 37.77548368978821 ], [ 26.645453384580975, 37.775491739157808 ], [ 26.645455592451221, 37.775503134401347 ], [ 26.645450803338917, 37.775520407499883 ], [ 26.645491387207048, 37.775546674105094 ], [ 26.64554566370683, 37.775552607565537 ], [ 26.645610999886436, 37.775565443672768 ], [ 26.645625965681983, 37.775580842463349 ], [ 26.645509174224333, 37.775590619232055 ], [ 26.645397782777835, 37.775600273347578 ], [ 26.645202625463067, 37.775636126847679 ], [ 26.64512291706658, 37.775675109606908 ], [ 26.64512553234232, 37.775697939466532 ], [ 26.645158047575059, 37.775700069360347 ], [ 26.645160561836306, 37.775720039264769 ], [ 26.645132820419533, 37.775750702441549 ], [ 26.645112179930905, 37.775778345376573 ], [ 26.645122151083601, 37.775805298008564 ], [ 26.645183274225385, 37.775801065578477 ], [ 26.645227703855852, 37.775817232739577 ], [ 26.645261453235065, 37.775820288722564 ], [ 26.645297672114172, 37.775825197634354 ], [ 26.645300956359701, 37.775849918901287 ], [ 26.645304580738156, 37.775884168136557 ], [ 26.645331127715352, 37.775887387235443 ], [ 26.645381683708532, 37.775890066033767 ], [ 26.645436837689971, 37.775886919176479 ], [ 26.645472241154895, 37.775868957046733 ], [ 26.645507011033743, 37.775900601456328 ], [ 26.645596707913153, 37.775990135623715 ], [ 26.645677096337579, 37.776020753435283 ], [ 26.645690732426047, 37.776066222322967 ], [ 26.645648396619571, 37.776091967658651 ], [ 26.645630752447097, 37.776136232763712 ], [ 26.645641784721839, 37.776176037222172 ], [ 26.645649938154531, 37.776202556311794 ], [ 26.645624410024407, 37.776227924240089 ], [ 26.645576866905525, 37.77624234245156 ], [ 26.645558406470062, 37.776263738544607 ], [ 26.645566764441213, 37.776295973414854 ], [ 26.645593854559294, 37.776314438326473 ], [ 26.645633494685587, 37.776347879432443 ], [ 26.645674379025611, 37.77634886829609 ], [ 26.645704686284912, 37.776390147768083 ], [ 26.645705976833874, 37.77642635532677 ], [ 26.645668172114167, 37.77644437104891 ], [ 26.645635510566596, 37.776471806621629 ], [ 26.645632612205922, 37.776525275974258 ], [ 26.645654968815741, 37.776545754307215 ], [ 26.645691458961153, 37.776558285645464 ], [ 26.645680473170358, 37.776587141867665 ], [ 26.645684097854744, 37.776621391044692 ], [ 26.645718188318153, 37.77663397656476 ], [ 26.645786910981226, 37.77667439276405 ], [ 26.645850220521403, 37.776697765380682 ], [ 26.645870516659571, 37.776727826001675 ], [ 26.645864536536614, 37.776762291176766 ], [ 26.645900687496983, 37.776765293391058 ], [ 26.645935615579251, 37.776733991841752 ], [ 26.645970521421493, 37.776769446429213 ], [ 26.646000488409083, 37.776801196048496 ], [ 26.646056254913386, 37.776815201996854 ], [ 26.646103596598696, 37.776795065415428 ], [ 26.646143665899508, 37.776773184901025 ], [ 26.646250690984935, 37.776742170786555 ], [ 26.646310104619467, 37.776723670468037 ], [ 26.646370469969376, 37.776731849487234 ], [ 26.646451288286464, 37.776707146079659 ], [ 26.64648601235589, 37.776670127487847 ], [ 26.646539038146091, 37.776674656769679 ], [ 26.646597546069383, 37.776698136814368 ], [ 26.646668467770102, 37.776732781764373 ], [ 26.646692875527389, 37.77677705488594 ], [ 26.646717281775864, 37.776821326426258 ], [ 26.646736332072194, 37.776883837654943 ], [ 26.646760232788278, 37.777014904131526 ], [ 26.646798741023854, 37.777151363934671 ], [ 26.64678341177369, 37.777186832927654 ], [ 26.646772104921212, 37.777212995612842 ], [ 26.646725104848784, 37.777242661150119 ], [ 26.646603829015522, 37.777211054186864 ], [ 26.646555741318316, 37.777210228114633 ], [ 26.646496463253911, 37.777232541653504 ], [ 26.646429007997586, 37.777295090703703 ], [ 26.646420356143437, 37.777321986818833 ], [ 26.646435441987439, 37.777340720841295 ], [ 26.646488468520879, 37.777345251008754 ], [ 26.64648441487655, 37.777366322341948 ], [ 26.646499976570684, 37.777398395583326 ], [ 26.646552662802119, 37.777393397773992 ], [ 26.646588474679056, 37.777386870687046 ], [ 26.646613640777904, 37.777418729775619 ], [ 26.646639078976182, 37.777458211243278 ], [ 26.646685242060851, 37.777472431794884 ], [ 26.646726264824096, 37.777477231067316 ], [ 26.646770299160714, 37.777499128381919 ], [ 26.646798341266464, 37.777544273294545 ], [ 26.646840706045239, 37.777586712694323 ], [ 26.646886915715143, 37.777619049834456 ], [ 26.646897279289089, 37.777656963703265 ], [ 26.646853195051843, 37.777684179505762 ], [ 26.646809109674226, 37.777711395484417 ], [ 26.646771197208814, 37.777743241564458 ], [ 26.646706019035236, 37.777768547303538 ], [ 26.646710125892838, 37.777799447681751 ], [ 26.646738071699865, 37.777825045830156 ], [ 26.646784111630129, 37.777852620366374 ], [ 26.646916196288672, 37.777766207313455 ], [ 26.646984375045751, 37.777740833938182 ], [ 26.647061107544843, 37.777786791121308 ], [ 26.647071386212566, 37.77782232088898 ], [ 26.646975345423296, 37.777824480527762 ], [ 26.646941709168768, 37.777891991631201 ], [ 26.646910394460868, 37.777940377213667 ], [ 26.646891170528633, 37.777990875416947 ], [ 26.646938230158142, 37.77804703580162 ], [ 26.647017199075265, 37.778071486266171 ], [ 26.647131844728513, 37.778085598071442 ], [ 26.647138610930874, 37.778106903183129 ], [ 26.647103530981745, 37.778133917088638 ], [ 26.647101720235121, 37.77816733491774 ], [ 26.647151525693371, 37.778216280085587 ], [ 26.647198415829635, 37.778267677671892 ], [ 26.647254310084683, 37.778318871442963 ], [ 26.6473235948881, 37.778324466723177 ], [ 26.647375553296111, 37.778349523419728 ], [ 26.647394835651255, 37.778384851279981 ], [ 26.647347410004993, 37.778402606891227 ], [ 26.647381274878207, 37.778425685335179 ], [ 26.647430060343854, 37.778446046377873 ], [ 26.647443596605445, 37.778488656819796 ], [ 26.64746253942166, 37.778514455661799 ], [ 26.647518438193686, 37.778540498680066 ], [ 26.647631763546372, 37.778551300947214 ], [ 26.647663590310483, 37.778567752280509 ], [ 26.647642660127246, 37.77858729496819 ], [ 26.647590449345003, 37.778605633497342 ], [ 26.647584129792225, 37.778630571637223 ], [ 26.647611357768003, 37.778652845163101 ], [ 26.647694987176649, 37.778639522523868 ], [ 26.647757142603464, 37.778630495824082 ], [ 26.647792118937332, 37.778667855103023 ], [ 26.647821951145811, 37.778695792901559 ], [ 26.64778215268306, 37.778725297549386 ], [ 26.647735084887582, 37.778753057820779 ], [ 26.647700428974186, 37.778791982331754 ], [ 26.647732391222377, 37.778812244028337 ], [ 26.647780820003398, 37.778822599316548 ], [ 26.647841255829459, 37.778832682819221 ], [ 26.647874121817324, 37.778810965143329 ], [ 26.647892085783244, 37.778842984481614 ], [ 26.647884998246202, 37.778913713227389 ], [ 26.647866810205777, 37.778942732062212 ], [ 26.647884775105222, 37.778974750314894 ], [ 26.64791838956603, 37.778973994172013 ], [ 26.647961812296142, 37.778978739674983 ], [ 26.648009358097028, 37.778964320932403 ], [ 26.648041047825966, 37.778976958382664 ], [ 26.648082411813736, 37.778991287758224 ], [ 26.648113896749475, 37.778998209442577 ], [ 26.648098722835705, 37.779044325003909 ], [ 26.64810961957863, 37.779080318049253 ], [ 26.648141241038012, 37.779091049919657 ], [ 26.648177597780915, 37.77909976977422 ], [ 26.648178413977117, 37.779122638815274 ], [ 26.648189039600886, 37.779151009290167 ], [ 26.648223674311172, 37.779178838890829 ], [ 26.64826551450372, 37.77920650646616 ], [ 26.648316685705279, 37.779226336659129 ], [ 26.64837046050334, 37.779251828486977 ], [ 26.648376692508666, 37.779291742375726 ], [ 26.648394316212752, 37.77931423368635 ], [ 26.648416471699012, 37.779328993313314 ], [ 26.64839026293987, 37.779335304142663 ], [ 26.648334833489752, 37.779330828715935 ], [ 26.648336057891886, 37.77936513226097 ], [ 26.648349424580115, 37.77940297809846 ], [ 26.64841341829365, 37.779445405617793 ], [ 26.648482349138671, 37.7794915382743 ], [ 26.648553001399602, 37.779518558462122 ], [ 26.648610015596201, 37.779500110261907 ], [ 26.648658445046092, 37.779510465060156 ], [ 26.648703998779514, 37.779507532099267 ], [ 26.64875634689469, 37.779493004915601 ], [ 26.648807518048244, 37.779512833050255 ], [ 26.64886924709101, 37.779559126867753 ], [ 26.648904767405277, 37.779611731611496 ], [ 26.648944546010064, 37.779648982484872 ], [ 26.648980357961179, 37.779642455542017 ], [ 26.649004913542544, 37.779657160729137 ], [ 26.649006139429744, 37.779691464039189 ], [ 26.649038101458274, 37.779711725427511 ], [ 26.649109657914629, 37.779696764838505 ], [ 26.649122752510177, 37.779726987298424 ], [ 26.649084947851343, 37.779745003279878 ], [ 26.649011311211574, 37.779836301277676 ], [ 26.648972464618929, 37.779892485778177 ], [ 26.648988437028748, 37.779935994688223 ], [ 26.649017163977799, 37.780000196211333 ], [ 26.649030257508574, 37.78003041886754 ], [ 26.649059206898194, 37.780033580565259 ], [ 26.649133728600827, 37.779967057076597 ], [ 26.649208318558767, 37.779902439065822 ], [ 26.649200094607764, 37.77987401495912 ], [ 26.649255319219993, 37.779872772355674 ], [ 26.649313081998525, 37.779875288070699 ], [ 26.649359402725064, 37.779826563391708 ], [ 26.64941489996729, 37.779832943921882 ], [ 26.649458120229106, 37.779831970812445 ], [ 26.649491240019458, 37.779884628898529 ], [ 26.649537133500193, 37.779891227328775 ], [ 26.649591047485849, 37.779920530150136 ], [ 26.649619842289361, 37.779986637197467 ], [ 26.64959719217148, 37.780025291605256 ], [ 26.649548878905566, 37.780085505372647 ], [ 26.649555177737906, 37.780127324149973 ], [ 26.649503580075041, 37.780162815714618 ], [ 26.649466182538404, 37.780192266530648 ], [ 26.649412863739595, 37.780246870446476 ], [ 26.649416148914138, 37.780271591545883 ], [ 26.649439120374876, 37.780309219177219 ], [ 26.649459350034235, 37.780337373422256 ], [ 26.649467711415561, 37.780369610318708 ], [ 26.649434503287249, 37.780381800844026 ], [ 26.649438062059613, 37.780414144077241 ], [ 26.649482098536843, 37.780436040991844 ], [ 26.649476120280642, 37.780470506161969 ], [ 26.649503349091265, 37.78049278098846 ], [ 26.649546773851721, 37.780497524620728 ], [ 26.649597402210787, 37.780502107390816 ], [ 26.649674237232809, 37.780500378456807 ], [ 26.649732544907117, 37.780518140516605 ], [ 26.649764713702531, 37.780544117130347 ], [ 26.64977266574186, 37.780564919700403 ], [ 26.649814165322223, 37.780583057916814 ], [ 26.649836022184271, 37.780592402256495 ], [ 26.649894695603443, 37.780617485029481 ], [ 26.649926932037182, 37.780645368192864 ], [ 26.649951760099803, 37.780667697380622 ], [ 26.65000458548786, 37.780666508620179 ], [ 26.650082714777326, 37.780700989183828 ], [ 26.650174980173052, 37.780727521649389 ], [ 26.650283098455407, 37.780726996137211 ], [ 26.65037674263543, 37.780724888345659 ], [ 26.650379988845902, 37.780724648128427 ], [ 26.650451041870816, 37.780719400058864 ], [ 26.650530755563988, 37.780730957661468 ], [ 26.650594137170852, 37.780756232637827 ], [ 26.650675367440531, 37.780742960929757 ], [ 26.650804824022998, 37.780734325098244 ], [ 26.650888251914946, 37.780715280808984 ], [ 26.650942659981411, 37.780691168256723 ], [ 26.651019019497848, 37.780676098905651 ], [ 26.651042893565293, 37.780671746916084 ], [ 26.651128041220321, 37.780633591983303 ], [ 26.651159664202389, 37.780644323644935 ], [ 26.651205353317923, 37.78064520089908 ], [ 26.651283365030448, 37.780609114289362 ], [ 26.651291666636372, 37.780601467280768 ], [ 26.651404340659266, 37.780497674806405 ], [ 26.651447918170049, 37.780439475875077 ], [ 26.651474194442081, 37.780435069921303 ], [ 26.651497030456039, 37.78046888681034 ], [ 26.651495652031091, 37.780497525986256 ], [ 26.651522744643003, 37.780515989135026 ], [ 26.651562950301255, 37.780497918533982 ], [ 26.651580576591037, 37.780520408953649 ], [ 26.651619402977104, 37.78053097858276 ], [ 26.651686499022716, 37.780525652976671 ], [ 26.65171147929075, 37.78048503736499 ], [ 26.65173927169748, 37.780455802142555 ], [ 26.651761426156529, 37.780470561301726 ], [ 26.651760182980443, 37.780503013696936 ], [ 26.651789133189553, 37.78050617630246 ], [ 26.65183717203854, 37.780438339170367 ], [ 26.651919985406838, 37.780402143819657 ], [ 26.651965674610857, 37.780403021593763 ], [ 26.652020333695827, 37.780442296971025 ], [ 26.652024868935328, 37.780445556648452 ], [ 26.652116026327853, 37.780508350154172 ], [ 26.652195383079501, 37.780577132280364 ], [ 26.652245722562558, 37.78064084703297 ], [ 26.652260725900732, 37.780724429249503 ], [ 26.65225749151141, 37.780768368679993 ], [ 26.652242591215053, 37.780822109168618 ], [ 26.652172533469127, 37.780878997799157 ], [ 26.652094982708682, 37.780995180815367 ], [ 26.652076147894952, 37.78103463029835 ], [ 26.652074836309993, 37.781086045419798 ], [ 26.652081990376363, 37.781102281356709 ], [ 26.652124159499891, 37.781164726281098 ], [ 26.652127663850333, 37.781169915608452 ], [ 26.652150594757192, 37.781215503789213 ], [ 26.652150518507515, 37.781230028411358 ], [ 26.65209031983963, 37.781268027541529 ], [ 26.652084508466885, 37.781275811786102 ], [ 26.652062800318667, 37.781304886034256 ], [ 26.652057777101039, 37.781366032291665 ], [ 26.652025813748153, 37.781429809466317 ], [ 26.652014204336627, 37.781512314652012 ], [ 26.652000841512795, 37.781513255062535 ], [ 26.65195531653259, 37.781470259267749 ], [ 26.651882124864915, 37.781439484970832 ], [ 26.651812150553145, 37.781431524254891 ], [ 26.651753075803693, 37.781459556776916 ], [ 26.651752308632766, 37.781505348412608 ], [ 26.651772268973136, 37.781525878473907 ], [ 26.651808899273568, 37.781542219317473 ], [ 26.651852460097121, 37.781550775053489 ], [ 26.651893415397108, 37.781553667665101 ], [ 26.65192587448832, 37.781520512930356 ], [ 26.65196257307829, 37.781538758356064 ], [ 26.651949188505267, 37.781567669600648 ], [ 26.651948012648774, 37.781602026787695 ], [ 26.651968108030452, 37.781626369130926 ], [ 26.652004874278962, 37.781646521141354 ], [ 26.651988527125486, 37.781726995145767 ], [ 26.651980216704263, 37.781763421533199 ], [ 26.651993654438268, 37.78180317126445 ], [ 26.652022604116823, 37.78180633396439 ], [ 26.652068840298259, 37.781822458015029 ], [ 26.652096001931781, 37.781842825578401 ], [ 26.652092835338369, 37.781888672434306 ], [ 26.652069981851589, 37.781921610534326 ], [ 26.65205673312628, 37.781954333028942 ], [ 26.65206029249045, 37.781986677117189 ], [ 26.652090128471201, 37.782014614178237 ], [ 26.652079007976841, 37.782039659810124 ], [ 26.652040999438988, 37.782051959096989 ], [ 26.652011418793141, 37.782098400134117 ], [ 26.651942800164903, 37.782123235707871 ], [ 26.651918201346756, 37.782140955369854 ], [ 26.651918967798935, 37.7821623943736 ], [ 26.652009250861123, 37.782213247733857 ], [ 26.651980715555233, 37.78224785925525 ], [ 26.65194009909786, 37.782254495802015 ], [ 26.651896469319887, 37.78224403460937 ], [ 26.6518662086715, 37.782271416710579 ], [ 26.651838756543153, 37.782310182600106 ], [ 26.651840118905216, 37.7823482971312 ], [ 26.651833937548087, 37.782377045547641 ], [ 26.651794071315098, 37.782404645167119 ], [ 26.651783429097744, 37.782443030514074 ], [ 26.651764355457129, 37.782447273791753 ], [ 26.651729223226845, 37.782472860514233 ], [ 26.651737380305978, 37.782499378716224 ], [ 26.651759944353373, 37.782525572232913 ], [ 26.651775169210069, 37.782548117282012 ], [ 26.651757266138425, 37.782576652862602 ], [ 26.651729688603563, 37.782603498681588 ], [ 26.651690710815682, 37.782605568577218 ], [ 26.651631074448058, 37.782575917975947 ], [ 26.651566032267038, 37.782563078161054 ], [ 26.651527566444209, 37.782579440163744 ], [ 26.651515209622623, 37.782611904892711 ], [ 26.651528066717574, 37.782635456067197 ], [ 26.651552068701641, 37.782676637429354 ], [ 26.651565224428477, 37.78270852670272 ], [ 26.651574431003358, 37.782756001148009 ], [ 26.65154985554906, 37.782782779951759 ], [ 26.651512932672599, 37.782800300145439 ], [ 26.651511037396457, 37.78283133588242 ], [ 26.651513560410368, 37.782859888020198 ], [ 26.651518957764058, 37.782884799441753 ], [ 26.651520064709054, 37.782915768214629 ], [ 26.651506657138224, 37.782958061755636 ], [ 26.65151351165424, 37.782981749293619 ], [ 26.6515394494585, 37.782993085012265 ], [ 26.651581471204729, 37.78299213811745 ], [ 26.651614615061082, 37.782994969383736 ], [ 26.651651101734409, 37.783007258838332 ], [ 26.651673218531602, 37.783037754327459 ], [ 26.651687142416574, 37.783091084115682 ], [ 26.6516833629017, 37.783111433833739 ], [ 26.651682756349356, 37.783136480933742 ], [ 26.651689399361324, 37.783154212228467 ], [ 26.6517065461789, 37.783171707076185 ], [ 26.651712026032538, 37.783199000253838 ], [ 26.65172346949063, 37.783224967621933 ], [ 26.651749663219679, 37.783243450776801 ], [ 26.651753729244454, 37.783273160195364 ], [ 26.651772802441915, 37.783302532704624 ], [ 26.651791577900173, 37.783323566029949 ], [ 26.651779998174501, 37.783335747133535 ], [ 26.651742223775184, 37.783329446170583 ], [ 26.651723575785013, 37.783311984819179 ], [ 26.651691975063656, 37.783310312675717 ], [ 26.651682321416409, 37.783334370564361 ], [ 26.651658682157628, 37.783387353784292 ], [ 26.65162930479492, 37.783405895828942 ], [ 26.651593968674934, 37.78342576464668 ], [ 26.651603740283953, 37.783447001156837 ], [ 26.651631604609712, 37.783470214514367 ], [ 26.651643263544454, 37.783477101853549 ], [ 26.651679348781439, 37.783464101269018 ], [ 26.65171026901729, 37.783446716517929 ], [ 26.651740242117899, 37.783444849073021 ], [ 26.651750098817558, 37.783468468720159 ], [ 26.651754377375081, 37.783504133267435 ], [ 26.651725989970039, 37.783508348621353 ], [ 26.651664569370226, 37.783510002723496 ], [ 26.651625753892834, 37.783546235919516 ], [ 26.651619056471358, 37.783581358101308 ], [ 26.651635341298064, 37.783616753415458 ], [ 26.651631904371808, 37.783646631614225 ], [ 26.651595844496335, 37.783650140870904 ], [ 26.651590493294933, 37.783651691162099 ], [ 26.651577006069584, 37.783677743473852 ], [ 26.651585027486536, 37.783700450402115 ], [ 26.651609408681001, 37.783727080272193 ], [ 26.651646653416673, 37.783760572252412 ], [ 26.651658532085069, 37.783790343953335 ], [ 26.651670564504798, 37.783824405210439 ], [ 26.651642516533531, 37.783846493531456 ], [ 26.651618324652162, 37.783875646824029 ], [ 26.651608797117426, 37.783911623622991 ], [ 26.651660928583233, 37.783973951346972 ], [ 26.651690237167657, 37.784011191172425 ], [ 26.651713328277015, 37.78401226226017 ], [ 26.651735653910698, 37.784031786728356 ], [ 26.651727211979306, 37.784047711204764 ], [ 26.651720621895521, 37.784065026038604 ], [ 26.651748299452734, 37.784082998238844 ], [ 26.651799390892229, 37.784100443929248 ], [ 26.651860622150384, 37.784099065020065 ], [ 26.651907139041732, 37.784089433446731 ], [ 26.651986749782974, 37.784047588238465 ], [ 26.652027915843355, 37.784039508687599 ], [ 26.65207296247474, 37.784038102346571 ], [ 26.652089013058465, 37.784050138015189 ], [ 26.652088767396425, 37.784076845135701 ], [ 26.65207490493583, 37.784092415518352 ], [ 26.652046465502643, 37.784103546105378 ], [ 26.65202572275777, 37.784121913566253 ], [ 26.652029844994459, 37.784143888903543 ], [ 26.652053973377548, 37.784163372509887 ], [ 26.651998808665176, 37.784183210324599 ], [ 26.651967261077001, 37.784208238517316 ], [ 26.651970697443097, 37.784253936606603 ], [ 26.651953185938357, 37.784318701664873 ], [ 26.651945204229474, 37.784347490401551 ], [ 26.651968246770597, 37.784387024571821 ], [ 26.6520142917113, 37.784414596406293 ], [ 26.652068985168665, 37.784431960080489 ], [ 26.652131761703032, 37.78442339487502 ], [ 26.652166746521399, 37.784444062733144 ], [ 26.652216968020188, 37.784437209734364 ], [ 26.652242385676242, 37.784442359680781 ], [ 26.652259309124386, 37.784462004477845 ], [ 26.652281278025942, 37.784471522288811 ], [ 26.652312864964884, 37.784497990662565 ], [ 26.652353252399429, 37.784518537962882 ], [ 26.652323862949128, 37.78455353041231 ], [ 26.652286350892439, 37.784562958778992 ], [ 26.65221548922997, 37.784597454215984 ], [ 26.652214811189928, 37.784609971287495 ], [ 26.652214402741233, 37.784617506722739 ], [ 26.652200403896661, 37.784629264115459 ], [ 26.652160924947481, 37.784684512037579 ], [ 26.652168895487307, 37.784705789021096 ], [ 26.652155255007646, 37.784727553594188 ], [ 26.652131382224852, 37.78471521752487 ], [ 26.652088057224294, 37.784713331212124 ], [ 26.652076371786983, 37.78473934386129 ], [ 26.652104254135924, 37.784763032676302 ], [ 26.652163110171564, 37.784796038753377 ], [ 26.652174835994515, 37.784821522545997 ], [ 26.65217230772657, 37.784851618889149 ], [ 26.652166024193097, 37.784877508418433 ], [ 26.652146674452773, 37.784890817893803 ], [ 26.652122329593563, 37.784915685266149 ], [ 26.652125101551945, 37.784942802315946 ], [ 26.652151183608961, 37.784966531492792 ], [ 26.652189106225293, 37.784968538245153 ], [ 26.652241179768101, 37.784963074683724 ], [ 26.652280033268614, 37.784940741511832 ], [ 26.652293009489075, 37.784900397711247 ], [ 26.65226312176447, 37.784871030833905 ], [ 26.652225262375147, 37.784820387168494 ], [ 26.652248265932791, 37.784808424590111 ], [ 26.652290773859384, 37.784787440976629 ], [ 26.65228662035117, 37.784721733184405 ], [ 26.652314209474561, 37.784686781140536 ], [ 26.65241605796119, 37.784611532096619 ], [ 26.652483573099854, 37.784584263212999 ], [ 26.652516245693526, 37.78459068008231 ], [ 26.652546963420697, 37.784592849746907 ], [ 26.652594094474768, 37.784600370730637 ], [ 26.652629488611296, 37.784632472784644 ], [ 26.652668074948014, 37.784653061414041 ], [ 26.652705740604762, 37.784647921562311 ], [ 26.652721412697254, 37.78463254887896 ], [ 26.652737084564453, 37.784617175309357 ], [ 26.652768990078926, 37.784602152290951 ], [ 26.652789670130403, 37.784626003572399 ], [ 26.652792901360435, 37.784665984145491 ], [ 26.652829431435784, 37.784679465622013 ], [ 26.652873587028541, 37.784654152489999 ], [ 26.652899271112194, 37.784616383146059 ], [ 26.652933245259909, 37.78455839928835 ], [ 26.652979303479501, 37.784535904522016 ], [ 26.652991972040361, 37.784486983292126 ], [ 26.653014106067669, 37.784450722802042 ], [ 26.653030887956046, 37.784416013758914 ], [ 26.653025802960066, 37.784374645016001 ], [ 26.653039086385082, 37.784342875591925 ], [ 26.653078246564103, 37.784329119430986 ], [ 26.653122758839508, 37.784313811796288 ], [ 26.653131314818111, 37.784250677265753 ], [ 26.653147892380247, 37.78421025233078 ], [ 26.653166321826369, 37.784171213105445 ], [ 26.653200131122141, 37.784159009042959 ], [ 26.653241041170364, 37.784143781480118 ], [ 26.653227309152161, 37.78411262166302 ], [ 26.653216205116003, 37.784104295014984 ], [ 26.653210641044733, 37.784100122757231 ], [ 26.653224332393201, 37.784079787882916 ], [ 26.653291950433648, 37.784055377938941 ], [ 26.653321900481853, 37.784036106674989 ], [ 26.653349896723341, 37.784012588027089 ], [ 26.653428421084101, 37.78399079218962 ], [ 26.653499437257679, 37.783960583252558 ], [ 26.653572558161144, 37.783938908925769 ], [ 26.653664661112437, 37.783943984880061 ], [ 26.653768337086809, 37.783970257447194 ], [ 26.653883072123129, 37.783998363413964 ], [ 26.653983554348255, 37.784036150458846 ], [ 26.654062119173034, 37.78406585073396 ], [ 26.654074560845576, 37.78411134530306 ], [ 26.654087157106918, 37.784161127450105 ], [ 26.654088486254551, 37.784198289580353 ], [ 26.654112819818447, 37.784223489373311 ], [ 26.654132210619636, 37.784261675044434 ], [ 26.654166528840431, 37.784263762451168 ], [ 26.654211757332, 37.784268465122061 ], [ 26.654251276175501, 37.784264711923591 ], [ 26.654288481348839, 37.784246708996541 ], [ 26.654314574788653, 37.784220372575319 ], [ 26.654385629052491, 37.784241658220814 ], [ 26.654481538983937, 37.784252369037368 ], [ 26.654507724201405, 37.784278957252333 ], [ 26.654494135811237, 37.784302151989991 ], [ 26.654470149772092, 37.784337023579766 ], [ 26.654465565104289, 37.784360013997464 ], [ 26.654495557054862, 37.784392238776711 ], [ 26.654538421078126, 37.784381258887464 ], [ 26.654578973132384, 37.78435602711901 ], [ 26.654615307968111, 37.784313724604786 ], [ 26.654689197518685, 37.784313488101049 ], [ 26.65472804023327, 37.78434122245956 ], [ 26.654762821469735, 37.784356173462747 ], [ 26.654814423611072, 37.784387911027252 ], [ 26.654855067712052, 37.784415603808739 ], [ 26.654830621299308, 37.784437612155145 ], [ 26.654842143442323, 37.784457378847364 ], [ 26.654896120179611, 37.784454731126253 ], [ 26.654998569372214, 37.784446700068209 ], [ 26.655064271826411, 37.784469535852892 ], [ 26.655148906119859, 37.784517692609292 ], [ 26.655197060437789, 37.78455379968397 ], [ 26.655229262750741, 37.784597418109904 ], [ 26.65522158835897, 37.784634782796346 ], [ 26.655213352035361, 37.784656425159881 ], [ 26.655234184531075, 37.784684564910449 ], [ 26.655230010733323, 37.784718989499851 ], [ 26.655192231655583, 37.784771337565758 ], [ 26.655172309917148, 37.784818993101787 ], [ 26.655187484165321, 37.784840107806914 ], [ 26.655225815274974, 37.784853547876551 ], [ 26.65525463042151, 37.784852898281827 ], [ 26.655283701107436, 37.784859393489718 ], [ 26.655287866531626, 37.784875036285015 ], [ 26.655319044947998, 37.784890067457539 ], [ 26.655347451468046, 37.784877982405966 ], [ 26.655341373110375, 37.784909590790249 ], [ 26.655324131661242, 37.784931436869137 ], [ 26.655310797892852, 37.784961776705053 ], [ 26.655280437162581, 37.78496961353995 ], [ 26.655263144575304, 37.784990030645325 ], [ 26.655260566344189, 37.785018697160439 ], [ 26.655275638241076, 37.785036953035167 ], [ 26.655278156816824, 37.785056924043069 ], [ 26.655250354298879, 37.785136225060981 ], [ 26.655230022802378, 37.785172445361177 ], [ 26.655238402819428, 37.785205156566299 ], [ 26.655271792666429, 37.785231582325693 ], [ 26.655305284092218, 37.785260867957781 ], [ 26.655300291273232, 37.78527242384002 ], [ 26.655232622748265, 37.785295406056406 ], [ 26.655226135700477, 37.78531557899732 ], [ 26.655238993915031, 37.785339130580134 ], [ 26.655318850283624, 37.78535449498748 ], [ 26.655367421583207, 37.785368658114677 ], [ 26.655406933495559, 37.785398283618655 ], [ 26.655417562570957, 37.785426653060206 ], [ 26.655401912382462, 37.785459428917719 ], [ 26.655380983930637, 37.785478973836668 ], [ 26.655340640666957, 37.78549323570585 ], [ 26.655305030892148, 37.785505481862565 ], [ 26.655228939074348, 37.785528177237062 ], [ 26.655206291963719, 37.78556683246039 ], [ 26.65522158657447, 37.785591283369683 ], [ 26.655272832446215, 37.785613014123108 ], [ 26.655335879259518, 37.78562875859221 ], [ 26.655370998573375, 37.785669927734354 ], [ 26.6553503422193, 37.785697095076046 ], [ 26.655337230755126, 37.785733629049155 ], [ 26.655328744911689, 37.785746232758378 ], [ 26.655318975759336, 37.785760742614492 ], [ 26.655302644873103, 37.785774461484372 ], [ 26.655317871657779, 37.785797004894526 ], [ 26.655363767522754, 37.785803599731778 ], [ 26.655434361474882, 37.785828709476817 ], [ 26.655537684696263, 37.785828287062849 ], [ 26.655640939100969, 37.785825958142645 ], [ 26.655701622574419, 37.785826020712037 ], [ 26.655734859157718, 37.78584815761748 ], [ 26.655772005355502, 37.785878790689786 ], [ 26.655776467486017, 37.785953073993767 ], [ 26.655738125983806, 37.785989699037735 ], [ 26.655714242609633, 37.786027429668074 ], [ 26.655690308980972, 37.786063730252046 ], [ 26.655700183119428, 37.786087827150823 ], [ 26.655696110970691, 37.786125110688673 ], [ 26.655627203441789, 37.78616385593331 ], [ 26.655470304503947, 37.786211738136494 ], [ 26.655428566082712, 37.78625416352704 ], [ 26.655382814915676, 37.786285235867531 ], [ 26.655364180823991, 37.786318555133434 ], [ 26.65538120867097, 37.786341059827762 ], [ 26.655432762579135, 37.786371366850922 ], [ 26.655445778197432, 37.786382515655923 ], [ 26.655488173688173, 37.786408740382846 ], [ 26.655524141716839, 37.786406496864629 ], [ 26.655549141789766, 37.786450278999496 ], [ 26.655571152908788, 37.786511292579959 ], [ 26.655580455128799, 37.786569731120736 ], [ 26.65559361433537, 37.786635235304466 ], [ 26.655590310325092, 37.786693958490154 ], [ 26.655602396667245, 37.786729447961299 ], [ 26.655618954152121, 37.786789153222536 ], [ 26.655617194578923, 37.786840689384022 ], [ 26.655551200927228, 37.786863200505827 ], [ 26.655535209795506, 37.786886448410137 ], [ 26.655538771331067, 37.786918791187496 ], [ 26.655600342035282, 37.786974103271476 ], [ 26.655617369512846, 37.786996605242017 ], [ 26.655652407615541, 37.787018703429823 ], [ 26.655645397866433, 37.787074648210108 ], [ 26.655604468266219, 37.787190008993136 ], [ 26.655581198926765, 37.787244890571557 ], [ 26.655577280591231, 37.787286462691284 ], [ 26.655564612424772, 37.787335383343169 ], [ 26.655584772405327, 37.787395008333959 ], [ 26.655624482809934, 37.787481192328499 ], [ 26.655659876836388, 37.787529983426104 ], [ 26.655697534699474, 37.787574907949065 ], [ 26.655710632270814, 37.787605129371748 ], [ 26.655735738892076, 37.787635079724197 ], [ 26.655791173718505, 37.787639550802965 ], [ 26.655866161946761, 37.787653118403448 ], [ 26.655960428248253, 37.787668156928348 ], [ 26.65600784080339, 37.78764992221484 ], [ 26.656081189810994, 37.787617751570316 ], [ 26.65614335260468, 37.787608719993202 ], [ 26.656222664927931, 37.787608838157873 ], [ 26.656288046533131, 37.787622621674423 ], [ 26.656308077093467, 37.787645057244767 ], [ 26.656330849858097, 37.787676966036017 ], [ 26.656314927922846, 37.787702121314695 ], [ 26.656304421942394, 37.787744318424302 ], [ 26.65631251301609, 37.78776892955122 ], [ 26.656340021443125, 37.787798825924689 ], [ 26.656348590324924, 37.787836778802159 ], [ 26.656320252366505, 37.787850768577769 ], [ 26.656295270533459, 37.787891384527001 ], [ 26.656311384540754, 37.787938703034861 ], [ 26.656343763286522, 37.787970396618896 ], [ 26.656395761411428, 37.788013089865764 ], [ 26.656437199871842, 37.788029321845229 ], [ 26.656453041466339, 37.78806901703183 ], [ 26.656432384998769, 37.788096184538212 ], [ 26.656440612797919, 37.78812460860506 ], [ 26.65647676969046, 37.788127607492441 ], [ 26.656527061280105, 37.788122658700168 ], [ 26.65655882532495, 37.78813720032749 ], [ 26.65657856364275, 37.788166422994713 ], [ 26.656579128525202, 37.788167258211097 ], [ 26.656625574249887, 37.788189096538716 ], [ 26.656647867463104, 37.788192566955189 ], [ 26.656700493551778, 37.78820075812412 ], [ 26.65678481437919, 37.788206484867132 ], [ 26.656856854580198, 37.788204859275204 ], [ 26.656911267496678, 37.788180744017602 ], [ 26.656966851823995, 37.788122271197153 ], [ 26.657045686181611, 37.78810904886091 ], [ 26.65713247707091, 37.788116626979978 ], [ 26.657198064281737, 37.788136126519511 ], [ 26.657264061738825, 37.788167061169169 ], [ 26.657324096101636, 37.788165705896986 ], [ 26.657417476177969, 37.788155969543183 ], [ 26.6574802533564, 37.788164089119299 ], [ 26.657545363132652, 37.788170248441354 ], [ 26.657602312623709, 37.788149891239648 ], [ 26.657695213484615, 37.788126813075202 ], [ 26.657727602563185, 37.788091751305551 ], [ 26.657807200173146, 37.788032737029589 ], [ 26.657851176298479, 37.788052723960433 ], [ 26.657901877867008, 37.788059208705839 ], [ 26.657969798056325, 37.788076748363686 ], [ 26.658029832572375, 37.788075393527023 ], [ 26.65810907684919, 37.788073604573562 ], [ 26.658171716462913, 37.788077911807335 ], [ 26.658245476006655, 37.788057172697187 ], [ 26.658270304781574, 37.788029719125412 ], [ 26.658354742315275, 37.7879928761933 ], [ 26.658458078513398, 37.787925698250767 ], [ 26.658542322445072, 37.787876232236144 ], [ 26.658585308619664, 37.787900137385606 ], [ 26.658702361023551, 37.787980937932531 ], [ 26.658953978794333, 37.788044394410456 ], [ 26.659139900973098, 37.788118871416572 ], [ 26.659218102834103, 37.788205316962255 ], [ 26.659351584084337, 37.788388148839168 ], [ 26.659416429797751, 37.788487860432504 ], [ 26.659443519612569, 37.78857307667036 ], [ 26.659436819884593, 37.788637598030434 ], [ 26.659348733420032, 37.78869442303283 ], [ 26.659276522394048, 37.788691286086092 ], [ 26.659179185405996, 37.788657724123183 ], [ 26.659144105168089, 37.788684741300543 ], [ 26.659195121042909, 37.788767031748236 ], [ 26.65925771868212, 37.788837140725235 ], [ 26.659376836235236, 37.788891668121678 ], [ 26.659513355403366, 37.789012559042163 ], [ 26.659610252456961, 37.78911765260986 ], [ 26.659702965440122, 37.789106023375417 ], [ 26.659763351370017, 37.789030752185894 ], [ 26.659782654963571, 37.788982635089091 ], [ 26.659769720302386, 37.788873258635981 ], [ 26.659778565835488, 37.78878484672137 ], [ 26.65984512671784, 37.788714205461709 ], [ 26.659931066508481, 37.788681269696369 ] ] ] ] } },
{ "type": "Feature", "properties": { "SITECODE": "GR4120007", "SITENAME": "SAMOS: ALΥKΙ PSILIS AMMOU", "RELEASE_DA": "2021-12-14", "MS": "GR", "SITETYPE": "A", "INSPIRE_ID": null }, "geometry": { "type": "MultiPolygon", "coordinates": [ [ [ [ 27.010014608705195, 37.710322662871398 ], [ 27.010049996796276, 37.710306743850381 ], [ 27.01020755076788, 37.710313054752 ], [ 27.010506301588549, 37.710280391517443 ], [ 27.010865101973728, 37.710248572695541 ], [ 27.011152002759641, 37.710256736491125 ], [ 27.011466365456464, 37.710276116369798 ], [ 27.011812105668835, 37.710292306368878 ], [ 27.011800924741209, 37.710423710995634 ], [ 27.011872575064416, 37.710451677762642 ], [ 27.012054369165998, 37.710420806614934 ], [ 27.01238575652307, 37.710378959177824 ], [ 27.012557166440654, 37.710336194527798 ], [ 27.012751887067029, 37.710209631168453 ], [ 27.012907729815343, 37.710145573065226 ], [ 27.013073839488527, 37.710112717509645 ], [ 27.013343459528091, 37.710012845599557 ], [ 27.013367773786886, 37.709998270524252 ], [ 27.013468335584825, 37.710051005906493 ], [ 27.013580038393222, 37.710082476920356 ], [ 27.013731735309886, 37.710093852609788 ], [ 27.013933870712318, 37.710105845545499 ], [ 27.013971770687043, 37.710115493806917 ], [ 27.014069420137695, 37.710037186237876 ], [ 27.014121811108755, 37.710041566754342 ], [ 27.014163586330177, 37.710006169247492 ], [ 27.014262455934027, 37.709913526877322 ], [ 27.014380236106057, 37.709843285960353 ], [ 27.014554390240718, 37.709750089025384 ], [ 27.014495655468853, 37.709648899507044 ], [ 27.014854633933219, 37.709332248250199 ], [ 27.014717815975793, 37.709214169037381 ], [ 27.0145798391097, 37.709067511721507 ], [ 27.014568046318765, 37.708998679041045 ], [ 27.014653628884634, 37.708889211509224 ], [ 27.014955527401561, 37.708638324855386 ], [ 27.015162445115404, 37.708427653210016 ], [ 27.014786728835922, 37.708239396712109 ], [ 27.014749037898692, 37.708219066631166 ], [ 27.014627474133611, 37.708158927777205 ], [ 27.01439598335579, 37.708095045021935 ], [ 27.014160769099689, 37.708000893212535 ], [ 27.013887924395636, 37.707887724224911 ], [ 27.013798232762952, 37.707851399201608 ], [ 27.013657604669405, 37.707802073976787 ], [ 27.013420322987539, 37.707722321932245 ], [ 27.01316071536019, 37.707576461901063 ], [ 27.012969603503219, 37.707439075925016 ], [ 27.012952600108189, 37.70742166309693 ], [ 27.012843101201611, 37.707337958211546 ], [ 27.012713202412435, 37.707242346611203 ], [ 27.012476511799981, 37.707066027417632 ], [ 27.012295920051461, 37.706897127796424 ], [ 27.012171854705539, 37.706794477530117 ], [ 27.011899099991609, 37.706545526521154 ], [ 27.011720769908703, 37.706377851937056 ], [ 27.011551697717312, 37.706166971498241 ], [ 27.011505103363838, 37.706097207329904 ], [ 27.011382506552337, 37.705913907188901 ], [ 27.011248388380203, 37.705676628531506 ], [ 27.011231882535942, 37.705626537897388 ], [ 27.01105330405839, 37.705183729321568 ], [ 27.01101317893222, 37.704917633578269 ], [ 27.010998363958532, 37.704819382751708 ], [ 27.010924475562803, 37.704601722242977 ], [ 27.010848254980672, 37.704434729869099 ], [ 27.010812963390947, 37.704402843114551 ], [ 27.010707834483011, 37.704306034970692 ], [ 27.01056980596649, 37.704304294725105 ], [ 27.010447710810709, 37.704314367016885 ], [ 27.010285462870822, 37.704370262199191 ], [ 27.010051062189554, 37.704517156164449 ], [ 27.009976936272285, 37.704556642726587 ], [ 27.009284949878385, 37.704915248633853 ], [ 27.008727157114159, 37.705197453083045 ], [ 27.008343082508656, 37.705367732694214 ], [ 27.00807031013094, 37.705451640913836 ], [ 27.006060714178158, 37.70602740188545 ], [ 27.005877971725184, 37.70608410498928 ], [ 27.005338384668018, 37.706226062366312 ], [ 27.005310345404094, 37.706238220658157 ], [ 27.004931101888999, 37.706385961630545 ], [ 27.00485285497982, 37.706423393076214 ], [ 27.004783666667041, 37.706448821608291 ], [ 27.004683367385407, 37.706502069194045 ], [ 27.004470874264232, 37.706630964081896 ], [ 27.004094874960682, 37.706905168401335 ], [ 27.003797482863824, 37.707194059280035 ], [ 27.003423669517407, 37.707650227480521 ], [ 27.003300224003553, 37.707775900782799 ], [ 27.003105583532601, 37.707971578373332 ], [ 27.002868042053578, 37.708126631989771 ], [ 27.002732169342263, 37.708198633858835 ], [ 27.002557504539126, 37.708238845625047 ], [ 27.002162007811709, 37.708290641694902 ], [ 27.001975139727278, 37.70830732530348 ], [ 27.001881891670326, 37.708325628900432 ], [ 27.001987679748026, 37.708378392979242 ], [ 27.002328200542788, 37.708546306851652 ], [ 27.00248259282305, 37.708578665992114 ], [ 27.002813367011662, 37.708717800805701 ], [ 27.003098327230418, 37.708819245445646 ], [ 27.003255120783482, 37.708956855463029 ], [ 27.003401929914833, 37.709114743998974 ], [ 27.003497754521057, 37.709213854191994 ], [ 27.003530639231947, 37.709270233236658 ], [ 27.003594464497066, 37.709330021356948 ], [ 27.00361430505372, 37.709413875914464 ], [ 27.003685240345181, 37.709520775328436 ], [ 27.003715854493038, 37.709610106321072 ], [ 27.003770080856203, 37.709608728506247 ], [ 27.00384005917908, 37.709588750217627 ], [ 27.003921373558555, 37.709565533993583 ], [ 27.003972856529121, 37.70955925481293 ], [ 27.004248775129124, 37.709525590106331 ], [ 27.004265440663797, 37.709523555049451 ], [ 27.004278850513661, 37.709527243996106 ], [ 27.004336191277588, 37.709543017565203 ], [ 27.004358946041677, 37.70962865926149 ], [ 27.004392915284125, 37.709681156672289 ], [ 27.004548809600919, 37.709721179353323 ], [ 27.004859726063358, 37.709717894137178 ], [ 27.004909807407241, 37.709718915238156 ], [ 27.004997862752276, 37.709709154894576 ], [ 27.005221000089165, 37.709661745107304 ], [ 27.005399452086092, 37.709590034491043 ], [ 27.005531157739, 37.709559220721552 ], [ 27.005588910358096, 37.709521243078143 ], [ 27.005647850649126, 37.709537562425531 ], [ 27.005754130855614, 37.709567341078866 ], [ 27.005924367639064, 37.709576492511779 ], [ 27.006087760039879, 37.709576456442015 ], [ 27.00618401025293, 37.709603074531685 ], [ 27.006322264636943, 37.709651776302124 ], [ 27.00639929533035, 37.709711542698464 ], [ 27.006445008524988, 37.70975101195387 ], [ 27.006530401246444, 37.709799978776054 ], [ 27.006730999924645, 37.709841656501467 ], [ 27.006789271515828, 37.709828942327775 ], [ 27.006803701763427, 37.709802062464547 ], [ 27.006813621164458, 37.709750554835537 ], [ 27.006781822476931, 37.709688547381418 ], [ 27.00703631895237, 37.709740519685859 ], [ 27.007238156228752, 37.709748322408061 ], [ 27.007381526644654, 37.70974362529968 ], [ 27.007590878978593, 37.709726362406272 ], [ 27.007763092310679, 37.709755341484431 ], [ 27.008017011450782, 37.709801304082511 ], [ 27.008375560163952, 37.709837443022145 ], [ 27.008505132007311, 37.709850819935674 ], [ 27.008731409297962, 37.709806900727379 ], [ 27.00886707429677, 37.709822507263191 ], [ 27.008987643137012, 37.709910014021233 ], [ 27.009162266005806, 37.709998530449425 ], [ 27.00926320254197, 37.710119917300396 ], [ 27.009343550786671, 37.710177461415689 ], [ 27.009410356230383, 37.710271112944049 ], [ 27.009441384359661, 37.710370446455094 ], [ 27.00942058342152, 37.71044964854832 ], [ 27.009408294758515, 37.71051671188031 ], [ 27.009456151451644, 37.710587006994139 ], [ 27.009551980440826, 37.710582176415109 ], [ 27.009604010064979, 37.710533167435209 ], [ 27.009662130170909, 37.710486387119786 ], [ 27.009775077081304, 37.710459661868882 ], [ 27.009886192360526, 37.710387689503527 ], [ 27.010014608705195, 37.710322662871398 ] ] ] ] } },
{ "type": "Feature", "properties": { "SITECODE": "GR4120001", "SITENAME": "SAMOS: PARALIA ALYKI", "RELEASE_DA": "2021-12-14", "MS": "GR", "SITETYPE": "B", "INSPIRE_ID": null }, "geometry": { "type": "MultiPolygon", "coordinates": [ [ [ [ 27.02100282199445, 37.711094646066805 ], [ 27.021130667502636, 37.711086038086229 ], [ 27.021456241077704, 37.711131807860077 ], [ 27.021540100999438, 37.711126978286352 ], [ 27.021673128808715, 37.711094563217202 ], [ 27.021709304727871, 37.711096614725683 ], [ 27.021745974671258, 37.711136289750257 ], [ 27.021776194691984, 37.711137780920119 ], [ 27.02195133139919, 37.711097251965953 ], [ 27.022011145202505, 37.711070840201934 ], [ 27.022091046080554, 37.711059514825521 ], [ 27.022124130691029, 37.711066594678705 ], [ 27.022220924627369, 37.711085567224316 ], [ 27.022355625425529, 37.711077343669984 ], [ 27.02251034430066, 37.71111866688679 ], [ 27.02278165724017, 37.711143287969442 ], [ 27.022882218188585, 37.711124841092065 ], [ 27.023201164875466, 37.711017783963165 ], [ 27.023314106565966, 37.71097167857338 ], [ 27.02355483760973, 37.710817173979933 ], [ 27.023710030099807, 37.710789617303028 ], [ 27.023868442453445, 37.710746230065389 ], [ 27.024090582906332, 37.710735394703697 ], [ 27.024181172696853, 37.710706198450751 ], [ 27.024318660632478, 37.710647918678376 ], [ 27.024499770931438, 37.710600358087653 ], [ 27.024679340511018, 37.710523660258978 ], [ 27.024984469800298, 37.710422760819199 ], [ 27.025019267985837, 37.710415261942174 ], [ 27.025137772611387, 37.710390940714028 ], [ 27.02524278952264, 37.71040117765375 ], [ 27.025403001713876, 37.710615306977353 ], [ 27.02548959659314, 37.710641690787973 ], [ 27.025535652303333, 37.710632101768248 ], [ 27.025826888994665, 37.710571465200438 ], [ 27.026068822889187, 37.710543796164792 ], [ 27.026385745034894, 37.710440454629293 ], [ 27.026567489293122, 37.710398677290129 ], [ 27.026911821460448, 37.710343341885292 ], [ 27.027208716381928, 37.71022843739064 ], [ 27.027698953767576, 37.710108560803064 ], [ 27.0280570061642, 37.710063330787086 ], [ 27.028641079780105, 37.709894666972872 ], [ 27.028892717797206, 37.709822003030908 ], [ 27.029338897101173, 37.709789390055256 ], [ 27.029586049652639, 37.709779457174427 ], [ 27.029881788748, 37.709746820657962 ], [ 27.03031662470022, 37.709703452519506 ], [ 27.030791925552222, 37.709659042373119 ], [ 27.031294622703957, 37.709513799072141 ], [ 27.031473874361168, 37.709384031770412 ], [ 27.031679654505549, 37.709284263673226 ], [ 27.031738700086656, 37.709255636850884 ], [ 27.031892138388127, 37.709155139447468 ], [ 27.031993884652351, 37.709113180840554 ], [ 27.032238628044475, 37.709051089282767 ], [ 27.032645090349558, 37.709011705387418 ], [ 27.032832713585908, 37.709041430992308 ], [ 27.032948017264943, 37.709017602585362 ], [ 27.033124956009907, 37.708941529439791 ], [ 27.033266712527819, 37.708830601991842 ], [ 27.0332545870072, 37.708750563419414 ], [ 27.03324249392616, 37.708670730356843 ], [ 27.033234203201797, 37.708615993393686 ], [ 27.03328840262137, 37.708606405860692 ], [ 27.033326481084607, 37.708583102373844 ], [ 27.03346212556243, 37.708417843378527 ], [ 27.033519032612929, 37.708331720403379 ], [ 27.033528303596352, 37.708313982611898 ], [ 27.033665874611895, 37.70819291611793 ], [ 27.033736466257604, 37.70811386028705 ], [ 27.033952249170458, 37.707930936318881 ], [ 27.034098154855183, 37.707822820165653 ], [ 27.034199968280578, 37.70777161874426 ], [ 27.034248761021548, 37.707757472920363 ], [ 27.034310753271495, 37.707760074764508 ], [ 27.034403758604121, 37.707789146698637 ], [ 27.034589337748052, 37.707867896624329 ], [ 27.034634452696764, 37.707895443595746 ], [ 27.034675502207584, 37.707920506617867 ], [ 27.034815834339735, 37.707966315237456 ], [ 27.034851444710952, 37.707961843397364 ], [ 27.034966241573365, 37.707839115200223 ], [ 27.035194418297493, 37.707775946033586 ], [ 27.035546389165749, 37.707413762013736 ], [ 27.035693344302828, 37.707338457686916 ], [ 27.035799417780662, 37.707318651828828 ], [ 27.035886455680036, 37.707264962358074 ], [ 27.03593273279191, 37.707204172217601 ], [ 27.035962886027942, 37.70715392924447 ], [ 27.03604026157663, 37.707080608636552 ], [ 27.036072246509271, 37.707050299942445 ], [ 27.036291282206349, 37.706874992023536 ], [ 27.036596630094621, 37.706699317635838 ], [ 27.036768396178971, 37.706629093632685 ], [ 27.037053007886794, 37.706588858736062 ], [ 27.037345104171997, 37.706555581897526 ], [ 27.037428872830638, 37.706534827663901 ], [ 27.03765321624719, 37.705878506684527 ], [ 27.037976663456789, 37.705026965627169 ], [ 27.038304910300401, 37.704349778181481 ], [ 27.037929346860292, 37.702287137585408 ], [ 27.035386495248645, 37.701370581808028 ], [ 27.029934000841305, 37.701141522625242 ], [ 27.024537027759195, 37.701127027944928 ], [ 27.019142833112575, 37.701355487014624 ], [ 27.014288884193331, 37.701344623128563 ], [ 27.009493956748486, 37.701566319527103 ], [ 27.005954951996973, 37.702017071819043 ], [ 27.00196026065241, 37.703155100189647 ], [ 27.001219004960156, 37.70402525396041 ], [ 26.999622168217151, 37.705899682777641 ], [ 26.999723125729329, 37.706977121448794 ], [ 26.999756531142907, 37.707104685558015 ], [ 26.999759178307222, 37.707135423826024 ], [ 26.999762951489828, 37.707179232073187 ], [ 26.999769713470986, 37.707257716424166 ], [ 26.999768002281467, 37.707308539216683 ], [ 26.999785382076556, 37.707404647723834 ], [ 26.999806974780181, 37.707440667686882 ], [ 26.999832764976162, 37.707575084855634 ], [ 26.999844006192482, 37.707853719246643 ], [ 26.999845330160479, 37.707886548851086 ], [ 26.999854814303376, 37.708121638439465 ], [ 26.999817826063612, 37.708187551229301 ], [ 26.999787631300986, 37.708241353266999 ], [ 26.999817059106825, 37.708301396181781 ], [ 27.000144544624664, 37.708386030767478 ], [ 27.00035890197913, 37.708455664917018 ], [ 27.000488396385617, 37.708519349326693 ], [ 27.000941173304277, 37.708622726975619 ], [ 27.001063859361789, 37.70862913976746 ], [ 27.001224064539382, 37.708541304754064 ], [ 27.001261312207564, 37.70846581529365 ], [ 27.001302938821865, 37.708426609238401 ], [ 27.001385180457298, 37.708382559303367 ], [ 27.001522198218026, 37.708330572377967 ], [ 27.001575487746539, 37.708339567301934 ], [ 27.001791355280808, 37.708280473932568 ], [ 27.001881891670326, 37.708325628900432 ], [ 27.001987679748026, 37.708378392979242 ], [ 27.002328200542788, 37.708546306851652 ], [ 27.00248259282305, 37.708578665992114 ], [ 27.002813367011662, 37.708717800805701 ], [ 27.003098327230418, 37.708819245445646 ], [ 27.003255120783482, 37.708956855463029 ], [ 27.003401929914833, 37.709114743998974 ], [ 27.003497754521057, 37.709213854191994 ], [ 27.003530639231947, 37.709270233236658 ], [ 27.003594464497066, 37.709330021356948 ], [ 27.00361430505372, 37.709413875914464 ], [ 27.003685240345181, 37.709520775328436 ], [ 27.003715854493038, 37.709610106321072 ], [ 27.003770080856203, 37.709608728506247 ], [ 27.00384005917908, 37.709588750217627 ], [ 27.003921373558555, 37.709565533993583 ], [ 27.003972856529121, 37.70955925481293 ], [ 27.004248775129124, 37.709525590106331 ], [ 27.004265440663797, 37.709523555049451 ], [ 27.004278850513661, 37.709527243996106 ], [ 27.004336191277588, 37.709543017565203 ], [ 27.004358946041677, 37.70962865926149 ], [ 27.004392915284125, 37.709681156672289 ], [ 27.004548809600919, 37.709721179353323 ], [ 27.004859726063358, 37.709717894137178 ], [ 27.004955236782187, 37.709941354054116 ], [ 27.004995668784385, 37.709967315857 ], [ 27.005217708095042, 37.71001164516597 ], [ 27.005404994867295, 37.710082250324334 ], [ 27.005592803043282, 37.710152141304654 ], [ 27.005934369830715, 37.710250706142702 ], [ 27.006248383143131, 37.710335667166426 ], [ 27.006502189561605, 37.710490105668534 ], [ 27.00676573104349, 37.710551321691817 ], [ 27.007076277423561, 37.710550544790379 ], [ 27.007248298768413, 37.710574763433435 ], [ 27.007629038340017, 37.710640135739105 ], [ 27.00798742300903, 37.710814714254425 ], [ 27.008202251573913, 37.710784434878207 ], [ 27.008346940575983, 37.710654894623566 ], [ 27.0085121443134, 37.7106205962925 ], [ 27.008737127727851, 37.710659196650795 ], [ 27.009440854001397, 37.710713172207917 ], [ 27.009580696916938, 37.710713409188102 ], [ 27.009819510544428, 37.710635867565635 ], [ 27.009895336696474, 37.710626883431985 ], [ 27.010008858236226, 37.710659552079619 ], [ 27.010177660501434, 37.710664438618174 ], [ 27.010389211187672, 37.710653189758574 ], [ 27.010471877011984, 37.710648795032121 ], [ 27.010606758417865, 37.710699171414895 ], [ 27.010700587536679, 37.710763522851394 ], [ 27.010726497751435, 37.710810539312334 ], [ 27.010738828435876, 37.710877928530792 ], [ 27.010792320012243, 37.710894679487254 ], [ 27.010838774881645, 37.710885862838978 ], [ 27.010852782009568, 37.710846408718773 ], [ 27.010860449002433, 37.710768973400086 ], [ 27.010875916842611, 37.710619586617568 ], [ 27.010891520288133, 37.710618458286106 ], [ 27.01138163531791, 37.710605931163414 ], [ 27.011447921125075, 37.710607331607562 ], [ 27.011672686718626, 37.710632104320766 ], [ 27.011866172372034, 37.710699395825579 ], [ 27.011942376318604, 37.710713094163012 ], [ 27.012174532653599, 37.710673139624873 ], [ 27.012262364733242, 37.710678847289643 ], [ 27.012506601384601, 37.710820330625538 ], [ 27.012703569157441, 37.710904690900996 ], [ 27.013026646974559, 37.71099125121593 ], [ 27.013077440044121, 37.710934110082917 ], [ 27.013113803971311, 37.710868813423275 ], [ 27.013152007100615, 37.710774860710259 ], [ 27.013258387412424, 37.710586195058916 ], [ 27.013323596025799, 37.710607938955008 ], [ 27.013460604093058, 37.710653622570959 ], [ 27.013525884152383, 37.710725111496679 ], [ 27.013559518429293, 37.710761945927324 ], [ 27.013581333275813, 37.710992513021999 ], [ 27.013614078482064, 37.711008368581183 ], [ 27.014065175011616, 37.710960451199263 ], [ 27.014472121897967, 37.71095060363654 ], [ 27.01467789648618, 37.71091911369539 ], [ 27.0148915026578, 37.710932719007133 ], [ 27.014977372283152, 37.710904298221095 ], [ 27.015090414156848, 37.710879949311341 ], [ 27.015252962386779, 37.710892476818238 ], [ 27.015362037292423, 37.710918292018711 ], [ 27.015562396721272, 37.710901243402894 ], [ 27.015807913946009, 37.71088780733966 ], [ 27.01601278889358, 37.710915999537363 ], [ 27.016179103542605, 37.710951641383176 ], [ 27.016283249893849, 37.710955937797536 ], [ 27.016334236900022, 37.710958041475948 ], [ 27.016462032550372, 37.710900387447118 ], [ 27.016518825138302, 37.710900500665595 ], [ 27.016608083567416, 37.710917612071079 ], [ 27.016694333472817, 37.710944813770766 ], [ 27.016775696638522, 37.710956780120057 ], [ 27.016920707974165, 37.710931062276337 ], [ 27.017187496612706, 37.710822169649134 ], [ 27.017233068734686, 37.7108226891987 ], [ 27.017368810162782, 37.710848563834958 ], [ 27.01737024124289, 37.710846940948912 ], [ 27.017501802112619, 37.710761324787143 ], [ 27.017850350811997, 37.710698755835494 ], [ 27.018085501927324, 37.710642053803696 ], [ 27.018198384430256, 37.710603174212835 ], [ 27.018270802641442, 37.71056860960077 ], [ 27.018374221917544, 37.71048963216753 ], [ 27.018601201606195, 37.710560831625692 ], [ 27.018717204178081, 37.710596027741261 ], [ 27.018863986927073, 37.710674010368535 ], [ 27.01920413581427, 37.710912611534035 ], [ 27.019298996593193, 37.710957859435169 ], [ 27.01950805888341, 37.71100733089051 ], [ 27.019739304998289, 37.711014730519445 ], [ 27.019895839929795, 37.711046214852068 ], [ 27.020208173118693, 37.711189616434091 ], [ 27.020282579430258, 37.711209905967827 ], [ 27.020426109466847, 37.711218979515728 ], [ 27.020536639784424, 37.711212203154332 ], [ 27.02100282199445, 37.711094646066805 ] ] ] ] } }
]
}
