{
"type": "FeatureCollection",
"name": "Fourni_seagrass_data_fisherman_Kennis-Van-Dissers_archipelagos",
"crs": { "type": "name", "properties": { "name": "urn:ogc:def:crs:OGC:1.3:CRS84" } },
"features": [
{ "type": "Feature", "properties": { "id": 1, "Pres_Fish": 1 }, "geometry": { "type": "MultiPolygon", "coordinates": [ [ [ [ 26.519507078617728, 37.653058296360072 ], [ 26.519747892264153, 37.653757142961844 ], [ 26.520372777526916, 37.653956312171495 ], [ 26.522264220343697, 37.654061973854169 ], [ 26.522862983308872, 37.653982748090243 ], [ 26.523190585593998, 37.653789776997463 ], [ 26.52348210032693, 37.653517880168451 ], [ 26.523681664799167, 37.652504109697951 ], [ 26.523647506880369, 37.651495341910504 ], [ 26.524122708116963, 37.650728044983737 ], [ 26.524070441426613, 37.650171282876151 ], [ 26.524157119294046, 37.64977094070619 ], [ 26.524527588222089, 37.649364522224964 ], [ 26.524770799156105, 37.649146788172622 ], [ 26.524629158194291, 37.648910729304617 ], [ 26.524284049827365, 37.648586046452465 ], [ 26.524127516006363, 37.648403437323324 ], [ 26.523532843559082, 37.648602127342357 ], [ 26.523140287359787, 37.64884962078068 ], [ 26.522685446378929, 37.649231274516765 ], [ 26.522400682238711, 37.649702268236304 ], [ 26.5226036299558, 37.650269090321409 ], [ 26.522727675040038, 37.650478962368943 ], [ 26.522607151582005, 37.650866744855975 ], [ 26.522482134746028, 37.651121794498962 ], [ 26.522140542735443, 37.651394760135041 ], [ 26.522261296305725, 37.652494656306821 ], [ 26.522237340807425, 37.652774109349885 ], [ 26.522207096346687, 37.652867736559543 ], [ 26.520886886889485, 37.652856123920969 ], [ 26.520616632982509, 37.652768921946809 ], [ 26.52052157478915, 37.651934132241891 ], [ 26.520507659469342, 37.651522660152594 ], [ 26.520423377274035, 37.651006429206546 ], [ 26.520211828211227, 37.650678879132386 ], [ 26.519477927220311, 37.64972491319881 ], [ 26.519218099493081, 37.649451524426141 ], [ 26.519087433295429, 37.648551079222592 ], [ 26.518848341524563, 37.648396792569045 ], [ 26.518394477942529, 37.648313507611348 ], [ 26.518216230651412, 37.648476709636988 ], [ 26.517882704469798, 37.648988583022813 ], [ 26.517703557803905, 37.64912523770014 ], [ 26.517794095491588, 37.649827298053708 ], [ 26.51815801715955, 37.650709480115957 ], [ 26.51843409135866, 37.650969241242535 ], [ 26.518753970059851, 37.651042105340849 ], [ 26.518956542046805, 37.651104192003658 ], [ 26.519119350409962, 37.651472634494091 ], [ 26.519315548991894, 37.651840363226945 ], [ 26.519440036573123, 37.652063512227834 ], [ 26.519507078617728, 37.653058296360072 ] ] ] ] } },
{ "type": "Feature", "properties": { "id": 2, "Pres_Fish": 1 }, "geometry": { "type": "MultiPolygon", "coordinates": [ [ [ [ 26.526707567958347, 37.631177884845279 ], [ 26.526915037433326, 37.631385965748798 ], [ 26.527158160707593, 37.631413962895195 ], [ 26.527307017699574, 37.63137092391672 ], [ 26.527606755295377, 37.631344575114163 ], [ 26.527711413904633, 37.631229427009735 ], [ 26.527818568952625, 37.630941547490629 ], [ 26.527895943245813, 37.630760569563073 ], [ 26.527893266567482, 37.630435195672597 ], [ 26.527895110965481, 37.629996820113767 ], [ 26.527771538839804, 37.629800225405745 ], [ 26.527488745555612, 37.629587118955605 ], [ 26.527224441867975, 37.629426747195339 ], [ 26.526885487958193, 37.629281257385443 ], [ 26.526574940916735, 37.629234779808556 ], [ 26.526251076647167, 37.629288208569129 ], [ 26.525959915912324, 37.629321011550815 ], [ 26.525834268483788, 37.629556153946091 ], [ 26.52576523480629, 37.629736951957476 ], [ 26.52577152726743, 37.629922778003625 ], [ 26.525958255718759, 37.630011758733936 ], [ 26.526277599936567, 37.630071332341053 ], [ 26.526452810290031, 37.63031331253039 ], [ 26.526494956187246, 37.630571426357555 ], [ 26.526477313440953, 37.631036706288199 ], [ 26.526707567958347, 37.631177884845279 ] ] ] ] } },
{ "type": "Feature", "properties": { "id": 3, "Pres_Fish": 1 }, "geometry": { "type": "MultiPolygon", "coordinates": [ [ [ [ 26.529026955601847, 37.627609400995844 ], [ 26.52934765979683, 37.627463052126252 ], [ 26.52953237808568, 37.627246563417572 ], [ 26.529781824032344, 37.626968912781784 ], [ 26.529907905022938, 37.626747039945926 ], [ 26.530130739656958, 37.626423469309593 ], [ 26.53014745977076, 37.62593164285984 ], [ 26.530101012197814, 37.625793168824252 ], [ 26.529899177208911, 37.625751008809814 ], [ 26.529339444424238, 37.625743091164381 ], [ 26.52873956559699, 37.625782521932607 ], [ 26.527939426048729, 37.625826242725445 ], [ 26.527947700950577, 37.62656326722891 ], [ 26.528087506387603, 37.62674623098755 ], [ 26.528428475129729, 37.626951447436745 ], [ 26.528688477306417, 37.627231455096144 ], [ 26.529026955601847, 37.627609400995844 ] ] ] ] } },
{ "type": "Feature", "properties": { "id": 4, "Pres_Fish": 1 }, "geometry": { "type": "MultiPolygon", "coordinates": [ [ [ [ 26.530541103306057, 37.623266077156742 ], [ 26.530575041511778, 37.62328195254463 ], [ 26.530726806856009, 37.623325186000024 ], [ 26.530917027246641, 37.623271292835895 ], [ 26.53105831667261, 37.62312878988967 ], [ 26.531268051273933, 37.622911761644971 ], [ 26.531407194038024, 37.622829077482542 ], [ 26.53154340311885, 37.622782984148216 ], [ 26.531722569610341, 37.622772496464442 ], [ 26.531965102788405, 37.622783893130482 ], [ 26.532194106713426, 37.622765693245981 ], [ 26.532270336622279, 37.622551529812775 ], [ 26.53216300370573, 37.622341307888433 ], [ 26.531853169924826, 37.622069018961504 ], [ 26.531455848432508, 37.62167906094497 ], [ 26.530954805532247, 37.621185064200958 ], [ 26.530531803156173, 37.620529995613815 ], [ 26.530153434430332, 37.62020604082651 ], [ 26.52979580613097, 37.620001186167045 ], [ 26.529514826869605, 37.620086910717148 ], [ 26.529336668847776, 37.620250126954318 ], [ 26.529315893010033, 37.620622494407137 ], [ 26.5296017871812, 37.621174245154506 ], [ 26.52990707356178, 37.621805276613216 ], [ 26.530374257445374, 37.622778189338661 ], [ 26.530541103306057, 37.623266077156742 ] ] ] ] } },
{ "type": "Feature", "properties": { "id": 5, "Pres_Fish": 1 }, "geometry": { "type": "MultiPolygon", "coordinates": [ [ [ [ 26.538726477642307, 37.618791924695678 ], [ 26.538783085649825, 37.618983308169327 ], [ 26.538809459118678, 37.618776855440174 ], [ 26.538714521665646, 37.61868591885105 ], [ 26.53851404646559, 37.618437859084196 ], [ 26.538326430930393, 37.618322351207638 ], [ 26.538230817421081, 37.618211504399724 ], [ 26.538184125822326, 37.617820663613017 ], [ 26.538139701011641, 37.617741922282079 ], [ 26.538061226379465, 37.617643989361511 ], [ 26.537820169005396, 37.617430008927791 ], [ 26.537503122077549, 37.617191097179827 ], [ 26.537178867885984, 37.617231280687008 ], [ 26.536998026230307, 37.6173148685127 ], [ 26.537026455879811, 37.618151080171756 ], [ 26.537105155409126, 37.618255650402993 ], [ 26.537251052637881, 37.61837205779986 ], [ 26.537320958111369, 37.618463534165869 ], [ 26.537275862988686, 37.618610616339396 ], [ 26.537275417905629, 37.618843076770737 ], [ 26.537320970891823, 37.618955001411003 ], [ 26.537450408859851, 37.619078404095113 ], [ 26.53768041899729, 37.619212925465291 ], [ 26.537967479198681, 37.619306369932737 ], [ 26.538310234607572, 37.619318917540042 ], [ 26.538532796202514, 37.619234429647598 ], [ 26.538785569451061, 37.619056310658117 ], [ 26.538726477642307, 37.618791924695678 ] ] ] ] } },
{ "type": "Feature", "properties": { "id": 9, "Pres_Fish": 1 }, "geometry": { "type": "MultiPolygon", "coordinates": [ [ [ [ 26.536061968003864, 37.60827812929022 ], [ 26.536354169990091, 37.608524221589107 ], [ 26.536652233043153, 37.608451396843243 ], [ 26.536902494954088, 37.608200280025635 ], [ 26.537059638676109, 37.607911316970082 ], [ 26.537182510691952, 37.607596525098671 ], [ 26.53702942818839, 37.607475223504309 ], [ 26.536639118476721, 37.607377455684635 ], [ 26.536438016867375, 37.607218997603994 ], [ 26.53626226409661, 37.607152001845627 ], [ 26.536087953163303, 37.60699650580397 ], [ 26.535994010746574, 37.606718963629739 ], [ 26.535790750195751, 37.606496853104616 ], [ 26.535508242110733, 37.606476914125054 ], [ 26.535300256311508, 37.606592327706515 ], [ 26.535065664418845, 37.606718878754791 ], [ 26.53499007270737, 37.607020107398505 ], [ 26.535180643354327, 37.607154744209012 ], [ 26.535407681395718, 37.607202995671187 ], [ 26.535669054114859, 37.607235531709208 ], [ 26.535599135736032, 37.607534290732239 ], [ 26.535660642272216, 37.607773604162674 ], [ 26.535798313838928, 37.60789803970868 ], [ 26.53594823944859, 37.607990362768739 ], [ 26.535973467306963, 37.608209223465366 ], [ 26.535960058495274, 37.608227188800697 ], [ 26.536061968003864, 37.60827812929022 ] ] ] ] } },
{ "type": "Feature", "properties": { "id": 10, "Pres_Fish": 1 }, "geometry": { "type": "MultiPolygon", "coordinates": [ [ [ [ 26.533613970380035, 37.601589983925919 ], [ 26.5340260707422, 37.601926487869072 ], [ 26.534595091805596, 37.601967393661397 ], [ 26.535865697033397, 37.602019781158297 ], [ 26.536418938209742, 37.602087583241591 ], [ 26.536826991471663, 37.601813149031713 ], [ 26.536955944299287, 37.601677546150754 ], [ 26.536946022520702, 37.601385534909483 ], [ 26.536938355789875, 37.601159889847914 ], [ 26.536785054793896, 37.60107020639299 ], [ 26.53643291483246, 37.601024647520127 ], [ 26.535680841799156, 37.601000968746995 ], [ 26.535230859968223, 37.601023924291631 ], [ 26.535013534304667, 37.601015312264352 ], [ 26.534994147810185, 37.60093603124632 ], [ 26.535154214653875, 37.60073334687997 ], [ 26.535359370797675, 37.600383580745422 ], [ 26.535551448364924, 37.600140358961866 ], [ 26.535632156420448, 37.600058926353185 ], [ 26.535585275785671, 37.599169976788765 ], [ 26.535438297159843, 37.598774647781802 ], [ 26.535194832607129, 37.598487655928224 ], [ 26.535069055509535, 37.59773323104536 ], [ 26.534906521797907, 37.597617177488303 ], [ 26.534562746754013, 37.597325698364806 ], [ 26.53427307382174, 37.597152602410993 ], [ 26.534010226498726, 37.597032061260236 ], [ 26.533690569899353, 37.596959230114344 ], [ 26.533428849862062, 37.596871870814979 ], [ 26.533403194699616, 37.595869558562441 ], [ 26.533193561082765, 37.595595118564852 ], [ 26.532458224214718, 37.595571058947755 ], [ 26.532125598983658, 37.595730953678256 ], [ 26.531865556533614, 37.595939100695496 ], [ 26.531816170696807, 37.596205819942163 ], [ 26.531773092435195, 37.596535497847199 ], [ 26.531783964964777, 37.597471713178678 ], [ 26.531797706049243, 37.597630813753561 ], [ 26.532044770357214, 37.597778264569875 ], [ 26.533102478618797, 37.598200534103292 ], [ 26.533739315937186, 37.598518930109449 ], [ 26.53374245936601, 37.598857577861658 ], [ 26.534165363151253, 37.599266905818034 ], [ 26.534187661198469, 37.599923932740431 ], [ 26.53348942628995, 37.60124066095684 ], [ 26.533508576678294, 37.601559040368855 ], [ 26.533613970380035, 37.601589983925919 ] ] ] ] } },
{ "type": "Feature", "properties": { "id": 11, "Pres_Fish": 1 }, "geometry": { "type": "MultiPolygon", "coordinates": [ [ [ [ 26.555311381862808, 37.602791502930735 ], [ 26.555069480847482, 37.602796743334423 ], [ 26.554896127903536, 37.602853630000347 ], [ 26.554618710939483, 37.603284691221219 ], [ 26.554424251970396, 37.603700672322546 ], [ 26.554461311188422, 37.604051866243061 ], [ 26.55465611918725, 37.604133985795237 ], [ 26.554891272814679, 37.604175382433787 ], [ 26.555098676411301, 37.604137682436459 ], [ 26.555328832973576, 37.604033074714458 ], [ 26.555558307370909, 37.603908557004083 ], [ 26.55561867884002, 37.60372128854933 ], [ 26.555688754580402, 37.603573658448326 ], [ 26.556111606169068, 37.603245706205918 ], [ 26.556368714335434, 37.60319696467716 ], [ 26.556922966138394, 37.603171667912676 ], [ 26.557144286651376, 37.602931098718607 ], [ 26.557297169809949, 37.60264220214323 ], [ 26.557264472178922, 37.601809410147986 ], [ 26.556642798626118, 37.601328099407226 ], [ 26.55602480034204, 37.601075835419486 ], [ 26.555711972847643, 37.600959747300479 ], [ 26.554802780937237, 37.600979443697589 ], [ 26.554676186793824, 37.600939016229894 ], [ 26.55394170597738, 37.600941638939176 ], [ 26.553627917334467, 37.601041413081383 ], [ 26.55329892046381, 37.601184685023291 ], [ 26.552716134733444, 37.601595786074519 ], [ 26.552721661155523, 37.602123661582326 ], [ 26.553022885104578, 37.602266574571978 ], [ 26.55321079284553, 37.602269148621801 ], [ 26.553343573862538, 37.602246349960851 ], [ 26.553865276462385, 37.60187973780463 ], [ 26.555616725045649, 37.601835160996401 ], [ 26.556296980519512, 37.602198982292983 ], [ 26.556297922284109, 37.602348394345704 ], [ 26.555926342021905, 37.602588897430216 ], [ 26.555609596437851, 37.602602402207197 ], [ 26.555347101108079, 37.602737597538514 ], [ 26.555311381862808, 37.602791502930735 ] ] ] ] } },
{ "type": "Feature", "properties": { "id": 12, "Pres_Fish": 1 }, "geometry": { "type": "MultiPolygon", "coordinates": [ [ [ [ 26.560732302013687, 37.598427670716077 ], [ 26.561186425203125, 37.598404528125926 ], [ 26.561438090436639, 37.598319366060785 ], [ 26.561631824348762, 37.598248744464641 ], [ 26.561986766422372, 37.598254318457442 ], [ 26.562459904164697, 37.597812347351343 ], [ 26.562561203685888, 37.597723807960456 ], [ 26.562555809117171, 37.597444984730444 ], [ 26.562633480415347, 37.597154394712561 ], [ 26.56262126811745, 37.59704175556562 ], [ 26.562472231155958, 37.596955333922608 ], [ 26.562125935604165, 37.596836669009321 ], [ 26.562057502321331, 37.596788344636394 ], [ 26.561811224001339, 37.596787052234674 ], [ 26.56129134441376, 37.597326336613293 ], [ 26.561120927751752, 37.597346640542519 ], [ 26.561108831482102, 37.597237319409118 ], [ 26.560547038129751, 37.596797897995131 ], [ 26.559800203055239, 37.596804145544127 ], [ 26.559509376866011, 37.597086076412829 ], [ 26.559548956993307, 37.597510269911005 ], [ 26.560637707544956, 37.598346706279727 ], [ 26.560732302013687, 37.598427670716077 ] ] ] ] } },
{ "type": "Feature", "properties": { "id": 12, "Pres_Fish": 1 }, "geometry": { "type": "MultiPolygon", "coordinates": [ [ [ [ 26.552069913994501, 37.594285545867727 ], [ 26.552137696882756, 37.595047846704233 ], [ 26.552791716701861, 37.595379050134305 ], [ 26.553115411969156, 37.5953255542344 ], [ 26.553430085414732, 37.595252328387751 ], [ 26.553847795350247, 37.595263209842365 ], [ 26.554102210809951, 37.594892421460784 ], [ 26.554075089528538, 37.594587501883893 ], [ 26.553323481675676, 37.594331473942539 ], [ 26.553351625075486, 37.594178111307251 ], [ 26.553493584895943, 37.593935945998957 ], [ 26.553675884374965, 37.593653058503463 ], [ 26.553780905740833, 37.593551163063545 ], [ 26.553764284794582, 37.59282096291016 ], [ 26.553419328032838, 37.592496357724471 ], [ 26.552919591833287, 37.592527098500263 ], [ 26.552536897513836, 37.592807679913243 ], [ 26.552553227887184, 37.593285511386036 ], [ 26.552000645556216, 37.593968254602345 ], [ 26.551980436365749, 37.594353896262739 ], [ 26.552069913994501, 37.594285545867727 ] ] ] ] } },
{ "type": "Feature", "properties": { "id": 13, "Pres_Fish": 1 }, "geometry": { "type": "MultiPolygon", "coordinates": [ [ [ [ 26.548183156017672, 37.599083657407476 ], [ 26.548352694771328, 37.599159692180315 ], [ 26.548738648360825, 37.599217767709995 ], [ 26.549015900934648, 37.599025815775285 ], [ 26.549142107647569, 37.598810561775529 ], [ 26.549304396418197, 37.598674225287603 ], [ 26.54943485041866, 37.599561360704385 ], [ 26.54963820906244, 37.599649945508197 ], [ 26.549826245703201, 37.599778709895752 ], [ 26.550209483486817, 37.59975714180451 ], [ 26.550523725295243, 37.599670649874831 ], [ 26.550714843512139, 37.599400859025486 ], [ 26.550532154411908, 37.598939907760325 ], [ 26.550389631499257, 37.598677331310796 ], [ 26.550249376142069, 37.598481120181766 ], [ 26.550252459039722, 37.598082566258562 ], [ 26.549993166406487, 37.597822513823537 ], [ 26.549504409731828, 37.597686966877447 ], [ 26.549194252743103, 37.59789291393728 ], [ 26.548860616436361, 37.597900123863432 ], [ 26.548402584738504, 37.598175678738947 ], [ 26.548081628570991, 37.598554534131758 ], [ 26.547994670971541, 37.598941617087597 ], [ 26.548183156017672, 37.599083657407476 ] ] ] ] } },
{ "type": "Feature", "properties": { "id": 14, "Pres_Fish": 1 }, "geometry": { "type": "MultiPolygon", "coordinates": [ [ [ [ 26.546660648842476, 37.596777811231256 ], [ 26.546642156710959, 37.596725078786314 ], [ 26.546274143495786, 37.596703136915615 ], [ 26.546124801168446, 37.596729605718309 ], [ 26.545339791086441, 37.597085262330339 ], [ 26.54519576310717, 37.597267689654302 ], [ 26.545145845080839, 37.597394954529626 ], [ 26.54506582904305, 37.59749630294737 ], [ 26.545076785018139, 37.597695310415354 ], [ 26.545148149241648, 37.597829920564806 ], [ 26.545170712171451, 37.598002111718543 ], [ 26.545338662102981, 37.598031694979319 ], [ 26.545449907549411, 37.59798944561151 ], [ 26.545709592871393, 37.597894181650858 ], [ 26.54591236178042, 37.597843315099404 ], [ 26.546107581452489, 37.597815856266983 ], [ 26.546137969110372, 37.598339875685646 ], [ 26.546283612759332, 37.598449636590317 ], [ 26.54651019371795, 37.598607460931134 ], [ 26.546743305911924, 37.598712012133205 ], [ 26.546959945877735, 37.598700693022295 ], [ 26.547305740443786, 37.598560396699902 ], [ 26.547467466188078, 37.598407471211139 ], [ 26.547428501847591, 37.597876996048605 ], [ 26.547091304636321, 37.597412734258569 ], [ 26.54701135309805, 37.597148802285545 ], [ 26.546660648842476, 37.596777811231256 ] ] ] ] } },
{ "type": "Feature", "properties": { "id": 15, "Pres_Fish": 1 }, "geometry": { "type": "MultiPolygon", "coordinates": [ [ [ [ 26.548863155731976, 37.590434965361041 ], [ 26.547162131176897, 37.589747787789179 ], [ 26.546943254305301, 37.589692740527923 ], [ 26.546733622804105, 37.589664059124352 ], [ 26.54649532046421, 37.589283998488504 ], [ 26.546290410620855, 37.589148950860086 ], [ 26.54597055196189, 37.589069515541972 ], [ 26.545689029403412, 37.589135364372126 ], [ 26.545490679764132, 37.58919277635767 ], [ 26.545352518700053, 37.589302021078851 ], [ 26.545158012459108, 37.589472254561571 ], [ 26.545079813268295, 37.589626695526512 ], [ 26.545104633708611, 37.589865252910258 ], [ 26.545259503261686, 37.590001382301423 ], [ 26.545480189263117, 37.590109525403264 ], [ 26.545720496398015, 37.59030358372857 ], [ 26.546062243286212, 37.590535300960262 ], [ 26.546333651400552, 37.59066227204012 ], [ 26.54652751040388, 37.590717860467429 ], [ 26.546748879117214, 37.590845910781496 ], [ 26.546945001836473, 37.59096786429167 ], [ 26.547089952674806, 37.591057715069546 ], [ 26.547315589547452, 37.591066125754836 ], [ 26.547470012892408, 37.591188978825066 ], [ 26.547865206018475, 37.591519158394235 ], [ 26.54805299207074, 37.591641290057687 ], [ 26.548662280541013, 37.591641410391873 ], [ 26.548734851377457, 37.591566786329842 ], [ 26.549093027059691, 37.591545763972206 ], [ 26.549167409347405, 37.591524232202794 ], [ 26.549428406020258, 37.591345913750501 ], [ 26.54960826525776, 37.591235763063281 ], [ 26.550179387562448, 37.590851495756468 ], [ 26.5508041250826, 37.590326595717578 ], [ 26.550852760027499, 37.590039961213336 ], [ 26.550544588015335, 37.589814173588117 ], [ 26.549920447428981, 37.589867515518307 ], [ 26.549558244020215, 37.590014815122345 ], [ 26.548863155731976, 37.590434965361041 ] ] ] ] } },
{ "type": "Feature", "properties": { "id": 15, "Pres_Fish": 1 }, "geometry": { "type": "MultiPolygon", "coordinates": [ [ [ [ 26.543291116721132, 37.596678921792474 ], [ 26.543162286720207, 37.59626026879684 ], [ 26.543757257132686, 37.595794939569991 ], [ 26.544080320027362, 37.595385749929186 ], [ 26.544259474011632, 37.595080219095507 ], [ 26.544418303959823, 37.594974322379628 ], [ 26.54433622944676, 37.594770207305352 ], [ 26.544271966988017, 37.59459891530156 ], [ 26.544324924746661, 37.594438377858822 ], [ 26.544309430056899, 37.594073585604981 ], [ 26.54436602621497, 37.592949802821643 ], [ 26.544320707014887, 37.592844516853461 ], [ 26.544097063624637, 37.592527229261712 ], [ 26.543811785383106, 37.59236070339994 ], [ 26.543277552550904, 37.592358939860276 ], [ 26.543018635881836, 37.592660122604855 ], [ 26.54266997048391, 37.592935787064512 ], [ 26.541963356569649, 37.59359601450489 ], [ 26.541593366156853, 37.594128663096996 ], [ 26.541362209853702, 37.594326246059744 ], [ 26.541118195593544, 37.594391276170953 ], [ 26.540858402867176, 37.594483211534914 ], [ 26.540801605909273, 37.594653792429668 ], [ 26.540749543466418, 37.594840874994603 ], [ 26.540890783172259, 37.595066963423129 ], [ 26.541179220138929, 37.595203541583032 ], [ 26.541414113573808, 37.595238329857423 ], [ 26.541605835814121, 37.595230878314375 ], [ 26.541749425691265, 37.595158048931665 ], [ 26.541927272840763, 37.594988179868643 ], [ 26.542058229314371, 37.594789434457489 ], [ 26.542207560569782, 37.594640103915005 ], [ 26.542280366742496, 37.594572120118713 ], [ 26.542818108064996, 37.594553887911808 ], [ 26.543140586569791, 37.594709651823749 ], [ 26.543342466613982, 37.594877977348276 ], [ 26.543352534968484, 37.595296172653761 ], [ 26.542532035240697, 37.595835216136976 ], [ 26.54244266912837, 37.596029744895674 ], [ 26.542448920578678, 37.59670371901035 ], [ 26.542614278006742, 37.59677985236317 ], [ 26.542741763061365, 37.596846839683977 ], [ 26.543116987392427, 37.596835429804102 ], [ 26.543204340065909, 37.596826905004427 ], [ 26.543291116721132, 37.596678921792474 ] ] ] ] } },
{ "type": "Feature", "properties": { "id": 16, "Pres_Fish": 1 }, "geometry": { "type": "MultiPolygon", "coordinates": [ [ [ [ 26.523455282624205, 37.592548141294778 ], [ 26.523527119811188, 37.592945094222628 ], [ 26.523860473510258, 37.593177056204311 ], [ 26.524202884327934, 37.593183012617537 ], [ 26.52447067891325, 37.593203847888162 ], [ 26.524733313744658, 37.593072038644912 ], [ 26.524897207633508, 37.592982191309446 ], [ 26.52506787103917, 37.592845708395004 ], [ 26.525045132140651, 37.592666874829078 ], [ 26.525124049480851, 37.592532355677065 ], [ 26.525161937428155, 37.59241863925461 ], [ 26.525360313090161, 37.592361260621793 ], [ 26.525903339484323, 37.592376200150007 ], [ 26.526080733286157, 37.592438816443746 ], [ 26.526425834362925, 37.592524406726248 ], [ 26.527293690340088, 37.592519099445525 ], [ 26.527546404957146, 37.592341006131171 ], [ 26.5278424225062, 37.591962739655429 ], [ 26.527819707384989, 37.591538171050921 ], [ 26.527740377048552, 37.591413682664076 ], [ 26.52708694523859, 37.591095608120931 ], [ 26.526844403241935, 37.591080879265 ], [ 26.526584731752738, 37.591053233808935 ], [ 26.526524553856127, 37.591001390761001 ], [ 26.525782268314234, 37.591017286520618 ], [ 26.525426328402375, 37.591104605105627 ], [ 26.52510128091485, 37.5911182049187 ], [ 26.52464906921702, 37.591320487310583 ], [ 26.524490154296263, 37.59131060529603 ], [ 26.523873728528415, 37.590852249327888 ], [ 26.523530879951, 37.590833018168588 ], [ 26.523147226800418, 37.590841224775403 ], [ 26.522738823670377, 37.590610865510428 ], [ 26.522799942052114, 37.590443520997859 ], [ 26.522885184240216, 37.590249094534933 ], [ 26.52305046550763, 37.589953333685749 ], [ 26.52315261105392, 37.589765187001326 ], [ 26.523073158317388, 37.589142585524897 ], [ 26.522896942209812, 37.588867411359068 ], [ 26.522603470924956, 37.58882719683632 ], [ 26.521953617707364, 37.588861016044774 ], [ 26.521544179622005, 37.589341315082379 ], [ 26.521566582784644, 37.590004986234362 ], [ 26.521489229517076, 37.590185960171816 ], [ 26.521074353253663, 37.590752713379743 ], [ 26.521080020441975, 37.591662477693603 ], [ 26.522238117066134, 37.592095984853039 ], [ 26.522513799602113, 37.592103372992227 ], [ 26.522981760417828, 37.592119931204159 ], [ 26.523366048264396, 37.592377371284954 ], [ 26.523455282624205, 37.592548141294778 ] ] ] ] } },
{ "type": "Feature", "properties": { "id": 17, "Pres_Fish": 1 }, "geometry": { "type": "MultiPolygon", "coordinates": [ [ [ [ 26.516036922635227, 37.59732821521073 ], [ 26.516196006377992, 37.597590481858333 ], [ 26.515952928935416, 37.59780819479257 ], [ 26.51578149808357, 37.598170492189773 ], [ 26.515638064577125, 37.598372796252796 ], [ 26.515783150073677, 37.598715059941014 ], [ 26.51622047118066, 37.5988119958892 ], [ 26.516767412773714, 37.598694063388216 ], [ 26.517161079120068, 37.59848641835584 ], [ 26.517168812977047, 37.59822059339384 ], [ 26.517144972008477, 37.598008574205302 ], [ 26.517402938827182, 37.597737409108248 ], [ 26.517491845201249, 37.597403436747292 ], [ 26.517519839779894, 37.597243443308663 ], [ 26.517126756593143, 37.596972889079524 ], [ 26.516902732633785, 37.596765141355689 ], [ 26.516764356216036, 37.596621980838847 ], [ 26.516118232149203, 37.596768594797894 ], [ 26.515822427912859, 37.596907734119995 ], [ 26.515712808037737, 37.597122600088433 ], [ 26.51591925345565, 37.597304159029875 ], [ 26.516036922635227, 37.59732821521073 ] ] ] ] } },
{ "type": "Feature", "properties": { "id": 18, "Pres_Fish": 1 }, "geometry": { "type": "MultiPolygon", "coordinates": [ [ [ [ 26.513973848105923, 37.594315030716764 ], [ 26.513789534141573, 37.594046656889425 ], [ 26.513531642303825, 37.59407207686958 ], [ 26.512677828161674, 37.594495398882032 ], [ 26.512350895212538, 37.594701607632899 ], [ 26.51212382694963, 37.594899047284187 ], [ 26.512022316459451, 37.595107095781572 ], [ 26.512042042101918, 37.595445392601711 ], [ 26.512196419498366, 37.59556829356314 ], [ 26.512492369385331, 37.595681537458177 ], [ 26.512780727896033, 37.595569131092915 ], [ 26.513241563628565, 37.595373351308467 ], [ 26.513512567969936, 37.595241388407111 ], [ 26.513995665447602, 37.595955017527942 ], [ 26.514192868812817, 37.596110210588535 ], [ 26.514467225748703, 37.596077796587636 ], [ 26.514728995434361, 37.595919461728776 ], [ 26.514826404518235, 37.59583768702241 ], [ 26.514817241743124, 37.5955655807197 ], [ 26.513973848105923, 37.594315030716764 ] ] ] ] } },
{ "type": "Feature", "properties": { "id": 19, "Pres_Fish": 1 }, "geometry": { "type": "MultiPolygon", "coordinates": [ [ [ [ 26.506202953266893, 37.594495615424869 ], [ 26.506164022467122, 37.594330404637851 ], [ 26.506068710719614, 37.594226165291836 ], [ 26.50588343224414, 37.594176969209315 ], [ 26.505726961554718, 37.594240066691441 ], [ 26.505574052993129, 37.594409352578126 ], [ 26.505180373074033, 37.594616959434724 ], [ 26.505050481577285, 37.594725982183917 ], [ 26.50469471899553, 37.594819876426335 ], [ 26.504276011736902, 37.595028011724395 ], [ 26.50406715975096, 37.595271540057162 ], [ 26.504098305853365, 37.595702577541957 ], [ 26.504134117528061, 37.595774874007702 ], [ 26.504338529038165, 37.595896723279175 ], [ 26.504624792995113, 37.59597034363523 ], [ 26.504946752000571, 37.595863884347118 ], [ 26.50513614531485, 37.595786805645901 ], [ 26.505412390397368, 37.59556176864011 ], [ 26.505599778486694, 37.595424958155192 ], [ 26.505760037196978, 37.595474686114841 ], [ 26.505957445589139, 37.595636530408512 ], [ 26.506252841512111, 37.595982254900974 ], [ 26.506551012416736, 37.596161881781711 ], [ 26.50688509743075, 37.596168065287124 ], [ 26.507157453472498, 37.596075937172479 ], [ 26.507303803102992, 37.595959920790911 ], [ 26.507276426134599, 37.595641710059311 ], [ 26.507122724706214, 37.595538712706343 ], [ 26.506611008583725, 37.594965134292067 ], [ 26.506202953266893, 37.594495615424869 ] ] ] ] } },
{ "type": "Feature", "properties": { "id": 20, "Pres_Fish": 1 }, "geometry": { "type": "MultiPolygon", "coordinates": [ [ [ [ 26.503157055553736, 37.592457744562957 ], [ 26.503646816534108, 37.59262667203383 ], [ 26.504239114874416, 37.592866477436004 ], [ 26.505239990516053, 37.592845225633127 ], [ 26.50535564617941, 37.592809561751281 ], [ 26.50556560057543, 37.5925992153905 ], [ 26.505823148009039, 37.592314800987069 ], [ 26.506030650330391, 37.59203144920744 ], [ 26.506075571968395, 37.591877739958406 ], [ 26.505458135833237, 37.591386099890435 ], [ 26.505167777760889, 37.591438757096171 ], [ 26.504990179562942, 37.591369471814737 ], [ 26.504726729063513, 37.591228952446528 ], [ 26.504518992218596, 37.5910075513724 ], [ 26.504487517676473, 37.590815615480089 ], [ 26.504055368330583, 37.590373165990648 ], [ 26.503687725170224, 37.590361044780877 ], [ 26.503287832700941, 37.590382814387112 ], [ 26.503198979996291, 37.590471039651526 ], [ 26.503186413720623, 37.590843231615295 ], [ 26.50337835509907, 37.591091536402722 ], [ 26.503570297783469, 37.5913398408223 ], [ 26.503860992855305, 37.591546199743327 ], [ 26.504083630454463, 37.591714153494465 ], [ 26.50407973988063, 37.591847066505942 ], [ 26.50323890374904, 37.591911402939452 ], [ 26.503091220629493, 37.591987593471572 ], [ 26.503050963312596, 37.592280674665844 ], [ 26.503157055553736, 37.592457744562957 ] ] ] ] } },
{ "type": "Feature", "properties": { "id": 21, "Pres_Fish": 1 }, "geometry": { "type": "MultiPolygon", "coordinates": [ [ [ [ 26.513306898861838, 37.623293735353215 ], [ 26.513530773487823, 37.623494849838323 ], [ 26.514164693321423, 37.623474695430211 ], [ 26.51449800549404, 37.623454306068709 ], [ 26.51455849427461, 37.623267054912468 ], [ 26.51470718706047, 37.622971659264564 ], [ 26.514778926956616, 37.622870507305073 ], [ 26.514719379527342, 37.622094724031008 ], [ 26.514647036892896, 37.621930229621356 ], [ 26.514459223405865, 37.621808046087594 ], [ 26.513826883116923, 37.62187465857447 ], [ 26.513745833894486, 37.622195177270775 ], [ 26.513824212304094, 37.622538863564984 ], [ 26.513732653141865, 37.622547456692267 ], [ 26.513728628320223, 37.622427995834173 ], [ 26.513517572012873, 37.622359438073481 ], [ 26.513356355685112, 37.622283176264844 ], [ 26.513023271770372, 37.622310198942586 ], [ 26.512891334569076, 37.622359500721501 ], [ 26.512811025095075, 37.62245419268271 ], [ 26.512816986541292, 37.622879120474543 ], [ 26.513086825785372, 37.623205444580201 ], [ 26.513335507951648, 37.623399389320589 ], [ 26.513306898861838, 37.623293735353215 ] ] ] ] } },
{ "type": "Feature", "properties": { "id": 22, "Pres_Fish": 1 }, "geometry": { "type": "MultiPolygon", "coordinates": [ [ [ [ 26.510337835233106, 37.62455908265941 ], [ 26.50984106568189, 37.624436826607287 ], [ 26.509671950610137, 37.624374010859199 ], [ 26.509304139637084, 37.624361913283209 ], [ 26.509092549399707, 37.624525810954978 ], [ 26.508923571793133, 37.624715367623921 ], [ 26.50904923261788, 37.625224088426677 ], [ 26.50932026572001, 37.62533786830496 ], [ 26.509529094670967, 37.625340066061398 ], [ 26.509939524757424, 37.625377821710657 ], [ 26.510366196990113, 37.625401947208367 ], [ 26.51052473733543, 37.625398572210031 ], [ 26.510736246674824, 37.625480408540092 ], [ 26.510830266940332, 37.625544821585351 ], [ 26.511138333673017, 37.625518337616349 ], [ 26.511276164371768, 37.625395855932346 ], [ 26.511376596332813, 37.625154623875964 ], [ 26.511482836638578, 37.625085946545497 ], [ 26.511648156304432, 37.625035935301561 ], [ 26.511778758355881, 37.624946814406037 ], [ 26.51182666534568, 37.624633644417592 ], [ 26.511778017897804, 37.624428794659956 ], [ 26.511791284480992, 37.623830778759661 ], [ 26.51177057451693, 37.623711673187685 ], [ 26.511352110731107, 37.623435001500461 ], [ 26.511159305116497, 37.623412541257409 ], [ 26.510902204522218, 37.623464505962922 ], [ 26.510601516059875, 37.623710001079701 ], [ 26.510531556230202, 37.62386424454899 ], [ 26.5105927066381, 37.624440751763331 ], [ 26.51049726711377, 37.624582254676966 ], [ 26.510337835233106, 37.62455908265941 ] ] ] ] } },
{ "type": "Feature", "properties": { "id": 23, "Pres_Fish": 1 }, "geometry": { "type": "MultiPolygon", "coordinates": [ [ [ [ 26.50232763943086, 37.625083803700825 ], [ 26.502288919941069, 37.6249252294486 ], [ 26.501743984047735, 37.624611357761019 ], [ 26.50140298455754, 37.624651798673824 ], [ 26.501183476149279, 37.624829133330657 ], [ 26.501088240378607, 37.624977266049683 ], [ 26.501104148697117, 37.625700851534852 ], [ 26.501275597582389, 37.626580533815606 ], [ 26.50145995466891, 37.626848924594213 ], [ 26.501656550781444, 37.626984225581189 ], [ 26.501936147177563, 37.627104482336705 ], [ 26.502214853987354, 37.627198191324148 ], [ 26.502794631097977, 37.627305434775799 ], [ 26.503038848189313, 37.627366666316632 ], [ 26.503794548365413, 37.627988206735949 ], [ 26.504079154530476, 37.628008729593397 ], [ 26.504797232208492, 37.628006762434616 ], [ 26.505135569971731, 37.627886670215489 ], [ 26.505493939325543, 37.627865773735635 ], [ 26.505993942483006, 37.627835224960926 ], [ 26.5069753427431, 37.627469008314797 ], [ 26.507028138706428, 37.626803737426833 ], [ 26.506914847099164, 37.626414298213447 ], [ 26.506681298022901, 37.626173527819049 ], [ 26.506303127039114, 37.626101867824246 ], [ 26.505851864127109, 37.626091533148063 ], [ 26.505657395794216, 37.626268343937411 ], [ 26.505514553126524, 37.626490547985185 ], [ 26.505423113461351, 37.626751508715401 ], [ 26.504272252311978, 37.626795878255422 ], [ 26.503519679101519, 37.626267255163491 ], [ 26.502799391104041, 37.626202846283306 ], [ 26.502326763614903, 37.626053480186933 ], [ 26.50232763943086, 37.625083803700825 ] ] ] ] } },
{ "type": "Feature", "properties": { "id": 24, "Pres_Fish": 1 }, "geometry": { "type": "MultiPolygon", "coordinates": [ [ [ [ 26.497549342720976, 37.626284097595153 ], [ 26.497876552428117, 37.626330299271416 ], [ 26.498519072007323, 37.626316688050871 ], [ 26.498922612317134, 37.626148741696866 ], [ 26.499592619878214, 37.625709486436563 ], [ 26.499620109759231, 37.625283848013837 ], [ 26.499208022748796, 37.624947224052562 ], [ 26.498965372547719, 37.624932441661748 ], [ 26.498607236571111, 37.624959954649633 ], [ 26.498347777011723, 37.625191262559071 ], [ 26.498093104411623, 37.625316204539772 ], [ 26.497917207479304, 37.625300005946798 ], [ 26.497336242991146, 37.624907178783353 ], [ 26.496888666298844, 37.62475726005669 ], [ 26.496507496088896, 37.624845027857987 ], [ 26.496261609737875, 37.624983062910921 ], [ 26.4962353387733, 37.625196147023324 ], [ 26.496446706231243, 37.625523747780178 ], [ 26.4967173746378, 37.625876658640095 ], [ 26.497034113469784, 37.626109046347821 ], [ 26.497549342720976, 37.626284097595153 ] ] ] ] } },
{ "type": "Feature", "properties": { "id": 24, "Pres_Fish": 1 }, "geometry": { "type": "MultiPolygon", "coordinates": [ [ [ [ 26.487114116962839, 37.599969270475619 ], [ 26.487672618018166, 37.600196588430755 ], [ 26.487953577378345, 37.60011096431699 ], [ 26.487875346578925, 37.599767254534939 ], [ 26.487589404096376, 37.599202113053067 ], [ 26.48707432813076, 37.598774632869201 ], [ 26.486431099903037, 37.598509248608472 ], [ 26.48621864335102, 37.598646557530408 ], [ 26.48624858429012, 37.599044418733264 ], [ 26.486294766675986, 37.599428654492527 ], [ 26.486310677316521, 37.599906509798437 ], [ 26.486747089287469, 37.599977008672745 ], [ 26.487114116962839, 37.599969270475619 ] ] ] ] } },
{ "type": "Feature", "properties": { "id": 25, "Pres_Fish": 1 }, "geometry": { "type": "MultiPolygon", "coordinates": [ [ [ [ 26.475246841960846, 37.600367155094041 ], [ 26.475335318812679, 37.600518054097357 ], [ 26.475617615395851, 37.600472280437785 ], [ 26.475721876140152, 37.600343902769488 ], [ 26.475984868672864, 37.600471213693538 ], [ 26.476311073872026, 37.600490932196365 ], [ 26.476415773630247, 37.600375827812989 ], [ 26.4764835847113, 37.600155233026683 ], [ 26.476736891799224, 37.599990517451658 ], [ 26.476992595159459, 37.599646429200028 ], [ 26.477119014912773, 37.599431244873607 ], [ 26.477209646037938, 37.599143754966981 ], [ 26.477311480288638, 37.59894236984929 ], [ 26.477471484049452, 37.598733121383191 ], [ 26.477758149944815, 37.598567703045461 ], [ 26.477879968165478, 37.59846552092003 ], [ 26.477850512559613, 37.598080929809818 ], [ 26.477718345210572, 37.597871176448137 ], [ 26.477312430588373, 37.597461284226085 ], [ 26.477030782989136, 37.597274593868427 ], [ 26.47676672286882, 37.597366478706363 ], [ 26.476586295401628, 37.597463248663509 ], [ 26.476258321529421, 37.597138056448216 ], [ 26.475942652492005, 37.596932152946245 ], [ 26.475651808131261, 37.5969714650507 ], [ 26.475489822622976, 37.5971209787227 ], [ 26.475326608119417, 37.598492563706401 ], [ 26.475246841960846, 37.600367155094041 ] ] ] ] } },
{ "type": "Feature", "properties": { "id": 25, "Pres_Fish": 1 }, "geometry": { "type": "MultiPolygon", "coordinates": [ [ [ [ 26.477751736708871, 37.594641272316402 ], [ 26.477260277939234, 37.594671518788665 ], [ 26.477123543712199, 37.594827145901746 ], [ 26.476998011497898, 37.595068877834272 ], [ 26.477241467287897, 37.59536263533915 ], [ 26.477721753070625, 37.595498662366921 ], [ 26.478122566080199, 37.595503525955259 ], [ 26.478543997172107, 37.595375123945637 ], [ 26.478877199655248, 37.595354839340473 ], [ 26.479145625414198, 37.595143310226725 ], [ 26.479732738708638, 37.594725835203704 ], [ 26.480316980116491, 37.594222077561838 ], [ 26.480235265560246, 37.593772170266327 ], [ 26.480045815791666, 37.593596831501237 ], [ 26.479762854743775, 37.593370325770898 ], [ 26.479641235427597, 37.59322676817041 ], [ 26.479610484221322, 37.593054734218356 ], [ 26.479619201964038, 37.592563076118608 ], [ 26.479184130414058, 37.592279992159774 ], [ 26.478933027457906, 37.592258702905156 ], [ 26.478846977059931, 37.592180812497958 ], [ 26.477919175159919, 37.592140531038268 ], [ 26.477643270876261, 37.592126401535992 ], [ 26.47734914433827, 37.592066163175438 ], [ 26.477147426377599, 37.592023908303474 ], [ 26.477045797133165, 37.591979551464057 ], [ 26.476901584146134, 37.59190952243712 ], [ 26.476602419136196, 37.59194901133197 ], [ 26.47648696950889, 37.591991284390531 ], [ 26.476273631415641, 37.592102027768441 ], [ 26.476184083640003, 37.592170323043256 ], [ 26.476243809320344, 37.592461297846931 ], [ 26.476352260068939, 37.592711400425365 ], [ 26.476557720571492, 37.592866484516456 ], [ 26.476703035534104, 37.592969698575295 ], [ 26.477056211343189, 37.593048623245757 ], [ 26.477374043283156, 37.593068515114389 ], [ 26.47753273914892, 37.593071823794276 ], [ 26.477995087145505, 37.593925514465198 ], [ 26.477993352164603, 37.594124797502253 ], [ 26.478009179940646, 37.594350277812211 ], [ 26.477751736708871, 37.594641272316402 ] ] ] ] } },
{ "type": "Feature", "properties": { "id": 26, "Pres_Fish": 1 }, "geometry": { "type": "MultiPolygon", "coordinates": [ [ [ [ 26.476233279236713, 37.590170181439127 ], [ 26.476841234187237, 37.589878473003239 ], [ 26.477198113798849, 37.589817847011979 ], [ 26.477548413315766, 37.589810490601501 ], [ 26.477926324911234, 37.589377493498255 ], [ 26.477849474808959, 37.589073596053836 ], [ 26.477652142865132, 37.588911701743832 ], [ 26.478064511632038, 37.58851118831798 ], [ 26.478110124329902, 37.588125019797303 ], [ 26.478062478729157, 37.587946698565261 ], [ 26.477847808581295, 37.587765244045883 ], [ 26.477741122008634, 37.587568238063064 ], [ 26.477585935644345, 37.587418741475005 ], [ 26.477299507843725, 37.587338416314019 ], [ 26.477202483971535, 37.587181056254657 ], [ 26.477103920077301, 37.586977237517885 ], [ 26.476998556987375, 37.586820052372083 ], [ 26.476743072252638, 37.586666018930458 ], [ 26.476506248822869, 37.586571367229595 ], [ 26.476245285608236, 37.586503787991262 ], [ 26.47593626185617, 37.586496990911627 ], [ 26.475527156851747, 37.586492293171702 ], [ 26.475238991310135, 37.586611246275972 ], [ 26.475091067943353, 37.586680765490492 ], [ 26.474980242691977, 37.586862412811641 ], [ 26.475128621864904, 37.587058546700078 ], [ 26.475929754607048, 37.587559777429185 ], [ 26.476106458143075, 37.587854938961989 ], [ 26.476122077028538, 37.588326161959436 ], [ 26.476282982629762, 37.588648220989107 ], [ 26.476233620238116, 37.588921561104442 ], [ 26.475932065623667, 37.589140420431058 ], [ 26.475532403615393, 37.589421111837495 ], [ 26.475239845124936, 37.589659705336224 ], [ 26.475318444866197, 37.590016700373582 ], [ 26.475608180574881, 37.590196584182536 ], [ 26.475827673740195, 37.590271676530413 ], [ 26.476068668959456, 37.590240052205736 ], [ 26.476233279236713, 37.590170181439127 ] ] ] ] } },
{ "type": "Feature", "properties": { "id": 27, "Pres_Fish": 1 }, "geometry": { "type": "MultiPolygon", "coordinates": [ [ [ [ 26.488497451651686, 37.592358947452261 ], [ 26.488379478385731, 37.592826343933304 ], [ 26.488220623260251, 37.593068790239045 ], [ 26.488043759050466, 37.593271766934613 ], [ 26.488066631060082, 37.59345724766289 ], [ 26.488598798029891, 37.593897646794659 ], [ 26.489087433189596, 37.594033451187521 ], [ 26.489575627571153, 37.594155979750973 ], [ 26.490061610734408, 37.594212137569244 ], [ 26.490191966768386, 37.594116404306938 ], [ 26.490161565770254, 37.593705270748842 ], [ 26.490086431001739, 37.593454478356236 ], [ 26.489876959578851, 37.593179955282892 ], [ 26.489922445735139, 37.592541407479906 ], [ 26.490026382648047, 37.592154004335399 ], [ 26.490148327352411, 37.591806070202516 ], [ 26.490222440243848, 37.591525561064444 ], [ 26.490124874201921, 37.591102562067896 ], [ 26.490009301002473, 37.590640093798214 ], [ 26.489952178692302, 37.590428770203239 ], [ 26.48997757610994, 37.590189138657216 ], [ 26.490343673773872, 37.58852766692327 ], [ 26.490751849766159, 37.587502893611187 ], [ 26.490381719678982, 37.587165347509284 ], [ 26.490144878883786, 37.587070723883457 ], [ 26.489553175520964, 37.587096495289821 ], [ 26.489203334191007, 37.587117160631706 ], [ 26.489071282288936, 37.587412174860582 ], [ 26.488674051639499, 37.587513537061803 ], [ 26.488456765915689, 37.587504837590586 ], [ 26.488124384941226, 37.588049813557262 ], [ 26.488053480642257, 37.588927992952762 ], [ 26.488382350300167, 37.589279699745418 ], [ 26.488345573132843, 37.589678968135431 ], [ 26.488210921330811, 37.590146716381547 ], [ 26.488120563094625, 37.590440850126818 ], [ 26.488228607540414, 37.590677666785673 ], [ 26.488715576264202, 37.591265133099171 ], [ 26.488727517306003, 37.591623524422126 ], [ 26.488497451651686, 37.592358947452261 ] ] ] ] } },
{ "type": "Feature", "properties": { "id": 28, "Pres_Fish": 1 }, "geometry": { "type": "MultiPolygon", "coordinates": [ [ [ [ 26.494114787116565, 37.585026872423938 ], [ 26.4945001917052, 37.585071856075828 ], [ 26.49499880810502, 37.58500817956503 ], [ 26.495208550375523, 37.584791214283797 ], [ 26.495283081916661, 37.584523976291905 ], [ 26.495419010804625, 37.584096042614867 ], [ 26.495875836102865, 37.583780867974916 ], [ 26.496271262125724, 37.583626387736302 ], [ 26.496625075871474, 37.583725165280768 ], [ 26.497724501505623, 37.58465827473858 ], [ 26.498266235292757, 37.584885899131059 ], [ 26.498891814286228, 37.585125028058322 ], [ 26.499426005720984, 37.585126994629206 ], [ 26.499861896011126, 37.585184174112229 ], [ 26.500113422693847, 37.585218693106533 ], [ 26.500368947656426, 37.585372674394328 ], [ 26.50044031049535, 37.586008748892887 ], [ 26.500799028045197, 37.586253523354394 ], [ 26.501275840370734, 37.586535642004073 ], [ 26.501748211256157, 37.586685022269492 ], [ 26.501871638514448, 37.586881650590499 ], [ 26.501885186591604, 37.587784611099053 ], [ 26.502151394262533, 37.588257155024891 ], [ 26.502486105562419, 37.588781377310355 ], [ 26.502591524023302, 37.588938537611028 ], [ 26.503730465766363, 37.589551956655463 ], [ 26.503951317133797, 37.58966681651917 ], [ 26.504128801991413, 37.589981842211834 ], [ 26.504512456336716, 37.589973697576532 ], [ 26.505037333373018, 37.589696892017201 ], [ 26.505009290740528, 37.588860655690716 ], [ 26.504545569929807, 37.588472010353932 ], [ 26.504239095202241, 37.588292553956919 ], [ 26.504018247607764, 37.588177694477864 ], [ 26.503785169300702, 37.588195924659743 ], [ 26.503471580271249, 37.587804088391216 ], [ 26.503329243158515, 37.587541447868546 ], [ 26.503499283872685, 37.586699077544097 ], [ 26.503721694957989, 37.586461015087828 ], [ 26.503635930697563, 37.586233200338604 ], [ 26.503089279962094, 37.585859591787354 ], [ 26.502464571716928, 37.585647033114824 ], [ 26.502109408357398, 37.585508452835136 ], [ 26.501856991013991, 37.58544739090199 ], [ 26.501971314020004, 37.584873794777366 ], [ 26.502029586241875, 37.58462018076176 ], [ 26.501797641239818, 37.584173475657956 ], [ 26.501608835066612, 37.584018082679528 ], [ 26.501307718352169, 37.583997901324594 ], [ 26.500723497425845, 37.583997003677496 ], [ 26.500378117662265, 37.584150438056298 ], [ 26.500131036219184, 37.584248656033395 ], [ 26.499380462978593, 37.584264560113169 ], [ 26.499127163813068, 37.584176944767556 ], [ 26.498719977486893, 37.583979682261919 ], [ 26.498455677121477, 37.583812600021865 ], [ 26.498091524087606, 37.583654273126655 ], [ 26.49792685801771, 37.58347179678546 ], [ 26.497829797118236, 37.583314454981014 ], [ 26.497625209347301, 37.583185955732397 ], [ 26.497258399209016, 37.582947983971472 ], [ 26.497058825941995, 37.582719754477196 ], [ 26.496751505409865, 37.582513729585891 ], [ 26.496329207328436, 37.582363269138455 ], [ 26.496058795520018, 37.582262726040732 ], [ 26.495633480731634, 37.582271723863307 ], [ 26.495368029458987, 37.582569566699682 ], [ 26.495143387459841, 37.582839979689986 ], [ 26.49508021689028, 37.58294758037767 ], [ 26.495030844238908, 37.582968549188195 ], [ 26.494323972949491, 37.583043270492638 ], [ 26.493771056674674, 37.583480018174079 ], [ 26.493806135245315, 37.584781018832558 ], [ 26.494114787116565, 37.585026872423938 ] ] ] ] } },
{ "type": "Feature", "properties": { "id": 28, "Pres_Fish": 1 }, "geometry": { "type": "MultiPolygon", "coordinates": [ [ [ [ 26.504951715443678, 37.581099505324147 ], [ 26.504969951510621, 37.581145608830226 ], [ 26.505034058221792, 37.581439795709628 ], [ 26.505892476756788, 37.582152133441006 ], [ 26.506124026785713, 37.583581784655387 ], [ 26.506440931030319, 37.583575052180677 ], [ 26.506839004220428, 37.583500178852468 ], [ 26.507270434788449, 37.58342459525452 ], [ 26.507667615203584, 37.583323172024663 ], [ 26.508298747006329, 37.583230056579758 ], [ 26.508666132086567, 37.583235527876042 ], [ 26.50890989041147, 37.583535854223911 ], [ 26.509173004554345, 37.583915466608808 ], [ 26.50934094959533, 37.584443216154867 ], [ 26.509689249873684, 37.584874147421388 ], [ 26.509881195805072, 37.585122441625124 ], [ 26.510166530611045, 37.585169502836358 ], [ 26.510948408752466, 37.584594976048656 ], [ 26.51128618241701, 37.584215861245845 ], [ 26.511357532265869, 37.583855700376475 ], [ 26.511078620642529, 37.583502995362039 ], [ 26.510689649029409, 37.583351877572888 ], [ 26.510473267168074, 37.583369765426006 ], [ 26.510468807243498, 37.583237029920134 ], [ 26.510294347147443, 37.582018702340392 ], [ 26.509383922786657, 37.581498447283209 ], [ 26.508685169109796, 37.581503345714346 ], [ 26.508258056393696, 37.581520729184319 ], [ 26.507962629322101, 37.58166980265073 ], [ 26.507924120571367, 37.581019751751661 ], [ 26.507667259997319, 37.580825966004333 ], [ 26.507016107163398, 37.580321765773739 ], [ 26.50682839394522, 37.579701450875717 ], [ 26.506606882555783, 37.579068570614126 ], [ 26.506383149260301, 37.578369321723237 ], [ 26.505875006762427, 37.577649547317932 ], [ 26.504614371660132, 37.576387858728523 ], [ 26.50422500502026, 37.576223444015895 ], [ 26.503777823727329, 37.576325916369441 ], [ 26.503268821309806, 37.576575812549372 ], [ 26.503104496083594, 37.576154240670732 ], [ 26.502963518385609, 37.575931419319872 ], [ 26.50212810015346, 37.575404533474256 ], [ 26.500542857571993, 37.575411575944223 ], [ 26.50035807369655, 37.575375642901108 ], [ 26.500021417233942, 37.575289795475534 ], [ 26.499633397518462, 37.575165186037871 ], [ 26.49946174073753, 37.575022708772963 ], [ 26.49954290788444, 37.574954573796283 ], [ 26.50018044679998, 37.57455585597004 ], [ 26.500399471168471, 37.57461762984606 ], [ 26.500861104220466, 37.574448448635501 ], [ 26.501108152926761, 37.574350230177785 ], [ 26.50150618384254, 37.574275376320237 ], [ 26.501851516587024, 37.574121940125444 ], [ 26.50186064034142, 37.573895934279776 ], [ 26.501984725867445, 37.57361435826617 ], [ 26.502224660338886, 37.573303759085242 ], [ 26.502431683542817, 37.573007140557898 ], [ 26.503223740077633, 37.571741729002007 ], [ 26.503211293620179, 37.57137006677582 ], [ 26.503054768699148, 37.570682667186581 ], [ 26.503135038964675, 37.57058798267029 ], [ 26.503593528880206, 37.570325876213921 ], [ 26.503702704733318, 37.570097747136266 ], [ 26.503832112889548, 37.569975453277095 ], [ 26.504040010342262, 37.569705379629738 ], [ 26.504030673121306, 37.569426633039967 ], [ 26.503542406023723, 37.568799406246967 ], [ 26.503268924223367, 37.568605962467288 ], [ 26.502952971481434, 37.568639231481448 ], [ 26.50193106083195, 37.569019548638202 ], [ 26.501670908158044, 37.569224311180079 ], [ 26.501221543534033, 37.569260404198047 ], [ 26.500890687034385, 37.569347116040014 ], [ 26.500847319756168, 37.569547281623421 ], [ 26.500875495250789, 37.570888276557554 ], [ 26.500848114538698, 37.571566294442313 ], [ 26.500573937984392, 37.571851050443733 ], [ 26.500186130409961, 37.572231195405465 ], [ 26.500013341541347, 37.572553650902037 ], [ 26.499309998298315, 37.572980327844547 ], [ 26.498728525476462, 37.57305905936542 ], [ 26.498209766181695, 37.57301691232545 ], [ 26.497653396094403, 37.573347485805684 ], [ 26.497348951216118, 37.573725856914237 ], [ 26.496993141433219, 37.574065465070298 ], [ 26.496544802391156, 37.574632842742034 ], [ 26.496473079808318, 37.574733983582512 ], [ 26.496335090995323, 37.574849809579952 ], [ 26.496196436768315, 37.574945724857542 ], [ 26.496121251175431, 37.575193052790887 ], [ 26.496143665339122, 37.575614316791835 ], [ 26.496181111144956, 37.576360698479128 ], [ 26.496839923124639, 37.576472947255084 ], [ 26.497296430716894, 37.576649248538992 ], [ 26.497696696387393, 37.576640775476115 ], [ 26.498117189159387, 37.57673813745626 ], [ 26.498594816748984, 37.577046817277825 ], [ 26.499021970759291, 37.577343281135128 ], [ 26.499291036245182, 37.577403996976685 ], [ 26.499875649994589, 37.577418177244489 ], [ 26.500156509486541, 37.577332527320422 ], [ 26.500673522873974, 37.577321569998283 ], [ 26.500874101206076, 37.577330601508734 ], [ 26.500825802956442, 37.578380988343071 ], [ 26.501087968874312, 37.578734073884817 ], [ 26.501789784321627, 37.578759042889139 ], [ 26.502337940838242, 37.578681002357861 ], [ 26.503018631706642, 37.578573581398977 ], [ 26.503357974077581, 37.578739061368452 ], [ 26.503668853459772, 37.579051258100307 ], [ 26.503879221144764, 37.579352304126118 ], [ 26.504058902701768, 37.579733699440226 ], [ 26.504431164507004, 37.579885194399083 ], [ 26.504951715443678, 37.581099505324147 ] ] ] ] } },
{ "type": "Feature", "properties": { "id": 29, "Pres_Fish": 1 }, "geometry": { "type": "MultiPolygon", "coordinates": [ [ [ [ 26.499963431487561, 37.566701342037902 ], [ 26.500430345031159, 37.566691448333223 ], [ 26.501030019728571, 37.566160697978162 ], [ 26.501226349306236, 37.566043629979269 ], [ 26.501520408721024, 37.565605695436325 ], [ 26.501514857245571, 37.565439774413292 ], [ 26.501292972916815, 37.565291722638975 ], [ 26.501123557071523, 37.565215615304965 ], [ 26.50067221822831, 37.565191973793311 ], [ 26.500636426184919, 37.565119675288301 ], [ 26.500681789956644, 37.564979241329958 ], [ 26.501042992794329, 37.564553168021 ], [ 26.500957990355936, 37.563757983649516 ], [ 26.5005410228096, 37.563514441772327 ], [ 26.500735570701909, 37.563344279983347 ], [ 26.500853749719877, 37.563135887194704 ], [ 26.501056633254809, 37.562965548221996 ], [ 26.500973827725954, 37.562734849036694 ], [ 26.50065146146029, 37.562575642469646 ], [ 26.500441919744638, 37.562546875262242 ], [ 26.49969245193677, 37.562589320962772 ], [ 26.499376744193381, 37.56262921642432 ], [ 26.499012564961859, 37.56271662850218 ], [ 26.498572461852337, 37.562779080961384 ], [ 26.498217061636645, 37.562879587816852 ], [ 26.49804184439558, 37.56312903494959 ], [ 26.498041932860019, 37.563381412179218 ], [ 26.498204999898618, 37.563517432483913 ], [ 26.499616741862305, 37.564317728621447 ], [ 26.499577810884873, 37.564650630946176 ], [ 26.499486413694051, 37.564911587592377 ], [ 26.498784245806377, 37.565371443697096 ], [ 26.498622373358, 37.565520985770249 ], [ 26.498676835228192, 37.565652663520403 ], [ 26.498842792276275, 37.565874961783983 ], [ 26.499761106488378, 37.566639213147198 ], [ 26.499963431487561, 37.566701342037902 ] ] ] ] } },
{ "type": "Feature", "properties": { "id": 30, "Pres_Fish": 1 }, "geometry": { "type": "MultiPolygon", "coordinates": [ [ [ [ 26.500942495840881, 37.561236199374314 ], [ 26.50162567448066, 37.561706550840761 ], [ 26.502358901540163, 37.561677720501002 ], [ 26.502748200869771, 37.561344028015718 ], [ 26.502681177967329, 37.561086429071551 ], [ 26.502483205584756, 37.560904664371513 ], [ 26.502260222982471, 37.560723429687734 ], [ 26.502103715743775, 37.560534143445935 ], [ 26.502051916953789, 37.560482109384822 ], [ 26.502252227917253, 37.560484503349159 ], [ 26.502513341300066, 37.560558664560219 ], [ 26.50264962153889, 37.560642114415778 ], [ 26.503065363239674, 37.560600088368119 ], [ 26.503238663775292, 37.560543279653004 ], [ 26.50381070064946, 37.560185782336234 ], [ 26.50379914532504, 37.559840666887951 ], [ 26.503656199329289, 37.559558113243533 ], [ 26.503604178016243, 37.559499443033879 ], [ 26.500319426613142, 37.559569090183032 ], [ 26.500125552742599, 37.559759161629273 ], [ 26.500109290337132, 37.560270905971315 ], [ 26.500435292119683, 37.560788681148345 ], [ 26.500737965628268, 37.561107703110494 ], [ 26.500942495840881, 37.561236199374314 ] ] ] ] } },
{ "type": "Feature", "properties": { "id": 31, "Pres_Fish": 1 }, "geometry": { "type": "MultiPolygon", "coordinates": [ [ [ [ 26.508385007281088, 37.554563870457237 ], [ 26.509364909298291, 37.5544301305696 ], [ 26.510176076804022, 37.554240198067404 ], [ 26.510763145055382, 37.553835857303149 ], [ 26.512147492804207, 37.552331971512785 ], [ 26.512191045112893, 37.552138439495074 ], [ 26.511933608907682, 37.551924748587929 ], [ 26.511570034583393, 37.551779731575635 ], [ 26.510917375182849, 37.551720563404345 ], [ 26.507704915900458, 37.552109199549456 ], [ 26.507629334764449, 37.552428068389624 ], [ 26.508152187790913, 37.552722523958849 ], [ 26.508184553133191, 37.553312878221348 ], [ 26.508218909092246, 37.55359109313013 ], [ 26.50817289767916, 37.553711619014329 ], [ 26.508189812040751, 37.554216017345105 ], [ 26.508077332289492, 37.554344597504596 ], [ 26.508192603802971, 37.554548035514721 ], [ 26.508385007281088, 37.554563870457237 ] ] ] ] } },
{ "type": "Feature", "properties": { "id": 32, "Pres_Fish": 1 }, "geometry": { "type": "MultiPolygon", "coordinates": [ [ [ [ 26.508679871638101, 37.543679809588831 ], [ 26.508643860954002, 37.543600876352407 ], [ 26.508801115487081, 37.543564325728475 ], [ 26.50905371755006, 37.543386275084842 ], [ 26.509057924968975, 37.543014258314116 ], [ 26.508803200503504, 37.542880200765936 ], [ 26.507919686479386, 37.542898979176456 ], [ 26.507578616948805, 37.542926151260339 ], [ 26.506826245057109, 37.543373836501011 ], [ 26.506816023057667, 37.543566658926828 ], [ 26.506903599144906, 37.543690988341552 ], [ 26.507058968609869, 37.543847085351786 ], [ 26.507155992543741, 37.544004421663892 ], [ 26.507147995278196, 37.544263612436112 ], [ 26.507244352792412, 37.544401038131497 ], [ 26.507569320644933, 37.5446398714477 ], [ 26.507816826229366, 37.544807292773783 ], [ 26.508033765303832, 37.544809324181557 ], [ 26.508265594942333, 37.54475790623863 ], [ 26.508253596744652, 37.544897633981023 ], [ 26.508300390452636, 37.545049395281097 ], [ 26.508254161152632, 37.545163284331906 ], [ 26.50824171792517, 37.545289738408222 ], [ 26.508072460927764, 37.54546601614453 ], [ 26.507903870540328, 37.545662204154823 ], [ 26.507876758140139, 37.545848743952277 ], [ 26.508026023715416, 37.546071384836416 ], [ 26.508347663847914, 37.546210663165525 ], [ 26.508581945360259, 37.546232249563666 ], [ 26.509008386520964, 37.546263033377286 ], [ 26.509307125640596, 37.546216832355285 ], [ 26.510338457545043, 37.545630366549844 ], [ 26.510381120922929, 37.545410287697607 ], [ 26.510098930731935, 37.545203760278277 ], [ 26.509794853105323, 37.545090679424575 ], [ 26.509511453752399, 37.545096706087506 ], [ 26.509424861291222, 37.544753186418511 ], [ 26.509325160627849, 37.544516210298738 ], [ 26.509283139210741, 37.544258083022896 ], [ 26.50910419468525, 37.543896601949328 ], [ 26.508679871638101, 37.543679809588831 ] ] ] ] } },
{ "type": "Feature", "properties": { "id": 33, "Pres_Fish": 1 }, "geometry": { "type": "MultiPolygon", "coordinates": [ [ [ [ 26.496614324152304, 37.539496346728313 ], [ 26.496346727021404, 37.539475440831637 ], [ 26.496208722287236, 37.53933888660363 ], [ 26.496055376835958, 37.539242506127493 ], [ 26.49576609665667, 37.539321681176027 ], [ 26.495602943426185, 37.539431396499097 ], [ 26.495499239533164, 37.539573062494995 ], [ 26.495492826052775, 37.540131090839175 ], [ 26.495633487097244, 37.540347288673807 ], [ 26.495791704106288, 37.540589681381476 ], [ 26.495948693879999, 37.540531708130217 ], [ 26.496113077806836, 37.54072235796032 ], [ 26.496256902391647, 37.540978158652742 ], [ 26.496260605111459, 37.541144298684898 ], [ 26.496387843008815, 37.541208023156706 ], [ 26.496597101876681, 37.541230162971026 ], [ 26.496728024881108, 37.54115433598983 ], [ 26.497108966110876, 37.54120785083915 ], [ 26.497222804300993, 37.5409844699548 ], [ 26.497541441446021, 37.540785121647254 ], [ 26.497653256258548, 37.540636640682486 ], [ 26.497732174330647, 37.540502138985879 ], [ 26.497603742367218, 37.540319753788985 ], [ 26.497478213362363, 37.540287022023193 ], [ 26.497677219046221, 37.539858152203315 ], [ 26.497739872916377, 37.539233434807599 ], [ 26.497902136320562, 37.53909716909704 ], [ 26.497979280206728, 37.538909572164918 ], [ 26.497820348599625, 37.538645863960326 ], [ 26.497026365981291, 37.538732424057777 ], [ 26.496584699739877, 37.538281720860063 ], [ 26.496407215970105, 37.538023602290394 ], [ 26.496326961020294, 37.537749271677797 ], [ 26.496281761814508, 37.537460044253898 ], [ 26.496236091224691, 37.537156671475593 ], [ 26.496270355962199, 37.536851608018452 ], [ 26.496319356029296, 37.53677953801445 ], [ 26.496040373771805, 37.536792079985638 ], [ 26.495726175158705, 37.53712416194368 ], [ 26.495757011840968, 37.53792382049734 ], [ 26.495915704596101, 37.538305676332463 ], [ 26.496108916565301, 37.538597140515535 ], [ 26.496093132739809, 37.538624040655733 ], [ 26.49623880640269, 37.538740508112618 ], [ 26.496429253373019, 37.538949010452328 ], [ 26.496586805452509, 37.539171491471393 ], [ 26.496614324152304, 37.539496346728313 ] ] ] ] } },
{ "type": "Feature", "properties": { "id": 33, "Pres_Fish": 1 }, "geometry": { "type": "MultiPolygon", "coordinates": [ [ [ [ 26.500515109137677, 37.536209697182969 ], [ 26.500585688925604, 37.536194046553142 ], [ 26.500818432404628, 37.53621934890635 ], [ 26.500796884992251, 37.536073690785393 ], [ 26.500890243902763, 37.535872465292464 ], [ 26.501430009904457, 37.535303134288299 ], [ 26.501827277293785, 37.535049467606832 ], [ 26.502124989087459, 37.534915759052858 ], [ 26.502307611167911, 37.534529694859479 ], [ 26.501807892118968, 37.534469512064462 ], [ 26.501615609749535, 37.534034774007459 ], [ 26.501334244869273, 37.534125668968969 ], [ 26.500600780050714, 37.533985502811554 ], [ 26.500085001810849, 37.533444373136021 ], [ 26.500050727665073, 37.532961314793866 ], [ 26.50016243680987, 37.532560453707625 ], [ 26.5003822309884, 37.532212095880944 ], [ 26.500340185870741, 37.532037594052795 ], [ 26.499941860833744, 37.531819546880868 ], [ 26.499672595707185, 37.531740318034508 ], [ 26.499476442721125, 37.531685010895508 ], [ 26.499357550640685, 37.531933267125872 ], [ 26.49905933992537, 37.532743213041769 ], [ 26.499002281795601, 37.53328238926931 ], [ 26.499112483206471, 37.533585568669345 ], [ 26.499246579835109, 37.533855034054355 ], [ 26.499546694956823, 37.534101058742849 ], [ 26.499848807010874, 37.534406814549079 ], [ 26.500187050110128, 37.53454576469202 ], [ 26.500357280660246, 37.534648423790479 ], [ 26.500235150155568, 37.534737351550376 ], [ 26.499953471888688, 37.534544070827891 ], [ 26.499620682001371, 37.534318663980038 ], [ 26.499131983431067, 37.534169614889606 ], [ 26.498607154879824, 37.53418736814271 ], [ 26.498238321391231, 37.534381139976837 ], [ 26.498087282132673, 37.534603509077051 ], [ 26.498370427184124, 37.534797121074661 ], [ 26.498904203358407, 37.535090975845755 ], [ 26.49941578402705, 37.535227957581576 ], [ 26.499573003714762, 37.535677597156486 ], [ 26.499489059595714, 37.536121319419514 ], [ 26.500113645498107, 37.536430531268152 ], [ 26.500515109137677, 37.536209697182969 ] ] ] ] } },
{ "type": "Feature", "properties": { "id": 34, "Pres_Fish": 1 }, "geometry": { "type": "MultiPolygon", "coordinates": [ [ [ [ 26.504211803264148, 37.529549116240936 ], [ 26.504021121299033, 37.530756360659133 ], [ 26.503575770035088, 37.531463017074088 ], [ 26.50369831615124, 37.531885478558507 ], [ 26.503635742351889, 37.532258734181298 ], [ 26.503549618943964, 37.532426600417431 ], [ 26.503667949034956, 37.532722961341122 ], [ 26.504871461586522, 37.533547547255573 ], [ 26.505237936285805, 37.533533127494536 ], [ 26.505544073253589, 37.533460213335154 ], [ 26.505733533626238, 37.5333897754996 ], [ 26.505925328449891, 37.533139965340652 ], [ 26.506010558372513, 37.53294555013133 ], [ 26.506064120132635, 37.532552560081356 ], [ 26.506128903914345, 37.532245672167221 ], [ 26.506290914732446, 37.532102759012098 ], [ 26.506837612893708, 37.531493407310734 ], [ 26.506928949888927, 37.531232446016979 ], [ 26.506984061947573, 37.530885913630989 ], [ 26.507087816160372, 37.530808992126481 ], [ 26.507169486059848, 37.53075744554382 ], [ 26.507232932460784, 37.530659795003658 ], [ 26.507240043566913, 37.53062311529483 ], [ 26.507264322168037, 37.530601014445629 ], [ 26.507252155083293, 37.530611235264409 ], [ 26.507574967646796, 37.530102938739176 ], [ 26.507759748718751, 37.529893124143207 ], [ 26.507688074375629, 37.529496152547971 ], [ 26.507714739005664, 37.529296338819393 ], [ 26.507418175019211, 37.529156524637308 ], [ 26.507009832661584, 37.52916519856948 ], [ 26.506916053335139, 37.529353154509813 ], [ 26.506711381703486, 37.529716146464303 ], [ 26.506379147539327, 37.530254527866518 ], [ 26.506076466446725, 37.530679374112459 ], [ 26.505890010061222, 37.531088468952838 ], [ 26.505732888017285, 37.531377392409276 ], [ 26.505512318905634, 37.531514906309788 ], [ 26.505432313008587, 37.5316162282558 ], [ 26.504982065497362, 37.531619143305434 ], [ 26.504763165785533, 37.531557373133694 ], [ 26.504652827799031, 37.531499940436497 ], [ 26.504822975443503, 37.530353978595251 ], [ 26.504857093293602, 37.530127440941385 ], [ 26.504920103933042, 37.529767458560059 ], [ 26.504856778272501, 37.529370307830824 ], [ 26.504794224246318, 37.529245445351641 ], [ 26.504606001373936, 37.529103324819687 ], [ 26.504371774486994, 37.529081728492642 ], [ 26.504048098835135, 37.529128445169988 ], [ 26.504207071556781, 37.529407663801152 ], [ 26.504211803264148, 37.529549116240936 ] ] ] ] } },
{ "type": "Feature", "properties": { "id": 34, "Pres_Fish": 1 }, "geometry": { "type": "MultiPolygon", "coordinates": [ [ [ [ 26.499353101699711, 37.52882662124167 ], [ 26.500122445893684, 37.528890026830979 ], [ 26.500352681505053, 37.528792167672322 ], [ 26.500338938611403, 37.52838068057622 ], [ 26.500664296857778, 37.528134690927722 ], [ 26.500602325584865, 37.527777358280396 ], [ 26.500089732993512, 37.526911527370885 ], [ 26.499518463343954, 37.526286033656419 ], [ 26.498200596473666, 37.525277845435362 ], [ 26.497657091035421, 37.52498383407589 ], [ 26.497164030990618, 37.52470203612188 ], [ 26.496347680220751, 37.524227825864301 ], [ 26.495946233105393, 37.524070701422069 ], [ 26.495782100555701, 37.524428415241559 ], [ 26.495187240057334, 37.525188826747225 ], [ 26.495309876223914, 37.525365557308568 ], [ 26.49692077781701, 37.526659809909432 ], [ 26.497196519534356, 37.526926281732479 ], [ 26.498688909225116, 37.528415622166001 ], [ 26.499353101699711, 37.52882662124167 ] ] ] ] } },
{ "type": "Feature", "properties": { "id": 35, "Pres_Fish": 1 }, "geometry": { "type": "MultiPolygon", "coordinates": [ [ [ [ 26.497535693745963, 37.518610848743627 ], [ 26.49777719113861, 37.518851478051729 ], [ 26.498102820043716, 37.518864512164036 ], [ 26.498383465742705, 37.518778873512794 ], [ 26.498787325337837, 37.518637493276309 ], [ 26.499428392461617, 37.518358257462332 ], [ 26.499757478050565, 37.51822509876343 ], [ 26.500841569263329, 37.518228702976806 ], [ 26.501037424244849, 37.518350743766071 ], [ 26.501418143629547, 37.518515358127161 ], [ 26.501763318036016, 37.51861430864421 ], [ 26.50221095506857, 37.518286024423624 ], [ 26.502413941305953, 37.51812232331595 ], [ 26.502444293101309, 37.517782958737001 ], [ 26.502306541640746, 37.517653047036454 ], [ 26.501962830235787, 37.517348177674158 ], [ 26.501177293006794, 37.517046028000152 ], [ 26.500469410421974, 37.516821927252117 ], [ 26.499688842496159, 37.516918157956972 ], [ 26.499133768376545, 37.517275273679452 ], [ 26.498916769632743, 37.517518965016585 ], [ 26.49813280994033, 37.518013753160751 ], [ 26.49758361786839, 37.518297679708255 ], [ 26.497535693745963, 37.518610848743627 ] ] ] ] } },
{ "type": "Feature", "properties": { "id": 36, "Pres_Fish": 1 }, "geometry": { "type": "MultiPolygon", "coordinates": [ [ [ [ 26.487934274178848, 37.518447762999038 ], [ 26.487917434534634, 37.518693857471199 ], [ 26.487952528302586, 37.518746250702584 ], [ 26.488838417700354, 37.518807275320142 ], [ 26.48943570890302, 37.518714981276929 ], [ 26.490331648217165, 37.517573651869064 ], [ 26.491582601818738, 37.517580462712978 ], [ 26.491701241674139, 37.517637732977107 ], [ 26.492375718815083, 37.517610210991535 ], [ 26.493028070290865, 37.517669493281431 ], [ 26.493371242434915, 37.517708736471661 ], [ 26.494416829749326, 37.518058576479788 ], [ 26.495237451673155, 37.518413162609093 ], [ 26.495920265730948, 37.518385444026961 ], [ 26.496122381786968, 37.518195205553582 ], [ 26.49615187740093, 37.517829293881647 ], [ 26.495564119959322, 37.517456508169381 ], [ 26.495570019627209, 37.517383325838438 ], [ 26.495821021762538, 37.517158846383246 ], [ 26.495830830069597, 37.51695274938622 ], [ 26.496262189419209, 37.516385733982254 ], [ 26.496257323027926, 37.516239721671127 ], [ 26.496215367842641, 37.515981586421759 ], [ 26.496197745708333, 37.515703011801712 ], [ 26.496624377550916, 37.515494741554825 ], [ 26.496640599227597, 37.515481115274206 ], [ 26.496820143489636, 37.51536441065965 ], [ 26.497064794631122, 37.515199837384543 ], [ 26.497689475329253, 37.515179980262438 ], [ 26.497867467846746, 37.515016815715398 ], [ 26.497830077500289, 37.514645677274864 ], [ 26.497347776462352, 37.514184327799953 ], [ 26.497007641108329, 37.513985633282353 ], [ 26.496825370688097, 37.513770315699546 ], [ 26.496509128136463, 37.513537906317453 ], [ 26.496073588083075, 37.513228319316781 ], [ 26.495634805532273, 37.513071556095063 ], [ 26.495202145745878, 37.512848245740216 ], [ 26.494906996569416, 37.512748218168866 ], [ 26.49456539390663, 37.512755437178434 ], [ 26.494193557854391, 37.512856276473052 ], [ 26.4940734425705, 37.513004929579147 ], [ 26.494048954476387, 37.513271111206485 ], [ 26.494122680720796, 37.513482084968182 ], [ 26.494171411770527, 37.513693586776597 ], [ 26.494359133338946, 37.513822452528856 ], [ 26.494615721154751, 37.514016278761289 ], [ 26.494775795899631, 37.514066028793209 ], [ 26.495011963505664, 37.514147378400082 ], [ 26.495484963537411, 37.514329986925397 ], [ 26.495688689415864, 37.514438587357979 ], [ 26.495481717245674, 37.514482812432441 ], [ 26.495234411548061, 37.514567739319723 ], [ 26.494898548384313, 37.514747519804743 ], [ 26.494706759388585, 37.514997312373964 ], [ 26.494513268199722, 37.515446388730673 ], [ 26.494562222980949, 37.515664527160538 ], [ 26.494570180615767, 37.515903456727081 ], [ 26.494632773388989, 37.516280705381021 ], [ 26.494191456021355, 37.516549053262615 ], [ 26.494049587641655, 37.516545409094746 ], [ 26.492802566906168, 37.516405709031893 ], [ 26.490551989987395, 37.516426646737678 ], [ 26.490487926621483, 37.516255316511469 ], [ 26.490509338169549, 37.515896217918197 ], [ 26.49044891960083, 37.515332955813697 ], [ 26.490072378785836, 37.515042026610708 ], [ 26.489338495808255, 37.515037579769398 ], [ 26.489137693288349, 37.515267628789047 ], [ 26.489068267406275, 37.51568751416071 ], [ 26.489196337387305, 37.515777796250312 ], [ 26.489157863492842, 37.516376352449683 ], [ 26.48915857473153, 37.51664864346003 ], [ 26.488933432462165, 37.516899130213787 ], [ 26.48895963002251, 37.51743654822981 ], [ 26.488472259745777, 37.517825395029774 ], [ 26.488236794856508, 37.51801632361758 ], [ 26.487934274178848, 37.518447762999038 ] ] ] ] } },
{ "type": "Feature", "properties": { "id": 36, "Pres_Fish": 1 }, "geometry": { "type": "MultiPolygon", "coordinates": [ [ [ [ 26.492509935928581, 37.508523168119055 ], [ 26.492684290993235, 37.508751943260769 ], [ 26.492987090258371, 37.508831890347849 ], [ 26.49339378000597, 37.508776810230763 ], [ 26.493632517019915, 37.508685426772637 ], [ 26.494214163052039, 37.508626648180559 ], [ 26.494493892085007, 37.508514472099961 ], [ 26.494703433965583, 37.508297512793987 ], [ 26.49478210564218, 37.508156376493943 ], [ 26.494633844488025, 37.507960261178255 ], [ 26.494511682670819, 37.507796802240684 ], [ 26.49438709079184, 37.507560336785168 ], [ 26.494399333892098, 37.507427245875462 ], [ 26.49442757640135, 37.507273892076348 ], [ 26.494389104292221, 37.506869566633185 ], [ 26.494200075139684, 37.506700878498513 ], [ 26.493909527416687, 37.506487843330895 ], [ 26.493549965564551, 37.506455588679167 ], [ 26.493210599734713, 37.506529172237471 ], [ 26.492958077471613, 37.506707186852957 ], [ 26.492795650738273, 37.50683680729491 ], [ 26.49280211448524, 37.507281658940059 ], [ 26.492950590364138, 37.507484413748649 ], [ 26.492937019661007, 37.507577682900354 ], [ 26.492716493333763, 37.507715171706671 ], [ 26.492563278535798, 37.507871163795137 ], [ 26.492429595960321, 37.508113084296745 ], [ 26.492441519000721, 37.508471479685937 ], [ 26.492509935928581, 37.508523168119055 ] ] ] ] } },
{ "type": "Feature", "properties": { "id": 37, "Pres_Fish": 1 }, "geometry": { "type": "MultiPolygon", "coordinates": [ [ [ [ 26.49235207562835, 37.503426037577015 ], [ 26.492760723915094, 37.503430693240787 ], [ 26.493188843797476, 37.503268895871742 ], [ 26.493782471524046, 37.503070393017786 ], [ 26.494340628423537, 37.503058601866343 ], [ 26.495043721558563, 37.503143369374087 ], [ 26.495362056323074, 37.503189774329087 ], [ 26.495751458114956, 37.503367508385182 ], [ 26.496065000719721, 37.503520278529223 ], [ 26.496517292785683, 37.503583772930718 ], [ 26.496848974360894, 37.503530267415606 ], [ 26.497174020083062, 37.503277652988295 ], [ 26.497209848873492, 37.50285183199621 ], [ 26.497017949227001, 37.502596867986576 ], [ 26.496390648512666, 37.502284694759837 ], [ 26.495703118423251, 37.502166398123158 ], [ 26.49466482204447, 37.502028943216864 ], [ 26.494278743404845, 37.50195075943833 ], [ 26.492719600005394, 37.501943839103483 ], [ 26.492438126082412, 37.50200291463522 ], [ 26.491846324160957, 37.502506886632801 ], [ 26.491788727412271, 37.502780408659831 ], [ 26.491870822174231, 37.503243589269772 ], [ 26.49205062347599, 37.503385909738945 ], [ 26.49235207562835, 37.503426037577015 ] ] ] ] } },
{ "type": "Feature", "properties": { "id": 38, "Pres_Fish": 1 }, "geometry": { "type": "MultiPolygon", "coordinates": [ [ [ [ 26.542107668449969, 37.516730539980536 ], [ 26.542221389848546, 37.516887487839206 ], [ 26.542559172981097, 37.517013043512328 ], [ 26.542962711440936, 37.517110615516536 ], [ 26.543401599988599, 37.517021461407609 ], [ 26.543749512486816, 37.516954190798472 ], [ 26.544311123106233, 37.516795973321393 ], [ 26.544638750927849, 37.51637713589961 ], [ 26.545359999889072, 37.516009584505213 ], [ 26.545920020535558, 37.515804903034358 ], [ 26.546179192248186, 37.515580142400125 ], [ 26.546228699379938, 37.515074317849056 ], [ 26.545913884430881, 37.5148885034382 ], [ 26.545388988359825, 37.514899822853685 ], [ 26.545034559424792, 37.515020370948001 ], [ 26.54485486985347, 37.515130509490817 ], [ 26.544379060167554, 37.515114200050938 ], [ 26.544133617237449, 37.515252320914925 ], [ 26.54364093314592, 37.515721204509198 ], [ 26.543491193514711, 37.515976809494504 ], [ 26.543466641694163, 37.515744884658439 ], [ 26.543577201393205, 37.515563180867439 ], [ 26.543582363032229, 37.514978614217448 ], [ 26.543506018384772, 37.514694673034136 ], [ 26.543202241201229, 37.514342574907424 ], [ 26.542860418661739, 37.514343297156053 ], [ 26.542520848862821, 37.514410385304792 ], [ 26.54229319415689, 37.514581326940132 ], [ 26.542176105626908, 37.515062039530982 ], [ 26.54217047971672, 37.515387596192276 ], [ 26.542152692647402, 37.515600508548346 ], [ 26.542052941427574, 37.516100772237095 ], [ 26.542013086645444, 37.516400499801961 ], [ 26.542107668449969, 37.516730539980536 ] ] ] ] } },
{ "type": "Feature", "properties": { "id": 39, "Pres_Fish": 1 }, "geometry": { "type": "MultiPolygon", "coordinates": [ [ [ [ 26.485579928029871, 37.556847434198843 ], [ 26.48543103520894, 37.556634719053058 ], [ 26.485357945417466, 37.556443652709035 ], [ 26.485192711544855, 37.556241243765157 ], [ 26.484942390832401, 37.556239873735898 ], [ 26.484713814830023, 37.556390801635402 ], [ 26.484485678850103, 37.556555002995715 ], [ 26.484539488939514, 37.556919156891006 ], [ 26.484694884659419, 37.557327662817386 ], [ 26.485026679039628, 37.557772303285788 ], [ 26.486060635296983, 37.558760044017092 ], [ 26.486218202384062, 37.558982537816256 ], [ 26.485907354241991, 37.559168409338668 ], [ 26.484607054457243, 37.558199558862974 ], [ 26.484205519928611, 37.557915783312261 ], [ 26.483737773692074, 37.557899063152043 ], [ 26.483560974799047, 37.558102031692691 ], [ 26.483573758527516, 37.558486974204008 ], [ 26.484004052536491, 37.558883053294849 ], [ 26.484576521400268, 37.55928942038706 ], [ 26.48525693705589, 37.559680227965337 ], [ 26.485661132531128, 37.560043642506294 ], [ 26.486006972041643, 37.560408285039827 ], [ 26.486578470265254, 37.560784775359224 ], [ 26.486780769455226, 37.560846927881791 ], [ 26.487012444454926, 37.560788912618548 ], [ 26.486984733558657, 37.560457418056984 ], [ 26.486989047002943, 37.560085399085956 ], [ 26.487137348675653, 37.560029140772706 ], [ 26.487369462379245, 37.559984398739672 ], [ 26.487310271447324, 37.560211459892336 ], [ 26.487561267561436, 37.560232735170558 ], [ 26.487821872345194, 37.560041277040732 ], [ 26.488057410551328, 37.55959796716548 ], [ 26.487984973242398, 37.559426813629102 ], [ 26.487862849379198, 37.55876523124914 ], [ 26.487673696566983, 37.558596538179913 ], [ 26.486939947357204, 37.558107244966529 ], [ 26.485579928029871, 37.556847434198843 ] ] ] ] } },
{ "type": "Feature", "properties": { "id": 40, "Pres_Fish": 1 }, "geometry": { "type": "MultiPolygon", "coordinates": [ [ [ [ 26.482084779788789, 37.558354745942481 ], [ 26.482926295515341, 37.55781899903679 ], [ 26.483357790977838, 37.557497764771348 ], [ 26.483532605521454, 37.557235064077005 ], [ 26.483290580632307, 37.556981135940596 ], [ 26.482960378754793, 37.556835327969125 ], [ 26.482800217809654, 37.556785565224622 ], [ 26.482222152234282, 37.556963765881115 ], [ 26.481743717103999, 37.557378965391138 ], [ 26.481253606129474, 37.55744240465463 ], [ 26.481227084859604, 37.557648851373301 ], [ 26.481321023262336, 37.557965672048191 ], [ 26.481620302292249, 37.558185192282245 ], [ 26.481876576843646, 37.558365766738831 ], [ 26.482084779788789, 37.558354745942481 ] ] ] ] } },
{ "type": "Feature", "properties": { "id": 41, "Pres_Fish": 1 }, "geometry": { "type": "MultiPolygon", "coordinates": [ [ [ [ 26.479938416847023, 37.562362080158991 ], [ 26.480126242081461, 37.562490964105052 ], [ 26.480170570779396, 37.562569731327123 ], [ 26.479956219473028, 37.56264729392462 ], [ 26.479753286620522, 37.562817598289961 ], [ 26.479237295348277, 37.563359767299339 ], [ 26.479293583536787, 37.564554068848089 ], [ 26.479256076815233, 37.564681046917748 ], [ 26.479077709921835, 37.564837550846924 ], [ 26.478908560168286, 37.565020427189133 ], [ 26.478830904377286, 37.565194739648597 ], [ 26.478552922684013, 37.56536661862787 ], [ 26.478052878674056, 37.565383762902393 ], [ 26.477751380121422, 37.565097864899144 ], [ 26.477636831711131, 37.564914305975847 ], [ 26.477355970355273, 37.564747522011444 ], [ 26.47708082722253, 37.56475329842673 ], [ 26.47684101348306, 37.564818106838878 ], [ 26.476685895299887, 37.56492098655184 ], [ 26.476674056627413, 37.565067349835701 ], [ 26.476675172563919, 37.56535291441012 ], [ 26.476867617585974, 37.565621179699129 ], [ 26.477069721183689, 37.565929091360871 ], [ 26.477125245467469, 37.56609396521668 ], [ 26.477391195290139, 37.566314195352213 ], [ 26.478892446135664, 37.566295948707221 ], [ 26.479006975102276, 37.566227126770904 ], [ 26.479071476960442, 37.566159355816573 ], [ 26.479213219822245, 37.566156377683399 ], [ 26.479248331789325, 37.566208772542815 ], [ 26.479453281820295, 37.566350580699527 ], [ 26.480079279726699, 37.566357349363564 ], [ 26.48029386150095, 37.566286423159625 ], [ 26.480390392317048, 37.566178128774006 ], [ 26.480326082684634, 37.566000158089238 ], [ 26.480150300034168, 37.565731548430222 ], [ 26.47995982453735, 37.565523021481347 ], [ 26.48005503400481, 37.565374905677274 ], [ 26.480251396415525, 37.565257871485791 ], [ 26.480517322262248, 37.565225715104965 ], [ 26.480652266938026, 37.565269369212771 ], [ 26.480844254399091, 37.565271974392061 ], [ 26.481014721214674, 37.56512891709901 ], [ 26.481131417165791, 37.564874083454519 ], [ 26.481043604503739, 37.564490718480769 ], [ 26.480563486347524, 37.564102318141295 ], [ 26.480326291306014, 37.563994397510207 ], [ 26.480581203223633, 37.56363039368393 ], [ 26.48082626414735, 37.563472485344207 ], [ 26.480948684108473, 37.563390212522123 ], [ 26.481026333242458, 37.563215898862246 ], [ 26.481750338225279, 37.562908444162709 ], [ 26.481988598974784, 37.562797167519527 ], [ 26.482191967107177, 37.562640133374487 ], [ 26.482119760001073, 37.562475612884271 ], [ 26.481876213432386, 37.562427603108368 ], [ 26.481870926446344, 37.562268316457306 ], [ 26.482118183300038, 37.562176775088631 ], [ 26.482258781745347, 37.561888229662074 ], [ 26.482016084184671, 37.561614388645573 ], [ 26.481580562626981, 37.561563774539017 ], [ 26.479877773395426, 37.561539798733506 ], [ 26.479633350748202, 37.561465236336453 ], [ 26.478738180292162, 37.56139106197125 ], [ 26.478480824281839, 37.561429675743987 ], [ 26.4779549148918, 37.561420796176463 ], [ 26.477944858679301, 37.561872634997442 ], [ 26.478074338680205, 37.562255127649138 ], [ 26.478403896383675, 37.562381037781769 ], [ 26.479938416847023, 37.562362080158991 ] ] ] ] } },
{ "type": "Feature", "properties": { "id": 42, "Pres_Fish": 1 }, "geometry": { "type": "MultiPolygon", "coordinates": [ [ [ [ 26.466825363382043, 37.571167568353218 ], [ 26.46711588035765, 37.571374024901445 ], [ 26.467702202530376, 37.571441462633082 ], [ 26.468137556365292, 37.571485489205322 ], [ 26.46853341966554, 37.571344375969957 ], [ 26.469059627338439, 37.571107551679845 ], [ 26.468845914351554, 37.570700245343346 ], [ 26.468366295490036, 37.56931554665708 ], [ 26.467894972083077, 37.569192574011659 ], [ 26.46729637214785, 37.569258225499908 ], [ 26.467088339390173, 37.569528239061007 ], [ 26.46716906437015, 37.56995161286526 ], [ 26.466989971939476, 37.570592950103098 ], [ 26.466825363382043, 37.571167568353218 ] ] ] ] } },
{ "type": "Feature", "properties": { "id": 43, "Pres_Fish": 1 }, "geometry": { "type": "MultiPolygon", "coordinates": [ [ [ [ 26.469924611019628, 37.572032552637815 ], [ 26.470012821249576, 37.572176820875313 ], [ 26.470463102515389, 37.572167393602662 ], [ 26.470972632219308, 37.571930910004539 ], [ 26.4710546988847, 37.572394102040349 ], [ 26.471429495531599, 37.572625348865252 ], [ 26.47195701904143, 37.572428333597912 ], [ 26.472107546975948, 37.571933702803761 ], [ 26.472020645733519, 37.571324498054352 ], [ 26.471910927476078, 37.571034567143897 ], [ 26.471395701696721, 37.571098492860003 ], [ 26.47076461445257, 37.571191408943854 ], [ 26.470418348572309, 37.571318207991148 ], [ 26.47003653449493, 37.571379334384552 ], [ 26.46956914236867, 37.57137583493116 ], [ 26.469578790361783, 37.571667862719011 ], [ 26.469702107780364, 37.571864529061529 ], [ 26.469924611019628, 37.572032552637815 ] ] ] ] } },
{ "type": "Feature", "properties": { "id": 44, "Pres_Fish": 1 }, "geometry": { "type": "MultiPolygon", "coordinates": [ [ [ [ 26.472358128003453, 37.570932215128948 ], [ 26.472501419164928, 37.571101893611434 ], [ 26.472793263414566, 37.571095777533863 ], [ 26.473146325157547, 37.570922338063198 ], [ 26.473410298514903, 37.570830464117407 ], [ 26.473552929316241, 37.570854040372083 ], [ 26.473756125214912, 37.570942762457989 ], [ 26.474349028974867, 37.570956896446305 ], [ 26.474587546291183, 37.570852270561637 ], [ 26.474849759576138, 37.570707297703535 ], [ 26.474823634433623, 37.570422257794249 ], [ 26.47461823637731, 37.570140977926236 ], [ 26.474465281035197, 37.569805465218593 ], [ 26.475073313961669, 37.56977278735112 ], [ 26.47522472090348, 37.569809460667202 ], [ 26.47551569401444, 37.570029169863595 ], [ 26.47596729467578, 37.570311923480411 ], [ 26.476326061305631, 37.570311035911828 ], [ 26.476540878051257, 37.57024675301183 ], [ 26.477068351457259, 37.569797336372922 ], [ 26.477194725288463, 37.569582152774537 ], [ 26.47742005687083, 37.569331683405629 ], [ 26.477438012960977, 37.568866396010286 ], [ 26.477709630759225, 37.568502047425746 ], [ 26.477496979487917, 37.568127942808999 ], [ 26.476503569636293, 37.566853689489342 ], [ 26.474839710437273, 37.566749126527014 ], [ 26.474298185543578, 37.566773766619228 ], [ 26.47407174811061, 37.566864855337755 ], [ 26.473969943852268, 37.567066237414402 ], [ 26.474056841614377, 37.567296870790273 ], [ 26.474245988040625, 37.567465585783403 ], [ 26.47451675797668, 37.567579456033464 ], [ 26.475885508313414, 37.567590592359551 ], [ 26.475956168820638, 37.567708658077173 ], [ 26.476044384871258, 37.567852921667026 ], [ 26.476395493773701, 37.568376879497336 ], [ 26.476333625783074, 37.56852429269577 ], [ 26.476239284473344, 37.568698953688141 ], [ 26.476164696727974, 37.56896618215918 ], [ 26.47603304496818, 37.569022077570516 ], [ 26.475848286699975, 37.568986105101168 ], [ 26.475592427685083, 37.56881879255473 ], [ 26.47512285512482, 37.568748944856495 ], [ 26.474687514655173, 37.568704943633897 ], [ 26.474023099975689, 37.56879857584282 ], [ 26.473596104746427, 37.569006775712793 ], [ 26.473336749298607, 37.569238026422326 ], [ 26.473265224820064, 37.569598171127836 ], [ 26.47325908843445, 37.569917095671208 ], [ 26.47302737333488, 37.569975085219454 ], [ 26.472988311581791, 37.569803222807401 ], [ 26.472915457954528, 37.569618785448085 ], [ 26.472620542331935, 37.569279603810855 ], [ 26.472211089928496, 37.569009237108069 ], [ 26.471775747464932, 37.568460464746117 ], [ 26.471476014613515, 37.567975266081483 ], [ 26.470797562755742, 37.567644112557069 ], [ 26.470519772052882, 37.567822610508948 ], [ 26.470398206296252, 37.568183801477652 ], [ 26.470492115020317, 37.568500631422403 ], [ 26.470754104049274, 37.568853791274471 ], [ 26.471034965869322, 37.569272971095756 ], [ 26.471621713646599, 37.569858424149636 ], [ 26.471932426043832, 37.570170711013802 ], [ 26.472358128003453, 37.570932215128948 ] ] ] ] } },
{ "type": "Feature", "properties": { "id": 45, "Pres_Fish": 1 }, "geometry": { "type": "MultiPolygon", "coordinates": [ [ [ [ 26.475875352936612, 37.577029859973088 ], [ 26.477170104423422, 37.57706909796746 ], [ 26.478438298628312, 37.577062388621989 ], [ 26.478521663839707, 37.576808257755815 ], [ 26.47843189086781, 37.576617538150927 ], [ 26.478231290948642, 37.576356089185438 ], [ 26.478093466278459, 37.57622615273273 ], [ 26.476585435745651, 37.576297666962326 ], [ 26.476416677234841, 37.576241435119378 ], [ 26.476197225564828, 37.57616634226126 ], [ 26.475457037236783, 37.576241648977287 ], [ 26.475306510424204, 37.576483903777778 ], [ 26.475334179598345, 37.576815401894258 ], [ 26.475774844621661, 37.577018685972149 ], [ 26.475875352936612, 37.577029859973088 ] ] ] ] } },
{ "type": "Feature", "properties": { "id": 46, "Pres_Fish": 1 }, "geometry": { "type": "MultiPolygon", "coordinates": [ [ [ [ 26.474816017709035, 37.580868104187928 ], [ 26.474769084665159, 37.581466829906482 ], [ 26.474644004330489, 37.581721833221664 ], [ 26.474464489750641, 37.581845146756578 ], [ 26.474119940452855, 37.58202505367413 ], [ 26.473655558448815, 37.582114490262228 ], [ 26.473343485699235, 37.582267147716578 ], [ 26.473114808312772, 37.582418056189702 ], [ 26.473075314489861, 37.582737679441799 ], [ 26.473102538308208, 37.583055904101464 ], [ 26.473289967009553, 37.583171523166932 ], [ 26.473760948119462, 37.583281196614827 ], [ 26.473990066188232, 37.583143560781068 ], [ 26.474269221750568, 37.583004875100727 ], [ 26.474287219890883, 37.583044347037763 ], [ 26.474493527786791, 37.583225983884901 ], [ 26.474980750565035, 37.58332202862497 ], [ 26.475461817602437, 37.583232236642012 ], [ 26.475704093128957, 37.582988056380763 ], [ 26.47619784059976, 37.582273688136745 ], [ 26.476254879848163, 37.581980262014604 ], [ 26.476198243975869, 37.581782203754081 ], [ 26.476450152893833, 37.581325289685523 ], [ 26.476626984153157, 37.580617571621751 ], [ 26.476969719694818, 37.579879803955059 ], [ 26.477240056774374, 37.579475633878559 ], [ 26.477309368549658, 37.579049118179505 ], [ 26.477213215370572, 37.578665926192734 ], [ 26.476670706674678, 37.578411653155584 ], [ 26.475547128389021, 37.578754029557558 ], [ 26.475439173029063, 37.579021957518385 ], [ 26.475285577946305, 37.579423674341172 ], [ 26.474953790872579, 37.579988526873024 ], [ 26.474816017709035, 37.580868104187928 ] ] ] ] } },
{ "type": "Feature", "properties": { "id": 47, "Pres_Fish": 1 }, "geometry": { "type": "MultiPolygon", "coordinates": [ [ [ [ 26.460870445590079, 37.573193394264123 ], [ 26.460725740012219, 37.57386721333382 ], [ 26.46052684757921, 37.574415971971099 ], [ 26.460382865658708, 37.574604939169461 ], [ 26.46027289403359, 37.574813121788807 ], [ 26.460142711252541, 37.575167840796524 ], [ 26.460187608829518, 37.575771289590179 ], [ 26.460302096869643, 37.576207247357694 ], [ 26.46035712018983, 37.57661123706621 ], [ 26.460571934557414, 37.576799363412732 ], [ 26.460946942027455, 37.577037280796468 ], [ 26.461345472114274, 37.576975834663912 ], [ 26.461585995314778, 37.576930967116553 ], [ 26.461764240703889, 37.57651546951147 ], [ 26.461921402465737, 37.576219960211311 ], [ 26.461886422495589, 37.575158035599436 ], [ 26.462111385537582, 37.57489431922982 ], [ 26.462538506503417, 37.574181396666312 ], [ 26.46274881254848, 37.573472998400923 ], [ 26.462846310141806, 37.572886503201474 ], [ 26.463052617703386, 37.57256340017846 ], [ 26.463412955381006, 37.572356629642201 ], [ 26.463744311924636, 37.57228329502523 ], [ 26.464172667605141, 37.572114951428006 ], [ 26.464577779221973, 37.571747844103847 ], [ 26.464793312443195, 37.571198731330682 ], [ 26.46502420633843, 37.570609447706474 ], [ 26.465210319797976, 37.570180497454487 ], [ 26.465219159348354, 37.569436454473625 ], [ 26.465350382824539, 37.569367296788592 ], [ 26.465427636580547, 37.569179718013181 ], [ 26.465667714000528, 37.56886918811302 ], [ 26.465793283234657, 37.568122705680885 ], [ 26.465393533058737, 37.567639581033681 ], [ 26.464932773517049, 37.567330410910621 ], [ 26.464584373929469, 37.56688606015036 ], [ 26.464121434884287, 37.566510516265936 ], [ 26.463803717874768, 37.566490584469058 ], [ 26.463325802360583, 37.56667324425171 ], [ 26.463165545700157, 37.567380599067548 ], [ 26.46353673958177, 37.568010442852284 ], [ 26.46353974732347, 37.568608123644779 ], [ 26.46355500376356, 37.569577477933223 ], [ 26.463630843883575, 37.570359602495778 ], [ 26.463403001597641, 37.571041802149225 ], [ 26.463027305198398, 37.571288742776609 ], [ 26.462550669467166, 37.571511222611541 ], [ 26.462156104571505, 37.571692138382971 ], [ 26.461631617849974, 37.571982029040775 ], [ 26.461392825231322, 37.572332373732173 ], [ 26.460870445590079, 37.573193394264123 ] ] ] ] } },
{ "type": "Feature", "properties": { "id": 48, "Pres_Fish": 1 }, "geometry": { "type": "MultiPolygon", "coordinates": [ [ [ [ 26.458347956867652, 37.58077647339752 ], [ 26.45860975928359, 37.580870641743907 ], [ 26.459042980782382, 37.580848329697226 ], [ 26.459214398692328, 37.580731849677647 ], [ 26.459477769575837, 37.580620094122885 ], [ 26.459667176129283, 37.580543087987792 ], [ 26.460484887957207, 37.58053932042592 ], [ 26.460680884278307, 37.58040904254316 ], [ 26.460842647623615, 37.580252912034467 ], [ 26.460901276504476, 37.580005950373135 ], [ 26.460808046521059, 37.579709023517353 ], [ 26.460804755769235, 37.578088544397595 ], [ 26.460906862289711, 37.577641428138136 ], [ 26.461128557348832, 37.5772781578899 ], [ 26.460815200175226, 37.577138579133461 ], [ 26.460551660472465, 37.576991318993066 ], [ 26.460073015102342, 37.577154056844144 ], [ 26.459897892698987, 37.577157708208652 ], [ 26.459753724021382, 37.577087656467896 ], [ 26.459444738368497, 37.577080814727111 ], [ 26.459119292799098, 37.577080956842963 ], [ 26.458883134725824, 37.577258560271346 ], [ 26.458713470782669, 37.577428135951507 ], [ 26.458670599421858, 37.577900582473227 ], [ 26.459133327542862, 37.578521889852638 ], [ 26.459117482405254, 37.578801166963309 ], [ 26.458942056392651, 37.579302942647004 ], [ 26.458733093168732, 37.579546394943023 ], [ 26.458444706422867, 37.579658670087831 ], [ 26.45827700132147, 37.579887978681441 ], [ 26.45807637383929, 37.580131256160023 ], [ 26.458071702459392, 37.580496641012232 ], [ 26.458330622672211, 37.580756909819605 ], [ 26.458347956867652, 37.58077647339752 ] ] ] ] } },
{ "type": "Feature", "properties": { "id": 45, "Pres_Fish": 1 }, "geometry": { "type": "MultiPolygon", "coordinates": [ [ [ [ 26.454294291165468, 37.582787268472792 ], [ 26.454729162066183, 37.583322831630923 ], [ 26.454769499266234, 37.583534523298106 ], [ 26.45466179015229, 37.584320472287978 ], [ 26.454640968922739, 37.585210878784558 ], [ 26.454931510679877, 37.58541736416457 ], [ 26.455533743876209, 37.585457963452079 ], [ 26.455813380883345, 37.585332594099832 ], [ 26.456142621055246, 37.585192908224798 ], [ 26.456216857723291, 37.584912415894706 ], [ 26.456173024497023, 37.584594532182436 ], [ 26.456031293661354, 37.58434510242548 ], [ 26.455956283501106, 37.584094283537986 ], [ 26.455993669671866, 37.583708292984625 ], [ 26.456079785805596, 37.583281438388198 ], [ 26.456022765399879, 37.583070094523563 ], [ 26.455681420751787, 37.582333341763089 ], [ 26.456025146236716, 37.582126938912566 ], [ 26.455974771729728, 37.581609943358401 ], [ 26.455797944114142, 37.581308110987543 ], [ 26.455104221350926, 37.580259894051011 ], [ 26.454841771006276, 37.580145806504298 ], [ 26.454660318428719, 37.579956975614536 ], [ 26.454501213763525, 37.579940361001952 ], [ 26.454304771306305, 37.580057354835319 ], [ 26.454109854004869, 37.580220807799066 ], [ 26.454020952546792, 37.580308997767567 ], [ 26.45405359997396, 37.580540774560262 ], [ 26.454194662467859, 37.580770296143832 ], [ 26.454135243931127, 37.581502107669706 ], [ 26.4540865136902, 37.581542970895683 ], [ 26.454058765687776, 37.58196861017386 ], [ 26.454247689737617, 37.582130720084649 ], [ 26.454179389662048, 37.582338030316762 ], [ 26.454167941890802, 37.582497666719824 ], [ 26.454189635342615, 37.582649972118489 ], [ 26.454294291165468, 37.582787268472792 ] ] ] ] } },
{ "type": "Feature", "properties": { "id": 46, "Pres_Fish": 1 }, "geometry": { "type": "MultiPolygon", "coordinates": [ [ [ [ 26.456717992385148, 37.572867814691222 ], [ 26.456759756810136, 37.573630729026668 ], [ 26.456503603898934, 37.573961500815429 ], [ 26.456094783160864, 37.573963370236442 ], [ 26.455918795385507, 37.573940467195236 ], [ 26.455617725282604, 37.573920167253611 ], [ 26.455081750874957, 37.574369666756844 ], [ 26.455071286373048, 37.575067252546411 ], [ 26.455252727388494, 37.575256083328817 ], [ 26.455641335902637, 37.57540075259017 ], [ 26.456410049952016, 37.575431241904226 ], [ 26.457562438434703, 37.576217518641165 ], [ 26.458156433303888, 37.57651729942156 ], [ 26.45836050144705, 37.576632596244103 ], [ 26.459144377836704, 37.576616260423705 ], [ 26.459557658948455, 37.576242358014738 ], [ 26.459518226279542, 37.575804834873288 ], [ 26.458980421405386, 37.575437473909986 ], [ 26.458461919439117, 37.575149407330322 ], [ 26.45806959657407, 37.574891917675856 ], [ 26.457713250908782, 37.574713376409974 ], [ 26.457545163434236, 37.574677028071058 ], [ 26.457977347825345, 37.574116772685521 ], [ 26.458184771421145, 37.573826862626703 ], [ 26.458233538552392, 37.57353361629923 ], [ 26.458295425072603, 37.572878129519623 ], [ 26.458172660654789, 37.572189961038632 ], [ 26.458039987489983, 37.571707888341763 ], [ 26.457866014397524, 37.57149233977136 ], [ 26.457841308603303, 37.570994734417404 ], [ 26.457483065936273, 37.570504076347824 ], [ 26.457163369192457, 37.570424393689706 ], [ 26.456916052116878, 37.570515884664957 ], [ 26.455975718153368, 37.570847616870239 ], [ 26.455726217722248, 37.570872734798982 ], [ 26.455489905797123, 37.570791312080807 ], [ 26.454883432048593, 37.570617966920743 ], [ 26.454588098760325, 37.570517845522744 ], [ 26.454473814872621, 37.570340899609327 ], [ 26.454361710665346, 37.570230324287685 ], [ 26.45444073652834, 37.570095848310707 ], [ 26.454505264562414, 37.570028089929082 ], [ 26.454404141059793, 37.567964653866206 ], [ 26.453694742650715, 37.567959483275345 ], [ 26.453326276557746, 37.568173034906799 ], [ 26.453218253543639, 37.568440945235416 ], [ 26.453064991511617, 37.568855911381483 ], [ 26.453122022093698, 37.569831042058397 ], [ 26.452857744081026, 37.570168616672667 ], [ 26.452873642110571, 37.570653123501494 ], [ 26.452785621006687, 37.570767860638725 ], [ 26.452854038472154, 37.571835736986564 ], [ 26.453009952298338, 37.572264199977077 ], [ 26.453186963266624, 37.572572675178257 ], [ 26.453330681603564, 37.57262946137044 ], [ 26.453617029580226, 37.572709847837295 ], [ 26.453986983168736, 37.572795136350017 ], [ 26.454319877860272, 37.57276828731959 ], [ 26.454672775301503, 37.572588264342706 ], [ 26.455078100916086, 37.572480207052394 ], [ 26.455374150667296, 37.572347856089387 ], [ 26.455804489768695, 37.572239275788817 ], [ 26.456041730682049, 37.572094864000064 ], [ 26.456270850157775, 37.571957262416312 ], [ 26.456494029448709, 37.571892841683017 ], [ 26.456650668060998, 37.572088828433287 ], [ 26.456717992385148, 37.572867814691222 ] ] ] ] } },
{ "type": "Feature", "properties": { "id": 48, "Pres_Fish": 1 }, "geometry": { "type": "MultiPolygon", "coordinates": [ [ [ [ 26.448132919298246, 37.563187451670416 ], [ 26.448273710954901, 37.563410345634885 ], [ 26.448470259511318, 37.563552383035592 ], [ 26.448992415082582, 37.563700945967511 ], [ 26.450106190648121, 37.56357155896648 ], [ 26.45027990478037, 37.563780483586335 ], [ 26.450698460277838, 37.564077305686538 ], [ 26.450998549434686, 37.564323454119673 ], [ 26.451107306005305, 37.564586859615972 ], [ 26.451265002480547, 37.564816040250776 ], [ 26.45152079575502, 37.564983408087684 ], [ 26.452129023854269, 37.564957486618269 ], [ 26.452372628538303, 37.564753175538449 ], [ 26.452334771421402, 37.564362107145186 ], [ 26.451997844383929, 37.56401046185595 ], [ 26.451693251292582, 37.563372554278246 ], [ 26.450666190948787, 37.562583612148572 ], [ 26.450445063335781, 37.562455372077416 ], [ 26.450089156872835, 37.562542461924963 ], [ 26.449798645691349, 37.562588343334788 ], [ 26.449661765086766, 37.56248491915472 ], [ 26.449492697309957, 37.562162989540454 ], [ 26.449232276481546, 37.56210862061328 ], [ 26.449253810811072, 37.562001907725829 ], [ 26.449357850750225, 37.561866915793026 ], [ 26.449514382665548, 37.561551510394104 ], [ 26.449418257054226, 37.560909268626268 ], [ 26.449247672566791, 37.560540878659175 ], [ 26.448962462842893, 37.560493665177852 ], [ 26.448634835710298, 37.560679787968105 ], [ 26.448492585993602, 37.560921838075068 ], [ 26.448390639187583, 37.561375583666312 ], [ 26.448384829918037, 37.561707785262172 ], [ 26.448181961671374, 37.562137058146597 ], [ 26.448092341020732, 37.562457715304028 ], [ 26.448132919298246, 37.563187451670416 ] ] ] ] } },
{ "type": "Feature", "properties": { "id": 49, "Pres_Fish": 1 }, "geometry": { "type": "MultiPolygon", "coordinates": [ [ [ [ 26.439901014628425, 37.572763913304485 ], [ 26.440419046300629, 37.572593858492944 ], [ 26.440725517150188, 37.572268721417885 ], [ 26.440799368650069, 37.571974962376167 ], [ 26.440457152753417, 37.571716376278403 ], [ 26.440076384916125, 37.57129918747161 ], [ 26.439620899909325, 37.571149207195027 ], [ 26.439281723960864, 37.570983537422116 ], [ 26.438920888723423, 37.571176962079157 ], [ 26.438949259851956, 37.571535023335137 ], [ 26.439061451543143, 37.571904635117669 ], [ 26.439047806066934, 37.571997899921968 ], [ 26.438534702839107, 37.572128054753996 ], [ 26.438240570248098, 37.572320098813293 ], [ 26.438335216227163, 37.572663507366009 ], [ 26.438472534353373, 37.572780218722649 ], [ 26.439901014628425, 37.572763913304485 ] ] ], [ [ [ 26.439857642156543, 37.572778151095868 ], [ 26.439907241653188, 37.572763842188088 ], [ 26.439901014628425, 37.572763913304485 ], [ 26.439857642156543, 37.572778151095868 ] ] ] ] } },
{ "type": "Feature", "properties": { "id": 50, "Pres_Fish": 1 }, "geometry": { "type": "MultiPolygon", "coordinates": [ [ [ [ 26.437214818052606, 37.577252604038122 ], [ 26.437518929860524, 37.57736587073385 ], [ 26.437986365018137, 37.57736949595737 ], [ 26.438954592434577, 37.577376051286521 ], [ 26.439246142776256, 37.577104359286722 ], [ 26.439286646863536, 37.576811290669617 ], [ 26.438741239371449, 37.576463918057236 ], [ 26.437988544424222, 37.576413057610019 ], [ 26.437422343368333, 37.576451322457721 ], [ 26.437298006573844, 37.57673283913288 ], [ 26.437214818052606, 37.577252604038122 ] ] ] ] } },
{ "type": "Feature", "properties": { "id": 51, "Pres_Fish": 1 }, "geometry": { "type": "MultiPolygon", "coordinates": [ [ [ [ 26.454318231978753, 37.589151460698567 ], [ 26.453800782876453, 37.590676506906242 ], [ 26.453845047121828, 37.59100766553393 ], [ 26.454175515146375, 37.591412569394549 ], [ 26.454257070273243, 37.591862500545489 ], [ 26.454003682617515, 37.592279550198917 ], [ 26.453681820519943, 37.592644890914741 ], [ 26.453784417234054, 37.593227216373784 ], [ 26.45424529881285, 37.593536424814545 ], [ 26.454563566410304, 37.593569652407083 ], [ 26.454824371418287, 37.593378261094401 ], [ 26.455090847196647, 37.593359432361964 ], [ 26.45513303935671, 37.593119457261523 ], [ 26.455148077732751, 37.592561251263426 ], [ 26.455222760283974, 37.592294033577033 ], [ 26.455232227766174, 37.591058501817251 ], [ 26.45508437867478, 37.590623234218008 ], [ 26.455045447832557, 37.589946602640502 ], [ 26.455330875735903, 37.589489034433342 ], [ 26.455388204774994, 37.58818609018283 ], [ 26.455540178497856, 37.587731299036399 ], [ 26.455643853888162, 37.587330645756509 ], [ 26.455649190195167, 37.586985172095559 ], [ 26.455240567778283, 37.586741296657841 ], [ 26.454823118474078, 37.586736700657788 ], [ 26.454561463470434, 37.586901543137323 ], [ 26.454387135180514, 37.587184116888167 ], [ 26.4543124537038, 37.58745133418229 ], [ 26.454318231978753, 37.589151460698567 ] ] ] ] } },
{ "type": "Feature", "properties": { "id": 53, "Pres_Fish": 1 }, "geometry": { "type": "MultiPolygon", "coordinates": [ [ [ [ 26.442939626871787, 37.600981048782337 ], [ 26.443280687691569, 37.601199798944009 ], [ 26.443746099040336, 37.60113702517171 ], [ 26.443952996856591, 37.600827225519993 ], [ 26.444229234954463, 37.600595687815549 ], [ 26.445452693779909, 37.599720206673133 ], [ 26.445632734816744, 37.599610208622018 ], [ 26.445887335321768, 37.599737761544702 ], [ 26.446378550673245, 37.599953389175617 ], [ 26.446831617005667, 37.600023691121919 ], [ 26.44718197237032, 37.600016423159396 ], [ 26.447524931290214, 37.599783493675957 ], [ 26.44746443919195, 37.599465952626929 ], [ 26.447203746990429, 37.599152565057203 ], [ 26.446947841563116, 37.598985192513332 ], [ 26.446810895203839, 37.598881767812109 ], [ 26.446560210225886, 37.598873684242726 ], [ 26.446339413154696, 37.598758714879843 ], [ 26.445745497879859, 37.598465517232029 ], [ 26.445274889324775, 37.598369008221169 ], [ 26.444824876267067, 37.59839161910557 ], [ 26.444412574381829, 37.598546278660692 ], [ 26.443801808312724, 37.598758181301669 ], [ 26.443496551991537, 37.599123150940237 ], [ 26.443138202150504, 37.599396237177672 ], [ 26.442895766115694, 37.599640355510687 ], [ 26.442799138650301, 37.599748622071886 ], [ 26.442859429298633, 37.600570930969404 ], [ 26.442939626871787, 37.600981048782337 ] ] ] ] } },
{ "type": "Feature", "properties": { "id": 54, "Pres_Fish": 1 }, "geometry": { "type": "MultiPolygon", "coordinates": [ [ [ [ 26.434515086286929, 37.599696551279763 ], [ 26.434616151288679, 37.599980054347533 ], [ 26.434913743492178, 37.600146593524506 ], [ 26.435212969028886, 37.600107208542966 ], [ 26.435535920974083, 37.600027483313191 ], [ 26.435954313286402, 37.600058693555717 ], [ 26.436492853013942, 37.599934663870322 ], [ 26.436748634782841, 37.599843039541156 ], [ 26.437033884312992, 37.599631257064054 ], [ 26.437018394614604, 37.599412404263454 ], [ 26.436751136047086, 37.599152261389619 ], [ 26.436543137716061, 37.598917460243612 ], [ 26.436133207481497, 37.598633696355776 ], [ 26.435734219773927, 37.59842940427572 ], [ 26.435392643447102, 37.598449740048942 ], [ 26.435038928278303, 37.598609799093602 ], [ 26.434920727698469, 37.598824770335909 ], [ 26.434882146901149, 37.599177571696025 ], [ 26.43465441968322, 37.599361595400254 ], [ 26.434515086286929, 37.599696551279763 ] ] ] ] } },
{ "type": "Feature", "properties": { "id": 55, "Pres_Fish": 1 }, "geometry": { "type": "MultiPolygon", "coordinates": [ [ [ [ 26.431224748862061, 37.59746641625965 ], [ 26.429874542309708, 37.597016040397499 ], [ 26.429738054149947, 37.596925869210395 ], [ 26.429639171466128, 37.596708732688384 ], [ 26.429493910812042, 37.596605458659347 ], [ 26.429124724989677, 37.596546645426706 ], [ 26.429168081775494, 37.596339862600409 ], [ 26.428969967382553, 37.596151335296604 ], [ 26.428736113952688, 37.595890485709297 ], [ 26.42837419457857, 37.595798312378164 ], [ 26.428108347407303, 37.595836992778473 ], [ 26.427350281463077, 37.596397206379052 ], [ 26.427291530803096, 37.596644155053319 ], [ 26.427413345933815, 37.597053428587778 ], [ 26.427795190111556, 37.597244818930513 ], [ 26.428166752386851, 37.597376645124385 ], [ 26.428758436043935, 37.597603562401581 ], [ 26.429165743076506, 37.597807707157081 ], [ 26.429305039013311, 37.597984162111942 ], [ 26.429645184115849, 37.598176405035815 ], [ 26.429850135829653, 37.598318298936064 ], [ 26.430427308389991, 37.59861192262408 ], [ 26.430832896946725, 37.598762963976611 ], [ 26.431363959877675, 37.598665678243236 ], [ 26.43182871975452, 37.598583040234693 ], [ 26.43222112441217, 37.598329210506854 ], [ 26.432521768037166, 37.598077271761824 ], [ 26.432635002003096, 37.597709648270879 ], [ 26.432458225083426, 37.597407779684559 ], [ 26.431980288873095, 37.597085553585451 ], [ 26.431600899075622, 37.597226206835927 ], [ 26.431224748862061, 37.59746641625965 ] ] ] ] } },
{ "type": "Feature", "properties": { "id": 56, "Pres_Fish": 1 }, "geometry": { "type": "MultiPolygon", "coordinates": [ [ [ [ 26.426836115880064, 37.59443240730792 ], [ 26.427111448962279, 37.594685765840126 ], [ 26.427382254008382, 37.594799742910347 ], [ 26.427718280430206, 37.59486588579928 ], [ 26.42813894152987, 37.594711112347817 ], [ 26.428271680880808, 37.59442943216856 ], [ 26.428489558245353, 37.594199132128999 ], [ 26.428538235753503, 37.593899257297977 ], [ 26.428647243593648, 37.593657914952814 ], [ 26.428604167417209, 37.593359929025624 ], [ 26.428836133152366, 37.593049638929109 ], [ 26.428965629707513, 37.592668400492798 ], [ 26.429089374098901, 37.592366979761685 ], [ 26.429281140827584, 37.592104007867874 ], [ 26.429431201286057, 37.591841894570599 ], [ 26.429430907562189, 37.59157623592688 ], [ 26.429390851982877, 37.591371170670669 ], [ 26.42900134142609, 37.591199867681119 ], [ 26.428715592045336, 37.591139334745066 ], [ 26.428560135616877, 37.591235517785954 ], [ 26.428258209780388, 37.591447623135814 ], [ 26.427867551638411, 37.591754536590877 ], [ 26.427694619834874, 37.592083534841116 ], [ 26.427578204236571, 37.59261061842254 ], [ 26.427478182453786, 37.592871699787466 ], [ 26.42729028978734, 37.593254138258978 ], [ 26.427001006816386, 37.593598812727301 ], [ 26.426836115880064, 37.59443240730792 ] ] ] ] } },
{ "type": "Feature", "properties": { "id": 57, "Pres_Fish": 1 }, "geometry": { "type": "MultiPolygon", "coordinates": [ [ [ [ 26.425213397139185, 37.589159458195098 ], [ 26.425580388642469, 37.58915191318458 ], [ 26.425950116731464, 37.588971628528057 ], [ 26.426210983166406, 37.588780298374772 ], [ 26.426260529785253, 37.588506972800651 ], [ 26.426318632266721, 37.588240112859005 ], [ 26.426368824938802, 37.587986698816174 ], [ 26.426344383479908, 37.587748103011123 ], [ 26.426310092789045, 37.587463218379327 ], [ 26.426317720423555, 37.587184113240831 ], [ 26.426275305302376, 37.58690603728769 ], [ 26.426078733006946, 37.586763964079147 ], [ 26.425925156707194, 37.586660856164968 ], [ 26.425658262771783, 37.586666344030277 ], [ 26.425437595912854, 37.586810355086442 ], [ 26.425265678259567, 37.58691351382145 ], [ 26.425019773006774, 37.587051401321354 ], [ 26.424769619287439, 37.587315566558573 ], [ 26.424659745203535, 37.587530356870545 ], [ 26.424566120833994, 37.587731529868861 ], [ 26.424472065190116, 37.587919428403147 ], [ 26.4243927517775, 37.588047249263063 ], [ 26.424474399233951, 37.588762867030447 ], [ 26.424639765528518, 37.588972000474051 ], [ 26.42504722914968, 37.589182798957303 ], [ 26.425213397139185, 37.589159458195098 ] ] ] ] } },
{ "type": "Feature", "properties": { "id": 58, "Pres_Fish": 1 }, "geometry": { "type": "MultiPolygon", "coordinates": [ [ [ [ 26.401202721657512, 37.577660403505298 ], [ 26.4007393782531, 37.577264690712028 ], [ 26.400398761683007, 37.577052445928793 ], [ 26.400041894318491, 37.576853814032049 ], [ 26.399617219065149, 37.576882376857412 ], [ 26.399378782741174, 37.576993492643822 ], [ 26.399169838724113, 37.577243483304407 ], [ 26.399365667836967, 37.577624717869476 ], [ 26.399591873990587, 37.577912350906857 ], [ 26.400633850366461, 37.57839592122243 ], [ 26.40099008707552, 37.578574638994077 ], [ 26.401253735649327, 37.578728673414247 ], [ 26.401506912689602, 37.578816503723019 ], [ 26.401909778560086, 37.578888002901827 ], [ 26.402319918042387, 37.578926144273815 ], [ 26.402812174615949, 37.578922761905929 ], [ 26.403308059674828, 37.579032211826707 ], [ 26.403675434365127, 37.579038011249189 ], [ 26.404018443154836, 37.578805206194993 ], [ 26.404089242592459, 37.578411905554745 ], [ 26.404231028718002, 37.57814999159519 ], [ 26.404293914077599, 37.577770135411882 ], [ 26.404228076076905, 37.577279994018731 ], [ 26.403971699042184, 37.577092609766026 ], [ 26.403549173983521, 37.576928534707534 ], [ 26.403203824267059, 37.577088327732888 ], [ 26.403027611077487, 37.577317733380212 ], [ 26.403022866725607, 37.577948788065257 ], [ 26.402798124199371, 37.577966648537021 ], [ 26.402488065114756, 37.577926470901417 ], [ 26.401776638832487, 37.577861255248713 ], [ 26.401202721657512, 37.577660403505298 ] ] ] ] } }
]
}
