{
"type": "FeatureCollection",
"name": "Fourni_protected_area",
"crs": { "type": "name", "properties": { "name": "urn:ogc:def:crs:OGC:1.3:CRS84" } },
"features": [
{ "type": "Feature", "properties": { "SITECODE": "GR4120006", "SITENAME": "NISOS FOURNOI KAI NISIDES  THYMAINA ALATONISI, THYMAINAKI, STRONGYLO, PLAKA, MAKRONISI, MIKROS KAI MEGALOS ANTHROPOFAGOS, AGIOS MINAS KAI THALASSIA PERIOCHI", "RELEASE_DA": "2021-12-14", "MS": "GR", "SITETYPE": "A", "INSPIRE_ID": null }, "geometry": { "type": "MultiPolygon", "coordinates": [ [ [ [ 26.51627733735603, 37.655715157617458 ], [ 26.516324384567646, 37.65568745018156 ], [ 26.516382241899272, 37.655695752395133 ], [ 26.516427277660075, 37.655679531220237 ], [ 26.516486696078477, 37.655663004854617 ], [ 26.516547932739243, 37.655629272226975 ], [ 26.516620271066497, 37.655498027800839 ], [ 26.516613545680059, 37.655440949170028 ], [ 26.516582203086497, 37.655365324613598 ], [ 26.516545679784112, 37.655278365076427 ], [ 26.516533708097509, 37.655208047502683 ], [ 26.516528993356463, 37.65513948359721 ], [ 26.51655171195819, 37.654959706327901 ], [ 26.516595153125031, 37.654825262495613 ], [ 26.516633155562811, 37.654671863323188 ], [ 26.516659220060262, 37.654591195706658 ], [ 26.51668562215951, 37.654449488818685 ], [ 26.516690239973304, 37.654373095460258 ], [ 26.516689868856705, 37.65429108635653 ], [ 26.516703351557272, 37.65426409563586 ], [ 26.516749560102554, 37.654211610726271 ], [ 26.516777232928177, 37.65417859379469 ], [ 26.516790330458527, 37.654140167638531 ], [ 26.516786065615719, 37.654084944115567 ], [ 26.516782316260741, 37.654044969622149 ], [ 26.516788349873234, 37.654010508833061 ], [ 26.516787255727966, 37.653978107299515 ], [ 26.516785710188735, 37.653932363728863 ], [ 26.516786820741288, 37.653894192041264 ], [ 26.516773354768564, 37.653850610438838 ], [ 26.516742978155989, 37.653803574371963 ], [ 26.516727628582025, 37.653775291332927 ], [ 26.51669096098998, 37.653755092846339 ], [ 26.516656175990512, 37.653719595961682 ], [ 26.516683977513022, 37.653690391082293 ], [ 26.516756024774939, 37.653692668543158 ], [ 26.516793737962196, 37.653672789385752 ], [ 26.51681804795134, 37.653611234914585 ], [ 26.516828361210717, 37.653561422838187 ], [ 26.51684398370848, 37.653526756887537 ], [ 26.516862534317976, 37.653436714911919 ], [ 26.516911589942811, 37.653397520135627 ], [ 26.516958005596745, 37.653280179289652 ], [ 26.516956396417832, 37.653232530449642 ], [ 26.516974158729262, 37.653190189270795 ], [ 26.516997551525648, 37.653172523531289 ], [ 26.517008507620037, 37.653141771815775 ], [ 26.517013833207727, 37.653086344653346 ], [ 26.51702472521885, 37.653053685930942 ], [ 26.517027074371956, 37.652981156476223 ], [ 26.517032848927606, 37.652939070858132 ], [ 26.517066152829226, 37.652930729067826 ], [ 26.517104058665073, 37.65291656971614 ], [ 26.517134000754041, 37.652879689296718 ], [ 26.517127210003213, 37.652820706549548 ], [ 26.517106745346698, 37.652782996255375 ], [ 26.517117314029495, 37.652740809466131 ], [ 26.517161382479383, 37.652695998430211 ], [ 26.51718575672286, 37.652636348852624 ], [ 26.517184018674818, 37.652584887938282 ], [ 26.51718247419868, 37.652539144104232 ], [ 26.517205157491922, 37.652500511281772 ], [ 26.517228036301457, 37.652467598878928 ], [ 26.517224158151461, 37.652423812279849 ], [ 26.517243673622129, 37.652362359677646 ], [ 26.517292277192823, 37.652309823514031 ], [ 26.517339321969807, 37.652282115561384 ], [ 26.517379832453706, 37.65220304909851 ], [ 26.517360067751959, 37.652144660589173 ], [ 26.517326059086503, 37.652114391163629 ], [ 26.517364048721404, 37.652084970260034 ], [ 26.517397251644841, 37.652091413113027 ], [ 26.51743976767353, 37.652107194738612 ], [ 26.517501971251139, 37.652084409413852 ], [ 26.517526363250436, 37.652007592537373 ], [ 26.517572958528081, 37.651877851092848 ], [ 26.517640771419096, 37.651754808528729 ], [ 26.517737435451096, 37.651560865274284 ], [ 26.517842203781658, 37.65119024593487 ], [ 26.517822885027517, 37.651109567497464 ], [ 26.517832295729036, 37.651033070848669 ], [ 26.517891259911224, 37.651003202293715 ], [ 26.517900106749671, 37.650910029093211 ], [ 26.517906197964003, 37.650824067688674 ], [ 26.517906538564755, 37.650745381219437 ], [ 26.517900806150706, 37.650664440541746 ], [ 26.517857833677557, 37.650535239900329 ], [ 26.51781873760569, 37.650443090112503 ], [ 26.517796734290961, 37.650324349621975 ], [ 26.517790277003375, 37.65022196686931 ], [ 26.517787479120717, 37.650050363380444 ], [ 26.517787437177063, 37.64987154892367 ], [ 26.51778657036192, 37.649757125504145 ], [ 26.517777116152896, 37.649654806190306 ], [ 26.517726920738344, 37.649589121150285 ], [ 26.51769494307517, 37.64953019893548 ], [ 26.517682314178987, 37.649511393900411 ], [ 26.517708959185281, 37.649501287867594 ], [ 26.517713504267441, 37.649458275675002 ], [ 26.517670346812888, 37.649423432680138 ], [ 26.517615123070815, 37.649386466000017 ], [ 26.517586386082424, 37.649334626349244 ], [ 26.517533352952896, 37.649273769645319 ], [ 26.517505339961708, 37.649243372202342 ], [ 26.517555312788144, 37.649213695069164 ], [ 26.517667648926132, 37.649165996892535 ], [ 26.517743463753146, 37.649102389248057 ], [ 26.517785172248345, 37.649094344209018 ], [ 26.517792551947405, 37.649046503200069 ], [ 26.517818312752759, 37.649010190114787 ], [ 26.517850549117181, 37.648988044120422 ], [ 26.517857847524674, 37.648937820465342 ], [ 26.517912104586326, 37.648946197569657 ], [ 26.517930889533297, 37.648969638162626 ], [ 26.517960450192074, 37.648957085901365 ], [ 26.517952847875968, 37.648909563682977 ], [ 26.517921595745552, 37.648872084423289 ], [ 26.51798711485679, 37.648858764651784 ], [ 26.518046077085138, 37.648828895112516 ], [ 26.518041229208638, 37.648774161262793 ], [ 26.518092670029915, 37.648699151225657 ], [ 26.518190202125041, 37.648568321960923 ], [ 26.518395781705635, 37.648351735801306 ], [ 26.518499305544882, 37.648220777552055 ], [ 26.518653927436009, 37.648093495733633 ], [ 26.518769918788028, 37.647976575571505 ], [ 26.51885642856432, 37.647874589951819 ], [ 26.518917017423458, 37.647804154840323 ], [ 26.518998661073748, 37.647735652028636 ], [ 26.51904191526528, 37.647684659660499 ], [ 26.519031960819152, 37.647656261147759 ], [ 26.519082576303759, 37.647645643525408 ], [ 26.519108336289264, 37.647609330953763 ], [ 26.519158147073252, 37.647574887316274 ], [ 26.519296463591793, 37.647586237107532 ], [ 26.51938424273224, 37.647610587723705 ], [ 26.519401238122985, 37.647669829595031 ], [ 26.519391426818558, 37.647734412685843 ], [ 26.519399423426826, 37.647758084257717 ], [ 26.519400292742805, 37.647783814385477 ], [ 26.519430758865401, 37.647780302623161 ], [ 26.519435283760835, 37.64775445687188 ], [ 26.519444910299576, 37.647719918355897 ], [ 26.519461728897173, 37.647685226324974 ], [ 26.519510317336994, 37.647685619120907 ], [ 26.519582809695713, 37.64770123503893 ], [ 26.5196358654613, 37.647727281723881 ], [ 26.519633719046663, 37.647770243760625 ], [ 26.519596429197843, 37.647891205118356 ], [ 26.519613797014511, 37.647943763314245 ], [ 26.519583472046065, 37.64796920736476 ], [ 26.519572324660537, 37.647994241323623 ], [ 26.519578148969817, 37.648024633866427 ], [ 26.519560583917908, 37.64807269349847 ], [ 26.519541328492341, 37.648141770024047 ], [ 26.51949104093811, 37.648215324835938 ], [ 26.519439592216909, 37.648254571297478 ], [ 26.519411406680948, 37.648272340004446 ], [ 26.519413210845279, 37.648325707921899 ], [ 26.519393169271659, 37.648442485300947 ], [ 26.519371130937252, 37.648500177460043 ], [ 26.519373063997925, 37.648557357419122 ], [ 26.519348047707126, 37.648597946582427 ], [ 26.519311756294424, 37.648659758285895 ], [ 26.519258670134903, 37.648792500473803 ], [ 26.519246799095942, 37.648867140686946 ], [ 26.519269648055275, 37.6489753727368 ], [ 26.519292187886233, 37.649003500462868 ], [ 26.519314664497209, 37.649029724709621 ], [ 26.519308632288205, 37.649064186701025 ], [ 26.519308231894946, 37.649123323913152 ], [ 26.51929980427547, 37.649157835795606 ], [ 26.519352527581116, 37.649227282628857 ], [ 26.519414000942842, 37.649271745802174 ], [ 26.519427276542935, 37.649309608693059 ], [ 26.519457975018273, 37.649366173325696 ], [ 26.519489253066972, 37.649439892269157 ], [ 26.519535636448911, 37.649463697384888 ], [ 26.519567829276063, 37.649493527513201 ], [ 26.519607008038996, 37.649588058355214 ], [ 26.519627860639744, 37.649637204199415 ], [ 26.519667246985005, 37.64966688055172 ], [ 26.519699246944235, 37.649690991565031 ], [ 26.519717637434855, 37.649738283515624 ], [ 26.519754561445549, 37.649766105076658 ], [ 26.519815843691489, 37.649804848673298 ], [ 26.519885283845092, 37.64987203020177 ], [ 26.519918830986185, 37.649941884805564 ], [ 26.51994486498031, 37.650002366271707 ], [ 26.51998029284827, 37.650056921659775 ], [ 26.520020065351417, 37.650098034161694 ], [ 26.520021225614762, 37.650132341687254 ], [ 26.52006534121805, 37.650160009724196 ], [ 26.520104727002781, 37.650189686045103 ], [ 26.520125451287882, 37.650235019670966 ], [ 26.520131535244989, 37.65027303596294 ], [ 26.520201877870136, 37.650366901681132 ], [ 26.52024475646564, 37.650428927429402 ], [ 26.520250839637985, 37.65046694477914 ], [ 26.52028095907178, 37.650506356676566 ], [ 26.520327279402963, 37.650528254319994 ], [ 26.520351960062083, 37.650548707293893 ], [ 26.520381886485552, 37.650582400106217 ], [ 26.520435074299819, 37.650594615361108 ], [ 26.520443169259643, 37.650621145165779 ], [ 26.520425667336038, 37.650671111108444 ], [ 26.520444188600802, 37.650722213782842 ], [ 26.520461807073939, 37.650746632165294 ], [ 26.520500741453606, 37.650762966230268 ], [ 26.520556006111857, 37.650765599811628 ], [ 26.520606862800634, 37.650779771889574 ], [ 26.520612739982752, 37.650882643490498 ], [ 26.520614790444835, 37.651014208563588 ], [ 26.52062378715123, 37.651067421911868 ], [ 26.520648661278393, 37.65109359381929 ], [ 26.520628374790363, 37.651132173975554 ], [ 26.520643443187161, 37.65129397769487 ], [ 26.520663756532009, 37.651469021377764 ], [ 26.520705142171117, 37.651557783116047 ], [ 26.520733831731736, 37.651625835463037 ], [ 26.520733240052156, 37.651679254276161 ], [ 26.520740664507976, 37.651827869452674 ], [ 26.52074615660591, 37.651919305477229 ], [ 26.520747897428024, 37.651970767139815 ], [ 26.520723397338802, 37.652026605519794 ], [ 26.5207244162129, 37.652127673235547 ], [ 26.520738465264067, 37.652188408322502 ], [ 26.520729444704326, 37.652276340221782 ], [ 26.520698139907477, 37.652343767223407 ], [ 26.520671370979361, 37.652403467926099 ], [ 26.520665790473643, 37.652451272038398 ], [ 26.520665134913862, 37.652502784681886 ], [ 26.520632603862602, 37.652533997455883 ], [ 26.520622294450174, 37.652583809698015 ], [ 26.520623453987266, 37.652618116397754 ], [ 26.520660895113636, 37.652661185725314 ], [ 26.520671516220926, 37.652691477322051 ], [ 26.520676040156925, 37.652754322239723 ], [ 26.520696057351142, 37.652778691044034 ], [ 26.520765576306598, 37.652777204833583 ], [ 26.52082959334086, 37.65275485435383 ], [ 26.520896845092391, 37.652757231978434 ], [ 26.520923602602352, 37.65276810419882 ], [ 26.520976341252151, 37.652766976836411 ], [ 26.521068286001281, 37.652719234085652 ], [ 26.52111824329301, 37.652706721195948 ], [ 26.52115873816221, 37.652698224506182 ], [ 26.521261368050801, 37.652682679211608 ], [ 26.521371641182171, 37.652680320549273 ], [ 26.521453212786383, 37.652680483612436 ], [ 26.521544372302667, 37.652680442068331 ], [ 26.521607602929382, 37.652705792036713 ], [ 26.521666170041925, 37.652735056949332 ], [ 26.521743461846484, 37.652750570522869 ], [ 26.521853283880933, 37.652734869104094 ], [ 26.521946582640393, 37.652727150991922 ], [ 26.522018499104295, 37.6527256126125 ], [ 26.522101242939566, 37.6526895113048 ], [ 26.522158786658515, 37.652617707878605 ], [ 26.522165248065559, 37.652564067392554 ], [ 26.522178889669334, 37.652396963075525 ], [ 26.52216506296557, 37.652254206644976 ], [ 26.522192535357014, 37.652135600484769 ], [ 26.522233734169934, 37.652023854316766 ], [ 26.522243469987785, 37.651912780225679 ], [ 26.522237906610339, 37.651748387496639 ], [ 26.522148514646734, 37.651632282211423 ], [ 26.52212386362347, 37.651568436748597 ], [ 26.522162744995995, 37.651521113306138 ], [ 26.522177700614009, 37.651431385581979 ], [ 26.522193139879725, 37.651355952568721 ], [ 26.522194369378695, 37.651259365674839 ], [ 26.522242238522921, 37.651211850012672 ], [ 26.522261689237485, 37.651122026402234 ], [ 26.522241170944518, 37.651047362168164 ], [ 26.522297909713295, 37.650996080122511 ], [ 26.522351846319843, 37.650994926321168 ], [ 26.522428397681118, 37.650864541689735 ], [ 26.522437648179331, 37.650739171122915 ], [ 26.522485778984361, 37.650566479778917 ], [ 26.522479228738899, 37.650505822914532 ], [ 26.52239044241912, 37.650407586133994 ], [ 26.522323041550649, 37.650276704496385 ], [ 26.522270456648233, 37.650184844817495 ], [ 26.522200758671957, 37.649986063078721 ], [ 26.522192999644687, 37.649889668373476 ], [ 26.522190338369398, 37.649811045666276 ], [ 26.52217006306072, 37.649743530410355 ], [ 26.522207127206173, 37.649642601151818 ], [ 26.522249293387766, 37.649559443105098 ], [ 26.522398603796908, 37.649452535568379 ], [ 26.522539408826766, 37.649360115833559 ], [ 26.522682288521942, 37.649196123792201 ], [ 26.52276345248632, 37.649069217695178 ], [ 26.522878499078917, 37.649013110709468 ], [ 26.522990016988469, 37.648985690053081 ], [ 26.523185862914467, 37.648791955364715 ], [ 26.523259005098954, 37.648693828838894 ], [ 26.523334808253548, 37.648674325194676 ], [ 26.523377334345632, 37.648601889747567 ], [ 26.523510477597728, 37.648548970851095 ], [ 26.523594060823118, 37.648493537429985 ], [ 26.523668774306927, 37.648441869531624 ], [ 26.523753929234903, 37.648432894031323 ], [ 26.523824995060409, 37.648406338531743 ], [ 26.523935060304098, 37.648336033401705 ], [ 26.52400126839127, 37.648298851640007 ], [ 26.524070397510499, 37.648215118012828 ], [ 26.524118265715927, 37.648167600072988 ], [ 26.524247034662853, 37.648118351444431 ], [ 26.524322111063437, 37.648077404891716 ], [ 26.524352362139794, 37.648040994388076 ], [ 26.524407086620325, 37.648020235074021 ], [ 26.524439348381431, 37.647953300501115 ], [ 26.524505020117523, 37.647904270300998 ], [ 26.524561220001821, 37.647909331874047 ], [ 26.524639181794331, 37.647877495345362 ], [ 26.52471826848732, 37.64782215689484 ], [ 26.524851726592839, 37.647781450135184 ], [ 26.524919394824046, 37.647762418024463 ], [ 26.524967681243293, 37.647749462517687 ], [ 26.525012223941424, 37.647736586896279 ], [ 26.525021140543984, 37.647667850287078 ], [ 26.525085370589558, 37.647617830181545 ], [ 26.525111592033422, 37.647646661608654 ], [ 26.525127820409633, 37.647647744444491 ], [ 26.525126755284699, 37.647616294534465 ], [ 26.525123258072167, 37.647599985723573 ], [ 26.525163589675905, 37.647588327287046 ], [ 26.525212177576897, 37.647610114754052 ], [ 26.525214085595703, 37.647610073961062 ], [ 26.525292336944943, 37.647596476218929 ], [ 26.525306007737271, 37.647557440628049 ], [ 26.525311514506804, 37.647553900763533 ], [ 26.525258056071582, 37.647509054614588 ], [ 26.525280700386336, 37.647487112312099 ], [ 26.525338667519751, 37.647498746051482 ], [ 26.525401932014471, 37.647505843815644 ], [ 26.525442469127182, 37.647491932856127 ], [ 26.52549015063903, 37.647461108551347 ], [ 26.525525788868727, 37.647406700041351 ], [ 26.525607885295628, 37.647396000663882 ], [ 26.525652628787199, 37.647389082234127 ], [ 26.52575203993829, 37.647336288216465 ], [ 26.525780186131609, 37.647282040267882 ], [ 26.525719767767374, 37.647158163068376 ], [ 26.525680901075983, 37.64711727313275 ], [ 26.525641529896326, 37.647061491610337 ], [ 26.525657935033294, 37.646992592885077 ], [ 26.525694303127803, 37.646939170761208 ], [ 26.525664126784317, 37.646843448300586 ], [ 26.525650266169169, 37.646766258165592 ], [ 26.525637113216611, 37.646709915812252 ], [ 26.525697658034645, 37.646616230758262 ], [ 26.525726207856703, 37.646573894729322 ], [ 26.52574494678047, 37.646463224064441 ], [ 26.525744554695525, 37.646341041789888 ], [ 26.525691525596979, 37.646214026447055 ], [ 26.525658435317865, 37.646122347455254 ], [ 26.525643364939651, 37.646009421180551 ], [ 26.525621106191206, 37.645905588730528 ], [ 26.525622834977632, 37.645845945583744 ], [ 26.525627585090529, 37.645800306364151 ], [ 26.525621241683705, 37.645754666028594 ], [ 26.525612435632873, 37.645707170204673 ], [ 26.525652095454401, 37.64560332252853 ], [ 26.525690583398635, 37.645535740016335 ], [ 26.525714884365897, 37.645474183921976 ], [ 26.525784987393212, 37.645419276560496 ], [ 26.52579807817526, 37.64538084918118 ], [ 26.525805792216051, 37.645325369454426 ], [ 26.525772565287937, 37.645265044948026 ], [ 26.525756891203422, 37.64522723400421 ], [ 26.525753332485127, 37.645192977579349 ], [ 26.52577763223151, 37.645131421643065 ], [ 26.525785025404812, 37.645066413251385 ], [ 26.525772466167695, 37.644978942104395 ], [ 26.525766510431882, 37.644944737880941 ], [ 26.525809203809914, 37.644930471777549 ], [ 26.525855780554213, 37.644959991920338 ], [ 26.525945824622934, 37.64499811748108 ], [ 26.526033020743657, 37.64502295093596 ], [ 26.526116979869244, 37.645023060076859 ], [ 26.526183385467483, 37.645000657604839 ], [ 26.52625510090374, 37.644993399025779 ], [ 26.526319561577026, 37.644984388103765 ], [ 26.526392899098809, 37.644954206673212 ], [ 26.526462540627577, 37.644956528420352 ], [ 26.52654027861977, 37.644985380403455 ], [ 26.526579599873148, 37.645013148092005 ], [ 26.526606540246945, 37.645100310682949 ], [ 26.52661813161458, 37.645159190329402 ], [ 26.526631149288225, 37.64518942856629 ], [ 26.526662504732425, 37.645194478672551 ], [ 26.526682720330097, 37.645153990511467 ], [ 26.52668615765835, 37.64511386318955 ], [ 26.526743240625443, 37.645028716211399 ], [ 26.526763521109263, 37.644990133069825 ], [ 26.526756983807662, 37.644938774623789 ], [ 26.52675025209896, 37.644881698200173 ], [ 26.526760750620749, 37.64483760406646 ], [ 26.526788609479954, 37.644810303188507 ], [ 26.52682735498038, 37.644750346068562 ], [ 26.526878151236939, 37.644692035423489 ], [ 26.526886059093776, 37.64464227445643 ], [ 26.526908350465419, 37.644592205344793 ], [ 26.526917226927029, 37.644571033944494 ], [ 26.526935627211166, 37.644547751186145 ], [ 26.526939000144409, 37.644505716824462 ], [ 26.526918273770995, 37.644460384480169 ], [ 26.526916917406055, 37.644420358754942 ], [ 26.526947301678319, 37.644396819595634 ], [ 26.526936681113146, 37.644366529128639 ], [ 26.526900339330876, 37.644355863439948 ], [ 26.526877603546932, 37.644322018579388 ], [ 26.526897819975403, 37.644281530146486 ], [ 26.526947251777276, 37.644253768278254 ], [ 26.526985084663174, 37.644237697558239 ], [ 26.527038665718639, 37.644190772483014 ], [ 26.527068275655907, 37.644144361674492 ], [ 26.527083244522522, 37.644090633842431 ], [ 26.527103008275688, 37.644036805051144 ], [ 26.527122835864773, 37.643984881491598 ], [ 26.527142147295795, 37.643917708644302 ], [ 26.527189182869019, 37.643889998701667 ], [ 26.527271654698804, 37.643846268189314 ], [ 26.527349008695069, 37.643793112080388 ], [ 26.527376480295768, 37.643754374671381 ], [ 26.527370394501993, 37.643716357589255 ], [ 26.527390802997594, 37.643681588290285 ], [ 26.527471466234257, 37.643584490464789 ], [ 26.527475354887393, 37.643557704445804 ], [ 26.527454952291887, 37.643521902197016 ], [ 26.527444137041844, 37.643485892891754 ], [ 26.527459429735661, 37.643441696771838 ], [ 26.527527906574793, 37.643409710214478 ], [ 26.527608239247687, 37.643373655770844 ], [ 26.527677755628385, 37.643301593056094 ], [ 26.527706783681985, 37.643238027694451 ], [ 26.527710743769195, 37.643142574030755 ], [ 26.527740868966269, 37.643111411389057 ], [ 26.527749100004744, 37.643071180313399 ], [ 26.527743536472922, 37.642977838063281 ], [ 26.527748724144129, 37.642918598974049 ], [ 26.527736423430905, 37.642838753612054 ], [ 26.527718545021166, 37.642806711567069 ], [ 26.527731705232839, 37.642699617263588 ], [ 26.527706184525176, 37.642654386849479 ], [ 26.527676582128475, 37.642630225183794 ], [ 26.527662594855251, 37.642571397552615 ], [ 26.5276655788028, 37.642517927988607 ], [ 26.527701991138187, 37.642459924868852 ], [ 26.527724408597361, 37.642413667919563 ], [ 26.527761209091381, 37.642367102710715 ], [ 26.527798783418451, 37.642343407367164 ], [ 26.527836294505128, 37.642317809419922 ], [ 26.527842580893378, 37.642290970008943 ], [ 26.527836816874267, 37.642262484206164 ], [ 26.527878667696655, 37.642223439812796 ], [ 26.528013612086195, 37.64217095498411 ], [ 26.528105733247376, 37.642128924542313 ], [ 26.528164163243115, 37.642154375099651 ], [ 26.528203677830295, 37.642187860239325 ], [ 26.528208206463677, 37.642250707174483 ], [ 26.528198613760139, 37.642321485065999 ], [ 26.52820547617937, 37.642382372515108 ], [ 26.528221213872289, 37.642422090366026 ], [ 26.528272841655273, 37.642459130962067 ], [ 26.528334122323681, 37.642497872088228 ], [ 26.528390544385498, 37.642534808945086 ], [ 26.528444309600914, 37.642564173246598 ], [ 26.528500344060561, 37.64258967475611 ], [ 26.528537008982287, 37.642609869911517 ], [ 26.528590258373889, 37.642623986602686 ], [ 26.528646033409316, 37.642641864994403 ], [ 26.528694681914789, 37.642661802595072 ], [ 26.528717289899483, 37.642691835712647 ], [ 26.528761791632206, 37.642730935250306 ], [ 26.528809988128394, 37.642737530510672 ], [ 26.528868224633143, 37.642757263480163 ], [ 26.528898086887924, 37.642789046880651 ], [ 26.528889339593466, 37.642814031611387 ], [ 26.528871716109297, 37.64286018617203 ], [ 26.528880523450024, 37.642907680903839 ], [ 26.528932345491, 37.642950439251308 ], [ 26.529013123925033, 37.642998298537428 ], [ 26.529062550929279, 37.643041106935712 ], [ 26.529095391280055, 37.643089994232447 ], [ 26.529129524822434, 37.643177000214145 ], [ 26.529163854392305, 37.643269724830574 ], [ 26.529165987860885, 37.643332621920685 ], [ 26.529136961110137, 37.643396187669566 ], [ 26.529152890629135, 37.64351219651526 ], [ 26.529185213878556, 37.643545835558008 ], [ 26.529233800228219, 37.643563866504934 ], [ 26.52927772021355, 37.643585811612638 ], [ 26.529297606969745, 37.643606367895181 ], [ 26.529341721623418, 37.643634030937683 ], [ 26.529352085658537, 37.643656697722328 ], [ 26.529324029653967, 37.64374885284267 ], [ 26.529329466241062, 37.643838382763342 ], [ 26.529367618833128, 37.643902413452466 ], [ 26.529352262497785, 37.643944705652402 ], [ 26.529377913245924, 37.64399374770791 ], [ 26.52937959478276, 37.644043302480185 ], [ 26.529371623457308, 37.644091157692756 ], [ 26.529409646892642, 37.644151376294495 ], [ 26.529456611971547, 37.64419233183235 ], [ 26.529491074224484, 37.644218295216319 ], [ 26.529520550914381, 37.644238643769306 ], [ 26.529529034150574, 37.644276609402496 ], [ 26.529606443465315, 37.644366502398817 ], [ 26.529628469501137, 37.644379380224905 ], [ 26.529702581774792, 37.644372069384495 ], [ 26.529748123728837, 37.644371092328491 ], [ 26.529824826364905, 37.644369446349394 ], [ 26.529892976443204, 37.644398502147034 ], [ 26.529995007329177, 37.644436366803902 ], [ 26.530048516524804, 37.644458107708843 ], [ 26.530067692101568, 37.644457695715467 ], [ 26.530100214868757, 37.644426479874092 ], [ 26.530145887618581, 37.644429315349171 ], [ 26.53016596788628, 37.644455586901728 ], [ 26.530185531545509, 37.644466610108744 ], [ 26.530232759911247, 37.644444616846052 ], [ 26.530280245585026, 37.64443024605896 ], [ 26.530326629503616, 37.644454046855827 ], [ 26.530394715738474, 37.644481196156732 ], [ 26.530469409608639, 37.64449103719631 ], [ 26.530510351878572, 37.644495880617207 ], [ 26.530555700298635, 37.644489185016013 ], [ 26.530645102746988, 37.64443767428768 ], [ 26.53072076999727, 37.644405532180407 ], [ 26.530806478973606, 37.64438652729006 ], [ 26.530850727588337, 37.644347430044824 ], [ 26.530916611803878, 37.644309774580179 ], [ 26.530954057219933, 37.644282268650961 ], [ 26.530993640686475, 37.644247086293447 ], [ 26.531064903762037, 37.644226482550643 ], [ 26.531110121599728, 37.644215975733395 ], [ 26.531138237785036, 37.644196298576809 ], [ 26.531216626096359, 37.644173634602673 ], [ 26.531295339083016, 37.644089928518923 ], [ 26.531364333076244, 37.644073188252079 ], [ 26.531425941634033, 37.644050884203388 ], [ 26.531486386200157, 37.64399427338607 ], [ 26.531572223586071, 37.643979078081038 ], [ 26.531647565879044, 37.643937406143785 ], [ 26.531698548270924, 37.643955384674129 ], [ 26.531750699859764, 37.643937099742764 ], [ 26.531848328393608, 37.643845356806665 ], [ 26.531883247167297, 37.643814088001889 ], [ 26.531898407555559, 37.64376607926431 ], [ 26.531939675950181, 37.643709879635857 ], [ 26.532024734659771, 37.643671811924804 ], [ 26.532100855722849, 37.643582440282216 ], [ 26.53217872629995, 37.643544528083495 ], [ 26.532232753921676, 37.643510941890476 ], [ 26.532312113703657, 37.643446294053234 ], [ 26.53243474723693, 37.643384532228453 ], [ 26.532476402570563, 37.64333976865894 ], [ 26.53252265740673, 37.643289184120583 ], [ 26.532593529395697, 37.643257143345814 ], [ 26.532599619289691, 37.643224586658036 ], [ 26.53260558006362, 37.643188219703227 ], [ 26.53267444337834, 37.64316766647044 ], [ 26.532761058278808, 37.643104769865189 ], [ 26.532801286786128, 37.643088646236144 ], [ 26.532868466279815, 37.643018539082298 ], [ 26.532897812910836, 37.64296450248353 ], [ 26.532901183431338, 37.642922467785517 ], [ 26.532970175097237, 37.642905727456224 ], [ 26.533017982652439, 37.6429008855037 ], [ 26.533059962981707, 37.642865651466451 ], [ 26.533097470719571, 37.642840049044452 ], [ 26.533139773041231, 37.64281434446422 ], [ 26.533154674439654, 37.642758711244461 ], [ 26.533153183985664, 37.642714873836702 ], [ 26.533188749607351, 37.642702664718442 ], [ 26.533225350959047, 37.64272095293623 ], [ 26.533266098811403, 37.642720077937184 ], [ 26.533352516682484, 37.642651463037254 ], [ 26.533402139673559, 37.642558843540336 ], [ 26.5334127635012, 37.642518560759413 ], [ 26.53337830044682, 37.642492597903576 ], [ 26.533372212665952, 37.642454581092608 ], [ 26.533432652350033, 37.642397969418795 ], [ 26.533440038540771, 37.642332960513841 ], [ 26.533479619874669, 37.642297777117797 ], [ 26.533521209046093, 37.642321679457524 ], [ 26.53354822222386, 37.642340171691224 ], [ 26.533597261738905, 37.642300971197962 ], [ 26.53361553111144, 37.64227387583577 ], [ 26.533613976409367, 37.642228133188439 ], [ 26.533685493324459, 37.642144579676184 ], [ 26.533759280090134, 37.642057163037997 ], [ 26.533774373259696, 37.642007246269458 ], [ 26.533779750578212, 37.641953724071037 ], [ 26.533838700311478, 37.641923845945932 ], [ 26.533878411512493, 37.641892477069042 ], [ 26.533876857368963, 37.641846732446766 ], [ 26.5338753679153, 37.641802895705283 ], [ 26.533887675447577, 37.641741596098363 ], [ 26.533951678503815, 37.641719238913083 ], [ 26.534022094663882, 37.641673856828255 ], [ 26.534068282174594, 37.641621365591227 ], [ 26.534127985068903, 37.641498710800427 ], [ 26.53416492034291, 37.641412610660694 ], [ 26.534212642634454, 37.641207447377461 ], [ 26.534274709899393, 37.641048757091781 ], [ 26.534288920693687, 37.640937585031487 ], [ 26.534281874431581, 37.640796473069344 ], [ 26.534290134186477, 37.640642514860609 ], [ 26.53434642844287, 37.640543948083447 ], [ 26.534377580956093, 37.640342684845322 ], [ 26.534460544334909, 37.640230798953695 ], [ 26.534510626073295, 37.640031275175467 ], [ 26.534513219629456, 37.640021963363878 ], [ 26.534487382530735, 37.639565382615544 ], [ 26.534537302242555, 37.639276983085985 ], [ 26.534462603850496, 37.639100995313001 ], [ 26.534294139695355, 37.638907919264383 ], [ 26.534135758395312, 37.638746813259665 ], [ 26.533976891120552, 37.638571411427762 ], [ 26.533924058772214, 37.638472410821542 ], [ 26.533827985728884, 37.638424406827824 ], [ 26.533751467196282, 37.638422474631867 ], [ 26.533665473621173, 37.638406441354817 ], [ 26.533632074039847, 37.638349937974958 ], [ 26.533598188022353, 37.638279139957476 ], [ 26.533496650641592, 37.63820264319358 ], [ 26.533392197971519, 37.638172699631134 ], [ 26.533344364392278, 37.638145872669966 ], [ 26.533357320765354, 37.63808598869872 ], [ 26.533431209628269, 37.637944329406103 ], [ 26.533515825323295, 37.637897806913415 ], [ 26.533617343167478, 37.637797278304205 ], [ 26.533714914428543, 37.637690870727724 ], [ 26.533694673405591, 37.63753633405242 ], [ 26.533629998374959, 37.637397651039457 ], [ 26.533498422461715, 37.637275307159904 ], [ 26.533394781291516, 37.637203027923931 ], [ 26.533332839185878, 37.63714475362368 ], [ 26.53325986559544, 37.637092676260849 ], [ 26.533160982122581, 37.63705009658829 ], [ 26.533110881515633, 37.637009450045355 ], [ 26.533115537872309, 37.636925902303837 ], [ 26.53310086401634, 37.636824889379973 ], [ 26.533049450966121, 37.63674552669584 ], [ 26.532922936422509, 37.636661816223715 ], [ 26.532759075288503, 37.636581889193373 ], [ 26.532709076971454, 37.63654422007199 ], [ 26.532883468396175, 37.636382520123689 ], [ 26.532912215264336, 37.636235869879194 ], [ 26.53286819269649, 37.636043099139791 ], [ 26.532804431470897, 37.635931218863121 ], [ 26.532789554880861, 37.635824248578054 ], [ 26.532605356969228, 37.635586804224531 ], [ 26.532413463774766, 37.635453833569372 ], [ 26.532294442598676, 37.63536996279376 ], [ 26.53215133200046, 37.635349193105107 ], [ 26.532005183872577, 37.635349351921754 ], [ 26.531898509599358, 37.63529799760984 ], [ 26.531821186631586, 37.635228131963238 ], [ 26.53173050375915, 37.635206236928177 ], [ 26.53164062849244, 37.635208166114225 ], [ 26.531562695119096, 37.635230701117813 ], [ 26.531520390275595, 37.635198826822872 ], [ 26.531525454515638, 37.63512719162906 ], [ 26.531545293240665, 37.635049279493749 ], [ 26.531571916048279, 37.634950357890723 ], [ 26.531565238714428, 37.634864074508023 ], [ 26.531559775406322, 37.634813527117487 ], [ 26.531529009461863, 37.634790346454089 ], [ 26.531474965219264, 37.634743821773611 ], [ 26.531472437569381, 37.634669369895427 ], [ 26.531466368078696, 37.634600954819291 ], [ 26.531412934132383, 37.634462029298589 ], [ 26.531321650895443, 37.634311995684506 ], [ 26.531271048664259, 37.634256456130728 ], [ 26.531287952201193, 37.634202449323702 ], [ 26.531225711649153, 37.634135239898761 ], [ 26.531179461464291, 37.63409748920548 ], [ 26.531000532112881, 37.633904631413408 ], [ 26.530863599584446, 37.633844985853493 ], [ 26.530752477164242, 37.633772864899342 ], [ 26.530592267582218, 37.633689874658472 ], [ 26.530410095681781, 37.633622258201676 ], [ 26.530150598497073, 37.633595044663863 ], [ 26.530037145993187, 37.633564695180354 ], [ 26.53001275869137, 37.633508593895257 ], [ 26.530051835041064, 37.633334899047071 ], [ 26.530101936908085, 37.633265278905739 ], [ 26.530122491901206, 37.633097943325062 ], [ 26.530022308271377, 37.632906374491661 ], [ 26.529866871061376, 37.632632547184286 ], [ 26.529692805883105, 37.63247236615905 ], [ 26.529632897917924, 37.632363381546931 ], [ 26.529486662318853, 37.632250288645459 ], [ 26.529346393554196, 37.632202633108967 ], [ 26.529201875599814, 37.632140166850405 ], [ 26.52910674441657, 37.632097502344266 ], [ 26.529040257064629, 37.632015481864748 ], [ 26.528955856226847, 37.631957686052068 ], [ 26.528804253228042, 37.63190729387631 ], [ 26.528611358498264, 37.631854805468279 ], [ 26.528453377395241, 37.631837330968686 ], [ 26.5283509603053, 37.631800783647208 ], [ 26.52823416928377, 37.631782424486495 ], [ 26.528030748422282, 37.631751023100719 ], [ 26.527747680353851, 37.631691526022358 ], [ 26.527517643254438, 37.631648772659823 ], [ 26.527385371340745, 37.63161584427548 ], [ 26.527253400738097, 37.631591851221764 ], [ 26.527111923683183, 37.631508454964639 ], [ 26.527016290391401, 37.631450899188081 ], [ 26.526914781918105, 37.631441153372791 ], [ 26.526811155293505, 37.631368867948019 ], [ 26.526719769940073, 37.631326121799965 ], [ 26.526576365584813, 37.63129641181547 ], [ 26.526485587716664, 37.63127153375126 ], [ 26.526475778079742, 37.631203198325885 ], [ 26.526407063939391, 37.6311659266498 ], [ 26.526238958968399, 37.631181449856697 ], [ 26.526130266243012, 37.631180797661671 ], [ 26.526098089297228, 37.631115921542083 ], [ 26.526163374110038, 37.631051936941468 ], [ 26.526284323910733, 37.630971858683061 ], [ 26.526357916034023, 37.630821269638723 ], [ 26.52643738453159, 37.63062286933981 ], [ 26.526463204636176, 37.630500125433571 ], [ 26.526439236950598, 37.630345664914515 ], [ 26.526410313531798, 37.630155547372283 ], [ 26.526249967252369, 37.63005705802852 ], [ 26.526037649618214, 37.629984119810238 ], [ 26.525950416205337, 37.629953205330359 ], [ 26.525865199718066, 37.629981852515414 ], [ 26.525739196373628, 37.630023295121347 ], [ 26.525638394077831, 37.630034394689922 ], [ 26.525607329817891, 37.630002277466566 ], [ 26.525601064815781, 37.629927904954343 ], [ 26.525669487196009, 37.629845971965992 ], [ 26.525714234108278, 37.6297287842958 ], [ 26.525727813801311, 37.629576499190932 ], [ 26.525734812576804, 37.629451178384187 ], [ 26.525782481980261, 37.629420353932574 ], [ 26.525915570135655, 37.629366839554756 ], [ 26.526024060519912, 37.629361535184266 ], [ 26.52615755153051, 37.629319932691203 ], [ 26.526320393357569, 37.629259818470189 ], [ 26.52641016120366, 37.629254914817047 ], [ 26.52651278794464, 37.629187150691756 ], [ 26.526662466545954, 37.629180963070169 ], [ 26.526866498577636, 37.629119965827513 ], [ 26.526981366810663, 37.629081742266486 ], [ 26.527174263609403, 37.629023962421414 ], [ 26.527250174622981, 37.628941868302014 ], [ 26.527372532405561, 37.628903484465859 ], [ 26.527453195099646, 37.628851090116385 ], [ 26.527586594500864, 37.628696236565794 ], [ 26.527668984016724, 37.628584201688902 ], [ 26.527768267226847, 37.628528428799136 ], [ 26.527859559125385, 37.628457926014001 ], [ 26.527993359576623, 37.628314985168636 ], [ 26.528204400558931, 37.627908125617516 ], [ 26.528304005067433, 37.627640745745424 ], [ 26.528276199403329, 37.627373118367949 ], [ 26.528209930407268, 37.627186781769957 ], [ 26.528095700069567, 37.626912067186609 ], [ 26.527938770364514, 37.626593562612122 ], [ 26.527844980022206, 37.626369073383124 ], [ 26.527732659115486, 37.626261210797352 ], [ 26.527674476567014, 37.626202852172185 ], [ 26.527673063935289, 37.626161159043015 ], [ 26.527690473042089, 37.626122042455989 ], [ 26.527617817577923, 37.626078895894238 ], [ 26.52751540931515, 37.626042348061205 ], [ 26.527463906475681, 37.625960002872503 ], [ 26.527439321578516, 37.625897944837767 ], [ 26.527317484753738, 37.625840950835347 ], [ 26.527282474439343, 37.625802957902209 ], [ 26.527302822083296, 37.625739936495449 ], [ 26.527380141176629, 37.62569953455624 ], [ 26.527522425419935, 37.625696484989412 ], [ 26.527724114265695, 37.625677261549825 ], [ 26.527899593070586, 37.625658598767288 ], [ 26.528049770220779, 37.62566730081442 ], [ 26.528251660464331, 37.625654031932392 ], [ 26.528401836359485, 37.625662732723832 ], [ 26.528792781949104, 37.625666519936928 ], [ 26.529053507512725, 37.625664505406817 ], [ 26.529308771823718, 37.625633996021278 ], [ 26.529652565032489, 37.625562248191599 ], [ 26.529839581896521, 37.625508167844977 ], [ 26.529967216898061, 37.625426751012817 ], [ 26.530016976084443, 37.625302955619105 ], [ 26.530037261191573, 37.625238147637191 ], [ 26.530043311467118, 37.625120475528952 ], [ 26.530033019458322, 37.625029143463138 ], [ 26.530038399059336, 37.624975621466767 ], [ 26.53005213531107, 37.624885679889978 ], [ 26.530063345817709, 37.624791977572066 ], [ 26.530103137531025, 37.624599671108228 ], [ 26.530075065857069, 37.624526331005598 ], [ 26.530095613063338, 37.6243866751242 ], [ 26.530094231301959, 37.624349010450473 ], [ 26.530146414796157, 37.62413760239572 ], [ 26.53019733296545, 37.623941958697969 ], [ 26.530253299561966, 37.623789123840162 ], [ 26.53027497007195, 37.623685658974985 ], [ 26.530320334540686, 37.623600031588275 ], [ 26.530381891407117, 37.623458625823446 ], [ 26.530367136833981, 37.623364031832232 ], [ 26.530252969775969, 37.623129454088293 ], [ 26.530232057079427, 37.623097832689147 ], [ 26.530180858645373, 37.623024424618457 ], [ 26.530147370017346, 37.622920834801349 ], [ 26.53001583400134, 37.6226882154062 ], [ 26.529905341628883, 37.622523690373121 ], [ 26.529894554416785, 37.622497420095428 ], [ 26.532610086908644, 37.622651459366686 ], [ 26.533760495953292, 37.622656696582986 ], [ 26.53400964144172, 37.622632982920102 ], [ 26.534035675699023, 37.622693460236938 ], [ 26.534092473096003, 37.622741832109959 ], [ 26.534120968792354, 37.622804162081181 ], [ 26.534153608939622, 37.622847330506865 ], [ 26.534211442004629, 37.62292619650384 ], [ 26.534244859421921, 37.62299223660029 ], [ 26.534342652312386, 37.62311792931974 ], [ 26.534464795882784, 37.623183969129776 ], [ 26.534584868346425, 37.623259590317801 ], [ 26.534675019989351, 37.623301522932231 ], [ 26.534754745074974, 37.623318882627927 ], [ 26.534782723202291, 37.623365964878872 ], [ 26.534843924397602, 37.623402797156075 ], [ 26.53492669327283, 37.623439165803774 ], [ 26.534964062113733, 37.62348032484568 ], [ 26.535059395229244, 37.623533588600793 ], [ 26.535183550130672, 37.623588141034595 ], [ 26.535356728498016, 37.623666672757608 ], [ 26.535599799351697, 37.623762776011553 ], [ 26.535870292715977, 37.623871998002684 ], [ 26.536025730082731, 37.623947334478608 ], [ 26.536169833465404, 37.624041988012813 ], [ 26.536334904492062, 37.624136190071304 ], [ 26.536480627629519, 37.624278491783926 ], [ 26.536554784129876, 37.624343655046665 ], [ 26.536649604050687, 37.624452242894826 ], [ 26.536736260348739, 37.624532394983937 ], [ 26.536826739444489, 37.624583854627573 ], [ 26.536977734674057, 37.624688817773361 ], [ 26.537050338057625, 37.624759773528652 ], [ 26.537109575498505, 37.624791396580427 ], [ 26.537173176033736, 37.624828175564687 ], [ 26.53726339678213, 37.624872010512249 ], [ 26.537413393869635, 37.624910745790686 ], [ 26.537522265880906, 37.624938919839437 ], [ 26.537667018657949, 37.624964416988838 ], [ 26.537763455161382, 37.624979507170792 ], [ 26.537812289306565, 37.625005159689081 ], [ 26.53791293440403, 37.625002993188581 ], [ 26.537997390773668, 37.62501834255167 ], [ 26.538106067376471, 37.625040798915407 ], [ 26.538257814080879, 37.625060421532019 ], [ 26.538383526206864, 37.625090140442865 ], [ 26.538504445501022, 37.625119963313757 ], [ 26.53863617769694, 37.625115219525483 ], [ 26.538694014881667, 37.625123511557845 ], [ 26.538756967512509, 37.625141229958352 ], [ 26.538858067201918, 37.625152404699371 ], [ 26.538925878469115, 37.625171925667679 ], [ 26.538991682411545, 37.625202935414748 ], [ 26.539048675205951, 37.625186448847899 ], [ 26.539061038275893, 37.625056482155884 ], [ 26.539041928593843, 37.624988227537777 ], [ 26.539017442191806, 37.624902923581864 ], [ 26.539000404924153, 37.62482508890394 ], [ 26.53897669731435, 37.624762655580696 ], [ 26.538981486400829, 37.624691980748558 ], [ 26.538948320262325, 37.624562993210603 ], [ 26.538896894406456, 37.624531674847184 ], [ 26.538868654549159, 37.624476969634955 ], [ 26.538839504989618, 37.624395580046937 ], [ 26.53881055186535, 37.624319909191364 ], [ 26.538792286032521, 37.624276433041331 ], [ 26.53871022437588, 37.624190460906021 ], [ 26.538619029248565, 37.624047463680071 ], [ 26.538524272149708, 37.623940783838108 ], [ 26.538448622127195, 37.623831784055341 ], [ 26.538407623079912, 37.62375446582795 ], [ 26.538354706396248, 37.623679309858922 ], [ 26.53831176590958, 37.623615383520793 ], [ 26.538272903193743, 37.623530388664271 ], [ 26.538260465531273, 37.623446732348356 ], [ 26.538248610361073, 37.623380229750929 ], [ 26.538202234909807, 37.623285859290831 ], [ 26.538148671384015, 37.62319164431991 ], [ 26.538090055824835, 37.623089908289643 ], [ 26.538048668828381, 37.623001152554096 ], [ 26.537963953000435, 37.62290760619485 ], [ 26.537906570466976, 37.622842083942629 ], [ 26.537884612663831, 37.622760538978525 ], [ 26.537873861988874, 37.622683947177791 ], [ 26.537959994723629, 37.622675728169995 ], [ 26.539588090995768, 37.622683065588262 ], [ 26.541206561836965, 37.622690336944423 ], [ 26.549787723980831, 37.62228130775614 ], [ 26.557117074849643, 37.621546452330158 ], [ 26.57020959803247, 37.618463385797973 ], [ 26.570500199594473, 37.618393338744909 ], [ 26.571073149319268, 37.618233316091192 ], [ 26.571633486885833, 37.618047177332286 ], [ 26.572271406252966, 37.617808043910188 ], [ 26.572982002861977, 37.617510603118838 ], [ 26.573500451199834, 37.617259627189789 ], [ 26.573999666015737, 37.616985087204085 ], [ 26.574477958509508, 37.616687910814512 ], [ 26.575152640022182, 37.61620193165205 ], [ 26.5755717024612, 37.615852731016979 ], [ 26.576150664541519, 37.615294070622973 ], [ 26.576635393500428, 37.614740597941683 ], [ 26.576969915527812, 37.614296353461341 ], [ 26.57738909967749, 37.613655974614332 ], [ 26.577655006369426, 37.613152800518648 ], [ 26.577878971364694, 37.612636868216903 ], [ 26.578662284169777, 37.610826773603918 ], [ 26.578949793879755, 37.610049256580155 ], [ 26.579084637398303, 37.609588788079378 ], [ 26.579186466644838, 37.609122982342662 ], [ 26.579254955680884, 37.608653334245929 ], [ 26.579289887291381, 37.60818135355121 ], [ 26.579291147266648, 37.60770855576807 ], [ 26.579258731028883, 37.607236460980076 ], [ 26.578281922545695, 37.596040478108847 ], [ 26.578258644879007, 37.595799094537455 ], [ 26.578185569867781, 37.595318463109578 ], [ 26.578135835599433, 37.595079626568989 ], [ 26.559081790080196, 37.514913121872446 ], [ 26.559019109900539, 37.514677636410596 ], [ 26.558947868695121, 37.514443700555098 ], [ 26.558868127797687, 37.514211512851588 ], [ 26.558779952092824, 37.513981267526475 ], [ 26.558683417942337, 37.513753158620666 ], [ 26.558559644576011, 37.513482672324791 ], [ 26.558455954821618, 37.513276944798896 ], [ 26.558345487459778, 37.513073469123832 ], [ 26.558228322200684, 37.512872382476942 ], [ 26.557974223108747, 37.512477946000033 ], [ 26.557837469885968, 37.512284867696479 ], [ 26.55756996752093, 37.511931040770726 ], [ 26.557304043730042, 37.511612361148423 ], [ 26.5570160058104, 37.511306122570311 ], [ 26.551072115930957, 37.505169737517996 ], [ 26.550708560470277, 37.504817160321657 ], [ 26.550150452590888, 37.504340464316783 ], [ 26.549832115493835, 37.504089742385808 ], [ 26.549274436831109, 37.503650962952221 ], [ 26.548656392107457, 37.503208186075121 ], [ 26.547996127623204, 37.502805952139482 ], [ 26.547048451688823, 37.502315887745134 ], [ 26.546283606666378, 37.501990852668591 ], [ 26.545251788144817, 37.501639487668079 ], [ 26.544412630528509, 37.501415732776124 ], [ 26.543552756930026, 37.501249223512801 ], [ 26.542718877242386, 37.501134121741202 ], [ 26.496818396318002, 37.495000719925713 ], [ 26.495816766220425, 37.494877907256956 ], [ 26.495254789486015, 37.49482633648924 ], [ 26.494690091612703, 37.494799681368129 ], [ 26.493671934343876, 37.494783121375391 ], [ 26.493272301482747, 37.494782959848891 ], [ 26.492661475254433, 37.494795859988237 ], [ 26.491749636537289, 37.494868628505273 ], [ 26.491147731186448, 37.494952505801336 ], [ 26.490259022171365, 37.495130654184635 ], [ 26.489678956170611, 37.495283709125317 ], [ 26.48828045025493, 37.495720600301361 ], [ 26.465085874190525, 37.503666733900516 ], [ 26.463344993050811, 37.501834580803894 ], [ 26.460924012595637, 37.49960587451416 ], [ 26.458325402142076, 37.497508028748882 ], [ 26.455560290415676, 37.49555001798975 ], [ 26.452640513329548, 37.49374021551256 ], [ 26.449578563583731, 37.492086356422234 ], [ 26.448967484573391, 37.491783066888132 ], [ 26.446229497825406, 37.490517682650875 ], [ 26.442923063305354, 37.489196231170546 ], [ 26.439515345445329, 37.488049824394864 ], [ 26.43638354055151, 37.487174246042748 ], [ 26.434242670952376, 37.486606377657345 ], [ 26.430676513636087, 37.485823939390578 ], [ 26.427053828310811, 37.485228920700187 ], [ 26.423390101230794, 37.484823871336836 ], [ 26.419700996269238, 37.484610518860421 ], [ 26.417654006011542, 37.484575215020136 ], [ 26.416862216614064, 37.484577697279065 ], [ 26.41561563627458, 37.484588683824853 ], [ 26.411923116361528, 37.484760634705957 ], [ 26.408252575531382, 37.485124551956297 ], [ 26.404619709037441, 37.485678882215275 ], [ 26.403392819934524, 37.485910426539981 ], [ 26.402629281381746, 37.486063485136867 ], [ 26.399172263618876, 37.48678363681114 ], [ 26.395661063119771, 37.487710828617146 ], [ 26.393599093566042, 37.488352420214966 ], [ 26.392095221114904, 37.488774394334534 ], [ 26.388667431485501, 37.489882396223734 ], [ 26.385337807860324, 37.491166574897832 ], [ 26.382120591967475, 37.492621440827946 ], [ 26.379029547606738, 37.494240774886173 ], [ 26.376077902295652, 37.496017652177414 ], [ 26.373278289867585, 37.497944474896499 ], [ 26.370642690346912, 37.500013003790329 ], [ 26.36818239596958, 37.502214393331499 ], [ 26.365907942255092, 37.50453922560294 ], [ 26.363829081263219, 37.506977557089435 ], [ 26.361954723930605, 37.509518957031901 ], [ 26.360292911411268, 37.512152551781085 ], [ 26.359490045130311, 37.513601871502473 ], [ 26.358792681315443, 37.514976365359971 ], [ 26.357576420430135, 37.517760194410613 ], [ 26.356591267599985, 37.520601417363089 ], [ 26.355841465562484, 37.523487875314373 ], [ 26.35555253301121, 37.52496277048639 ], [ 26.355315850617576, 37.526488608188558 ], [ 26.355045440459683, 37.529428318244889 ], [ 26.355017024607346, 37.532375819064178 ], [ 26.355230748176897, 37.535318486049555 ], [ 26.355685729455114, 37.538243717975611 ], [ 26.356293626581785, 37.540828173630615 ], [ 26.356492759085668, 37.541551266644262 ], [ 26.35687185886928, 37.542807808251048 ], [ 26.357836848463762, 37.545719808905311 ], [ 26.358273763487901, 37.546964477452853 ], [ 26.359436978195301, 37.549762769286033 ], [ 26.360827671099532, 37.552494476001989 ], [ 26.362739265898302, 37.55560633929656 ], [ 26.364366500293759, 37.557889890568362 ], [ 26.366400237487849, 37.560352992395224 ], [ 26.368632122157898, 37.562704886708467 ], [ 26.371052602946499, 37.564935489809571 ], [ 26.373651314764132, 37.567035238261674 ], [ 26.376417131640409, 37.568995131574347 ], [ 26.378410797111815, 37.570258271670347 ], [ 26.379509966034313, 37.570911430545678 ], [ 26.382573787156741, 37.572567027849622 ], [ 26.383505575621815, 37.573027531914299 ], [ 26.386271451839558, 37.574296307950071 ], [ 26.385917866336861, 37.57535046347158 ], [ 26.385721535381261, 37.576013266288598 ], [ 26.385594390932816, 37.576686678340025 ], [ 26.38553391986899, 37.577593164945064 ], [ 26.385545392856979, 37.578386781804944 ], [ 26.385628694493576, 37.579083733790213 ], [ 26.385840113181001, 37.579942707119478 ], [ 26.386246918435941, 37.581073452270978 ], [ 26.386612779627288, 37.581854824219427 ], [ 26.386973127606179, 37.582531895688682 ], [ 26.387474050927906, 37.583296852806903 ], [ 26.388345629255202, 37.584457665168216 ], [ 26.389206202325671, 37.585413441170601 ], [ 26.389918010457542, 37.586095817672884 ], [ 26.415070620137847, 37.610197258976214 ], [ 26.41587764721405, 37.610901358525979 ], [ 26.416780919183427, 37.611527130396652 ], [ 26.418027064255519, 37.612186708018513 ], [ 26.41882734518888, 37.612511760088324 ], [ 26.419843490684926, 37.612885313617035 ], [ 26.420985713426575, 37.613292554335978 ], [ 26.422210814571589, 37.613624738841004 ], [ 26.423402521736136, 37.613928422259271 ], [ 26.424624353409303, 37.6142292343702 ], [ 26.425663670215588, 37.614419844486982 ], [ 26.42702779083336, 37.614534253456526 ], [ 26.427714004420295, 37.614535372614561 ], [ 26.479674591734579, 37.61456538768816 ], [ 26.480374436518652, 37.614532982429708 ], [ 26.482991519280336, 37.614345895257962 ], [ 26.485624267008749, 37.614107059503958 ], [ 26.495840370024364, 37.617231483770205 ], [ 26.498808017112605, 37.618048927394049 ], [ 26.507097818065795, 37.619858617401739 ], [ 26.515518969251627, 37.621232553975844 ], [ 26.515915014466859, 37.62124360572902 ], [ 26.515909638826503, 37.621250076288668 ], [ 26.515867280010585, 37.621327274790453 ], [ 26.51582321047815, 37.621442657505291 ], [ 26.515770235294404, 37.621560613823014 ], [ 26.515742531899846, 37.621627963419613 ], [ 26.515745102919002, 37.621704202212413 ], [ 26.515784260395009, 37.621798737730941 ], [ 26.515805927796787, 37.621907949149396 ], [ 26.515782825520798, 37.622022884972871 ], [ 26.515781437195091, 37.622070598519812 ], [ 26.515818482772559, 37.622191403053378 ], [ 26.515879411155666, 37.622309314591625 ], [ 26.515885540356475, 37.622402167996256 ], [ 26.515947857058435, 37.622472365044196 ], [ 26.515969926450033, 37.62259348963898 ], [ 26.515962788360181, 37.622648479231643 ], [ 26.515915987164757, 37.622682856420731 ], [ 26.515780128375606, 37.622742976589137 ], [ 26.515678526058306, 37.622752294833248 ], [ 26.51554470012108, 37.622783760715961 ], [ 26.515405282405574, 37.622827267617794 ], [ 26.515330799166492, 37.62284077693436 ], [ 26.515254204997554, 37.622880556827702 ], [ 26.515177209335373, 37.622908427054035 ], [ 26.515037871686783, 37.622954314381644 ], [ 26.514934318075301, 37.622994670078214 ], [ 26.514828251288225, 37.623049384029294 ], [ 26.514726632474769, 37.623120455349195 ], [ 26.514645460386912, 37.623202296068179 ], [ 26.514624194513285, 37.623282859760124 ], [ 26.514607914172306, 37.623369037859305 ], [ 26.514598374209083, 37.623441722063468 ], [ 26.514599189586896, 37.623537073670896 ], [ 26.514602208519268, 37.623626656046319 ], [ 26.514613914400094, 37.623689349135134 ], [ 26.514635075882353, 37.623748026352274 ], [ 26.514627354835294, 37.623803505581058 ], [ 26.514592373309572, 37.623832862486488 ], [ 26.514488218730101, 37.623873230070608 ], [ 26.514315663045629, 37.623947481821098 ], [ 26.514201988283663, 37.623989960692413 ], [ 26.514126737781066, 37.623962954135429 ], [ 26.513990296016335, 37.623899104242504 ], [ 26.513899961272575, 37.62385143909286 ], [ 26.513893306427867, 37.62379626724524 ], [ 26.513858280353425, 37.623753143539837 ], [ 26.513769166589849, 37.623741691944701 ], [ 26.513654271014104, 37.623747955574018 ], [ 26.513548896828301, 37.62375210911739 ], [ 26.51344521245715, 37.623735245596464 ], [ 26.513345677638409, 37.623699218464523 ], [ 26.513307935015327, 37.623646617739311 ], [ 26.513240965907222, 37.62365185920163 ], [ 26.513172778878214, 37.623620887381982 ], [ 26.513123695387272, 37.623587599643621 ], [ 26.513091194446488, 37.623548235964812 ], [ 26.513042691168174, 37.623532104402841 ], [ 26.51301907001092, 37.6234715717098 ], [ 26.5129973317276, 37.623395740269402 ], [ 26.512979722786874, 37.623371319555382 ], [ 26.512888790425649, 37.623377072027012 ], [ 26.51287411254798, 37.623297275621042 ], [ 26.512826655961995, 37.623241064534945 ], [ 26.512780891048429, 37.623163838032355 ], [ 26.512719185187922, 37.623111745562873 ], [ 26.512693425508765, 37.623058887930142 ], [ 26.51274524624414, 37.62303108026348 ], [ 26.512756263698527, 37.623002235408556 ], [ 26.512713986298291, 37.622957359634654 ], [ 26.512654291571419, 37.622893779686024 ], [ 26.512612314296831, 37.622929007700264 ], [ 26.512573310356562, 37.622981337837004 ], [ 26.512548769680972, 37.622964694128491 ], [ 26.512506876728736, 37.622931254012784 ], [ 26.512445784830241, 37.622930819969874 ], [ 26.512439715484827, 37.622930776653561 ], [ 26.512389008931937, 37.62292041301086 ], [ 26.512317119574856, 37.622921944366048 ], [ 26.512232521448563, 37.622973338513425 ], [ 26.512183267307776, 37.623077386789014 ], [ 26.51215844786346, 37.623123692149001 ], [ 26.512109857520244, 37.62317622589282 ], [ 26.512094688626, 37.623224233453278 ], [ 26.512060349254529, 37.623272650154846 ], [ 26.512071538087401, 37.62332009611017 ], [ 26.512091671328331, 37.623348278278684 ], [ 26.512133243218006, 37.623372187237067 ], [ 26.512124491836428, 37.623397170129763 ], [ 26.512086407810241, 37.623405610903973 ], [ 26.512082961798132, 37.623445739870178 ], [ 26.512081978919188, 37.623487722623054 ], [ 26.512099778808047, 37.6235178601641 ], [ 26.512143425932027, 37.623532190571396 ], [ 26.512132792642863, 37.62357247198819 ], [ 26.512075537759397, 37.623581321036333 ], [ 26.512016655906187, 37.623613092313228 ], [ 26.512008354860001, 37.623651418528695 ], [ 26.511988391505476, 37.623699527250501 ], [ 26.512003925487285, 37.623733528453329 ], [ 26.51204652413233, 37.623787935818598 ], [ 26.512072027385205, 37.623833169163461 ], [ 26.512075835587854, 37.623875051273615 ], [ 26.512101017962454, 37.623910754171568 ], [ 26.512104827087182, 37.623952635196261 ], [ 26.512084222302505, 37.623981684827328 ], [ 26.512068666865115, 37.624018256980776 ], [ 26.512080642559603, 37.624036095458216 ], [ 26.512086339883343, 37.62404458209155 ], [ 26.512126542526502, 37.624099041218777 ], [ 26.512187927776267, 37.624141602679288 ], [ 26.51221809531199, 37.624182922920454 ], [ 26.512202412862347, 37.624215682680941 ], [ 26.512196570222901, 37.624255861673603 ], [ 26.512249867999355, 37.624271891545021 ], [ 26.512277384092098, 37.624305638980275 ], [ 26.512250809852084, 37.624371056106547 ], [ 26.512259475547314, 37.624414740505685 ], [ 26.512280442739414, 37.624467700945694 ], [ 26.512307957406531, 37.624501446785303 ], [ 26.512359564619803, 37.624538495461621 ], [ 26.512396601118212, 37.624570132323292 ], [ 26.512393990878479, 37.624635038321401 ], [ 26.512331600363286, 37.624705033179552 ], [ 26.512294413577528, 37.624740157536728 ], [ 26.512221345970698, 37.624777954443552 ], [ 26.512196268934872, 37.624816636399622 ], [ 26.512198066245752, 37.624870004935744 ], [ 26.512176605709186, 37.624944849632925 ], [ 26.512197510654023, 37.624995903654778 ], [ 26.512215888685759, 37.625043196804334 ], [ 26.512286218092935, 37.625066493660277 ], [ 26.512295889107698, 37.625104435305168 ], [ 26.51225161989592, 37.625200379256235 ], [ 26.51218868204824, 37.625307580120023 ], [ 26.512044645754813, 37.625473876416685 ], [ 26.511813182127387, 37.62564587016449 ], [ 26.511669966353434, 37.625741736817922 ], [ 26.511514172554932, 37.625833271050219 ], [ 26.511451070795442, 37.6258319732042 ], [ 26.511403635342933, 37.625790605164653 ], [ 26.511327764872561, 37.625763014616844 ], [ 26.511249808599668, 37.625740236295833 ], [ 26.511221044531382, 37.625753961918164 ], [ 26.511193166361441, 37.625793832616225 ], [ 26.511156913209604, 37.625784831714448 ], [ 26.511130040895274, 37.625770144462535 ], [ 26.511063670097705, 37.625721966762498 ], [ 26.510956238865955, 37.625665123874136 ], [ 26.510905208973679, 37.6256452310868 ], [ 26.510828396645572, 37.625643050856702 ], [ 26.51076833118579, 37.625621918275854 ], [ 26.510693343017781, 37.625584890439228 ], [ 26.51061994247145, 37.625595037049919 ], [ 26.510555384185903, 37.625600702478366 ], [ 26.510517208417877, 37.625588640183366 ], [ 26.510472323975112, 37.625591025794861 ], [ 26.510431755960671, 37.625614777816999 ], [ 26.510369619122564, 37.625638989750975 ], [ 26.510354310067981, 37.625665065195605 ], [ 26.51031127123348, 37.625668842327656 ], [ 26.510229911259387, 37.625656268290768 ], [ 26.510109058641405, 37.62564596656636 ], [ 26.510034697159799, 37.625627522128248 ], [ 26.509916027638152, 37.625628616058215 ], [ 26.509842578587033, 37.625637332780599 ], [ 26.509762228055202, 37.625654779103947 ], [ 26.509699516430903, 37.625661835360248 ], [ 26.509659783634476, 37.625656958971888 ], [ 26.509572581034426, 37.625684563876284 ], [ 26.509519929390958, 37.62566994879915 ], [ 26.509458052218168, 37.625648377000516 ], [ 26.509370771910604, 37.625620192495731 ], [ 26.509279993646839, 37.625594945545082 ], [ 26.509198393060906, 37.625575223088788 ], [ 26.509135344019366, 37.625572273768945 ], [ 26.509090891757225, 37.625587523764246 ], [ 26.50901099399681, 37.625564904515009 ], [ 26.508934978993356, 37.625550786864721 ], [ 26.508861529512068, 37.625559501051441 ], [ 26.508819518891222, 37.625540366740921 ], [ 26.508832984412734, 37.625512901465221 ], [ 26.508848149821095, 37.625482537301025 ], [ 26.508822506965611, 37.625468776775442 ], [ 26.508766791741333, 37.625469962657291 ], [ 26.50872243550835, 37.625488073017408 ], [ 26.508672399761419, 37.625497721098974 ], [ 26.508644315161018, 37.62551834470441 ], [ 26.508601949767723, 37.625542135385537 ], [ 26.508558767006743, 37.62554162365705 ], [ 26.508475321549643, 37.625520510692454 ], [ 26.508390512037586, 37.625512300161965 ], [ 26.508286317178133, 37.625515947615682 ], [ 26.50821428127896, 37.625513187878646 ], [ 26.508120243113961, 37.625498020863127 ], [ 26.508012357961423, 37.625498883648277 ], [ 26.507895341458621, 37.62549565126826 ], [ 26.50779838336814, 37.625500574248399 ], [ 26.507752758656832, 37.625534447207507 ], [ 26.507750557446563, 37.625575979785836 ], [ 26.507739899378045, 37.625633427729646 ], [ 26.507717494961341, 37.625662513190669 ], [ 26.507684355668577, 37.625693260144544 ], [ 26.507680501281044, 37.625739119294963 ], [ 26.507681462229481, 37.62576770975901 ], [ 26.507700299689834, 37.625793057804607 ], [ 26.507738092525329, 37.625793685296806 ], [ 26.507774710283744, 37.625812934090227 ], [ 26.507799757379523, 37.625862469630057 ], [ 26.507820728788055, 37.625897787175347 ], [ 26.507851024541839, 37.625942919751495 ], [ 26.507927135731272, 37.625959898803082 ], [ 26.50795467234061, 37.625976479611751 ], [ 26.507968358304318, 37.626009089996025 ], [ 26.507919234843254, 37.626045898848282 ], [ 26.507913391988946, 37.626086077201613 ], [ 26.507959093725475, 37.626107994304341 ], [ 26.507985072855888, 37.626131760448772 ], [ 26.507986562873214, 37.62617607539535 ], [ 26.507990041345863, 37.626226070230963 ], [ 26.507991723871385, 37.626276103396556 ], [ 26.507993165569673, 37.626318989047675 ], [ 26.507977210552173, 37.626379409736565 ], [ 26.507972780262264, 37.626408114867715 ], [ 26.507881001042481, 37.626460136395231 ], [ 26.507988187567761, 37.626652407576977 ], [ 26.50799982756169, 37.626838129503604 ], [ 26.507992100546293, 37.626982778085583 ], [ 26.507965217713316, 37.627039141160616 ], [ 26.5078943622369, 37.627125049762469 ], [ 26.507826928554564, 37.627152233325816 ], [ 26.507621637211333, 37.627037863817691 ], [ 26.507579750072214, 37.627075949446315 ], [ 26.507803783879233, 37.62721280823164 ], [ 26.507762329643803, 37.627263757886723 ], [ 26.507603288515767, 37.627401610341529 ], [ 26.507535748466889, 37.62745239890468 ], [ 26.507468208328575, 37.62750318741999 ], [ 26.507385366374134, 37.627553589039678 ], [ 26.507282128980666, 37.627585824138002 ], [ 26.50723746380292, 37.627648287225718 ], [ 26.507128718847465, 37.627730709523533 ], [ 26.507009093493853, 37.627810500658342 ], [ 26.506853616453306, 37.627893914975907 ], [ 26.506676425911046, 37.627973500985966 ], [ 26.506611568937927, 37.627863298507087 ], [ 26.50657586247738, 37.627871209588875 ], [ 26.506607583992611, 37.627932047534784 ], [ 26.506628949926952, 37.627991502146109 ], [ 26.506508202233807, 37.628037939441356 ], [ 26.506023993760987, 37.628187467650747 ], [ 26.505623625494035, 37.628262734555143 ], [ 26.505161073494964, 37.628343133598484 ], [ 26.505145180140065, 37.628310254575915 ], [ 26.505113331043397, 37.628185533586297 ], [ 26.505068348299766, 37.62818505810602 ], [ 26.505078033827992, 37.628259239771225 ], [ 26.505094919393006, 37.628306804434644 ], [ 26.50510122558337, 37.628346312855996 ], [ 26.504895895264461, 37.628373563557133 ], [ 26.504434140210211, 37.628406258533367 ], [ 26.504143970844535, 37.628406698382349 ], [ 26.503878565625044, 37.628358928657825 ], [ 26.503671314552225, 37.628328995056023 ], [ 26.503539187068018, 37.628322264598808 ], [ 26.50336996157753, 37.628281986508455 ], [ 26.503270425146198, 37.628245951784344 ], [ 26.503231155688578, 37.628225034452818 ], [ 26.503219357460484, 37.628185696883946 ], [ 26.503214802802088, 37.628157183459493 ], [ 26.503171975630231, 37.62811374532432 ], [ 26.503158052093585, 37.628073986526907 ], [ 26.503156564690617, 37.628029670598011 ], [ 26.50311999438701, 37.628011850418865 ], [ 26.503101492338875, 37.627996507094274 ], [ 26.50308883811212, 37.627940985296398 ], [ 26.503097056941986, 37.627917922613854 ], [ 26.503074480881356, 37.62788836001328 ], [ 26.503075367216201, 37.627861161239721 ], [ 26.503088931537906, 37.627836554452706 ], [ 26.503077777485711, 37.62779006042738 ], [ 26.503047420601213, 37.627743020106365 ], [ 26.502983450274083, 37.627694785917214 ], [ 26.502946479866608, 37.627665052442183 ], [ 26.502964628139704, 37.627634149453911 ], [ 26.502935039588831, 37.627609981169122 ], [ 26.502904716421302, 37.627635421271201 ], [ 26.502830297145248, 37.627633185123251 ], [ 26.502755304282328, 37.627613795562617 ], [ 26.502653883324459, 37.627593059721065 ], [ 26.502558408990179, 37.627606530742078 ], [ 26.502491434826762, 37.627611765766943 ], [ 26.502440725603943, 37.627601397962962 ], [ 26.502366690713398, 37.627610598821015 ], [ 26.502341608895215, 37.627649278965912 ], [ 26.502283038822931, 37.627690576731617 ], [ 26.502213860176081, 37.627701581394994 ], [ 26.502149219500005, 37.627704860150722 ], [ 26.502072276346766, 37.627698863640326 ], [ 26.502032590041555, 37.627659650006528 ], [ 26.50195379383856, 37.627598378307475 ], [ 26.501842916693317, 37.627581657077059 ], [ 26.501761435479853, 37.627583385264025 ], [ 26.501689541941541, 37.62758491043698 ], [ 26.501624198010248, 37.627567222726618 ], [ 26.501598826650444, 37.627525799833144 ], [ 26.501563077326832, 37.627501165134532 ], [ 26.501499498539705, 37.627482486356307 ], [ 26.501413129961168, 37.627481456623777 ], [ 26.50134327291314, 37.627490091748605 ], [ 26.501251870279347, 37.62744625319246 ], [ 26.501137846120624, 37.627371423687414 ], [ 26.501017256116711, 37.627315329213857 ], [ 26.50092626205339, 37.627229996198395 ], [ 26.500846245525715, 37.627150153243953 ], [ 26.50080787808189, 37.627025077447634 ], [ 26.500824317368984, 37.626978953252518 ], [ 26.500844256397396, 37.626929892404441 ], [ 26.500857197461205, 37.626886701806022 ], [ 26.500885260449127, 37.626811718728149 ], [ 26.500927702428179, 37.626629141204234 ], [ 26.500912939927964, 37.626510719798041 ], [ 26.500935802169128, 37.626441569428863 ], [ 26.500951571194758, 37.626375430526892 ], [ 26.500926337659184, 37.626320172753495 ], [ 26.500915624561863, 37.626268902296076 ], [ 26.500890775122695, 37.626225081917781 ], [ 26.500869469647306, 37.62617975672233 ], [ 26.500874096109602, 37.626156770746 ], [ 26.500888929452273, 37.626116400502404 ], [ 26.50089259665199, 37.626064824073886 ], [ 26.500867074157931, 37.626000990471638 ], [ 26.500850540068726, 37.625936968047874 ], [ 26.500872755041321, 37.625902164074276 ], [ 26.500894681498369, 37.625858782347279 ], [ 26.500936092709203, 37.625806405077149 ], [ 26.500967341484973, 37.625772840181725 ], [ 26.500980282618904, 37.625729650396472 ], [ 26.500998998457913, 37.625697781081087 ], [ 26.500999790260284, 37.625667722538601 ], [ 26.500975130957137, 37.625629621683537 ], [ 26.50093959127485, 37.625588890119779 ], [ 26.500898277632672, 37.625536836092692 ], [ 26.50088708775144, 37.625471268964539 ], [ 26.500807885673041, 37.625415726901082 ], [ 26.500794395221387, 37.62538883356325 ], [ 26.50085128566473, 37.625369029529082 ], [ 26.500883206346938, 37.62535547806371 ], [ 26.500889888767308, 37.625350413961684 ], [ 26.500937579474247, 37.625314269656769 ], [ 26.50092753938301, 37.625283010577519 ], [ 26.500917450220747, 37.625250323275772 ], [ 26.500876520387372, 37.625209704868702 ], [ 26.500848699024655, 37.625184545690665 ], [ 26.500798134326534, 37.625178465159813 ], [ 26.500752818602233, 37.62516798203454 ], [ 26.500748648943024, 37.625150903986942 ], [ 26.500759744306407, 37.625106320631616 ], [ 26.500760535368922, 37.625076263141899 ], [ 26.500752579578499, 37.625053542709125 ], [ 26.500723487593536, 37.625044147594657 ], [ 26.500690465598758, 37.625024820223445 ], [ 26.500626769793918, 37.624948921984029 ], [ 26.500466787617338, 37.624897952689452 ], [ 26.500341503300902, 37.624916345344239 ], [ 26.500279652277023, 37.624949128492112 ], [ 26.500227578077716, 37.624951663978635 ], [ 26.500196498053825, 37.624936586829506 ], [ 26.500141308239346, 37.624953492608654 ], [ 26.500038789940064, 37.625007165588862 ], [ 26.500032319103855, 37.625028760447691 ], [ 26.500082787032103, 37.62503198191672 ], [ 26.500101526095776, 37.625054472852938 ], [ 26.500104089253281, 37.625077307788324 ], [ 26.500079646153328, 37.62509928306185 ], [ 26.500037133730434, 37.625118782096905 ], [ 26.499998646909173, 37.625151069339658 ], [ 26.500015637341431, 37.62517502884733 ], [ 26.50005740572179, 37.625187017694444 ], [ 26.500041901326185, 37.625207374239871 ], [ 26.500017170233633, 37.625220773502313 ], [ 26.500035622291119, 37.625234687372192 ], [ 26.500095651196823, 37.625254872671015 ], [ 26.500195270366834, 37.625275649027508 ], [ 26.500287268516391, 37.625283713135673 ], [ 26.500309890215512, 37.625314705016507 ], [ 26.500280653196011, 37.625372546204161 ], [ 26.500201027234528, 37.625429548966565 ], [ 26.500157891908639, 37.625430462849643 ], [ 26.500071557382679, 37.625430386297452 ], [ 26.500009698774697, 37.625445048522963 ], [ 26.4999539091732, 37.625497730843932 ], [ 26.499946047817325, 37.625549397201524 ], [ 26.499942403752051, 37.625583805679774 ], [ 26.49989140826278, 37.625636386486619 ], [ 26.49975180768271, 37.625692753513121 ], [ 26.499714613435234, 37.625727874207165 ], [ 26.499718096018697, 37.625760225433723 ], [ 26.499742890613398, 37.625784496838989 ], [ 26.499719820596155, 37.625811688341315 ], [ 26.499669431435684, 37.625810849653618 ], [ 26.499619489924438, 37.62582335263378 ], [ 26.499565138579595, 37.625847392516867 ], [ 26.499542579733518, 37.625889833662058 ], [ 26.499536731111647, 37.625930012792409 ], [ 26.499578874958992, 37.625971080424293 ], [ 26.49959330112306, 37.626007968723648 ], [ 26.499543575440825, 37.626044787213146 ], [ 26.499501797217786, 37.626050441296066 ], [ 26.499433936979649, 37.6260828747236 ], [ 26.499372786970671, 37.62613662258984 ], [ 26.499311077035475, 37.626173694282414 ], [ 26.499189617241125, 37.626216799950832 ], [ 26.499040834484664, 37.626339165040577 ], [ 26.499015312014084, 37.626382620423009 ], [ 26.499037637348856, 37.62642267951491 ], [ 26.499085885694367, 37.626431195405793 ], [ 26.499101342008455, 37.62644517319589 ], [ 26.49910204060399, 37.62646549542594 ], [ 26.499061802207049, 37.62647194373195 ], [ 26.499030389135598, 37.626473801635214 ], [ 26.498995257550938, 37.626499873655725 ], [ 26.498969653714518, 37.626540947344793 ], [ 26.498994337034624, 37.626561883402601 ], [ 26.498980237293608, 37.626588407783501 ], [ 26.498913879087556, 37.626627436232539 ], [ 26.498856179392615, 37.626661371458944 ], [ 26.49880364720001, 37.626703970018234 ], [ 26.498724060354917, 37.626744280995396 ], [ 26.498677425280899, 37.626748129725712 ], [ 26.498600426840486, 37.626758343035725 ], [ 26.498512356823159, 37.626760209687951 ], [ 26.498323875359546, 37.626771356266907 ], [ 26.498115814428406, 37.626788638450364 ], [ 26.497982763026421, 37.626790026604205 ], [ 26.497922445452346, 37.626761263145056 ], [ 26.497865435473702, 37.626723846785204 ], [ 26.49784257542202, 37.62668570568605 ], [ 26.497814178678812, 37.626643391872783 ], [ 26.497778785804314, 37.626606946811826 ], [ 26.497737999554573, 37.626570617119384 ], [ 26.497700206837539, 37.626569986488398 ], [ 26.497702865616297, 37.626595680076541 ], [ 26.497721749233961, 37.626622461127312 ], [ 26.497702260081986, 37.626655696665125 ], [ 26.497661584878415, 37.626658464875788 ], [ 26.497594356231815, 37.626656074721858 ], [ 26.497533550478352, 37.626630657886437 ], [ 26.497371393514793, 37.626586408651796 ], [ 26.497306178139219, 37.626572530261306 ], [ 26.49724233981091, 37.626528105182047 ], [ 26.497139008622703, 37.626450183686465 ], [ 26.497077503581416, 37.626403799915138 ], [ 26.497016060188081, 37.626359325363964 ], [ 26.496963757672226, 37.626301303745464 ], [ 26.496928547662272, 37.626252457311359 ], [ 26.496887043744419, 37.626230447567934 ], [ 26.496819177577045, 37.626208994860193 ], [ 26.496695263649233, 37.626232600009516 ], [ 26.49662129302294, 37.626243703419078 ], [ 26.496586813569284, 37.626288302723857 ], [ 26.496548689680345, 37.626367311090668 ], [ 26.496526063802154, 37.626407846614981 ], [ 26.496501170406429, 37.626452242785618 ], [ 26.496468449018938, 37.626477732360442 ], [ 26.496418888517919, 37.626501670440121 ], [ 26.496369293265417, 37.626596181886988 ], [ 26.496387279798874, 37.626632040649525 ], [ 26.496423226009124, 37.626631280124727 ], [ 26.496509562948432, 37.626631359782309 ], [ 26.496540042796934, 37.626682213687673 ], [ 26.496484696032034, 37.626748236811146 ], [ 26.49650067048, 37.626795583355296 ], [ 26.496511403320827, 37.626829688593126 ], [ 26.49650050641101, 37.626862344850522 ], [ 26.49649005415187, 37.626908342327255 ], [ 26.496491456747446, 37.62695027585827 ], [ 26.496480432277469, 37.626979118970375 ], [ 26.496475348090762, 37.627042171070471 ], [ 26.496509792093246, 37.627068144484362 ], [ 26.49658452759839, 37.627079914658985 ], [ 26.496675849698658, 37.627085610425304 ], [ 26.496800110989977, 37.627144016615588 ], [ 26.496896927230587, 37.627170577444183 ], [ 26.496949230283725, 37.627228598121853 ], [ 26.496975619483738, 37.62730051915603 ], [ 26.496984532167211, 37.627351830396137 ], [ 26.496955419249115, 37.627413482797401 ], [ 26.496925986666607, 37.627465606620923 ], [ 26.49688230358603, 37.627521844797009 ], [ 26.496836288037272, 37.62758003954265 ], [ 26.496784040631553, 37.627666978223864 ], [ 26.496781287890744, 37.627728072993236 ], [ 26.496806912183843, 37.627777121608993 ], [ 26.49680403344529, 37.627834404809938 ], [ 26.496822275599296, 37.627877888787161 ], [ 26.496842277850192, 37.62790226183521 ], [ 26.496824508705885, 37.627944599609251 ], [ 26.496779932038834, 37.62797415413791 ], [ 26.496700429230049, 37.628034966034917 ], [ 26.496613353605586, 37.628084494757942 ], [ 26.496569031253124, 37.628121672801129 ], [ 26.496511643236555, 37.628126702240046 ], [ 26.496458536949962, 37.628116381929317 ], [ 26.496400127561014, 37.628090916543762 ], [ 26.496340917139772, 37.628113149492009 ], [ 26.496292184636644, 37.628161865949785 ], [ 26.496289050636957, 37.628211523742465 ], [ 26.496311511480709, 37.628237752763233 ], [ 26.496352827198454, 37.628254043993074 ], [ 26.496351514345893, 37.628286497481135 ], [ 26.49632831527596, 37.628309876787107 ], [ 26.496295593082987, 37.62833536627943 ], [ 26.496297442668642, 37.628390640545156 ], [ 26.496298719131808, 37.628428761557096 ], [ 26.496319101864692, 37.628464569869188 ], [ 26.496372081064823, 37.628471077996018 ], [ 26.496419373537801, 37.628451002742779 ], [ 26.49649676415455, 37.628470346451991 ], [ 26.496545459230351, 37.628492203693817 ], [ 26.496610994156821, 37.628515613219037 ], [ 26.49668876766604, 37.628546391536986 ], [ 26.49678331620548, 37.628576813386751 ], [ 26.496841598374051, 37.628598469094847 ], [ 26.496902276824965, 37.628620072429413 ], [ 26.49696471422266, 37.628622565011888 ], [ 26.497033448213521, 37.628598222291963 ], [ 26.49708124990385, 37.628593394804774 ], [ 26.497105981181619, 37.628615758824871 ], [ 26.497107194094873, 37.628651974654311 ], [ 26.497117544673735, 37.62867464406024 ], [ 26.497165603617731, 37.628677441510327 ], [ 26.497169467376391, 37.628721228594706 ], [ 26.497208384958654, 37.628737571261517 ], [ 26.497264816553862, 37.628703950735037 ], [ 26.497304409759213, 37.628668779569097 ], [ 26.497344512301066, 37.628648856473561 ], [ 26.497393336318229, 37.628674525299786 ], [ 26.497409183828939, 37.628718060356348 ], [ 26.4974319648421, 37.628753816724895 ], [ 26.497478454772466, 37.628781444259616 ], [ 26.497533193114847, 37.628768841001104 ], [ 26.497590581404829, 37.62876381003565 ], [ 26.497596905286404, 37.62880945271894 ], [ 26.497586199545953, 37.628847828350018 ], [ 26.49759667974044, 37.628874308656243 ], [ 26.497640391788391, 37.628890548883952 ], [ 26.497679054760177, 37.628899266861751 ], [ 26.497685188587369, 37.628939192838828 ], [ 26.497665087391066, 37.62898348731219 ], [ 26.497659620932811, 37.62903510185798 ], [ 26.497653388388816, 37.629063846005636 ], [ 26.497654920319761, 37.629109590525616 ], [ 26.497673419261332, 37.62916069762349 ], [ 26.497633635642202, 37.629190151355125 ], [ 26.497587909840643, 37.629185397362328 ], [ 26.497520552183442, 37.629179193953021 ], [ 26.497436864602157, 37.629186689071929 ], [ 26.497404270744845, 37.629215990082933 ], [ 26.497389089237338, 37.629263996649875 ], [ 26.497411870695096, 37.629299753873894 ], [ 26.49744353655468, 37.62931434174304 ], [ 26.497532209363705, 37.629312463706718 ], [ 26.497618228634359, 37.629303012968805 ], [ 26.497678141698898, 37.629301744470922 ], [ 26.497739140019693, 37.629332876817301 ], [ 26.497754859453899, 37.629372599717883 ], [ 26.497740190998137, 37.629435853803415 ], [ 26.497723698701844, 37.629516313634539 ], [ 26.497763383510502, 37.629555528174237 ], [ 26.497779039224199, 37.629593342187903 ], [ 26.497797284024713, 37.62963682651494 ], [ 26.497841954095648, 37.629681658084557 ], [ 26.497801241218184, 37.629755000036695 ], [ 26.49778995931738, 37.629776221071957 ], [ 26.497686588911634, 37.629768872910091 ], [ 26.497644854622074, 37.629811719068854 ], [ 26.49762388922581, 37.629901811205279 ], [ 26.497619699992121, 37.62999154568638 ], [ 26.497670757604578, 37.630083926121884 ], [ 26.497732012888505, 37.630122683567436 ], [ 26.49780310761863, 37.630168862573065 ], [ 26.497873885495881, 37.630205510644132 ], [ 26.497909223821129, 37.630258168083529 ], [ 26.497905772454843, 37.630298297029569 ], [ 26.497909827612713, 37.630347802408856 ], [ 26.497932418307705, 37.630377842060909 ], [ 26.497992907093156, 37.630393726303787 ], [ 26.49806703858637, 37.630458915240432 ], [ 26.498193255912078, 37.630503926965908 ], [ 26.498272755877576, 37.630586166599578 ], [ 26.498286654400857, 37.630643093776591 ], [ 26.498241276710949, 37.6307203490733 ], [ 26.498190629273143, 37.630711886177679 ], [ 26.498070608031817, 37.63070870672486 ], [ 26.497958798720699, 37.630735871893201 ], [ 26.49789322672915, 37.630783037696233 ], [ 26.49784570670305, 37.630867967863558 ], [ 26.497835765524261, 37.630929215915927 ], [ 26.497817741670289, 37.630963929256389 ], [ 26.49779751321012, 37.631004413199697 ], [ 26.497819464856597, 37.631015392975236 ], [ 26.497867780208086, 37.631025813556235 ], [ 26.497810899673436, 37.631046092788075 ], [ 26.497729861992493, 37.631061159264974 ], [ 26.497666303116212, 37.631096838710249 ], [ 26.497634538671686, 37.631150918956571 ], [ 26.49764540197631, 37.631188836729208 ], [ 26.497666105718629, 37.631234175022428 ], [ 26.497693488885023, 37.631264112819231 ], [ 26.497694829459803, 37.631304138956189 ], [ 26.497717930271747, 37.631349427521585 ], [ 26.497644594770605, 37.631379591565953 ], [ 26.497577425528, 37.631379106748597 ], [ 26.497472931235219, 37.631409930258847 ], [ 26.497434794601098, 37.631420302803171 ], [ 26.497383651475364, 37.631476421747692 ], [ 26.497351881179483, 37.63151930791755 ], [ 26.497310593310797, 37.631575495503036 ], [ 26.497312061355768, 37.631619334749978 ], [ 26.497261187827856, 37.631675726208655 ], [ 26.497168129942246, 37.63176162122852 ], [ 26.497105335666348, 37.631820172584739 ], [ 26.497028926210909, 37.631901900514166 ], [ 26.496958623567433, 37.631951073714262 ], [ 26.496893241617386, 37.632003957063546 ], [ 26.496868409425566, 37.632050260366448 ], [ 26.496834693140666, 37.632117730932897 ], [ 26.496828615521476, 37.632222766600691 ], [ 26.496818674598547, 37.632284014287336 ], [ 26.496762878172344, 37.632336694571912 ], [ 26.496704301742199, 37.632377989791294 ], [ 26.496611853971395, 37.632410465563119 ], [ 26.496540464912112, 37.63242723501628 ], [ 26.496462652221187, 37.632467029951648 ], [ 26.496445137251776, 37.632516992792773 ], [ 26.496451335361712, 37.63255882468998 ], [ 26.496476449212405, 37.632592625576009 ], [ 26.496447079567805, 37.632646652167871 ], [ 26.49635370124804, 37.632723018554692 ], [ 26.496283301774827, 37.632812719624816 ], [ 26.496283117817761, 37.632813185405546 ], [ 26.496301642671643, 37.632890966223009 ], [ 26.4963289777927, 37.632904742510725 ], [ 26.496392944261547, 37.63290338804655 ], [ 26.496452151272418, 37.632880903606384 ], [ 26.496535905374831, 37.632875315608068 ], [ 26.496652984311218, 37.632922678435463 ], [ 26.496690018296441, 37.632954320391221 ], [ 26.496681515704452, 37.632986926262177 ], [ 26.496560307668151, 37.633020009288629 ], [ 26.496455364596844, 37.633037490808142 ], [ 26.496407250906685, 37.633068719473151 ], [ 26.496400816023179, 37.633127858582554 ], [ 26.496413592914603, 37.633150911278669 ], [ 26.496434169276615, 37.633192437512143 ], [ 26.496425666557997, 37.633225043356028 ], [ 26.496345648924702, 37.633270606796714 ], [ 26.496259395620022, 37.633344913607893 ], [ 26.496175093228814, 37.633405825141161 ], [ 26.496133610182877, 37.633456296078094 ], [ 26.496132298735617, 37.633488749151034 ], [ 26.496159300336167, 37.633507251514231 ], [ 26.4962055394207, 37.633527253864983 ], [ 26.496181025481313, 37.633583087391848 ], [ 26.496175493998674, 37.633632795584028 ], [ 26.496167948967102, 37.633693990796552 ], [ 26.496181016448531, 37.63372614091751 ], [ 26.496170372433507, 37.633766420640939 ], [ 26.496118028265659, 37.633778973338309 ], [ 26.496073320642733, 37.633804715256758 ], [ 26.496067789313518, 37.633854424316134 ], [ 26.496065165313457, 37.633919330622241 ], [ 26.496052316227811, 37.63396537999585 ], [ 26.496008245442219, 37.634010182983147 ], [ 26.496019427652104, 37.634057631270835 ], [ 26.496056271290815, 37.634083554104564 ], [ 26.49613107861898, 37.634097229329655 ], [ 26.496188663213069, 37.634097918176771 ], [ 26.496204383171907, 37.634137640191426 ], [ 26.496218407582045, 37.634198379860877 ], [ 26.496227128868682, 37.634243972649429 ], [ 26.496195361935786, 37.634298050523654 ], [ 26.496208939913696, 37.634345447516395 ], [ 26.496260674481455, 37.634386314891472 ], [ 26.496303623464776, 37.634379683456011 ], [ 26.496338170134443, 37.634336989681202 ], [ 26.496383835271427, 37.63433983897923 ], [ 26.496437839179887, 37.634376842590143 ], [ 26.496437164845318, 37.634428355819018 ], [ 26.496423677760156, 37.634455344319662 ], [ 26.496389769310852, 37.63451709900496 ], [ 26.496407822148981, 37.634554864381435 ], [ 26.496444474773391, 37.634575069685333 ], [ 26.496464832953912, 37.634538397284395 ], [ 26.496498130662079, 37.634530063770086 ], [ 26.496527784573885, 37.63455613984496 ], [ 26.496528868956219, 37.634588541613333 ], [ 26.496532478763058, 37.634624704835083 ], [ 26.496538547733397, 37.634662724772241 ], [ 26.49657922873795, 37.634659956676387 ], [ 26.496616619266344, 37.634630552055839 ], [ 26.496659632861586, 37.634625827348181 ], [ 26.496703475368538, 37.634645881915638 ], [ 26.496746296819339, 37.634635437175916 ], [ 26.496761734078735, 37.634595055415758 ], [ 26.496724314699726, 37.634551978227826 ], [ 26.49674013517668, 37.634523032032206 ], [ 26.496770079815303, 37.634486158365235 ], [ 26.496779957748235, 37.634423005528021 ], [ 26.496821949443305, 37.634387783420003 ], [ 26.496858793822714, 37.634413706789687 ], [ 26.496824502110286, 37.63446402428481 ], [ 26.496814050595681, 37.634510024022866 ], [ 26.496843385020128, 37.634526567786914 ], [ 26.496876619514019, 37.634516327935749 ], [ 26.496901963158155, 37.634485273407357 ], [ 26.496935261472501, 37.634476937777421 ], [ 26.496972970500938, 37.634457066303604 ], [ 26.497020557008597, 37.634374041074182 ], [ 26.497048679791689, 37.634354372570577 ], [ 26.497165480061515, 37.6343328236416 ], [ 26.497229105227159, 37.634299051637861 ], [ 26.497256972994755, 37.634271758645781 ], [ 26.497299346786384, 37.634247972973 ], [ 26.497350989689128, 37.634214453422103 ], [ 26.497409502806036, 37.634171251838609 ], [ 26.497453763241793, 37.634132165770403 ], [ 26.497496329987193, 37.634114098924066 ], [ 26.497565705889635, 37.634108815061531 ], [ 26.497622971078989, 37.634099971704515 ], [ 26.497676210097094, 37.634114104159963 ], [ 26.497717081013626, 37.634117052232114 ], [ 26.497747025013247, 37.63408017826314 ], [ 26.497786299914587, 37.634035475897072 ], [ 26.497862356547298, 37.634014792059823 ], [ 26.497930902816638, 37.633984727760584 ], [ 26.497970625910135, 37.633953369541175 ], [ 26.497983664423515, 37.633913038376484 ], [ 26.49800788648345, 37.633920155208543 ], [ 26.497999449680179, 37.633954666065264 ], [ 26.498043164424679, 37.633970906928077 ], [ 26.49810787506096, 37.633969535895083 ], [ 26.498158907510408, 37.633989435330427 ], [ 26.498210067724532, 37.634013147832029 ], [ 26.498281041163963, 37.634055514522863 ], [ 26.498340030369921, 37.6340981342098 ], [ 26.498343830684288, 37.63414001595261 ], [ 26.49829963482517, 37.634181007543205 ], [ 26.498248759284053, 37.634237398702808 ], [ 26.498233131087893, 37.634272062467836 ], [ 26.498267259728564, 37.63428850544728 ], [ 26.498297585855433, 37.634263067066392 ], [ 26.498349101218917, 37.634225736544472 ], [ 26.49839419155585, 37.634211428245628 ], [ 26.498397481130901, 37.634238063102117 ], [ 26.498401283719282, 37.634279944443769 ], [ 26.498424002706706, 37.634313796157095 ], [ 26.498467909664935, 37.634335755015783 ], [ 26.498554253982061, 37.634335831869116 ], [ 26.498623631393308, 37.634330547907467 ], [ 26.498678500006211, 37.634321755407996 ], [ 26.49872013862328, 37.634347575893678 ], [ 26.498722245522526, 37.634410475068385 ], [ 26.49872195555815, 37.634473424858932 ], [ 26.498727770616508, 37.634503820195313 ], [ 26.498862463108999, 37.634586797784372 ], [ 26.498914199555124, 37.634627663602849 ], [ 26.498962389088117, 37.634634271439324 ], [ 26.49897072940956, 37.63466842636339 ], [ 26.498919214729355, 37.634705759857752 ], [ 26.498855461322556, 37.634735720961295 ], [ 26.498858880487493, 37.634766165821681 ], [ 26.498890803680361, 37.634788378460257 ], [ 26.498861179719501, 37.634834784046262 ], [ 26.498824876182962, 37.634896589236412 ], [ 26.498831265515015, 37.634944137600364 ], [ 26.498879613904144, 37.635027038512803 ], [ 26.498960301489461, 37.635073012885961 ], [ 26.499036997681262, 37.635071388025636 ], [ 26.499133823412407, 37.635097946317202 ], [ 26.49920572472681, 37.635096422777757 ], [ 26.49925215767384, 37.635122140817188 ], [ 26.499284720036226, 37.635163413227872 ], [ 26.499332335494078, 37.635152866925765 ], [ 26.499373335180739, 37.635159628210339 ], [ 26.499374548572579, 37.635195842061833 ], [ 26.499332686194975, 37.635234876363775 ], [ 26.49929366559849, 37.635287203005305 ], [ 26.499304849384348, 37.635334650905925 ], [ 26.499354253313484, 37.635377474123459 ], [ 26.499414937973576, 37.635399075532163 ], [ 26.499506269685227, 37.635404769254265 ], [ 26.499555962827554, 37.635384642675909 ], [ 26.499618660749142, 37.635394757786194 ], [ 26.499716416189035, 37.635377425482083 ], [ 26.499767673869641, 37.635332469339254 ], [ 26.499780008974128, 37.635271171035278 ], [ 26.499797714047087, 37.635226926915593 ], [ 26.499883007039802, 37.635124026774605 ], [ 26.499933786778293, 37.634993249606154 ], [ 26.499977982347541, 37.634952258192484 ], [ 26.500008629521634, 37.634936347540126 ], [ 26.500040552093441, 37.634958559956345 ], [ 26.500032755755999, 37.635012132597296 ], [ 26.500045888286799, 37.635046186460627 ], [ 26.500066403542046, 37.635085806551707 ], [ 26.500121751866949, 37.635162834797946 ], [ 26.500173935798944, 37.635217042627673 ], [ 26.500217684312851, 37.635305762257936 ], [ 26.500291503496161, 37.635361418480166 ], [ 26.500327868196177, 37.635444571132936 ], [ 26.500338126410877, 37.63553590841348 ], [ 26.500349694860162, 37.635594791647776 ], [ 26.500404276299218, 37.635648948630823 ], [ 26.500480427283097, 37.635702647300036 ], [ 26.500512863305335, 37.635740107897362 ], [ 26.500557346847128, 37.635779219555509 ], [ 26.500617553599614, 37.635858052241659 ], [ 26.500652898102512, 37.635910708911979 ], [ 26.500661174492116, 37.635942959547776 ], [ 26.500594193798545, 37.635948195090783 ], [ 26.500515867894208, 37.635972744703601 ], [ 26.500510595037635, 37.636030077249544 ], [ 26.50052229037119, 37.636092772800154 ], [ 26.500487616557795, 37.636131655062336 ], [ 26.500409579640817, 37.636093254809339 ], [ 26.500298817817196, 37.636080345403535 ], [ 26.500203394970072, 37.636095720597019 ], [ 26.500113947461401, 37.636074728363148 ], [ 26.500051823548343, 37.636081767515712 ], [ 26.499975542498607, 37.636167309437077 ], [ 26.499923484014943, 37.636259965795709 ], [ 26.499918529675359, 37.636326830657602 ], [ 26.499884048562699, 37.63637143070175 ], [ 26.49988280237806, 37.636405789819491 ], [ 26.4998957445478, 37.636434126129757 ], [ 26.499877847801159, 37.636472653784061 ], [ 26.499836174648486, 37.636517405962344 ], [ 26.499780761671214, 37.636581524178723 ], [ 26.499749187661561, 37.636641321400532 ], [ 26.499743211216192, 37.636677689770472 ], [ 26.499742539474564, 37.636729201873194 ], [ 26.499690258279113, 37.636743663471371 ], [ 26.499619248433483, 37.636771871914917 ], [ 26.499527435182191, 37.636823409570283 ], [ 26.499463680453797, 37.636853371961365 ], [ 26.49945517884305, 37.636885976993426 ], [ 26.499405677984765, 37.636911822407043 ], [ 26.499331825019606, 37.636926739395399 ], [ 26.499268772124569, 37.636977666849333 ], [ 26.499211472938395, 37.637057083941251 ], [ 26.499166027354178, 37.637132435320616 ], [ 26.499102336580137, 37.637164303471351 ], [ 26.499041233363588, 37.637201838447496 ], [ 26.498975657015201, 37.637249005721031 ], [ 26.498964950142696, 37.637287379525823 ], [ 26.498954434327285, 37.637331472596991 ], [ 26.498907521724473, 37.637362984428307 ], [ 26.498911450573431, 37.637408678133284 ], [ 26.498882017591871, 37.637460800917061 ], [ 26.498820849897196, 37.637496430637043 ], [ 26.498817525834124, 37.637540370721773 ], [ 26.498824234220905, 37.637597449481547 ], [ 26.498843056284638, 37.637658087087111 ], [ 26.498901312157578, 37.637750314083661 ], [ 26.498922084181832, 37.637797558459866 ], [ 26.498918566922601, 37.637835779652214 ], [ 26.498936622642873, 37.637873545158662 ], [ 26.498986411988401, 37.637927802957776 ], [ 26.499034058975706, 37.637989737696373 ], [ 26.49909142126371, 37.638055280277236 ], [ 26.499118936241661, 37.638089030309125 ], [ 26.499110306815265, 37.638117823082759 ], [ 26.499009160354742, 37.638177188725798 ], [ 26.498955821926685, 37.63823172559372 ], [ 26.49893597547705, 37.63828364512905 ], [ 26.498911590418821, 37.638343291179154 ], [ 26.498844445621469, 37.638415286317993 ], [ 26.498774456722924, 37.638473990365711 ], [ 26.498724982743351, 37.638572315628757 ], [ 26.498723800520111, 37.638608580652409 ], [ 26.498681424799507, 37.638632366926863 ], [ 26.498682765190118, 37.638672394780805 ], [ 26.498687205235136, 37.638733335197166 ], [ 26.498684200755186, 37.638786805576181 ], [ 26.498694746255651, 37.638815193475097 ], [ 26.498691548720306, 37.638862945863274 ], [ 26.498687777508522, 37.638893543320826 ], [ 26.498580430234142, 37.63891107788529 ], [ 26.498521275278595, 37.638935219340247 ], [ 26.498505838365471, 37.638975600268978 ], [ 26.498519228023184, 37.639017280108774 ], [ 26.498521655092006, 37.639089708375309 ], [ 26.498514814001354, 37.639171871257147 ], [ 26.49848279102881, 37.639218325399 ], [ 26.4984332230886, 37.639242265390912 ], [ 26.498379278697065, 37.639207167417744 ], [ 26.498306990559914, 37.639197254833199 ], [ 26.498257806230793, 37.639232630209278 ], [ 26.498228050531427, 37.639275222741531 ], [ 26.498196955036562, 37.639277789193876 ], [ 26.49816963318321, 37.639249757814994 ], [ 26.498132785983493, 37.639223833300832 ], [ 26.497989067298903, 37.63930126785273 ], [ 26.497886832412537, 37.639328229025516 ], [ 26.497806743726123, 37.639371886925218 ], [ 26.49780361039598, 37.639421547039277 ], [ 26.497812269346937, 37.639465231522735 ], [ 26.497834862922183, 37.639495271781414 ], [ 26.497814568646316, 37.639533849379831 ], [ 26.497793408984943, 37.639618222710723 ], [ 26.497776660496665, 37.63969105738429 ], [ 26.497756556949309, 37.63973535333669 ], [ 26.497747445325455, 37.639821378037759 ], [ 26.497757444363408, 37.639905090325904 ], [ 26.497761821088098, 37.639964126297727 ], [ 26.497768785704963, 37.640028830029834 ], [ 26.497750342298776, 37.64012268217175 ], [ 26.497754463709057, 37.640174092879235 ], [ 26.497756059807589, 37.640221743969654 ], [ 26.497717101217283, 37.640275974694617 ], [ 26.49769977644177, 37.640331657626419 ], [ 26.497672482598116, 37.640376105149812 ], [ 26.497650364497609, 37.64043188819516 ], [ 26.497649564585856, 37.640479589681917 ], [ 26.497602839040599, 37.640516818524006 ], [ 26.497551015563023, 37.640580859697593 ], [ 26.497549775786812, 37.640633339052037 ], [ 26.497531897848877, 37.640703496586461 ], [ 26.497465933872839, 37.640739226427961 ], [ 26.497414414322833, 37.640776558140196 ], [ 26.497324800009654, 37.640822324894458 ], [ 26.497276125319431, 37.640872947390086 ], [ 26.49724435540687, 37.64092702739525 ], [ 26.497226520657968, 37.640967459534657 ], [ 26.497248731716891, 37.640986062442451 ], [ 26.497325432016186, 37.640984438213003 ], [ 26.49740427650784, 37.640975138577517 ], [ 26.497482735175957, 37.64095440380904 ], [ 26.497558415092666, 37.640922282848003 ], [ 26.497641477949919, 37.640895727304233 ], [ 26.497724538535525, 37.640869172077785 ], [ 26.497791780326246, 37.640871562565216 ], [ 26.497883117646019, 37.640877255944517 ], [ 26.49792517664326, 37.640843940374431 ], [ 26.497979795172796, 37.640827523776139 ], [ 26.498032719127412, 37.640832125520397 ], [ 26.49810612808395, 37.640803867112766 ], [ 26.498153492219817, 37.640785696958204 ], [ 26.498246652002837, 37.64077418555808 ], [ 26.498306575051398, 37.640772916241993 ], [ 26.498402451491618, 37.640770884411396 ], [ 26.498467167413228, 37.640769513058252 ], [ 26.498569341098399, 37.640740645919394 ], [ 26.498642366883477, 37.640700950575379 ], [ 26.498685765683391, 37.64070766065155 ], [ 26.498706794132097, 37.640762529205595 ], [ 26.49875853477943, 37.640803394768042 ], [ 26.498840795847691, 37.640824540009781 ], [ 26.498910817499969, 37.640838314696978 ], [ 26.498972337454649, 37.640884695059668 ], [ 26.498954503926559, 37.640925128370142 ], [ 26.498969970586025, 37.640957226347041 ], [ 26.499025546720993, 37.640969399461518 ], [ 26.4990628422665, 37.641008664245106 ], [ 26.499133375699262, 37.641037686361187 ], [ 26.49923500369005, 37.641064143763572 ], [ 26.499288502589199, 37.641085897688683 ], [ 26.499310107576644, 37.641115255666612 ], [ 26.49943791838508, 37.641133637171158 ], [ 26.499490580933056, 37.641141770108447 ], [ 26.499508602691666, 37.641140361689459 ], [ 26.499540208622783, 37.641153043646405 ], [ 26.499570633025158, 37.641201990482898 ], [ 26.499555389887426, 37.641248090303336 ], [ 26.499540144521809, 37.641294190508582 ], [ 26.499560661191278, 37.641333811389153 ], [ 26.499528381931206, 37.641372642509062 ], [ 26.499480827878973, 37.641385094802118 ], [ 26.499392589125733, 37.641400317435846 ], [ 26.499315214928934, 37.641453456439365 ], [ 26.49922339481294, 37.641504993950456 ], [ 26.499107161223378, 37.641543698056033 ], [ 26.498979833954905, 37.641609338825411 ], [ 26.498902716106564, 37.641670103409588 ], [ 26.49883978713838, 37.641724843507973 ], [ 26.498805430111847, 37.641773256228774 ], [ 26.498768420609483, 37.641814095231069 ], [ 26.498721086813411, 37.641904744302479 ], [ 26.498690021205118, 37.64197979044576 ], [ 26.498667967611055, 37.642037477816743 ], [ 26.498625334032354, 37.642053641675815 ], [ 26.498598039207732, 37.642098089564861 ], [ 26.498559271626164, 37.642158039755024 ], [ 26.498506121530223, 37.642218295459514 ], [ 26.498453674594632, 37.64229951599583 ], [ 26.498432132634647, 37.642372452659274 ], [ 26.498429574559356, 37.642439265467551 ], [ 26.498454373477085, 37.642463535934382 ], [ 26.498440037746633, 37.642509973892487 ], [ 26.498374281880622, 37.642516135227858 ], [ 26.498325582223337, 37.642583925088744 ], [ 26.498310797839071, 37.642679606475433 ], [ 26.498312953725929, 37.642743936193789 ], [ 26.498266929991644, 37.642802133005162 ], [ 26.498186549226435, 37.642908741177799 ], [ 26.498128337619697, 37.643050644233099 ], [ 26.498112036680041, 37.643101057363715 ], [ 26.498091020951307, 37.643189719272605 ], [ 26.498053226178133, 37.643314499940615 ], [ 26.498052863999568, 37.64339318575523 ], [ 26.498082862583086, 37.643483150764432 ], [ 26.498105752619846, 37.643539887055034 ], [ 26.49813211762649, 37.643610854783901 ], [ 26.498103593276795, 37.6436543758293 ], [ 26.498060325355173, 37.643705361325679 ], [ 26.498066035139054, 37.643786303546015 ], [ 26.498090601663574, 37.64389307354525 ], [ 26.498101506087007, 37.643950063778014 ], [ 26.498118403901458, 37.644006926473544 ], [ 26.498098025798875, 37.644050790907393 ], [ 26.49810134350653, 37.644121347897254 ], [ 26.498120916723263, 37.644171385316042 ], [ 26.49815738762749, 37.644275517858524 ], [ 26.498173204575586, 37.644389625575016 ], [ 26.498208000526521, 37.644443725063184 ], [ 26.498238399849878, 37.644545601091629 ], [ 26.498238038597467, 37.644624288536733 ], [ 26.498245371727432, 37.644686251973809 ], [ 26.498337550527445, 37.644820070310978 ], [ 26.498348535999874, 37.644879443125092 ], [ 26.498363315216036, 37.644962577826057 ], [ 26.498331873111447, 37.645008544661614 ], [ 26.498336466919636, 37.645056130752891 ], [ 26.498339327246274, 37.645063496386257 ], [ 26.498417030372821, 37.645207868541547 ], [ 26.498440377275731, 37.645224540674931 ], [ 26.498579642485034, 37.645244099048796 ], [ 26.498623028768723, 37.645286096810942 ], [ 26.498684550904606, 37.645332477310639 ], [ 26.498731924877656, 37.645360562372574 ], [ 26.498869402499601, 37.645390549497911 ], [ 26.498938957445262, 37.645408150062039 ], [ 26.499011987490913, 37.645439981058651 ], [ 26.499083502311787, 37.645478026676848 ], [ 26.499087561043467, 37.645478188440073 ], [ 26.499140329087528, 37.645460527333221 ], [ 26.499175756453425, 37.645479803169202 ], [ 26.499182630985761, 37.645521912475779 ], [ 26.499204428974082, 37.645545576026826 ], [ 26.499246936636684, 37.64556136444849 ], [ 26.499299382892495, 37.645565450484575 ], [ 26.499384491283571, 37.645552627084754 ], [ 26.499456785618065, 37.645562539533458 ], [ 26.499497022829487, 37.64559331189789 ], [ 26.499563068664862, 37.64559996328579 ], [ 26.499649403448196, 37.645581443301737 ], [ 26.499756711450996, 37.645562479043868 ], [ 26.499851634959487, 37.645531855535225 ], [ 26.49988937585011, 37.64551521886159 ], [ 26.499920816903391, 37.645520491252043 ], [ 26.499991263579329, 37.645493132729413 ], [ 26.500055824853028, 37.645451230518084 ], [ 26.500135285611062, 37.645406630726775 ], [ 26.500146152954482, 37.64537302079092 ], [ 26.500279547601515, 37.645327275004981 ], [ 26.500338196356154, 37.645287885620419 ], [ 26.500411824985594, 37.645248175811226 ], [ 26.500464639827424, 37.645213677837937 ], [ 26.50053371579174, 37.645216980293078 ], [ 26.500664433682012, 37.645180829851135 ], [ 26.500771342391502, 37.645149951117062 ], [ 26.500860512068176, 37.645126601696454 ], [ 26.50094572601364, 37.645074725953116 ], [ 26.501004453316234, 37.645037717279529 ], [ 26.501145801564782, 37.645003465513838 ], [ 26.501205962724342, 37.644966683255269 ], [ 26.501376871094408, 37.644877226721185 ], [ 26.501456970559989, 37.644851685477875 ], [ 26.501509805841692, 37.644825981248303 ], [ 26.501633177654568, 37.644744014328374 ], [ 26.501689099071477, 37.644676905384522 ], [ 26.501768820883161, 37.644673405049758 ], [ 26.501845364652137, 37.644631249341302 ], [ 26.501933493417472, 37.64457692614905 ], [ 26.502013514360272, 37.644549003134024 ], [ 26.502083745115495, 37.644497443679569 ], [ 26.502133002839383, 37.644446328891462 ], [ 26.502167089981732, 37.644410220638584 ], [ 26.502259683159558, 37.644379268091953 ], [ 26.502325522152738, 37.644375485589549 ], [ 26.50236902604146, 37.644331646936259 ], [ 26.502406457809087, 37.644285552107043 ], [ 26.502484958673861, 37.644212359899242 ], [ 26.502558745383777, 37.644177414020213 ], [ 26.502662973505345, 37.644156128629071 ], [ 26.502743695642426, 37.644137723508017 ], [ 26.502759120101725, 37.644130206792276 ], [ 26.502861679877654, 37.644001704653348 ], [ 26.502918209442779, 37.643988583931744 ], [ 26.502996308484633, 37.643903478357636 ], [ 26.503063462824191, 37.643849599027888 ], [ 26.503103730557005, 37.643798675311217 ], [ 26.503143277275086, 37.643726310138042 ], [ 26.503213107890822, 37.643662837399653 ], [ 26.503249498597366, 37.643585770337609 ], [ 26.503306463049469, 37.643496344954031 ], [ 26.503332426510028, 37.643376583126511 ], [ 26.503380801408802, 37.643299260661138 ], [ 26.503421949310436, 37.643274545777565 ], [ 26.503462706557627, 37.643266841870016 ], [ 26.503481260516491, 37.643283613196772 ], [ 26.503489145942009, 37.643311265936532 ], [ 26.503491625679121, 37.643385123955653 ], [ 26.50349410543777, 37.643458981967214 ], [ 26.50352387293858, 37.643541798032608 ], [ 26.503561711542194, 37.643686431432506 ], [ 26.503522804080323, 37.643777858549953 ], [ 26.503513379526645, 37.643854351916737 ], [ 26.503536753937102, 37.643925382666616 ], [ 26.503543029501014, 37.644023003142657 ], [ 26.503589377276988, 37.644153150753304 ], [ 26.503586905729367, 37.644258109108954 ], [ 26.503575043844073, 37.644351345261072 ], [ 26.50356670386611, 37.644549411836479 ], [ 26.503533433318921, 37.64471939837771 ], [ 26.503494284473238, 37.644803677136814 ], [ 26.503450825653086, 37.644938115675401 ], [ 26.503394498996393, 37.645046601002967 ], [ 26.503348763650376, 37.645202546756323 ], [ 26.50335360003363, 37.645257281954272 ], [ 26.503326116458556, 37.645331775705586 ], [ 26.503300153159451, 37.645451538134672 ], [ 26.503288612548513, 37.645554304167057 ], [ 26.503301521444858, 37.645670856363338 ], [ 26.50331283065054, 37.645739757876299 ], [ 26.50337192156481, 37.645802878399721 ], [ 26.503439440057523, 37.645849127903112 ], [ 26.503494813878007, 37.645890868938203 ], [ 26.503541279079069, 37.645935183364372 ], [ 26.503597933241991, 37.64601504277303 ], [ 26.503643119058996, 37.646021236730896 ], [ 26.50370612185333, 37.646022282010939 ], [ 26.503752667822695, 37.646068978110129 ], [ 26.503741882915996, 37.646104971040586 ], [ 26.503659104999304, 37.646140106818812 ], [ 26.503428271083177, 37.646230840698109 ], [ 26.503295915861813, 37.646307561991101 ], [ 26.503185174361935, 37.646402896808944 ], [ 26.503127567453788, 37.646473262319354 ], [ 26.503101844398092, 37.646600171008501 ], [ 26.503070325453738, 37.646643757239616 ], [ 26.503027059438178, 37.646694743864849 ], [ 26.503044760406084, 37.64677543183317 ], [ 26.503062701833645, 37.646863265365489 ], [ 26.503088753122253, 37.646924703732452 ], [ 26.503015604650493, 37.646978709570305 ], [ 26.502953764314505, 37.647101616983456 ], [ 26.502947094751743, 37.647170900693439 ], [ 26.502975263000646, 37.647206065207925 ], [ 26.502952570827595, 37.647244695517536 ], [ 26.502898285285323, 37.647263312529148 ], [ 26.502860390190502, 37.647364514331613 ], [ 26.502881546516743, 37.647715501726147 ], [ 26.502898220824264, 37.647858591886731 ], [ 26.502912970320377, 37.648029943621772 ], [ 26.502932148189068, 37.648065298988065 ], [ 26.502986404415612, 37.648073684473097 ], [ 26.503056521265638, 37.6481079589879 ], [ 26.503103388752677, 37.648164184555213 ], [ 26.503084093424714, 37.648214663995674 ], [ 26.503008426200147, 37.648283027897008 ], [ 26.503007829302263, 37.64835456759203 ], [ 26.503081423991819, 37.648403072989744 ], [ 26.503128051089767, 37.648452152066703 ], [ 26.50313449937854, 37.648520994169004 ], [ 26.503104671336509, 37.648573739458008 ], [ 26.503120864528732, 37.648595357313106 ], [ 26.503178757812847, 37.64862273842968 ], [ 26.503241123251936, 37.648604724214614 ], [ 26.503236445873235, 37.648554756765478 ], [ 26.503349750488134, 37.648535661508831 ], [ 26.503474043806666, 37.648575937322384 ], [ 26.503629663237561, 37.648656080722859 ], [ 26.503784882810233, 37.648724310786392 ], [ 26.50381976386101, 37.648780791724896 ], [ 26.503809459444835, 37.648831078503619 ], [ 26.503826202097489, 37.648883177045626 ], [ 26.503915259394585, 37.648945659299542 ], [ 26.504046428194119, 37.649012016206257 ], [ 26.504210478487753, 37.649075289131972 ], [ 26.504340766567026, 37.64911543772471 ], [ 26.504408208902284, 37.649159304370215 ], [ 26.50441248642607, 37.649197361489875 ], [ 26.504431825998612, 37.649237481975838 ], [ 26.504467536736595, 37.649300779701527 ], [ 26.504437654941576, 37.649339562236655 ], [ 26.504416116362965, 37.649412499798146 ], [ 26.504318893189172, 37.649517563546475 ], [ 26.50424697892144, 37.649519091248017 ], [ 26.504196154257755, 37.649533771032516 ], [ 26.504102643370288, 37.649618352961717 ], [ 26.504093626897131, 37.649713132112865 ], [ 26.504132534245564, 37.649754221375026 ], [ 26.504205859386904, 37.64979462565752 ], [ 26.504216791359621, 37.649834447284462 ], [ 26.504275988692275, 37.649882782187895 ], [ 26.50430053730129, 37.649899428212699 ], [ 26.504302202819289, 37.649948983629258 ], [ 26.504292074313028, 37.650004512804891 ], [ 26.504276935011418, 37.650025170066506 ], [ 26.504284905438709, 37.650052587375058 ], [ 26.504365499032517, 37.650119302983335 ], [ 26.504409288916271, 37.650137446351664 ], [ 26.504372086675914, 37.650172569988065 ], [ 26.504304040955596, 37.650217884505111 ], [ 26.504245519191969, 37.650261090071673 ], [ 26.504244573696997, 37.650262888652726 ], [ 26.504249973763532, 37.65029254239618 ], [ 26.504280752591793, 37.650311431493819 ], [ 26.50429026977806, 37.650307822406226 ], [ 26.504342048271074, 37.650278112329858 ], [ 26.504366340911485, 37.65028713411364 ], [ 26.504425218064366, 37.650325938710189 ], [ 26.50447166127158, 37.650351653685803 ], [ 26.50451654060571, 37.650402199768571 ], [ 26.504575610645237, 37.650446722312758 ], [ 26.504635193133744, 37.650506493221457 ], [ 26.50463705058241, 37.650561766830322 ], [ 26.504638459381422, 37.650603699061925 ], [ 26.504680428326317, 37.650639048507514 ], [ 26.504710412079493, 37.65067465064854 ], [ 26.504750240540336, 37.650717673091819 ], [ 26.504832898813152, 37.650750250646702 ], [ 26.504872946568565, 37.650728419379519 ], [ 26.504897816069377, 37.650754593592765 ], [ 26.504913352223141, 37.650788596094607 ], [ 26.5049194876425, 37.650810750087786 ], [ 26.504970154903312, 37.650836981933296 ], [ 26.50502100838202, 37.650851159767605 ], [ 26.505059234664031, 37.650846533770903 ], [ 26.505128755096653, 37.650845055808055 ], [ 26.50519341511426, 37.650841774542485 ], [ 26.505272523145781, 37.650840093619266 ], [ 26.505363105902124, 37.650822910165388 ], [ 26.505490889501424, 37.650770602792711 ], [ 26.50553534754301, 37.650737233323191 ], [ 26.505582340191598, 37.650727567651657 ], [ 26.505616860315822, 37.650761853622207 ], [ 26.50565175917032, 37.650774813755433 ], [ 26.505712715192001, 37.650804036306489 ], [ 26.505800296503949, 37.650840320774229 ], [ 26.505865021364475, 37.650838945880864 ], [ 26.505925080374809, 37.650841483618116 ], [ 26.505968293221859, 37.650842473834182 ], [ 26.506030107941143, 37.650825901277422 ], [ 26.506095601420739, 37.650847397025302 ], [ 26.506136072023413, 37.650909480181909 ], [ 26.506191182510157, 37.650978881792916 ], [ 26.506216628711424, 37.651022209253938 ], [ 26.506275765398883, 37.651068637450521 ], [ 26.506346758221351, 37.651110996161684 ], [ 26.506404072856586, 37.6511746298102 ], [ 26.506468388941382, 37.651232390685223 ], [ 26.506472131773325, 37.651272366010176 ], [ 26.506479297505841, 37.65134278632911 ], [ 26.506487296946197, 37.651437984244026 ], [ 26.506517858924088, 37.651490741981362 ], [ 26.506554521720837, 37.651510943812518 ], [ 26.506577661027485, 37.651485655287658 ], [ 26.506590634444173, 37.651443417414868 ], [ 26.506625567113158, 37.651412156797974 ], [ 26.506682627887837, 37.651468164776283 ], [ 26.506754261881632, 37.651529585533076 ], [ 26.506836255768814, 37.651613672489582 ], [ 26.506906199544275, 37.6516961101471 ], [ 26.506908442648594, 37.651762819996769 ], [ 26.506877126212721, 37.651830244576857 ], [ 26.50690490521276, 37.651871616046698 ], [ 26.50697861846351, 37.651923455209307 ], [ 26.507041050046304, 37.651996514090428 ], [ 26.507076726533235, 37.652058699476207 ], [ 26.507128607695087, 37.652103373642497 ], [ 26.50713796729492, 37.652158726255443 ], [ 26.507148903186604, 37.652198548897182 ], [ 26.507169554935619, 37.652241979670762 ], [ 26.507157737223853, 37.65231852612181 ], [ 26.507119484651007, 37.652393726603506 ], [ 26.507066269468901, 37.652452078842884 ], [ 26.507034567822057, 37.652508065405144 ], [ 26.507008878100258, 37.652600166191711 ], [ 26.506997339354587, 37.652667479020053 ], [ 26.506996173002211, 37.652732439451611 ], [ 26.506947894323098, 37.652770742946736 ], [ 26.506904648150055, 37.652822326920926 ], [ 26.506876786050526, 37.652885503906873 ], [ 26.50690076365715, 37.65292969910648 ], [ 26.50697293379968, 37.652957967309938 ], [ 26.50704216049666, 37.653010138976391 ], [ 26.507104395973514, 37.653077362379207 ], [ 26.507210580867891, 37.653113847686996 ], [ 26.507292986424879, 37.653112095546824 ], [ 26.507378004902208, 37.653155261295744 ], [ 26.507325869402013, 37.653210015169492 ], [ 26.507296088977029, 37.653260717076442 ], [ 26.507353634279326, 37.653366783159434 ], [ 26.507468532846097, 37.653439442278334 ], [ 26.507632154258733, 37.653489606676757 ], [ 26.507719416906451, 37.653506231379744 ], [ 26.507769541237636, 37.653525432390971 ], [ 26.507767210478089, 37.653592882935008 ], [ 26.507769351775131, 37.653601130164091 ], [ 26.507794767389345, 37.653643506393777 ], [ 26.507837762549432, 37.653673586399314 ], [ 26.50789793540331, 37.653679459196248 ], [ 26.507967338687422, 37.653692286410738 ], [ 26.507995270769044, 37.653720303597581 ], [ 26.507969423151213, 37.653754233177636 ], [ 26.507968030370662, 37.653801947197472 ], [ 26.508031521619618, 37.653817285002219 ], [ 26.508100363933512, 37.653813437241716 ], [ 26.508128135117857, 37.653836688013058 ], [ 26.508227606781972, 37.654030077303887 ], [ 26.508288822535487, 37.654066921326439 ], [ 26.508361302843618, 37.654082069797497 ], [ 26.50837434599044, 37.65408906476339 ], [ 26.508441074435122, 37.654098854838956 ], [ 26.508537553466223, 37.654158791109431 ], [ 26.508569443285854, 37.654275425728031 ], [ 26.508590196103142, 37.654325157679871 ], [ 26.508647452565608, 37.654386883343065 ], [ 26.508668170745302, 37.654432218640579 ], [ 26.508698413445064, 37.654475444566586 ], [ 26.508741822710657, 37.654482150318557 ], [ 26.508752759082988, 37.654521972787165 ], [ 26.508798437594635, 37.65452481553848 ], [ 26.508836602965463, 37.654518280735275 ], [ 26.508854666310732, 37.654556044718845 ], [ 26.508819861460854, 37.654591117242191 ], [ 26.508828464631058, 37.654632894768881 ], [ 26.508862862362271, 37.654656960055476 ], [ 26.508915923549708, 37.654665368597328 ], [ 26.508964320847735, 37.654677688645386 ], [ 26.509023139625285, 37.654714585873378 ], [ 26.50903893573, 37.654756210624541 ], [ 26.509074294477738, 37.654808864818648 ], [ 26.509079066622675, 37.654879336272828 ], [ 26.509101219586043, 37.654896031025253 ], [ 26.50918343563044, 37.654915262128348 ], [ 26.509256126302564, 37.654936603656822 ], [ 26.509281575793139, 37.654979931870123 ], [ 26.509298077638444, 37.655042522100509 ], [ 26.509359871877347, 37.655096522524296 ], [ 26.509382153410129, 37.655117029259387 ], [ 26.509384207644139, 37.655178020447877 ], [ 26.509425733524708, 37.655200025016107 ], [ 26.509491488405807, 37.655229142346975 ], [ 26.509522117805357, 37.655283805867207 ], [ 26.509566104861655, 37.655307664679754 ], [ 26.509638282378472, 37.655313757645118 ], [ 26.509695625692661, 37.655306815618182 ], [ 26.509720369797545, 37.655329177258693 ], [ 26.509796229179042, 37.655373338855817 ], [ 26.509832166174327, 37.655443146149182 ], [ 26.509869988407541, 37.655497654947077 ], [ 26.509918514084578, 37.655513787589882 ], [ 26.509980844695313, 37.655512460804133 ], [ 26.510021857394815, 37.65551921774329 ], [ 26.51005638299797, 37.655547093006938 ], [ 26.510095703876793, 37.655574866369705 ], [ 26.510151742043469, 37.655600376484685 ], [ 26.510188151503009, 37.655612952530738 ], [ 26.510247635707334, 37.655598335106149 ], [ 26.510298879815799, 37.655623946827966 ], [ 26.510323687946553, 37.655648214410228 ], [ 26.510356716581793, 37.655702824677725 ], [ 26.510395843310082, 37.655724880112039 ], [ 26.510474250078353, 37.655702229255489 ], [ 26.510557066802285, 37.655668041151422 ], [ 26.510599706131941, 37.655651873675055 ], [ 26.510662679354638, 37.655669606692548 ], [ 26.510651526991367, 37.655694639721865 ], [ 26.510630850235135, 37.655721783195311 ], [ 26.510651312237066, 37.655759493989294 ], [ 26.510757503965365, 37.655778214435657 ], [ 26.510848153200449, 37.655762931192164 ], [ 26.510976392061114, 37.6557239594244 ], [ 26.511058030428078, 37.655726037511045 ], [ 26.511139283479274, 37.655716675644463 ], [ 26.511279251411128, 37.655669826678341 ], [ 26.511373925792956, 37.655631569378563 ], [ 26.511472686919788, 37.655572244932749 ], [ 26.51158506213973, 37.655489741318853 ], [ 26.511622713647949, 37.655467957177777 ], [ 26.511670917170051, 37.65547456083263 ], [ 26.511802105164183, 37.65545731250598 ], [ 26.511879376503991, 37.655436591131618 ], [ 26.511896392445731, 37.655407619624341 ], [ 26.511868299438497, 37.655374839687923 ], [ 26.511870089929353, 37.655339037988952 ], [ 26.511936018505224, 37.655337633135517 ], [ 26.51198744376347, 37.655350843095512 ], [ 26.511988487219359, 37.655381815499197 ], [ 26.512022013154166, 37.65539779020672 ], [ 26.512077986281501, 37.655367986597938 ], [ 26.512046333173565, 37.655318593529543 ], [ 26.512006011202974, 37.655278921198125 ], [ 26.512022866866459, 37.655245183131875 ], [ 26.512088391172536, 37.655231865714185 ], [ 26.512181208310032, 37.655227503592087 ], [ 26.512262842488013, 37.65524722186985 ], [ 26.512348115713309, 37.655285936267198 ], [ 26.512381399675554, 37.655294763648477 ], [ 26.512422069065568, 37.655255750247974 ], [ 26.512437638867425, 37.655183892519801 ], [ 26.51246607878501, 37.655137984947054 ], [ 26.512519296606612, 37.655115393409027 ], [ 26.512538079768255, 37.655138836170956 ], [ 26.512548354806214, 37.655176763413102 ], [ 26.51258519910732, 37.655202204774866 ], [ 26.512642938824751, 37.655224817173327 ], [ 26.512703273475982, 37.655235451554702 ], [ 26.512789615462136, 37.65521692235901 ], [ 26.512860331328529, 37.655179651787911 ], [ 26.512907393117079, 37.655152421328985 ], [ 26.51303555631582, 37.655159468430739 ], [ 26.513185763690487, 37.655136952296395 ], [ 26.513199553225313, 37.655135843546709 ], [ 26.51346876074815, 37.655080849931544 ], [ 26.513490386803063, 37.655072384634416 ], [ 26.513607026863681, 37.655028379391112 ], [ 26.513818764201712, 37.654923895589029 ], [ 26.513840876243023, 37.654910789757302 ], [ 26.513898799196031, 37.65484994971127 ], [ 26.51396975544758, 37.654819826596892 ], [ 26.514009940300291, 37.654766517071458 ], [ 26.514050929678017, 37.654737033197776 ], [ 26.514081393057491, 37.654737813451142 ], [ 26.514091505767453, 37.654717570226353 ], [ 26.514083204866033, 37.65468484487117 ], [ 26.514103382764809, 37.654642929000168 ], [ 26.514123993280474, 37.654613879753839 ], [ 26.514146934562099, 37.654600515432293 ], [ 26.514153763146375, 37.654637022761484 ], [ 26.514149675121736, 37.65465809119322 ], [ 26.514192634479805, 37.654651453214804 ], [ 26.514208450883196, 37.65462250584951 ], [ 26.514254768592934, 37.654587251022868 ], [ 26.514341433196066, 37.654510949570124 ], [ 26.514434677900404, 37.654496551495058 ], [ 26.514533063038552, 37.654409652535769 ], [ 26.514675186993294, 37.654462412712746 ], [ 26.514735295827233, 37.654551906814248 ], [ 26.514782457854093, 37.654570209039754 ], [ 26.514841150944584, 37.654603289559226 ], [ 26.514856692278986, 37.654637290177831 ], [ 26.514910141647469, 37.654657131220745 ], [ 26.514935723380962, 37.65470426980319 ], [ 26.514949382300578, 37.654753570511517 ], [ 26.515006451078335, 37.654809572254031 ], [ 26.515077966708837, 37.65486717689231 ], [ 26.515152587805876, 37.654945692975645 ], [ 26.515167744741067, 37.65496825897408 ], [ 26.515225794712308, 37.654982279019222 ], [ 26.515254353227476, 37.655046520674937 ], [ 26.515275847506196, 37.65511472669224 ], [ 26.515341394359741, 37.655208697677118 ], [ 26.515418736278342, 37.655296692399645 ], [ 26.515429612084947, 37.655334608833883 ], [ 26.515449820221153, 37.655364694222683 ], [ 26.515502883219437, 37.655373099848241 ], [ 26.515569816462055, 37.655365949039059 ], [ 26.515580049438231, 37.655384804194043 ], [ 26.515562156335193, 37.655423334090322 ], [ 26.515573032930465, 37.655461248533996 ], [ 26.515607818629135, 37.655496746608435 ], [ 26.515640206743335, 37.655532295751527 ], [ 26.515646352207476, 37.655572219346482 ], [ 26.515641025736237, 37.655627646303216 ], [ 26.515670565944465, 37.655649903412687 ], [ 26.515730500488946, 37.655648624573452 ], [ 26.515764642709719, 37.655665063292716 ], [ 26.515744545756945, 37.655709362247812 ], [ 26.515759637736267, 37.655730020424308 ], [ 26.515843738864223, 37.655733948277636 ], [ 26.515901274745804, 37.655732720611105 ], [ 26.515956221470521, 37.655725825662486 ], [ 26.516022575113286, 37.65570152135853 ], [ 26.516098454066636, 37.655675105820151 ], [ 26.516116071685506, 37.655699525949466 ], [ 26.516126562266507, 37.655726004206016 ], [ 26.51618720385915, 37.655745692419018 ], [ 26.516235021526409, 37.655740856717294 ], [ 26.51627733735603, 37.655715157617458 ] ], [ [ 26.486659276309894, 37.512563302838252 ], [ 26.4866593086678, 37.512500221934808 ], [ 26.486702715509221, 37.512508313089803 ], [ 26.486702252246584, 37.512409200225918 ], [ 26.486716508914459, 37.512327806950488 ], [ 26.486760133173043, 37.512299851348907 ], [ 26.486889832667366, 37.512288108147366 ], [ 26.487033226166336, 37.512348166857301 ], [ 26.487162090772756, 37.512417543624842 ], [ 26.487209454213716, 37.512512443706335 ], [ 26.487233296943735, 37.512560216352675 ], [ 26.487230028535411, 37.512602935901313 ], [ 26.487219484318153, 37.512740741766002 ], [ 26.487192845128526, 37.51277447140702 ], [ 26.487132638352975, 37.512850701293281 ], [ 26.486888260428604, 37.512900922568107 ], [ 26.486836545131922, 37.512896153335433 ], [ 26.486729395153628, 37.512886232416982 ], [ 26.486705106860185, 37.512845733856373 ], [ 26.486686725521054, 37.512815046114973 ], [ 26.486658699388311, 37.512716511735718 ], [ 26.486657947060696, 37.512608379844743 ], [ 26.486658733819006, 37.512581712391381 ], [ 26.486659276309894, 37.512563302838252 ] ], [ [ 26.404969197082139, 37.530242198469601 ], [ 26.40498329012733, 37.530196861043244 ], [ 26.405026410622416, 37.530195983556894 ], [ 26.405070193274319, 37.530150021879493 ], [ 26.405127952558377, 37.530076757140435 ], [ 26.40531483087091, 37.530081956498613 ], [ 26.405428610954885, 37.530079637779103 ], [ 26.405553739458618, 37.530132144472219 ], [ 26.4055719740395, 37.530139797044598 ], [ 26.405758564210892, 37.530135994206624 ], [ 26.405902680599635, 37.530241206272805 ], [ 26.406031802215121, 37.53031966914395 ], [ 26.406031082549411, 37.530517932580302 ], [ 26.405987300328388, 37.530563894667232 ], [ 26.405844223929972, 37.530710984616277 ], [ 26.405714034501777, 37.530884850970388 ], [ 26.405584863651786, 37.530914520300925 ], [ 26.405339899651828, 37.530928538209125 ], [ 26.405277788463856, 37.530875861154406 ], [ 26.405225762753663, 37.530831738936214 ], [ 26.405125579035992, 37.530707618531764 ], [ 26.404981668915312, 37.53067448817287 ], [ 26.40479450008387, 37.530660288883006 ], [ 26.404781718341752, 37.530570430215086 ], [ 26.404839015245333, 37.530461131891357 ], [ 26.404925308089531, 37.530351223734293 ], [ 26.404969197082139, 37.530242198469601 ] ], [ [ 26.480388488470812, 37.551904622084997 ], [ 26.480509517105315, 37.551887185094266 ], [ 26.480604707707165, 37.55193730190566 ], [ 26.480672094417436, 37.551995458877663 ], [ 26.480675059771041, 37.552084755627604 ], [ 26.480669650159033, 37.552204016710114 ], [ 26.480665498698038, 37.552360472708351 ], [ 26.480618299123453, 37.552418352258719 ], [ 26.480566639251073, 37.552481703583695 ], [ 26.480561232230908, 37.552600961369642 ], [ 26.480564080847056, 37.552630578900548 ], [ 26.480575524068993, 37.55274957535962 ], [ 26.480516011027287, 37.552929546855935 ], [ 26.480409027707054, 37.553088168723505 ], [ 26.480313965346465, 37.553098608497635 ], [ 26.480241295840731, 37.553106588001896 ], [ 26.480188257252834, 37.553086847891691 ], [ 26.48015591316355, 37.553074810579581 ], [ 26.48008017086827, 37.553042963723286 ], [ 26.480051401205031, 37.55302123695715 ], [ 26.479984234774967, 37.552970511101329 ], [ 26.479868397195258, 37.552861253570562 ], [ 26.479846000611673, 37.552750015610087 ], [ 26.479841559763045, 37.552616087446836 ], [ 26.479837653081496, 37.552498290672148 ], [ 26.479836377156936, 37.552459809600897 ], [ 26.47991802167143, 37.552383623418073 ], [ 26.479956808734205, 37.552353783908458 ], [ 26.48002747011477, 37.552299420172595 ], [ 26.480109359117865, 37.552230687830701 ], [ 26.480128736096077, 37.552187698762637 ], [ 26.480170353780043, 37.552095365532871 ], [ 26.480306846262526, 37.551980804754095 ], [ 26.480388488470812, 37.551904622084997 ] ], [ [ 26.409397718821438, 37.590357252858738 ], [ 26.409546125393245, 37.590354221142441 ], [ 26.409656231018634, 37.590391359121725 ], [ 26.409720183436441, 37.590531859263557 ], [ 26.409634692797354, 37.590643915892954 ], [ 26.409547931486372, 37.590716593025078 ], [ 26.409454178443795, 37.59071850889076 ], [ 26.409306892176097, 37.590733936661969 ], [ 26.409271397790267, 37.590738000123331 ], [ 26.409260991470905, 37.590722456133058 ], [ 26.409211003113263, 37.590707711667498 ], [ 26.409150124979945, 37.59066169181154 ], [ 26.40912753690424, 37.590575488521218 ], [ 26.409164071141628, 37.590480195586203 ], [ 26.409260480038796, 37.590399439329317 ], [ 26.409397718821438, 37.590357252858738 ] ], [ [ 26.410593256337442, 37.590828692490085 ], [ 26.410693418040463, 37.590817640454958 ], [ 26.41079289909381, 37.590851650855974 ], [ 26.41079967924265, 37.590852357002319 ], [ 26.410937758396905, 37.590866721664995 ], [ 26.410978532781851, 37.590895482156995 ], [ 26.411024669828208, 37.590928025748234 ], [ 26.411153904483751, 37.59100647734676 ], [ 26.41122396296862, 37.591050112868892 ], [ 26.411310217889586, 37.591156479714783 ], [ 26.411324224742298, 37.591174223650057 ], [ 26.411252614702477, 37.591301845025939 ], [ 26.411151546211205, 37.591394014419009 ], [ 26.411051409446188, 37.591405087367853 ], [ 26.410907106216865, 37.591408035020876 ], [ 26.410871665622324, 37.591406509049698 ], [ 26.410791528940376, 37.591401372894495 ], [ 26.410764764300545, 37.59139561733911 ], [ 26.410676768649871, 37.591376694537374 ], [ 26.41060503962677, 37.591369139616532 ], [ 26.410548460259697, 37.591370295916946 ], [ 26.410489866802628, 37.5913534804017 ], [ 26.410388966200795, 37.591319487400398 ], [ 26.410360636995687, 37.591275009563752 ], [ 26.410361700676432, 37.591175864043151 ], [ 26.410406098462296, 37.590994737476599 ], [ 26.410492577430023, 37.590866807413832 ], [ 26.41052022963159, 37.590856339141098 ], [ 26.410593256337442, 37.590828692490085 ] ], [ [ 26.473406624897557, 37.604051583984855 ], [ 26.473512698009355, 37.603971514649018 ], [ 26.473633331823493, 37.604003573396227 ], [ 26.473647931472893, 37.604115708624477 ], [ 26.473600268165388, 37.604160707591618 ], [ 26.473563602762233, 37.604195323454668 ], [ 26.473456138217742, 37.604197577777633 ], [ 26.473422361444811, 37.604198285876265 ], [ 26.473383222083484, 37.604177680820484 ], [ 26.473311716613434, 37.60414005292327 ], [ 26.473298263219839, 37.604062495661857 ], [ 26.473308476119222, 37.604061466992924 ], [ 26.473406624897557, 37.604051583984855 ] ], [ [ 26.471505986064763, 37.605423461197816 ], [ 26.471624339493225, 37.605386380593046 ], [ 26.471692688524058, 37.605480081486256 ], [ 26.471666179520078, 37.605592967927556 ], [ 26.471664109881871, 37.605601782341068 ], [ 26.471578318935585, 37.605638185271253 ], [ 26.471528000856853, 37.605616225704232 ], [ 26.471472334709127, 37.605591923805605 ], [ 26.471445953786539, 37.605580404609327 ], [ 26.471442229043895, 37.605468040702505 ], [ 26.47147737953124, 37.605443462624379 ], [ 26.471505986064763, 37.605423461197816 ] ] ], [ [ [ 26.530187793269913, 37.644603892186794 ], [ 26.530223423537549, 37.644593591354862 ], [ 26.530212736400934, 37.644561396295728 ], [ 26.530164085731116, 37.64454145872849 ], [ 26.530144327134138, 37.644524716678177 ], [ 26.530069956303429, 37.644524405567516 ], [ 26.53002687543901, 37.644527236579052 ], [ 26.529951664146655, 37.644502147922452 ], [ 26.529852741227248, 37.644485196327764 ], [ 26.529775392299491, 37.644467781067704 ], [ 26.529706073757723, 37.64447499107537 ], [ 26.529642390058537, 37.644506875639912 ], [ 26.529657871850077, 37.644538969692377 ], [ 26.529667913012435, 37.64455210532816 ], [ 26.529690197050932, 37.644572608287532 ], [ 26.529733988713613, 37.644590741963782 ], [ 26.52979177480789, 37.644597132002438 ], [ 26.529859601694078, 37.644616655848772 ], [ 26.529950815785472, 37.644618515353152 ], [ 26.530012814150417, 37.644607646354949 ], [ 26.530073383841405, 37.644625422163031 ], [ 26.530127932888409, 37.64460708402067 ], [ 26.530187793269913, 37.644603892186794 ] ] ] ] } }
]
}
