{
"type": "FeatureCollection",
"name": "Fourni_seagrass_data_drone_archipelagos",
"crs": { "type": "name", "properties": { "name": "urn:ogc:def:crs:OGC:1.3:CRS84" } },
"features": [
{ "type": "Feature", "properties": { "fid": 1.0, "id_fourni": 0.0, "area_m2": 8.9498004309085424, "pa_ratio": 1.530208533397885, "shape_inde": 1.2913749660252589, "_depthmean": -10.541999816894531, "Pres_Dro": 1 }, "geometry": { "type": "MultiPolygon", "coordinates": [ [ [ [ 26.474369748592963, 37.566390394156599 ], [ 26.474371868468857, 37.566404535820659 ], [ 26.474358466516268, 37.566416841847712 ], [ 26.474387303410271, 37.566418736766501 ], [ 26.474398349649686, 37.566425852058657 ], [ 26.474398498593359, 37.566404654383248 ], [ 26.47439859788906, 37.56639052259964 ], [ 26.474385295241557, 37.566388696846147 ], [ 26.474369748592963, 37.566390394156599 ] ] ] ] } },
{ "type": "Feature", "properties": { "fid": 2.0, "id_fourni": 1.0, "area_m2": 5.6464406152305218, "pa_ratio": 1.736193090918543, "shape_inde": 1.163805684399118, "_depthmean": -10.541999816894531, "Pres_Dro": 1 }, "geometry": { "type": "MultiPolygon", "coordinates": [ [ [ [ 26.474193940396205, 37.566144063844661 ], [ 26.474194089396288, 37.566122866168925 ], [ 26.474189725559668, 37.566112247563481 ], [ 26.474174191381596, 37.566112178375676 ], [ 26.474169604038092, 37.566133356283054 ], [ 26.474193940396205, 37.566144063844661 ] ] ] ] } },
{ "type": "Feature", "properties": { "fid": 3.0, "id_fourni": 2.0, "area_m2": 14.039279216483264, "pa_ratio": 1.382807120396879, "shape_inde": 1.4616018393621071, "_depthmean": -10.541999816894531, "Pres_Dro": 1 }, "geometry": { "type": "MultiPolygon", "coordinates": [ [ [ [ 26.474327410446488, 37.566414937040598 ], [ 26.474333931429985, 37.566434397886511 ], [ 26.474331538462174, 37.566459118626227 ], [ 26.474351511069994, 37.566459207555681 ], [ 26.474382579571195, 37.566459345883636 ], [ 26.47439598152755, 37.566447039853998 ], [ 26.474387129638838, 37.566443467387714 ], [ 26.474369376213314, 37.566443388344844 ], [ 26.474360561564961, 37.566434516457754 ], [ 26.474347246497452, 37.566434457172903 ], [ 26.474340713097135, 37.566416762800593 ], [ 26.474327410446488, 37.566414937040598 ] ] ] ] } },
{ "type": "Feature", "properties": { "fid": 4.0, "id_fourni": 3.0, "area_m2": 1.113923658752594, "pa_ratio": 3.848826432879862, "shape_inde": 1.1459115809514, "_depthmean": -10.541999816894531, "Pres_Dro": 1 }, "geometry": { "type": "MultiPolygon", "coordinates": [ [ [ [ 26.474296714394999, 37.566361804510322 ], [ 26.474298883913537, 37.566368880283953 ], [ 26.474307760617354, 37.566368919810941 ], [ 26.47431224862521, 37.566361873682411 ], [ 26.47431227345318, 37.566358340736528 ], [ 26.474296714394999, 37.566361804510322 ] ] ] ] } },
{ "type": "Feature", "properties": { "fid": 5.0, "id_fourni": 4.0, "area_m2": 9.237884135182636, "pa_ratio": 1.502877959553317, "shape_inde": 1.288561166345112, "_depthmean": -10.541999816894531, "Pres_Dro": 1 }, "geometry": { "type": "MultiPolygon", "coordinates": [ [ [ [ 26.474267927185597, 37.566352843677862 ], [ 26.474272228972328, 37.566372294644829 ], [ 26.474261046185735, 37.566384610543111 ], [ 26.474260946864064, 37.566398742326435 ], [ 26.474289820991935, 37.566395337850217 ], [ 26.474292139484451, 37.566381215948809 ], [ 26.474283436584564, 37.566356445799585 ], [ 26.474267927185597, 37.566352843677862 ] ] ] ] } },
{ "type": "Feature", "properties": { "fid": 6.0, "id_fourni": 5.0, "area_m2": 27.003045933373411, "pa_ratio": 0.861494135919878, "shape_inde": 1.262855823238644, "_depthmean": -15.765000343322752, "Pres_Dro": 1 }, "geometry": { "type": "MultiPolygon", "coordinates": [ [ [ [ 26.474209182265351, 37.566817178963156 ], [ 26.474231473486338, 37.566803146014962 ], [ 26.47423603602374, 37.566785501053374 ], [ 26.474216088162066, 37.566781879158164 ], [ 26.474191714343267, 37.566776471019011 ], [ 26.474147380255634, 37.566769207440863 ], [ 26.474140511582466, 37.566799207823408 ], [ 26.474178237789875, 37.566799375860747 ], [ 26.474182576829286, 37.566813527411213 ], [ 26.474209182265351, 37.566817178963156 ] ] ] ] } },
{ "type": "Feature", "properties": { "fid": 7.0, "id_fourni": 6.0, "area_m2": 7.9319046730121459, "pa_ratio": 1.372825997289566, "shape_inde": 1.0906849133607881, "_depthmean": -14.661922976555479, "Pres_Dro": 1 }, "geometry": { "type": "MultiPolygon", "coordinates": [ [ [ [ 26.47498899792825, 37.567011434492542 ], [ 26.474971169973898, 37.567021954376806 ], [ 26.474986555562591, 37.567043221136338 ], [ 26.475013260303484, 37.567032740724351 ], [ 26.475011127892042, 37.56702036554519 ], [ 26.47498899792825, 37.567011434492542 ] ] ] ] } },
{ "type": "Feature", "properties": { "fid": 8.0, "id_fourni": 7.0, "area_m2": 13.405495065702164, "pa_ratio": 1.127342747931239, "shape_inde": 1.1643739268415989, "_depthmean": -15.765000343322752, "Pres_Dro": 1 }, "geometry": { "type": "MultiPolygon", "coordinates": [ [ [ [ 26.474752486734946, 37.566876126330818 ], [ 26.474734621567507, 37.566891945598293 ], [ 26.474721343631465, 37.566886586936285 ], [ 26.474712380032223, 37.566898912750219 ], [ 26.474723364350691, 37.56691486037662 ], [ 26.47474777546606, 37.566914968987795 ], [ 26.474763371830157, 37.566906205736849 ], [ 26.474767946652371, 37.566886794281181 ], [ 26.474752486734946, 37.566876126330818 ] ] ] ] } },
{ "type": "Feature", "properties": { "fid": 9.0, "id_fourni": 8.0, "area_m2": 164.16930060388151, "pa_ratio": 0.347252843883194, "shape_inde": 1.255124633122694, "_depthmean": -11.524999618530273, "Pres_Dro": 1 }, "geometry": { "type": "MultiPolygon", "coordinates": [ [ [ [ 26.47513517973626, 37.56705271463418 ], [ 26.475108301467905, 37.567087925695134 ], [ 26.475103540786414, 37.567133834257987 ], [ 26.475132092893222, 37.56717635787431 ], [ 26.475183134498181, 37.567176584789287 ], [ 26.475185192579833, 37.567199558802898 ], [ 26.475213955440289, 37.567212052359615 ], [ 26.475249673328889, 37.567182180151086 ], [ 26.475263149626016, 37.567159275186569 ], [ 26.475265467960394, 37.567145153266644 ], [ 26.475238862353461, 37.567141501951674 ], [ 26.475239023455238, 37.56711853780304 ], [ 26.475239221734096, 37.567090274235305 ], [ 26.475232650889048, 37.567077879331265 ], [ 26.475208165359732, 37.567088369657817 ], [ 26.475199288569257, 37.567088330197898 ], [ 26.475199424896175, 37.567068898995146 ], [ 26.475199573616287, 37.567047701319346 ], [ 26.475164066473862, 37.567047543473159 ], [ 26.47513517973626, 37.56705271463418 ] ] ] ] } },
{ "type": "Feature", "properties": { "fid": 10.0, "id_fourni": 9.0, "area_m2": 1.1139236585928829, "pa_ratio": 4.5884447019534242, "shape_inde": 1.3661182217074821, "_depthmean": -11.524999618530273, "Pres_Dro": 1 }, "geometry": { "type": "MultiPolygon", "coordinates": [ [ [ [ 26.475108822078393, 37.567013733830791 ], [ 26.475097651727168, 37.56702428333432 ], [ 26.475104309314212, 37.567024312935033 ], [ 26.475122112460337, 37.567017325976487 ], [ 26.475108822078393, 37.567013733830791 ] ] ] ] } },
{ "type": "Feature", "properties": { "fid": 11.0, "id_fourni": 10.0, "area_m2": 2.6887812450327901, "pa_ratio": 2.4476865395826719, "shape_inde": 1.1322142135957149, "_depthmean": -11.524999618530273, "Pres_Dro": 1 }, "geometry": { "type": "MultiPolygon", "coordinates": [ [ [ [ 26.475314092094912, 37.567173633828666 ], [ 26.475305165730575, 37.567180660268555 ], [ 26.475325076581992, 37.567189581399639 ], [ 26.475334015335775, 37.567180788485295 ], [ 26.475331833306186, 37.56717547920374 ], [ 26.475314092094912, 37.567173633828666 ] ] ] ] } },
{ "type": "Feature", "properties": { "fid": 12.0, "id_fourni": 11.0, "area_m2": 491.3747725786655, "pa_ratio": 0.208140459160228, "shape_inde": 1.3015414518238819, "_depthmean": -15.765000343322754, "Pres_Dro": 1 }, "geometry": { "type": "MultiPolygon", "coordinates": [ [ [ [ 26.474679934328641, 37.567094852994643 ], [ 26.474679872300488, 37.567103685358802 ], [ 26.474719805457923, 37.56710562957187 ], [ 26.47477084701125, 37.56710585666471 ], [ 26.474810693354737, 37.567120166157025 ], [ 26.474844018536494, 37.567115014819407 ], [ 26.474866272525546, 37.567106281170446 ], [ 26.47489973410228, 37.567081698615247 ], [ 26.474906540497443, 37.567060530552389 ], [ 26.474895568519216, 37.567042816470028 ], [ 26.474875769367529, 37.567017997010836 ], [ 26.474851457430386, 37.56700375664267 ], [ 26.474829153862, 37.567019556180774 ], [ 26.474811400298488, 37.567019477203395 ], [ 26.474798023111852, 37.567028250332989 ], [ 26.474784757550221, 37.567021125205173 ], [ 26.47480490394652, 37.566996483438608 ], [ 26.474811697957954, 37.566977081853949 ], [ 26.474807296777307, 37.566971762690542 ], [ 26.474809627593917, 37.566955874306814 ], [ 26.474800837638696, 37.566943469506697 ], [ 26.474792060089296, 37.566929298233021 ], [ 26.474763272601525, 37.566920337520081 ], [ 26.474721107944667, 37.566920149921302 ], [ 26.474701184832789, 37.566912995161907 ], [ 26.474690262545828, 37.566888215169044 ], [ 26.474690274951119, 37.566886448696138 ], [ 26.474672360145256, 37.56690933384558 ], [ 26.474654532171456, 37.56691985368203 ], [ 26.474634534626443, 37.566923297748652 ], [ 26.474634398153512, 37.566942728950153 ], [ 26.47460337907976, 37.566935524795511 ], [ 26.474570091186806, 37.566935376647329 ], [ 26.474540943867506, 37.566977643592523 ], [ 26.474547365684259, 37.567011236208153 ], [ 26.474569272246441, 37.567051963853814 ], [ 26.474631198828607, 37.567082270428614 ], [ 26.474679934328641, 37.567094852994643 ] ] ] ] } },
{ "type": "Feature", "properties": { "fid": 13.0, "id_fourni": 12.0, "area_m2": 10950.714611112375, "pa_ratio": 0.077014225462347, "shape_inde": 2.2734596491586752, "_depthmean": -14.024558853623539, "Pres_Dro": 1 }, "geometry": { "type": "MultiPolygon", "coordinates": [ [ [ [ 26.474038673205786, 37.56707963211845 ], [ 26.475064574943133, 37.567626522307833 ], [ 26.475788252309645, 37.567915915437077 ], [ 26.476029603093295, 37.567994714104536 ], [ 26.476214991286874, 37.568142158585133 ], [ 26.476403860718548, 37.568109432374953 ], [ 26.47656366988484, 37.568106607991467 ], [ 26.476674693096587, 37.568098267556138 ], [ 26.476721482254906, 37.568071977038997 ], [ 26.476712827790525, 37.568040141175956 ], [ 26.476666261113976, 37.568034635174079 ], [ 26.476641923784008, 37.568023928118258 ], [ 26.476684200304412, 37.568008216777606 ], [ 26.476723973353621, 37.5680331244671 ], [ 26.476779454008636, 37.568033370369413 ], [ 26.476848583602166, 37.567985980476656 ], [ 26.476864427036869, 37.567941887485887 ], [ 26.476815851230704, 37.567906341665136 ], [ 26.476729845288808, 37.567828233254225 ], [ 26.47666748466369, 37.567859754333973 ], [ 26.4766781234935, 37.567925163028256 ], [ 26.476593385114381, 37.567983082787542 ], [ 26.476506872442265, 37.567977399613333 ], [ 26.476507181513909, 37.567933237786164 ], [ 26.476547486025655, 37.567882187191238 ], [ 26.476614186278553, 37.567864817638032 ], [ 26.476669827474481, 37.567842099439929 ], [ 26.476698887431855, 37.567812197281093 ], [ 26.47671030483788, 37.567766318162761 ], [ 26.476699554776967, 37.567716807728466 ], [ 26.476644024919345, 37.567723627683087 ], [ 26.476628552199998, 37.567714726449765 ], [ 26.476624521645803, 37.567656413157451 ], [ 26.4765602880267, 37.567638463094333 ], [ 26.476502427735255, 37.567661171401802 ], [ 26.476462185132899, 37.567703389618202 ], [ 26.476455700579447, 37.56767862946954 ], [ 26.476440153706118, 37.567680327050589 ], [ 26.476422214509942, 37.567706745411392 ], [ 26.476389136478211, 37.567676567730253 ], [ 26.476462494227881, 37.567659227789342 ], [ 26.476524891856815, 37.567622407396648 ], [ 26.476503194229501, 37.567551650064111 ], [ 26.476461140478939, 37.567535564825299 ], [ 26.476459156179907, 37.567501991992998 ], [ 26.476448245588966, 37.567475445686966 ], [ 26.476399497170402, 37.567464630320849 ], [ 26.476374850919498, 37.567498085040455 ], [ 26.476345939354776, 37.567506789443037 ], [ 26.476346384547025, 37.567443196408419 ], [ 26.476273484605361, 37.567395176771633 ], [ 26.476242663083166, 37.567359709474694 ], [ 26.476180413981687, 37.567375332042495 ], [ 26.476125243110481, 37.567330924033342 ], [ 26.476080957989044, 37.567316595285483 ], [ 26.476032296345139, 37.567293414456543 ], [ 26.476016551556494, 37.567323375552732 ], [ 26.476000806755128, 37.567353336646569 ], [ 26.475978305320307, 37.567397399971654 ], [ 26.475947063159726, 37.567421992683933 ], [ 26.475920865842607, 37.567360047909858 ], [ 26.475912174668554, 37.567333511406773 ], [ 26.475830187864705, 37.567315482133743 ], [ 26.475776914575295, 37.567317012116618 ], [ 26.475730175088593, 37.567336236371609 ], [ 26.475688022572687, 37.567334282643365 ], [ 26.47565682987489, 37.567351809386473 ], [ 26.475605788146485, 37.567351582675414 ], [ 26.475561589809097, 37.567324888422363 ], [ 26.475486260714675, 37.567306888485902 ], [ 26.475432863546729, 37.567326083043305 ], [ 26.475392707249977, 37.56735593558367 ], [ 26.475372474222084, 37.567392942760293 ], [ 26.475369920499535, 37.567440627667374 ], [ 26.47532352776895, 37.56741039051807 ], [ 26.475230383030741, 37.567401143879138 ], [ 26.475196809875243, 37.567441624782312 ], [ 26.47517904381651, 37.567443312332315 ], [ 26.475141490806635, 37.567418413992364 ], [ 26.475141887442053, 37.567361886860553 ], [ 26.47516427780813, 37.56733372195432 ], [ 26.47513570083402, 37.567294731292115 ], [ 26.475120414314272, 37.567259332769027 ], [ 26.475100466281908, 37.56725571102227 ], [ 26.475033815821931, 37.567266013831947 ], [ 26.474987348945646, 37.567246375388713 ], [ 26.474932054886345, 37.567219631555687 ], [ 26.474887683259023, 37.567217667672168 ], [ 26.474856850068871, 37.56718396649071 ], [ 26.474837236922394, 37.567132649932574 ], [ 26.474797303747014, 37.567130705759112 ], [ 26.474730616145543, 37.567146307816849 ], [ 26.474734843669772, 37.567176357602513 ], [ 26.474705956853903, 37.567181528657827 ], [ 26.474694687178363, 37.567206209904697 ], [ 26.474692207464145, 37.567243295958733 ], [ 26.474665577039836, 37.567243177460149 ], [ 26.474656898731535, 37.5672148743948 ], [ 26.474677082439847, 37.567184933233221 ], [ 26.474646075668158, 37.567175962616517 ], [ 26.474575470736198, 37.56711735297791 ], [ 26.474522396118733, 37.567090618831074 ], [ 26.474456043592308, 37.567058525968754 ], [ 26.47444318762771, 37.566993107200958 ], [ 26.474414375334579, 37.566987679348735 ], [ 26.474385178256757, 37.567037012145349 ], [ 26.474413680269159, 37.56708660182376 ], [ 26.474475743330864, 37.567097477279347 ], [ 26.474493472091861, 37.567101089252901 ], [ 26.474493248711063, 37.567132885762703 ], [ 26.474468564491428, 37.567171639498845 ], [ 26.474408894337664, 37.567136043300856 ], [ 26.474377924857489, 37.567121773195872 ], [ 26.474391451059041, 37.567091802441588 ], [ 26.474369420453236, 37.567068739491347 ], [ 26.474318527898294, 37.567047314552298 ], [ 26.474307829178279, 37.566990738015924 ], [ 26.474265875545868, 37.566960520217521 ], [ 26.474163780228626, 37.566961832047291 ], [ 26.474085909743366, 37.56698974962729 ], [ 26.474054431151433, 37.567047904817748 ], [ 26.474038673205786, 37.56707963211845 ] ] ] ] } },
{ "type": "Feature", "properties": { "fid": 14.0, "id_fourni": 13.0, "area_m2": 9.6450424391157963, "pa_ratio": 1.33176181752848, "shape_inde": 1.1667389560154879, "_depthmean": -15.765000343322752, "Pres_Dro": 1 }, "geometry": { "type": "MultiPolygon", "coordinates": [ [ [ [ 26.474882330625693, 37.567158200195912 ], [ 26.474878202135894, 37.567177260334908 ], [ 26.474894057610864, 37.567194819487199 ], [ 26.474922019539353, 37.567194943856336 ], [ 26.474922108819012, 37.567182225251656 ], [ 26.47489825306041, 37.567166220394242 ], [ 26.474882330625693, 37.567158200195912 ] ] ] ] } },
{ "type": "Feature", "properties": { "fid": 15.0, "id_fourni": 14.0, "area_m2": 233.42558353162542, "pa_ratio": 0.30842750254970502, "shape_inde": 1.3292981238922681, "_depthmean": -13.388327862425443, "Pres_Dro": 1 }, "geometry": { "type": "MultiPolygon", "coordinates": [ [ [ [ 26.474922198098621, 37.567169506647005 ], [ 26.474946087341799, 37.567180742022856 ], [ 26.474965915076915, 37.567201498582477 ], [ 26.47499160076514, 37.567241359692211 ], [ 26.475041454710169, 37.567252710513394 ], [ 26.475089534516528, 37.56723225592107 ], [ 26.475101741329567, 37.567200512690739 ], [ 26.475079905119888, 37.567181337098717 ], [ 26.475049968229964, 37.567178024234707 ], [ 26.475056194369646, 37.567144664539825 ], [ 26.475068512750187, 37.567097023056093 ], [ 26.475062710583853, 37.56706996937767 ], [ 26.475028879603538, 37.567052330316002 ], [ 26.474974852700175, 37.567066398935609 ], [ 26.474944525280865, 37.567118729941718 ], [ 26.47491256882363, 37.567118587811414 ], [ 26.474908719349237, 37.567097902311694 ], [ 26.474880657009859, 37.567112086370052 ], [ 26.474882475715898, 37.567137532463406 ], [ 26.474902336903011, 37.567153519556847 ], [ 26.474922198098621, 37.567169506647005 ] ] ] ] } },
{ "type": "Feature", "properties": { "fid": 16.0, "id_fourni": 15.0, "area_m2": 4.6513994982355902, "pa_ratio": 1.8577649645374239, "shape_inde": 1.1302581755576231, "_depthmean": -11.524999618530273, "Pres_Dro": 1 }, "geometry": { "type": "MultiPolygon", "coordinates": [ [ [ [ 26.475133664356381, 37.567205424247021 ], [ 26.47514173156728, 37.567194330986091 ], [ 26.475125853722631, 37.567179951517879 ], [ 26.475111872760703, 37.567179889358322 ], [ 26.475117719576144, 37.567200583731527 ], [ 26.475133664356381, 37.567205424247021 ] ] ] ] } },
{ "type": "Feature", "properties": { "fid": 17.0, "id_fourni": 16.0, "area_m2": 7.2804513894823337, "pa_ratio": 1.5303169185368679, "shape_inde": 1.1648113690583439, "_depthmean": -11.524999618530273, "Pres_Dro": 1 }, "geometry": { "type": "MultiPolygon", "coordinates": [ [ [ [ 26.475530184970644, 37.567056148317612 ], [ 26.475538118344986, 37.567064132938 ], [ 26.475546152040831, 37.567057809125927 ], [ 26.475546274653844, 37.567040321042384 ], [ 26.475544366550523, 37.567027593563438 ], [ 26.47553438016881, 37.567027549199487 ], [ 26.47551830163313, 37.567041786647351 ], [ 26.475518201308056, 37.567056095079266 ], [ 26.475530184970644, 37.567056148317612 ] ] ] ] } },
{ "type": "Feature", "properties": { "fid": 18.0, "id_fourni": 17.0, "area_m2": 3.5779996142733941, "pa_ratio": 2.066325296389826, "shape_inde": 1.102589634016317, "_depthmean": -11.524999618530273, "Pres_Dro": 1 }, "geometry": { "type": "MultiPolygon", "coordinates": [ [ [ [ 26.475541856524604, 37.567100716676208 ], [ 26.475533778236045, 37.567113399790955 ], [ 26.475547681160062, 37.567124590680756 ], [ 26.475555703715198, 37.567119856693935 ], [ 26.475555748301044, 37.567113497390864 ], [ 26.475555826326232, 37.567102368610513 ], [ 26.475541856524604, 37.567100716676208 ] ] ] ] } },
{ "type": "Feature", "properties": { "fid": 19.0, "id_fourni": 18.0, "area_m2": 8.6027555943042984, "pa_ratio": 1.6043721581094199, "shape_inde": 1.3274524612501959, "_depthmean": -11.524999618530273, "Pres_Dro": 1 }, "geometry": { "type": "MultiPolygon", "coordinates": [ [ [ [ 26.475716254892404, 37.567010868407401 ], [ 26.475718174167568, 37.567022006057933 ], [ 26.475742108055243, 37.567026881970257 ], [ 26.475760284100101, 37.56699834492801 ], [ 26.475760384378667, 37.56698403649537 ], [ 26.475744350464694, 37.566991914671149 ], [ 26.475738269498073, 37.567004606669784 ], [ 26.475716254892404, 37.567010868407401 ] ] ] ] } },
{ "type": "Feature", "properties": { "fid": 20.0, "id_fourni": 19.0, "area_m2": 48.769690394887483, "pa_ratio": 0.676116276651336, "shape_inde": 1.331960845454121, "_depthmean": -11.524999618530273, "Pres_Dro": 1 }, "geometry": { "type": "MultiPolygon", "coordinates": [ [ [ [ 26.475191429345177, 37.567227939302853 ], [ 26.47516730579958, 37.567250090314602 ], [ 26.475181152920999, 37.567269230375224 ], [ 26.475205031081394, 37.567282055524679 ], [ 26.475258980029157, 37.567279115580575 ], [ 26.475253155474565, 37.567255241563004 ], [ 26.475291170751795, 37.567245871278921 ], [ 26.475291360337987, 37.567218844242653 ], [ 26.475265462596298, 37.567209189884487 ], [ 26.475255375814825, 37.567223453927653 ], [ 26.475221310493662, 37.567239201259376 ], [ 26.475191429345177, 37.567227939302853 ] ] ] ] } },
{ "type": "Feature", "properties": { "fid": 21.0, "id_fourni": 20.0, "area_m2": 26.80388406784072, "pa_ratio": 0.83451001029279204, "shape_inde": 1.218780463342815, "_depthmean": -11.524999618530273, "Pres_Dro": 1 }, "geometry": { "type": "MultiPolygon", "coordinates": [ [ [ [ 26.475184879780535, 37.567307403947851 ], [ 26.475178731765698, 37.567329634869694 ], [ 26.475198648837964, 37.567337672785619 ], [ 26.47522864156624, 37.567333036484264 ], [ 26.475240480280366, 37.567353757485385 ], [ 26.475260598116705, 37.567333178529722 ], [ 26.475260776561733, 37.567307741319617 ], [ 26.475220886655528, 37.567299614633498 ], [ 26.475184879780535, 37.567307403947851 ] ] ] ] } },
{ "type": "Feature", "properties": { "fid": 22.0, "id_fourni": 21.0, "area_m2": 93.852485534493027, "pa_ratio": 0.50404739039794499, "shape_inde": 1.3774927696683259, "_depthmean": -11.524999618530273, "Pres_Dro": 1 }, "geometry": { "type": "MultiPolygon", "coordinates": [ [ [ [ 26.475323060356597, 37.567255552261152 ], [ 26.475296995317844, 37.567269745294723 ], [ 26.475296660756786, 37.567317440064137 ], [ 26.475344573271038, 37.567320832752713 ], [ 26.475380580136463, 37.567313043389568 ], [ 26.475440688186922, 37.567286282603881 ], [ 26.475439069969781, 37.5672322196558 ], [ 26.47539714935251, 37.567228853631811 ], [ 26.475343122388498, 37.567242922419098 ], [ 26.475333002163392, 37.567261955945909 ], [ 26.475334854480103, 37.56728263255583 ], [ 26.475330759552126, 37.567296923234061 ], [ 26.475323060356597, 37.567255552261152 ] ] ] ] } },
{ "type": "Feature", "properties": { "fid": 23.0, "id_fourni": 22.0, "area_m2": 18.870058834586438, "pa_ratio": 1.1870438253562181, "shape_inde": 1.454616295196471, "_depthmean": -11.524999618530273, "Pres_Dro": 1 }, "geometry": { "type": "MultiPolygon", "coordinates": [ [ [ [ 26.475316510928945, 37.567335016914107 ], [ 26.475276476019665, 37.567347557979893 ], [ 26.475306312621331, 37.567365179217617 ], [ 26.475344261041823, 37.567365347870783 ], [ 26.475378326395301, 37.567349600504159 ], [ 26.475376462914767, 37.567330513720684 ], [ 26.475354403580049, 37.567343134692138 ], [ 26.475334397279237, 37.56734781540753 ], [ 26.475316510928945, 37.567335016914107 ] ] ] ] } },
{ "type": "Feature", "properties": { "fid": 24.0, "id_fourni": 23.0, "area_m2": 5.5692341823374223, "pa_ratio": 1.7511532734902939, "shape_inde": 1.165780987799919, "_depthmean": -11.524999618530273, "Pres_Dro": 1 }, "geometry": { "type": "MultiPolygon", "coordinates": [ [ [ [ 26.475407860487227, 37.567125559336645 ], [ 26.475423805270754, 37.567130399813031 ], [ 26.475439794652111, 37.567128880984384 ], [ 26.475451800623567, 37.567125754579294 ], [ 26.475451867515591, 37.5671162156249 ], [ 26.475423939061951, 37.567111321904328 ], [ 26.475407860487227, 37.567125559336645 ] ] ] ] } },
{ "type": "Feature", "properties": { "fid": 25.0, "id_fourni": 24.0, "area_m2": 2.6601649304693109, "pa_ratio": 2.463333655097963, "shape_inde": 1.13337228993195, "_depthmean": -11.524999618530273, "Pres_Dro": 1 }, "geometry": { "type": "MultiPolygon", "coordinates": [ [ [ [ 26.475501632268649, 37.5671402848578 ], [ 26.475521560473283, 37.567146732893619 ], [ 26.475523613488573, 37.567138792637984 ], [ 26.475521683092424, 37.567129244810417 ], [ 26.47550168800673, 37.567132335729085 ], [ 26.475501632268649, 37.5671402848578 ] ] ] ] } },
{ "type": "Feature", "properties": { "fid": 26.0, "id_fourni": 25.0, "area_m2": 4.3869386578954419, "pa_ratio": 1.8198039675827129, "shape_inde": 1.075227730399924, "_depthmean": -11.524999618530272, "Pres_Dro": 1 }, "geometry": { "type": "MultiPolygon", "coordinates": [ [ [ [ 26.47594646512357, 37.566937166393444 ], [ 26.47595841535443, 37.566941989065917 ], [ 26.475974426960455, 37.566937290512598 ], [ 26.475978477195611, 37.56692935911375 ], [ 26.475968535376783, 37.566922955482944 ], [ 26.475950559913652, 37.566922875691965 ], [ 26.47594646512357, 37.566937166393444 ] ] ] ] } },
{ "type": "Feature", "properties": { "fid": 27.0, "id_fourni": 26.0, "area_m2": 167.43482542808428, "pa_ratio": 0.39668115819613697, "shape_inde": 1.447969911479513, "_depthmean": -11.524999618530273, "Pres_Dro": 1 }, "geometry": { "type": "MultiPolygon", "coordinates": [ [ [ [ 26.475469051493175, 37.567229173118541 ], [ 26.475510972114172, 37.567232539117043 ], [ 26.475530878050037, 37.567242166802821 ], [ 26.475538688828276, 37.567267639505971 ], [ 26.475522576799555, 37.567286646430603 ], [ 26.475548396574968, 37.567307429512645 ], [ 26.475588342251463, 37.56730760695983 ], [ 26.475618435251505, 37.567288662127616 ], [ 26.475612599435962, 37.567266377952699 ], [ 26.475600727195175, 37.567250426465137 ], [ 26.475644823430887, 37.567228364076051 ], [ 26.475651015876696, 37.567199773825401 ], [ 26.475651305632613, 37.567158438355392 ], [ 26.475621379869899, 37.567153535810419 ], [ 26.475573434010521, 37.567154912712056 ], [ 26.475545171132996, 37.56719771379241 ], [ 26.475527195605071, 37.567197633936473 ], [ 26.475523368251007, 37.567173768804338 ], [ 26.475491266845133, 37.567194294564949 ], [ 26.475467310624254, 37.567192598253108 ], [ 26.475449234758951, 37.567206826816737 ], [ 26.475453106685656, 37.567224332648173 ], [ 26.475469051493175, 37.567229173118541 ] ] ] ] } },
{ "type": "Feature", "properties": { "fid": 28.0, "id_fourni": 27.0, "area_m2": 2.3334780091737, "pa_ratio": 2.6535627895142651, "shape_inde": 1.1434739961248439, "_depthmean": -11.524999618530273, "Pres_Dro": 1 }, "geometry": { "type": "MultiPolygon", "coordinates": [ [ [ [ 26.475693059069521, 37.567185651675686 ], [ 26.475699128915441, 37.567174549505751 ], [ 26.475679178400039, 37.567171281151289 ], [ 26.475677181119824, 37.567171272280831 ], [ 26.475675105831968, 37.567182392190738 ], [ 26.475693059069521, 37.567185651675686 ] ] ] ] } },
{ "type": "Feature", "properties": { "fid": 29.0, "id_fourni": 28.0, "area_m2": 7.0315470677601182, "pa_ratio": 1.45665418069139, "shape_inde": 1.0896247810238191, "_depthmean": -11.524999618530273, "Pres_Dro": 1 }, "geometry": { "type": "MultiPolygon", "coordinates": [ [ [ [ 26.47596291471659, 37.567155052331188 ], [ 26.475940822116716, 37.567172442891255 ], [ 26.475948722133015, 37.56718519696188 ], [ 26.475972711776496, 37.567182123698544 ], [ 26.475978826130738, 37.56716466221048 ], [ 26.47596291471659, 37.567155052331188 ] ] ] ] } },
{ "type": "Feature", "properties": { "fid": 30.0, "id_fourni": 29.0, "area_m2": 145.08010609520827, "pa_ratio": 0.43224683169883299, "shape_inde": 1.4686923030839749, "_depthmean": -11.524999618530273, "Pres_Dro": 1 }, "geometry": { "type": "MultiPolygon", "coordinates": [ [ [ [ 26.475698605172923, 37.567249271317017 ], [ 26.475668690514819, 37.567242778958033 ], [ 26.475672529062614, 37.567265054259806 ], [ 26.475632572263418, 37.567266466667014 ], [ 26.475646386073709, 37.567290376151178 ], [ 26.475668333902799, 37.567293653381981 ], [ 26.475668166740604, 37.567317500768077 ], [ 26.47570023472138, 37.567301744437039 ], [ 26.475728118693336, 37.567312997395803 ], [ 26.475754217093534, 37.567294034789342 ], [ 26.475776142644946, 37.567300491651714 ], [ 26.475806135324238, 37.567295855203199 ], [ 26.475830236415746, 37.567276883711386 ], [ 26.475840401078763, 37.567251490837876 ], [ 26.475828562213575, 37.567230769895438 ], [ 26.475818720636191, 37.567210057819899 ], [ 26.475776777729038, 37.567209871582286 ], [ 26.475780850283595, 37.56719876053927 ], [ 26.475759013898831, 37.567179585071543 ], [ 26.475731051972335, 37.567179460900711 ], [ 26.475730895973605, 37.56720171846171 ], [ 26.475750801930062, 37.567211346110611 ], [ 26.47573474568069, 37.567222403935979 ], [ 26.475712742153586, 37.567227075846461 ], [ 26.475698605172923, 37.567249271317017 ] ] ] ] } },
{ "type": "Feature", "properties": { "fid": 31.0, "id_fourni": 30.0, "area_m2": 91.814581405734231, "pa_ratio": 0.42544215395933099, "shape_inde": 1.1499829887112849, "_depthmean": -11.524999618530273, "Pres_Dro": 1 }, "geometry": { "type": "MultiPolygon", "coordinates": [ [ [ [ 26.475785424208887, 37.567116107334641 ], [ 26.47580148042784, 37.567105049501968 ], [ 26.475799605703337, 37.567087552549459 ], [ 26.475789719586498, 37.567073199774541 ], [ 26.47576387753946, 37.567055596396216 ], [ 26.475719826012611, 37.567071299528173 ], [ 26.475653726399226, 37.567098033846563 ], [ 26.475631589165758, 37.567121783651636 ], [ 26.475639411110986, 37.567145666523054 ], [ 26.475679378989376, 37.567142664287225 ], [ 26.475737333521881, 37.567138152038602 ], [ 26.475785424208887, 37.567116107334641 ] ] ] ] } },
{ "type": "Feature", "properties": { "fid": 32.0, "id_fourni": 31.0, "area_m2": 0.91783468371681198, "pa_ratio": 4.3496750341050738, "shape_inde": 1.175531070269908, "_depthmean": -11.524999618530272, "Pres_Dro": 1 }, "geometry": { "type": "MultiPolygon", "coordinates": [ [ [ [ 26.475713934467628, 37.567056964486447 ], [ 26.475699908953885, 37.567063261699943 ], [ 26.475707864633655, 37.567068066657463 ], [ 26.475715876029643, 37.567064922485365 ], [ 26.475713934467628, 37.567056964486447 ] ] ] ] } },
{ "type": "Feature", "properties": { "fid": 33.0, "id_fourni": 32.0, "area_m2": 0.793382523181688, "pa_ratio": 4.5224237329882158, "shape_inde": 1.1363382727797531, "_depthmean": -11.524999618530273, "Pres_Dro": 1 }, "geometry": { "type": "MultiPolygon", "coordinates": [ [ [ [ 26.475698056540907, 37.567042585094256 ], [ 26.475690045146589, 37.567045729265153 ], [ 26.475691986705773, 37.567053687264455 ], [ 26.475701995377872, 37.567050551963519 ], [ 26.475698056540907, 37.567042585094256 ] ] ] ] } },
{ "type": "Feature", "properties": { "fid": 34.0, "id_fourni": 33.0, "area_m2": 1.820112847193474, "pa_ratio": 3.1382995935309461, "shape_inde": 1.194369284426787, "_depthmean": -11.524999618530275, "Pres_Dro": 1 }, "geometry": { "type": "MultiPolygon", "coordinates": [ [ [ [ 26.475827924096848, 37.567036802276753 ], [ 26.475833982769984, 37.567027289925228 ], [ 26.475826004804954, 37.567025664627863 ], [ 26.47581600728217, 37.567027210113579 ], [ 26.475807962471173, 37.567035123770083 ], [ 26.475827924096848, 37.567036802276753 ] ] ] ] } },
{ "type": "Feature", "properties": { "fid": 35.0, "id_fourni": 34.0, "area_m2": 2.473486689651224, "pa_ratio": 2.7558717957597789, "shape_inde": 1.222668903995658, "_depthmean": -11.524999618530273, "Pres_Dro": 1 }, "geometry": { "type": "MultiPolygon", "coordinates": [ [ [ [ 26.475846055550587, 37.567014624524596 ], [ 26.475860114462922, 37.567003557815895 ], [ 26.4758441585371, 37.567000307224191 ], [ 26.475832096899062, 37.567011382798832 ], [ 26.475832052336866, 37.567017742102252 ], [ 26.475846055550587, 37.567014624524596 ] ] ] ] } },
{ "type": "Feature", "properties": { "fid": 36.0, "id_fourni": 35.0, "area_m2": 2.2401388891907441, "pa_ratio": 2.6163182873167341, "shape_inde": 1.1046459829274231, "_depthmean": -11.524999618530273, "Pres_Dro": 1 }, "geometry": { "type": "MultiPolygon", "coordinates": [ [ [ [ 26.475992190821891, 37.56696757699239 ], [ 26.476000157647526, 37.566970792104435 ], [ 26.476012185844176, 37.566964485990056 ], [ 26.476012252664351, 37.566954947034553 ], [ 26.475998271742505, 37.566954884980269 ], [ 26.475992190821891, 37.56696757699239 ] ] ] ] } },
{ "type": "Feature", "properties": { "fid": 37.0, "id_fourni": 36.0, "area_m2": 5.1180950999933259, "pa_ratio": 1.9047597762749719, "shape_inde": 1.2155965390817181, "_depthmean": -8.508000373840332, "Pres_Dro": 1 }, "geometry": { "type": "MultiPolygon", "coordinates": [ [ [ [ 26.476045471355789, 37.567060026241322 ], [ 26.476053404785969, 37.567068010827512 ], [ 26.476063302088658, 37.567080773754832 ], [ 26.476081266454774, 37.567082443354835 ], [ 26.476081322131151, 37.567074494225302 ], [ 26.476071391419758, 37.567066500777194 ], [ 26.476063480259093, 37.567055336540378 ], [ 26.476051496595616, 37.567055283356169 ], [ 26.476045471355789, 37.567060026241322 ] ] ] ] } },
{ "type": "Feature", "properties": { "fid": 38.0, "id_fourni": 37.0, "area_m2": 44.367195217886419, "pa_ratio": 0.56259934801709099, "shape_inde": 1.0571224106279831, "_depthmean": -8.508000373840332, "Pres_Dro": 1 }, "geometry": { "type": "MultiPolygon", "coordinates": [ [ [ [ 26.4765637563486, 37.566920826427221 ], [ 26.476543716858142, 37.566930276827478 ], [ 26.476519649436316, 37.566944478990138 ], [ 26.47651941579209, 37.566977865337151 ], [ 26.476537268889054, 37.566995433128142 ], [ 26.476571244827475, 37.566992404021541 ], [ 26.476593370601552, 37.566970243863267 ], [ 26.476597498642963, 37.566951183660265 ], [ 26.476597665506681, 37.566927336269181 ], [ 26.476581698439261, 37.566925675603059 ], [ 26.4765637563486, 37.566920826427221 ] ] ] ] } },
{ "type": "Feature", "properties": { "fid": 39.0, "id_fourni": 38.0, "area_m2": 1.477869406058133, "pa_ratio": 3.22521391231624, "shape_inde": 1.1060420076709669, "_depthmean": -8.508000373840332, "Pres_Dro": 1 }, "geometry": { "type": "MultiPolygon", "coordinates": [ [ [ [ 26.476621543804896, 37.566940161133822 ], [ 26.476615496362498, 37.566948083700652 ], [ 26.476623429842242, 37.566956068249084 ], [ 26.476631474559024, 37.566948154536142 ], [ 26.476631507929611, 37.566943385057904 ], [ 26.476621543804896, 37.566940161133822 ] ] ] ] } },
{ "type": "Feature", "properties": { "fid": 40.0, "id_fourni": 39.0, "area_m2": 22.681406249951745, "pa_ratio": 0.83399965992620395, "shape_inde": 1.1204588989341351, "_depthmean": -8.508000373840332, "Pres_Dro": 1 }, "geometry": { "type": "MultiPolygon", "coordinates": [ [ [ [ 26.47671548243089, 37.566931038299899 ], [ 26.476709323780391, 37.566954859132622 ], [ 26.476713140381115, 37.566980314056075 ], [ 26.476749091339435, 37.566980473403291 ], [ 26.476773169850439, 37.566964681367587 ], [ 26.476759289012438, 37.566950310968416 ], [ 26.476759344616511, 37.566942361837832 ], [ 26.476739405235705, 37.566937503836421 ], [ 26.476735455172328, 37.566931126826994 ], [ 26.476721496496531, 37.566927885206148 ], [ 26.47671548243089, 37.566931038299899 ] ] ] ] } },
{ "type": "Feature", "properties": { "fid": 41.0, "id_fourni": 40.0, "area_m2": 70.237688080189017, "pa_ratio": 0.74543366902342401, "shape_inde": 1.7623378821786579, "_depthmean": -8.508000373840332, "Pres_Dro": 1 }, "geometry": { "type": "MultiPolygon", "coordinates": [ [ [ [ 26.476790867322109, 37.567004506686153 ], [ 26.476780836459973, 37.567010821732062 ], [ 26.476780958784119, 37.566993333644902 ], [ 26.476765047301818, 37.566983723872966 ], [ 26.476748935644732, 37.567002730968667 ], [ 26.476731004645938, 37.566996291991998 ], [ 26.476712917944784, 37.567012110577828 ], [ 26.476698937010678, 37.56701204860645 ], [ 26.476698814667277, 37.567029536693312 ], [ 26.476720762468403, 37.567032813728382 ], [ 26.47673061539518, 37.567051935904971 ], [ 26.476754504876993, 37.567063170916839 ], [ 26.476772358049711, 37.56708073867258 ], [ 26.476776219159909, 37.567099834289358 ], [ 26.476790144509472, 37.56710784538209 ], [ 26.476804125461687, 37.567107907342823 ], [ 26.476804247780812, 37.567090419255905 ], [ 26.476792264110301, 37.56709036614685 ], [ 26.476782355560875, 37.567079193105783 ], [ 26.476790522596549, 37.567053791295216 ], [ 26.476790611558059, 37.567041072686457 ], [ 26.476820604073325, 37.5670364359788 ], [ 26.476832654450998, 37.567026950128238 ], [ 26.476820726388283, 37.567018947891619 ], [ 26.47680686777079, 37.567001397845807 ], [ 26.476807034568058, 37.566977550454084 ], [ 26.476787017333049, 37.566983821243468 ], [ 26.476790867322109, 37.567004506686153 ] ] ] ] } },
{ "type": "Feature", "properties": { "fid": 42.0, "id_fourni": 41.0, "area_m2": 2.6290518902610929, "pa_ratio": 2.3919737544180899, "shape_inde": 1.094084982932009, "_depthmean": -8.508000373840332, "Pres_Dro": 1 }, "geometry": { "type": "MultiPolygon", "coordinates": [ [ [ [ 26.476722615164071, 37.567053490320191 ], [ 26.476714603810809, 37.567056634560942 ], [ 26.476716500992385, 37.567070951848464 ], [ 26.476728484659649, 37.567071004965179 ], [ 26.476736551620608, 37.567059911593141 ], [ 26.476722615164071, 37.567053490320191 ] ] ] ] } },
{ "type": "Feature", "properties": { "fid": 43.0, "id_fourni": 42.0, "area_m2": 1.368973765424341, "pa_ratio": 3.4526874942900019, "shape_inde": 1.139593340109907, "_depthmean": -8.508000373840332, "Pres_Dro": 1 }, "geometry": { "type": "MultiPolygon", "coordinates": [ [ [ [ 26.476754260215625, 37.567098147090498 ], [ 26.476766221645864, 37.567101379855579 ], [ 26.476766321732384, 37.567087071420922 ], [ 26.476762327175742, 37.567087053716747 ], [ 26.476754315820514, 37.567090197960155 ], [ 26.476754260215625, 37.567098147090498 ] ] ] ] } },
{ "type": "Feature", "properties": { "fid": 44.0, "id_fourni": 43.0, "area_m2": 446.95437790088448, "pa_ratio": 0.38672895898284398, "shape_inde": 2.306393257797092, "_depthmean": -10.545199847344168, "Pres_Dro": 1 }, "geometry": { "type": "MultiPolygon", "coordinates": [ [ [ [ 26.475897316378937, 37.567110244622583 ], [ 26.475881449545014, 37.567094275429014 ], [ 26.47586562727728, 37.567071946929872 ], [ 26.475841659945782, 37.567071840520036 ], [ 26.475811611653533, 37.567084426107591 ], [ 26.475811433397258, 37.567109863320923 ], [ 26.475835244773521, 37.567132227298607 ], [ 26.475835200211403, 37.567138586601914 ], [ 26.475817046442135, 37.56716394400334 ], [ 26.475805062761729, 37.567163890793985 ], [ 26.475795009513028, 37.567173385406768 ], [ 26.475798881519161, 37.567190891227568 ], [ 26.475836740730049, 37.567203778328235 ], [ 26.475846515469687, 37.567234029357159 ], [ 26.475850186966166, 37.567280152040517 ], [ 26.475891996240634, 37.567299416161944 ], [ 26.475934028306717, 37.567286883752558 ], [ 26.475938267918199, 37.567251925316867 ], [ 26.475922356490887, 37.567242315432132 ], [ 26.475950362994229, 37.56723608025451 ], [ 26.475998320037643, 37.567233113374293 ], [ 26.476020312412686, 37.567230031236321 ], [ 26.476050271641288, 37.567230164202975 ], [ 26.476078400619102, 37.567206440910326 ], [ 26.476054221661467, 37.56723654123472 ], [ 26.476052057339921, 37.567260379758338 ], [ 26.476051945980174, 37.567276278016806 ], [ 26.476093888926425, 37.567276464156969 ], [ 26.476127865009065, 37.567273435179224 ], [ 26.476142013001656, 37.567249649830522 ], [ 26.476136243837729, 37.567217826724907 ], [ 26.476138519472109, 37.567178089940441 ], [ 26.476122663706509, 37.567160530953053 ], [ 26.476122875260526, 37.567130324261001 ], [ 26.476123042276622, 37.567106476872432 ], [ 26.476099074933071, 37.567106370514757 ], [ 26.476094991295852, 37.567119071395204 ], [ 26.476071113032432, 37.567106246424686 ], [ 26.476047279321246, 37.567087062145802 ], [ 26.475997492150984, 37.567066172793432 ], [ 26.475959688670386, 37.56704533661491 ], [ 26.475917734715903, 37.567046740253915 ], [ 26.475895664416345, 37.567060951154282 ], [ 26.475911520107466, 37.567078510171889 ], [ 26.475933467886701, 37.56708178735316 ], [ 26.475955426805864, 37.567083474704518 ], [ 26.475969251824381, 37.567105794326245 ], [ 26.476007055338034, 37.567126630501754 ], [ 26.476035017246005, 37.567126754607045 ], [ 26.476028936317288, 37.567139446620651 ], [ 26.475994826646208, 37.567161553480787 ], [ 26.476000528923581, 37.567202915548243 ], [ 26.475956577600069, 37.567204310335313 ], [ 26.475916576282241, 37.567212082142262 ], [ 26.475904659428434, 37.56720248998802 ], [ 26.47592073792611, 37.567188252487632 ], [ 26.475920871590844, 37.567169174577593 ], [ 26.475893032199942, 37.567151562360934 ], [ 26.475905071573791, 37.567143666432131 ], [ 26.475919152779444, 37.567129420065079 ], [ 26.475897316378937, 37.567110244622583 ] ] ] ] } },
{ "type": "Feature", "properties": { "fid": 45.0, "id_fourni": 44.0, "area_m2": 6.7048601461616242, "pa_ratio": 1.524232735246501, "shape_inde": 1.113374356418307, "_depthmean": -11.524999618530273, "Pres_Dro": 1 }, "geometry": { "type": "MultiPolygon", "coordinates": [ [ [ [ 26.475925244864488, 37.567115138231422 ], [ 26.475935164428122, 37.567124721517573 ], [ 26.475963170886292, 37.567118486336426 ], [ 26.475951309731453, 37.567100945057469 ], [ 26.475925356250524, 37.567099239972841 ], [ 26.475925244864488, 37.567115138231422 ] ] ] ] } },
{ "type": "Feature", "properties": { "fid": 46.0, "id_fourni": 45.0, "area_m2": 29.821848958489397, "pa_ratio": 0.76961874281123399, "shape_inde": 1.1855994435827959, "_depthmean": -11.524999618530273, "Pres_Dro": 1 }, "geometry": { "type": "MultiPolygon", "coordinates": [ [ [ [ 26.475953421960085, 37.567369643354425 ], [ 26.475977556451355, 37.567345902355221 ], [ 26.475989551298589, 37.567344365721489 ], [ 26.475997729770018, 37.567317374143315 ], [ 26.475995899543545, 37.567293517890874 ], [ 26.475957973431509, 37.56729016979579 ], [ 26.475937644167228, 37.567340955562202 ], [ 26.475953421960085, 37.567369643354425 ] ] ] ] } },
{ "type": "Feature", "properties": { "fid": 47.0, "id_fourni": 46.0, "area_m2": 17.08105902865357, "pa_ratio": 1.277737732458591, "shape_inde": 1.4896841080660239, "_depthmean": -11.524999618530273, "Pres_Dro": 1 }, "geometry": { "type": "MultiPolygon", "coordinates": [ [ [ [ 26.475970012821069, 37.567282273860648 ], [ 26.475997952512799, 37.567285577626826 ], [ 26.475988077469317, 37.567269635042706 ], [ 26.476016072840881, 37.567264989675394 ], [ 26.476029953592736, 37.567279360160548 ], [ 26.476032151331111, 37.567250752159929 ], [ 26.47599825321501, 37.567242652329305 ], [ 26.475958151639105, 37.567264732582665 ], [ 26.475970012821069, 37.567282273860648 ] ] ] ] } },
{ "type": "Feature", "properties": { "fid": 48.0, "id_fourni": 47.0, "area_m2": 3.2979822533234779, "pa_ratio": 2.1632757897497759, "shape_inde": 1.1082330944485379, "_depthmean": -8.508000373840332, "Pres_Dro": 1 }, "geometry": { "type": "MultiPolygon", "coordinates": [ [ [ [ 26.476111641780633, 37.567308340443859 ], [ 26.476121706142305, 37.567297255978275 ], [ 26.476107780830226, 37.567289244807228 ], [ 26.476099791696203, 37.567289209354044 ], [ 26.476095674643556, 37.567306679711585 ], [ 26.476111641780633, 37.567308340443859 ] ] ] ] } },
{ "type": "Feature", "properties": { "fid": 49.0, "id_fourni": 48.0, "area_m2": 0.87116512347892205, "pa_ratio": 4.6605349926819439, "shape_inde": 1.2271031793076559, "_depthmean": -8.508000373840332, "Pres_Dro": 1 }, "geometry": { "type": "MultiPolygon", "coordinates": [ [ [ [ 26.476129561665125, 37.567316369340254 ], [ 26.476139514683936, 37.56732118313176 ], [ 26.47614553993909, 37.567316440242124 ], [ 26.476145584475105, 37.567310080938682 ], [ 26.476129561665125, 37.567316369340254 ] ] ] ] } },
{ "type": "Feature", "properties": { "fid": 50.0, "id_fourni": 49.0, "area_m2": 1.9601215278506749, "pa_ratio": 2.8619212471804421, "shape_inde": 1.130301349591309, "_depthmean": -8.508000373840332, "Pres_Dro": 1 }, "geometry": { "type": "MultiPolygon", "coordinates": [ [ [ [ 26.476253460080006, 37.567307379817777 ], [ 26.476265410389889, 37.567312202459426 ], [ 26.476269482877825, 37.567301091399266 ], [ 26.476265532835864, 37.567294714374633 ], [ 26.476257554832667, 37.567293089106215 ], [ 26.476253460080006, 37.567307379817777 ] ] ] ] } },
{ "type": "Feature", "properties": { "fid": 51.0, "id_fourni": 50.0, "area_m2": 65.477392941499318, "pa_ratio": 0.64400219375947398, "shape_inde": 1.470036453315883, "_depthmean": -11.524999618530273, "Pres_Dro": 1 }, "geometry": { "type": "MultiPolygon", "coordinates": [ [ [ [ 26.475883825565315, 37.567040230216833 ], [ 26.475895898339662, 37.567027564811099 ], [ 26.475909801302549, 37.567038755658714 ], [ 26.475927765654884, 37.567040425281981 ], [ 26.475935866145612, 37.567024562487816 ], [ 26.475947771837305, 37.567035744464903 ], [ 26.475971850533476, 37.567019952594201 ], [ 26.475979672577353, 37.567043835444188 ], [ 26.475995628518543, 37.567047086017688 ], [ 26.475997703754818, 37.567035966101493 ], [ 26.476011796059169, 37.56702012989696 ], [ 26.476013904702288, 37.567004240502648 ], [ 26.476021949488317, 37.566996326831884 ], [ 26.476022060853314, 37.566980428572748 ], [ 26.475994054451718, 37.566986663768411 ], [ 26.475968134422246, 37.566980189215734 ], [ 26.475946130980624, 37.566984861170539 ], [ 26.475938208708982, 37.56697528675128 ], [ 26.475900215926423, 37.566981477594055 ], [ 26.475881995380927, 37.567016373961827 ], [ 26.475883825565315, 37.567040230216833 ] ] ] ] } },
{ "type": "Feature", "properties": { "fid": 52.0, "id_fourni": 51.0, "area_m2": 6.3781732253280357, "pa_ratio": 1.768868218267748, "shape_inde": 1.2601977560493449, "_depthmean": -8.508000373840332, "Pres_Dro": 1 }, "geometry": { "type": "MultiPolygon", "coordinates": [ [ [ [ 26.476069950917317, 37.566987000617566 ], [ 26.476087881855801, 37.566993439694194 ], [ 26.476087982071679, 37.566979131260815 ], [ 26.476092054567175, 37.566968020206204 ], [ 26.476070084543021, 37.566967922706411 ], [ 26.476046050428181, 37.566977355293886 ], [ 26.476069950917317, 37.566987000617566 ] ] ] ] } },
{ "type": "Feature", "properties": { "fid": 53.0, "id_fourni": 52.0, "area_m2": 7.0159905473505617, "pa_ratio": 1.793507351035484, "shape_inde": 1.3401170315029409, "_depthmean": -10.320661533105806, "Pres_Dro": 1 }, "geometry": { "type": "MultiPolygon", "coordinates": [ [ [ [ 26.47603771610633, 37.567026604440137 ], [ 26.476015701518566, 37.567032866233696 ], [ 26.476009587184038, 37.567050327724189 ], [ 26.47603761588066, 37.567040912873281 ], [ 26.476061583203006, 37.567041019243248 ], [ 26.476061683424092, 37.56702671081004 ], [ 26.47603771610633, 37.567026604440137 ] ] ] ] } },
{ "type": "Feature", "properties": { "fid": 54.0, "id_fourni": 53.0, "area_m2": 6.4403993055237283, "pa_ratio": 1.7715358261074781, "shape_inde": 1.2682398779447941, "_depthmean": -8.508000373840332, "Pres_Dro": 1 }, "geometry": { "type": "MultiPolygon", "coordinates": [ [ [ [ 26.476106124569306, 37.566955363641846 ], [ 26.476116144345752, 37.566950638479554 ], [ 26.476106191377482, 37.566945824686172 ], [ 26.476108266594366, 37.566934704767704 ], [ 26.476076287939144, 37.56693774260485 ], [ 26.476068187487684, 37.566953605409203 ], [ 26.476088160233083, 37.566953694045829 ], [ 26.476106124569306, 37.566955363641846 ] ] ] ] } },
{ "type": "Feature", "properties": { "fid": 55.0, "id_fourni": 54.0, "area_m2": 0.93339120374648399, "pa_ratio": 4.3332229432099636, "shape_inde": 1.180967521089729, "_depthmean": -8.508000373840332, "Pres_Dro": 1 }, "geometry": { "type": "MultiPolygon", "coordinates": [ [ [ [ 26.47613224501708, 37.566933221297127 ], [ 26.476138292509152, 37.566925298755415 ], [ 26.476124311592564, 37.566925236716081 ], [ 26.476122258647045, 37.566933176982978 ], [ 26.47613224501708, 37.566933221297127 ] ] ] ] } },
{ "type": "Feature", "properties": { "fid": 56.0, "id_fourni": 55.0, "area_m2": 12.009633488379642, "pa_ratio": 1.3870487041302, "shape_inde": 1.3559749164751209, "_depthmean": -11.524999618530273, "Pres_Dro": 1 }, "geometry": { "type": "MultiPolygon", "coordinates": [ [ [ [ 26.475463472141097, 37.567170322944875 ], [ 26.475471595040847, 37.567151280532286 ], [ 26.475491567837103, 37.567151369270242 ], [ 26.475491712758952, 37.567130701535675 ], [ 26.475475857156123, 37.567113142462489 ], [ 26.475467745410061, 37.567130595049768 ], [ 26.475443655423931, 37.567147976642026 ], [ 26.475463472141097, 37.567170322944875 ] ] ] ] } },
{ "type": "Feature", "properties": { "fid": 57.0, "id_fourni": 56.0, "area_m2": 104.55537133506182, "pa_ratio": 0.41054714306168399, "shape_inde": 1.184216960109985, "_depthmean": -8.508000373840332, "Pres_Dro": 1 }, "geometry": { "type": "MultiPolygon", "coordinates": [ [ [ [ 26.476173853773808, 37.566981102186169 ], [ 26.476183906948666, 37.566971607540246 ], [ 26.476179979197372, 37.56696205086066 ], [ 26.476154103694533, 37.566949217044872 ], [ 26.476119994147425, 37.56697132394283 ], [ 26.476099965723037, 37.566979184441244 ], [ 26.476093795737768, 37.567004595066066 ], [ 26.476075653224129, 37.567028362682841 ], [ 26.476083397355517, 37.567063374307558 ], [ 26.476113311979322, 37.56706986656139 ], [ 26.476155110072053, 37.567090720415891 ], [ 26.476185124910881, 37.567082904218275 ], [ 26.476191306004871, 37.567055903762849 ], [ 26.476171466832028, 37.567036737232236 ], [ 26.476179700868801, 37.567001796509558 ], [ 26.476173853773808, 37.566981102186169 ] ] ] ] } },
{ "type": "Feature", "properties": { "fid": 58.0, "id_fourni": 57.0, "area_m2": 39.093534917000866, "pa_ratio": 0.61553643682523296, "shape_inde": 1.085678669304702, "_depthmean": -8.508000373840332, "Pres_Dro": 1 }, "geometry": { "type": "MultiPolygon", "coordinates": [ [ [ [ 26.476299615336053, 37.566991199384198 ], [ 26.476335555167385, 37.566992948683378 ], [ 26.476365603336127, 37.56698036296131 ], [ 26.476365681240473, 37.566969234179268 ], [ 26.476361853629378, 37.566945369071469 ], [ 26.476297985371193, 37.566938726266557 ], [ 26.476265806357866, 37.566970381022891 ], [ 26.476299615336053, 37.566991199384198 ] ] ] ] } },
{ "type": "Feature", "properties": { "fid": 59.0, "id_fourni": 58.0, "area_m2": 68.370905672752528, "pa_ratio": 0.63330327050069901, "shape_inde": 1.477210769573355, "_depthmean": -8.508000373840332, "Pres_Dro": 1 }, "geometry": { "type": "MultiPolygon", "coordinates": [ [ [ [ 26.476205665455019, 37.567001911712119 ], [ 26.476181564547247, 37.567020883282886 ], [ 26.476203356464751, 37.567046417977174 ], [ 26.476245165701734, 37.567065681974043 ], [ 26.476291258917684, 37.567043628201397 ], [ 26.476297473361992, 37.567011858261999 ], [ 26.476265516943482, 37.567011716498236 ], [ 26.47626358645558, 37.567002168681896 ], [ 26.476251669589974, 37.566992576562249 ], [ 26.476241805661921, 37.566975044172459 ], [ 26.476225771799822, 37.566982922414006 ], [ 26.476206032830408, 37.566949447455286 ], [ 26.476204124616849, 37.566936719986003 ], [ 26.476182143468417, 37.566938212333092 ], [ 26.476191929447531, 37.566966873509585 ], [ 26.476209715669327, 37.566993980305284 ], [ 26.476205665455019, 37.567001911712119 ] ] ] ] } },
{ "type": "Feature", "properties": { "fid": 60.0, "id_fourni": 59.0, "area_m2": 20.036797839768788, "pa_ratio": 1.0315011960591569, "shape_inde": 1.30250368925771, "_depthmean": -8.508000373840332, "Pres_Dro": 1 }, "geometry": { "type": "MultiPolygon", "coordinates": [ [ [ [ 26.476940759300614, 37.56727703957575 ], [ 26.476916691840852, 37.567291241818246 ], [ 26.476916525076657, 37.567315089209082 ], [ 26.476946495460606, 37.567313632122534 ], [ 26.476954429014256, 37.567321616648755 ], [ 26.476950345509721, 37.567334317559315 ], [ 26.476974346278766, 37.567329654266508 ], [ 26.476976532541531, 37.567302636071922 ], [ 26.476976599239553, 37.567293097115467 ], [ 26.476956637517439, 37.567291418802363 ], [ 26.476940759300614, 37.56727703957575 ] ] ] ] } },
{ "type": "Feature", "properties": { "fid": 61.0, "id_fourni": 60.0, "area_m2": 5.7870254622292023, "pa_ratio": 1.6055342312016769, "shape_inde": 1.0895378802681659, "_depthmean": -8.508000373840332, "Pres_Dro": 1 }, "geometry": { "type": "MultiPolygon", "coordinates": [ [ [ [ 26.476965349229179, 37.567188115501992 ], [ 26.476947284764137, 37.56720075447106 ], [ 26.476959168402622, 37.567215115999339 ], [ 26.476983191365107, 37.567207273052176 ], [ 26.476983258062059, 37.567197734095579 ], [ 26.476965349229179, 37.567188115501992 ] ] ] ] } },
{ "type": "Feature", "properties": { "fid": 62.0, "id_fourni": 61.0, "area_m2": 76.304730903912287, "pa_ratio": 0.63102456073712898, "shape_inde": 1.554952273700694, "_depthmean": -8.508000373840332, "Pres_Dro": 1 }, "geometry": { "type": "MultiPolygon", "coordinates": [ [ [ [ 26.476798011304378, 37.567125368875274 ], [ 26.476803814103437, 37.567152422472915 ], [ 26.476831609234182, 37.56717639378067 ], [ 26.476839464926648, 37.567195507097082 ], [ 26.476837278617989, 37.567222525289282 ], [ 26.476885124439296, 37.567235456309099 ], [ 26.476909069591724, 37.567238742159645 ], [ 26.476939217818831, 37.567211847857372 ], [ 26.476923372974355, 37.567192699150063 ], [ 26.476901313938136, 37.56720532041313 ], [ 26.476885346804227, 37.567203659787687 ], [ 26.476899394482178, 37.567194182780774 ], [ 26.476917436718541, 37.567184723471236 ], [ 26.47691762571673, 37.567157696427671 ], [ 26.476905697624137, 37.567149694199564 ], [ 26.47686975770214, 37.567147945073366 ], [ 26.476861690751193, 37.567159038454427 ], [ 26.476841806901643, 37.56714623133962 ], [ 26.476798011304378, 37.567125368875274 ] ] ] ] } },
{ "type": "Feature", "properties": { "fid": 63.0, "id_fourni": 62.0, "area_m2": 25.777153742874084, "pa_ratio": 0.894539284731936, "shape_inde": 1.2811853582078201, "_depthmean": -8.508000373840332, "Pres_Dro": 1 }, "geometry": { "type": "MultiPolygon", "coordinates": [ [ [ [ 26.476763701689958, 37.567176092828447 ], [ 26.47676357936097, 37.567193580914996 ], [ 26.476779468646427, 37.567206370339242 ], [ 26.476791363373611, 37.567219142058136 ], [ 26.476793216092808, 37.56723981864836 ], [ 26.476801227462531, 37.567236674402494 ], [ 26.476807374988184, 37.567214443392096 ], [ 26.476813422432244, 37.567206520815816 ], [ 26.476819536592824, 37.567189059282796 ], [ 26.476809650266073, 37.56717470659197 ], [ 26.476793838823216, 37.56715078838927 ], [ 26.476773765937637, 37.567165008306176 ], [ 26.476763701689958, 37.567176092828447 ] ] ] ] } },
{ "type": "Feature", "properties": { "fid": 64.0, "id_fourni": 63.0, "area_m2": 0.68448688257869705, "pa_ratio": 4.9685673311849419, "shape_inde": 1.1596016172800689, "_depthmean": -8.508000373840332, "Pres_Dro": 1 }, "geometry": { "type": "MultiPolygon", "coordinates": [ [ [ [ 26.476585181259487, 37.566998825312254 ], [ 26.476587122912917, 37.567006783297593 ], [ 26.476597120417807, 37.567005237746415 ], [ 26.476597153790657, 37.567000468268262 ], [ 26.476585181259487, 37.566998825312254 ] ] ] ] } },
{ "type": "Feature", "properties": { "fid": 65.0, "id_fourni": 64.0, "area_m2": 18.434476273991766, "pa_ratio": 0.954796781944941, "shape_inde": 1.156435503656881, "_depthmean": -8.508000373840332, "Pres_Dro": 1 }, "geometry": { "type": "MultiPolygon", "coordinates": [ [ [ [ 26.476172450974854, 37.567181420253057 ], [ 26.47615437524513, 37.567195648925711 ], [ 26.476156105316438, 37.567233813609406 ], [ 26.476180083834286, 37.567232330129876 ], [ 26.476196229083801, 37.567208553636341 ], [ 26.47621231866032, 37.567192726269937 ], [ 26.476172450974854, 37.567181420253057 ] ] ] ] } },
{ "type": "Feature", "properties": { "fid": 66.0, "id_fourni": 65.0, "area_m2": 1040.5756269419805, "pa_ratio": 0.22545337762338899, "shape_inde": 2.051580860060882, "_depthmean": -8.508000373840332, "Pres_Dro": 1 }, "geometry": { "type": "MultiPolygon", "coordinates": [ [ [ [ 26.47636045645174, 37.567430274844142 ], [ 26.476380329163774, 37.567444671865232 ], [ 26.476392401920737, 37.567432006409454 ], [ 26.476404474673608, 37.567419340952341 ], [ 26.476404663858744, 37.567392313912066 ], [ 26.47641465029054, 37.567392358202788 ], [ 26.476442723576849, 37.567376583953141 ], [ 26.476444910033095, 37.567349565770037 ], [ 26.476467035951238, 37.567327405637869 ], [ 26.476473216964898, 37.567300405168204 ], [ 26.476449438726004, 37.567273271840151 ], [ 26.476447730759396, 37.56723192750794 ], [ 26.476473739934612, 37.567225683348312 ], [ 26.476497729570788, 37.567222609978252 ], [ 26.476523816620166, 37.567205237025647 ], [ 26.476503910564283, 37.567195609506363 ], [ 26.476506063613524, 37.567173360799039 ], [ 26.476524061390247, 37.567170260853928 ], [ 26.476523939005254, 37.567187748939794 ], [ 26.476545998099105, 37.567175127747646 ], [ 26.476546198356861, 37.567146510879653 ], [ 26.476574193649149, 37.567141865379277 ], [ 26.476594144197637, 37.567145133582727 ], [ 26.476602177813835, 37.567138809698264 ], [ 26.476620297940677, 37.567118221652059 ], [ 26.47665029049697, 37.567113584988 ], [ 26.476662251925053, 37.567116817763583 ], [ 26.476694275124057, 37.567107420463991 ], [ 26.476712361852414, 37.567091601881458 ], [ 26.476678586080649, 37.567066014159302 ], [ 26.476662752456669, 37.567045275591234 ], [ 26.476622940398375, 37.567026020595996 ], [ 26.47658286137046, 37.56704492141251 ], [ 26.476578866816187, 37.567044903702154 ], [ 26.476576736042219, 37.567063972759357 ], [ 26.476608647988389, 37.567070473743229 ], [ 26.476608592368063, 37.567078422873458 ], [ 26.476580630475578, 37.567078298904129 ], [ 26.476548707403268, 37.567073387738709 ], [ 26.476520678757314, 37.567082802711312 ], [ 26.476496744799185, 37.567077926956415 ], [ 26.476476716384933, 37.567085787518693 ], [ 26.476440654101133, 37.567101526348083 ], [ 26.476410617024161, 37.567112522262725 ], [ 26.476408619745278, 37.567112513404631 ], [ 26.476388691471485, 37.567106065518026 ], [ 26.47638881388772, 37.567088577432223 ], [ 26.476410795076703, 37.567087085046978 ], [ 26.476438723588657, 37.567091978534542 ], [ 26.476446868487177, 37.567069756400677 ], [ 26.476450940934605, 37.567058645333482 ], [ 26.476462880090761, 37.567065057781157 ], [ 26.476500828366021, 37.567065226061459 ], [ 26.476522976434346, 37.567039886264908 ], [ 26.476537135382369, 37.567014511040618 ], [ 26.476493328821629, 37.566995238290033 ], [ 26.476463280667989, 37.567007824044694 ], [ 26.476427229547085, 37.56702197304444 ], [ 26.476397181371727, 37.567034558782048 ], [ 26.476389047591155, 37.56705519108656 ], [ 26.476381203157349, 37.567034487914711 ], [ 26.476381325575012, 37.567016999828731 ], [ 26.476345452508706, 37.567005711587477 ], [ 26.47631927644693, 37.567035803109306 ], [ 26.476287075138501, 37.567070637522583 ], [ 26.476278885668197, 37.567099218948862 ], [ 26.476236909424163, 37.567103802352968 ], [ 26.476230973248885, 37.567095826640127 ], [ 26.476268988326108, 37.567086456039341 ], [ 26.476265082820788, 37.567073719710727 ], [ 26.476217103624169, 37.567079866352159 ], [ 26.47617703559958, 37.56709717720382 ], [ 26.476144889868337, 37.567124062447725 ], [ 26.476180562562728, 37.567163967616281 ], [ 26.47621038817481, 37.567183178453043 ], [ 26.476228218982651, 37.567203925941769 ], [ 26.476224101964888, 37.567221396304312 ], [ 26.476213948568464, 37.567245199386079 ], [ 26.476243763089464, 37.567266000040348 ], [ 26.476273688939756, 37.567270902428099 ], [ 26.476289333276235, 37.567318668087381 ], [ 26.476279246673965, 37.567332932219152 ], [ 26.476275051741752, 37.567361531364277 ], [ 26.476318680373009, 37.567406241409941 ], [ 26.47636045645174, 37.567430274844142 ] ] ] ] } },
{ "type": "Feature", "properties": { "fid": 67.0, "id_fourni": 66.0, "area_m2": 555.88113137272887, "pa_ratio": 0.20583769833559701, "shape_inde": 1.369023652108073, "_depthmean": -8.508000373840332, "Pres_Dro": 1 }, "geometry": { "type": "MultiPolygon", "coordinates": [ [ [ [ 26.476497902104555, 37.567483350288548 ], [ 26.476531933895586, 37.567472372065637 ], [ 26.47653606198185, 37.567453311866757 ], [ 26.476580135816526, 37.567434428779755 ], [ 26.476590200126441, 37.567423344274118 ], [ 26.476588414207214, 37.567393128726032 ], [ 26.476610462227153, 37.567382097348592 ], [ 26.476636426947163, 37.567382212457417 ], [ 26.476640354778375, 37.567391769121748 ], [ 26.476662425036469, 37.567377558082605 ], [ 26.47667261167755, 37.56734898548391 ], [ 26.476684751105068, 37.567326781041565 ], [ 26.47667504275039, 37.5672869911239 ], [ 26.476707177241465, 37.567261695561513 ], [ 26.476739122647658, 37.567263427032564 ], [ 26.476754967459435, 37.567282575764132 ], [ 26.476755145395963, 37.567257138547745 ], [ 26.476753415018507, 37.567218973870652 ], [ 26.476753570713083, 37.567196716306086 ], [ 26.476735728638875, 37.567177558721639 ], [ 26.476721680943548, 37.567187035708955 ], [ 26.476703805513583, 37.56717264759785 ], [ 26.476715933780824, 37.567152032977397 ], [ 26.476686052437483, 37.567140771397625 ], [ 26.476662062834873, 37.567143844806246 ], [ 26.4766440205766, 37.567153304076641 ], [ 26.476601988701795, 37.567165836740593 ], [ 26.476577865590752, 37.567187988044076 ], [ 26.476567790186124, 37.567200662375342 ], [ 26.476539772620221, 37.567208487525946 ], [ 26.476509691009468, 37.567225842769304 ], [ 26.476501479353526, 37.567257603862728 ], [ 26.476485178414894, 37.567303637961793 ], [ 26.476468921964472, 37.567343312754353 ], [ 26.476446562361854, 37.567398859231041 ], [ 26.476452164757951, 37.567454529710155 ], [ 26.476497902104555, 37.567483350288548 ] ] ] ] } },
{ "type": "Feature", "properties": { "fid": 68.0, "id_fourni": 67.0, "area_m2": 21.825797647005587, "pa_ratio": 1.026082238451572, "shape_inde": 1.3522665339908291, "_depthmean": -16.524999618530273, "Pres_Dro": 1 }, "geometry": { "type": "MultiPolygon", "coordinates": [ [ [ [ 26.47689671105308, 37.567863508372966 ], [ 26.476900805714809, 37.567849217639747 ], [ 26.476892938821617, 37.567831694154812 ], [ 26.476869060193426, 37.567818869344492 ], [ 26.476845037022059, 37.567826712266076 ], [ 26.476860859740693, 37.567849040634492 ], [ 26.476854801129726, 37.567858553037873 ], [ 26.476848586847186, 37.567890323003297 ], [ 26.476868582082901, 37.56788723185803 ], [ 26.476874729644351, 37.567865000846822 ], [ 26.47689671105308, 37.567863508372966 ] ] ] ] } },
{ "type": "Feature", "properties": { "fid": 69.0, "id_fourni": 68.0, "area_m2": 31.859753086683508, "pa_ratio": 0.66084762109250195, "shape_inde": 1.052246771223321, "_depthmean": -7.4869999885559082, "Pres_Dro": 1 }, "geometry": { "type": "MultiPolygon", "coordinates": [ [ [ [ 26.477529721652232, 37.567885390037169 ], [ 26.477507629195429, 37.56790278088944 ], [ 26.477527435625756, 37.567926716675132 ], [ 26.477559336920578, 37.5679348072305 ], [ 26.477589418578024, 37.567917451722053 ], [ 26.477589618441957, 37.56788883485288 ], [ 26.4775617339711, 37.567877582331214 ], [ 26.477529721652232, 37.567885390037169 ] ] ] ] } },
{ "type": "Feature", "properties": { "fid": 70.0, "id_fourni": 69.0, "area_m2": 78.124843751408633, "pa_ratio": 0.50135913583854697, "shape_inde": 1.2500822308741739, "_depthmean": -7.4869999885559082, "Pres_Dro": 1 }, "geometry": { "type": "MultiPolygon", "coordinates": [ [ [ [ 26.477673660466959, 37.567866948465515 ], [ 26.477673527245905, 37.567886026378666 ], [ 26.477711342733503, 37.567905272186088 ], [ 26.477783223352095, 37.567908769920479 ], [ 26.477817355041516, 37.567883482892739 ], [ 26.477837361335592, 37.567878801756912 ], [ 26.477855459110625, 37.567861393174759 ], [ 26.477851520001771, 37.567853426376416 ], [ 26.477833544309629, 37.567853346870486 ], [ 26.477803529327982, 37.567861163485126 ], [ 26.477785653528404, 37.567846775536715 ], [ 26.477763683240219, 37.567846678350165 ], [ 26.477749702147783, 37.567846616502059 ], [ 26.477731759759099, 37.567841767502259 ], [ 26.477673660466959, 37.567866948465515 ] ] ] ] } },
{ "type": "Feature", "properties": { "fid": 71.0, "id_fourni": 70.0, "area_m2": 1.75788676748034, "pa_ratio": 2.997399261899802, "shape_inde": 1.121076147716906, "_depthmean": -7.4869999885559082, "Pres_Dro": 1 }, "geometry": { "type": "MultiPolygon", "coordinates": [ [ [ [ 26.477709056806589, 37.567946598828179 ], [ 26.477717012710293, 37.567951403651243 ], [ 26.477727021420122, 37.567948268179336 ], [ 26.477727065822698, 37.567941908874971 ], [ 26.47770912341274, 37.567937059871682 ], [ 26.477709056806589, 37.567946598828179 ] ] ] ] } },
{ "type": "Feature", "properties": { "fid": 72.0, "id_fourni": 71.0, "area_m2": 6.8137557869853582, "pa_ratio": 1.507647785602956, "shape_inde": 1.1101668221422001, "_depthmean": -7.48699998855591, "Pres_Dro": 1 }, "geometry": { "type": "MultiPolygon", "coordinates": [ [ [ [ 26.477780870867722, 37.567959635520836 ], [ 26.477780759872598, 37.567975533781812 ], [ 26.477792632694161, 37.567991485052538 ], [ 26.47780670260553, 37.567978828286975 ], [ 26.477806824694092, 37.567961340199837 ], [ 26.477796882580794, 37.567954936721904 ], [ 26.477780870867722, 37.567959635520836 ] ] ] ] } },
{ "type": "Feature", "properties": { "fid": 73.0, "id_fourni": 72.0, "area_m2": 2.737947531218301, "pa_ratio": 2.592068546508608, "shape_inde": 1.2099129100103341, "_depthmean": -7.4869999885559082, "Pres_Dro": 1 }, "geometry": { "type": "MultiPolygon", "coordinates": [ [ [ [ 26.477233223978271, 37.567726679833349 ], [ 26.477233123978753, 37.567740988267524 ], [ 26.477255049791662, 37.567747444856707 ], [ 26.477255127565826, 37.567736316074509 ], [ 26.477233223978271, 37.567726679833349 ] ] ] ] } },
{ "type": "Feature", "properties": { "fid": 74.0, "id_fourni": 73.0, "area_m2": 113.15812693077272, "pa_ratio": 0.40414490662283797, "shape_inde": 1.2127605264127801, "_depthmean": -7.4869999885559082, "Pres_Dro": 1 }, "geometry": { "type": "MultiPolygon", "coordinates": [ [ [ [ 26.47726291676134, 37.567764968318308 ], [ 26.477262694552405, 37.567796764838626 ], [ 26.477300487668558, 37.56781919042885 ], [ 26.477368406910635, 37.567817901250621 ], [ 26.477388490968828, 37.56780209140863 ], [ 26.477440642840467, 37.567770524759318 ], [ 26.477428814556522, 37.567748214149169 ], [ 26.477429036694463, 37.567716417627764 ], [ 26.477398943974148, 37.567735362922285 ], [ 26.477373034668805, 37.567727298849988 ], [ 26.477347058717324, 37.567728773728312 ], [ 26.477330947044468, 37.567747780900959 ], [ 26.477294940165276, 37.567755570858331 ], [ 26.477274989422277, 37.567752302772199 ], [ 26.47726291676134, 37.567764968318308 ] ] ] ] } },
{ "type": "Feature", "properties": { "fid": 75.0, "id_fourni": 74.0, "area_m2": 5.5847907017972638, "pa_ratio": 2.0434916238154859, "shape_inde": 1.3622956844844281, "_depthmean": -3.6140508137388139, "Pres_Dro": 1 }, "geometry": { "type": "MultiPolygon", "coordinates": [ [ [ [ 26.477303073775161, 37.567734938492563 ], [ 26.4773152464082, 37.567707964507761 ], [ 26.477321304948465, 37.567698452079959 ], [ 26.477319352090486, 37.567692083932954 ], [ 26.477299356924732, 37.567695175155237 ], [ 26.477297159655667, 37.567723783180853 ], [ 26.477303073775161, 37.567734938492563 ] ] ] ] } },
{ "type": "Feature", "properties": { "fid": 76.0, "id_fourni": 75.0, "area_m2": 1.182295524590854, "pa_ratio": 4.0416968801874429, "shape_inde": 1.239714925532827, "_depthmean": -7.4869999885559082, "Pres_Dro": 1 }, "geometry": { "type": "MultiPolygon", "coordinates": [ [ [ [ 26.477458773999416, 37.567748346759963 ], [ 26.477470835518691, 37.567737271019581 ], [ 26.477460893464052, 37.567730867513546 ], [ 26.477456843341074, 37.56773879896302 ], [ 26.477458773999416, 37.567748346759963 ] ] ] ] } },
{ "type": "Feature", "properties": { "fid": 77.0, "id_fourni": 76.0, "area_m2": 8.6805381946477365, "pa_ratio": 1.346570688220261, "shape_inde": 1.1191738414215799, "_depthmean": -7.4869999885559082, "Pres_Dro": 1 }, "geometry": { "type": "MultiPolygon", "coordinates": [ [ [ [ 26.477374198858964, 37.56784654464505 ], [ 26.477364134606763, 37.567857629217201 ], [ 26.477365943064939, 37.567884665101595 ], [ 26.47739396080085, 37.567876839757055 ], [ 26.477394127416222, 37.567852992366632 ], [ 26.477374198858964, 37.56784654464505 ] ] ] ] } },
{ "type": "Feature", "properties": { "fid": 78.0, "id_fourni": 77.0, "area_m2": 1910.309550577253, "pa_ratio": 0.12961586475388001, "shape_inde": 1.5981042377065611, "_depthmean": -10.063215059681019, "Pres_Dro": 1 }, "geometry": { "type": "MultiPolygon", "coordinates": [ [ [ [ 26.476829303270158, 37.567791665288311 ], [ 26.476855212537657, 37.567799729479603 ], [ 26.476875207748879, 37.567796638332972 ], [ 26.476913056336784, 37.567811114916772 ], [ 26.476954755014468, 37.567846276923582 ], [ 26.477026635535559, 37.567849775117985 ], [ 26.477068601039111, 37.567846781262382 ], [ 26.477104708009524, 37.567824682941009 ], [ 26.477104774692457, 37.567815143985207 ], [ 26.477166824276811, 37.567796340297662 ], [ 26.477214759414359, 37.56779655257786 ], [ 26.477204972937542, 37.567767891486433 ], [ 26.477163207509182, 37.567742268523013 ], [ 26.477129364610938, 37.567726219885266 ], [ 26.477113619632362, 37.567692762769958 ], [ 26.477083826926563, 37.567668782681807 ], [ 26.477021933045418, 37.567665328762985 ], [ 26.477004168602857, 37.56763504243736 ], [ 26.476982354008431, 37.567612687542017 ], [ 26.477002460323646, 37.567593698113363 ], [ 26.477004846670223, 37.567538063051209 ], [ 26.477023200209004, 37.567484088597816 ], [ 26.477001352304725, 37.56746650318383 ], [ 26.476949344984412, 37.567477401902707 ], [ 26.476931180389826, 37.567504349302233 ], [ 26.476881181441517, 37.56751366701404 ], [ 26.476841302362498, 37.567503951047598 ], [ 26.476881403810349, 37.567481870494142 ], [ 26.476919363417238, 37.567480448815473 ], [ 26.476965534510995, 37.567447265999363 ], [ 26.476989590896043, 37.567434653573635 ], [ 26.476971804287334, 37.567407546894536 ], [ 26.476982057512291, 37.567369435312074 ], [ 26.476946295354779, 37.567342248991565 ], [ 26.476906349651106, 37.567342072003719 ], [ 26.47686644842257, 37.567335535698206 ], [ 26.476862631752905, 37.567310080780729 ], [ 26.476880762968968, 37.567287902868863 ], [ 26.476870809906117, 37.567283089139515 ], [ 26.476848862024774, 37.567279812131865 ], [ 26.476808971954526, 37.567271685981112 ], [ 26.476766917798319, 37.567287398355276 ], [ 26.476734694344227, 37.567325412541912 ], [ 26.476704712829942, 37.567328459400656 ], [ 26.476678625778785, 37.567345832392846 ], [ 26.476706242986374, 37.567395240945253 ], [ 26.476731896307072, 37.567439871160438 ], [ 26.476701936991212, 37.567439738366126 ], [ 26.476670136108488, 37.567417339147028 ], [ 26.476628015098662, 37.567442590426182 ], [ 26.476571857416435, 37.567475728832569 ], [ 26.476543528230213, 37.567528069108398 ], [ 26.476543172209517, 37.567578943537022 ], [ 26.476616682647606, 37.56763491508945 ], [ 26.476666425878292, 37.567662163486425 ], [ 26.476696140589222, 37.567697272460208 ], [ 26.476729838797276, 37.567733988958047 ], [ 26.476741455560777, 37.567786506328524 ], [ 26.476781245811114, 37.567808940936395 ], [ 26.476815144270589, 37.567817040543957 ], [ 26.476829303270158, 37.567791665288311 ] ] ] ] } },
{ "type": "Feature", "properties": { "fid": 79.0, "id_fourni": 78.0, "area_m2": 2.2401388890778051, "pa_ratio": 2.79723289424133, "shape_inde": 1.18103064708815, "_depthmean": -8.508000373840332, "Pres_Dro": 1 }, "geometry": { "type": "MultiPolygon", "coordinates": [ [ [ [ 26.476606122803112, 37.567431364243511 ], [ 26.476624165133579, 37.567421904979867 ], [ 26.476618240015942, 37.567412339460489 ], [ 26.476606256294204, 37.56741228633215 ], [ 26.476606122803112, 37.567431364243511 ] ] ] ] } },
{ "type": "Feature", "properties": { "fid": 80.0, "id_fourni": 79.0, "area_m2": 1.4311998456457009, "pa_ratio": 3.3536449567806379, "shape_inde": 1.131780719514039, "_depthmean": -8.508000373840332, "Pres_Dro": 1 }, "geometry": { "type": "MultiPolygon", "coordinates": [ [ [ [ 26.476680178157459, 37.567409434285466 ], [ 26.476688167305078, 37.567409469699456 ], [ 26.476688234040118, 37.567399930743662 ], [ 26.476682286670698, 37.567393544879316 ], [ 26.476674230787992, 37.567403048420744 ], [ 26.476680178157459, 37.567409434285466 ] ] ] ] } },
{ "type": "Feature", "properties": { "fid": 81.0, "id_fourni": 80.0, "area_m2": 5.0091994597702216, "pa_ratio": 1.7409358949224689, "shape_inde": 1.0991627709798211, "_depthmean": -0.277573528972548, "Pres_Dro": 1 }, "geometry": { "type": "MultiPolygon", "coordinates": [ [ [ [ 26.477181472088706, 37.567701012654524 ], [ 26.477195375369714, 37.567712203351867 ], [ 26.477207425810203, 37.567702717464599 ], [ 26.477207536926088, 37.567686819204361 ], [ 26.477183569392441, 37.567686713065477 ], [ 26.477181472088706, 37.567701012654524 ] ] ] ] } },
{ "type": "Feature", "properties": { "fid": 82.0, "id_fourni": 81.0, "area_m2": 24.283727818110748, "pa_ratio": 0.84624013848658797, "shape_inde": 1.1763765725387849, "_depthmean": -7.4869999885559082, "Pres_Dro": 1 }, "geometry": { "type": "MultiPolygon", "coordinates": [ [ [ [ 26.477880624992071, 37.567975975492757 ], [ 26.477858543686946, 37.567991776584734 ], [ 26.477870405430107, 37.568009317673834 ], [ 26.477892375766448, 37.568009414840873 ], [ 26.477900376076668, 37.568007860347208 ], [ 26.477900287300749, 37.56802057895613 ], [ 26.477920282530022, 37.568017487632723 ], [ 26.477934352424906, 37.568004830851862 ], [ 26.477934529965001, 37.567979393633799 ], [ 26.477918573738052, 37.567976143320756 ], [ 26.477906578826655, 37.567977680149887 ], [ 26.477894639400258, 37.567971267847156 ], [ 26.477880624992071, 37.567975975492757 ] ] ] ] } },
{ "type": "Feature", "properties": { "fid": 83.0, "id_fourni": 82.0, "area_m2": 1.30674768542886, "pa_ratio": 3.531904394811515, "shape_inde": 1.138937459024822, "_depthmean": -7.4869999885559082, "Pres_Dro": 1 }, "geometry": { "type": "MultiPolygon", "coordinates": [ [ [ [ 26.477894006864481, 37.568061887935563 ], [ 26.477893918087311, 37.568074606544357 ], [ 26.477905913014521, 37.568073069716661 ], [ 26.477905979595871, 37.56806353076005 ], [ 26.477894006864481, 37.568061887935563 ] ] ] ] } },
{ "type": "Feature", "properties": { "fid": 84.0, "id_fourni": 83.0, "area_m2": 6.0981558641317077, "pa_ratio": 1.625698549550348, "shape_inde": 1.132489923350009, "_depthmean": -7.4869999885559082, "Pres_Dro": 1 }, "geometry": { "type": "MultiPolygon", "coordinates": [ [ [ [ 26.477596108678473, 37.568103496721442 ], [ 26.47758605552762, 37.568112991486018 ], [ 26.477591958616863, 37.568125736609083 ], [ 26.477627943439209, 37.568121126214749 ], [ 26.47761208712431, 37.568103567426064 ], [ 26.477596108678473, 37.568103496721442 ] ] ] ] } },
{ "type": "Feature", "properties": { "fid": 85.0, "id_fourni": 84.0, "area_m2": 4.3869386573358797, "pa_ratio": 1.944422810228565, "shape_inde": 1.148858537671883, "_depthmean": -7.4869999885559082, "Pres_Dro": 1 }, "geometry": { "type": "MultiPolygon", "coordinates": [ [ [ [ 26.477619798772416, 37.568143348427924 ], [ 26.477621662843607, 37.568162435177797 ], [ 26.477647627838678, 37.568162550066248 ], [ 26.47764772776042, 37.568148241632116 ], [ 26.477619798772416, 37.568143348427924 ] ] ] ] } },
{ "type": "Feature", "properties": { "fid": 86.0, "id_fourni": 85.0, "area_m2": 3.204643132873366, "pa_ratio": 2.275495084508087, "shape_inde": 1.1491078898774909, "_depthmean": -7.4869999885559082, "Pres_Dro": 1 }, "geometry": { "type": "MultiPolygon", "coordinates": [ [ [ [ 26.477419081550249, 37.567997781471824 ], [ 26.477412945246225, 37.568018422686009 ], [ 26.477432918280218, 37.568018511097264 ], [ 26.477435015545545, 37.568004211504238 ], [ 26.477419081550249, 37.567997781471824 ] ] ] ] } },
{ "type": "Feature", "properties": { "fid": 87.0, "id_fourni": 86.0, "area_m2": 7.0315470676985159, "pa_ratio": 1.4212743992393939, "shape_inde": 1.0631595519151591, "_depthmean": -7.4869999885559082, "Pres_Dro": 1 }, "geometry": { "type": "MultiPolygon", "coordinates": [ [ [ [ 26.477897835017931, 37.568085752993298 ], [ 26.47789773514425, 37.56810006142814 ], [ 26.477903638285792, 37.568112806536035 ], [ 26.477923633539625, 37.568109715212266 ], [ 26.477929692036042, 37.568100202753563 ], [ 26.477927761308941, 37.568090654964379 ], [ 26.477913824557472, 37.568084233830966 ], [ 26.477897835017931, 37.568085752993298 ] ] ] ] } },
{ "type": "Feature", "properties": { "fid": 88.0, "id_fourni": 87.0, "area_m2": 2.209025849290541, "pa_ratio": 2.7530445003867152, "shape_inde": 1.1542734286885781, "_depthmean": -7.4869999885559082, "Pres_Dro": 1 }, "geometry": { "type": "MultiPolygon", "coordinates": [ [ [ [ 26.477948699740299, 37.568238605946945 ], [ 26.477936627113159, 37.568251271561188 ], [ 26.477952594495452, 37.568252932046001 ], [ 26.477962647619172, 37.568243437250246 ], [ 26.477958686287536, 37.568238650107894 ], [ 26.477948699740299, 37.568238605946945 ] ] ] ] } },
{ "type": "Feature", "properties": { "fid": 89.0, "id_fourni": 88.0, "area_m2": 2.131243248449147, "pa_ratio": 2.665796037191781, "shape_inde": 1.097838599450583, "_depthmean": -7.4869999885559082, "Pres_Dro": 1 }, "geometry": { "type": "MultiPolygon", "coordinates": [ [ [ [ 26.477858310308953, 37.56831134045791 ], [ 26.477848257162858, 37.568320835244535 ], [ 26.477858199328878, 37.568327238718112 ], [ 26.4778682191812, 37.568322513408759 ], [ 26.477870283079369, 37.568312983286241 ], [ 26.477858310308953, 37.56831134045791 ] ] ] ] } },
{ "type": "Feature", "properties": { "fid": 90.0, "id_fourni": 89.0, "area_m2": 2.9401822919325871, "pa_ratio": 2.2159017467316122, "shape_inde": 1.0718467528980229, "_depthmean": -7.4869999885559082, "Pres_Dro": 1 }, "geometry": { "type": "MultiPolygon", "coordinates": [ [ [ [ 26.47790650101221, 37.568274986460899 ], [ 26.477918507068054, 37.568271859806146 ], [ 26.477920559861694, 37.568263919508667 ], [ 26.477918606938385, 37.568257551371701 ], [ 26.477908631485594, 37.568255917381286 ], [ 26.477896569946061, 37.568266993165246 ], [ 26.47790650101221, 37.568274986460899 ] ] ] ] } },
{ "type": "Feature", "properties": { "fid": 91.0, "id_fourni": 90.0, "area_m2": 2.87795621188577, "pa_ratio": 2.408842096721671, "shape_inde": 1.1527774997017051, "_depthmean": -7.4869999885559082, "Pres_Dro": 1 }, "geometry": { "type": "MultiPolygon", "coordinates": [ [ [ [ 26.477906711854356, 37.568244779765934 ], [ 26.477906811726836, 37.568230471331432 ], [ 26.477888802651968, 37.568235161311414 ], [ 26.477880746829666, 37.568244664934248 ], [ 26.477894705802385, 37.568247906419508 ], [ 26.477906711854356, 37.568244779765934 ] ] ] ] } },
{ "type": "Feature", "properties": { "fid": 92.0, "id_fourni": 91.0, "area_m2": 2.582382330038604, "pa_ratio": 2.3786546038762149, "shape_inde": 1.0782928436402479, "_depthmean": -7.4869999885559082, "Pres_Dro": 1 }, "geometry": { "type": "MultiPolygon", "coordinates": [ [ [ [ 26.477934851730328, 37.568219466207402 ], [ 26.477946824487834, 37.568221109027881 ], [ 26.47795284970265, 37.568216366046457 ], [ 26.477952927374307, 37.568205237263918 ], [ 26.477936937809602, 37.568206756431337 ], [ 26.477930890401741, 37.568214679064127 ], [ 26.477934851730328, 37.568219466207402 ] ] ] ] } },
{ "type": "Feature", "properties": { "fid": 93.0, "id_fourni": 92.0, "area_m2": 0.98006076386116803, "pa_ratio": 4.1470514189078882, "shape_inde": 1.1581398079467551, "_depthmean": -7.4869999885559082, "Pres_Dro": 1 }, "geometry": { "type": "MultiPolygon", "coordinates": [ [ [ [ 26.477898988946524, 37.568206588608383 ], [ 26.477905036357079, 37.568198665977206 ], [ 26.477899088820347, 37.568192280173783 ], [ 26.477891066295811, 37.56819701431931 ], [ 26.477898988946524, 37.568206588608383 ] ] ] ] } },
{ "type": "Feature", "properties": { "fid": 94.0, "id_fourni": 93.0, "area_m2": 20.830180362883738, "pa_ratio": 0.99537354243599896, "shape_inde": 1.2815267502727949, "_depthmean": -7.4869999885559082, "Pres_Dro": 1 }, "geometry": { "type": "MultiPolygon", "coordinates": [ [ [ [ 26.477941043388793, 37.568190875835469 ], [ 26.47795907464139, 37.568183006195198 ], [ 26.477959207791045, 37.568163928282189 ], [ 26.477959307653197, 37.568149619847347 ], [ 26.477961460300662, 37.568127371114095 ], [ 26.47795755445425, 37.56811463484113 ], [ 26.477933586780658, 37.568114528853513 ], [ 26.477921469784903, 37.568133553770963 ], [ 26.477931356450643, 37.568147906368878 ], [ 26.477933231697847, 37.568165403288369 ], [ 26.477933120734292, 37.568181301549167 ], [ 26.477941043388793, 37.568190875835469 ] ] ] ] } },
{ "type": "Feature", "properties": { "fid": 95.0, "id_fourni": 94.0, "area_m2": 0.77782600307501204, "pa_ratio": 4.6682878095978904, "shape_inde": 1.1614323545318259, "_depthmean": -7.4869999885559082, "Pres_Dro": 1 }, "geometry": { "type": "MultiPolygon", "coordinates": [ [ [ [ 26.477885251928946, 37.568171550602393 ], [ 26.477883287913553, 37.568166772290795 ], [ 26.47788329901098, 37.56816518246476 ], [ 26.477873301376036, 37.568166728123558 ], [ 26.477873245887892, 37.568174677253893 ], [ 26.477885251928946, 37.568171550602393 ] ] ] ] } },
{ "type": "Feature", "properties": { "fid": 96.0, "id_fourni": 95.0, "area_m2": 1.400086805257807, "pa_ratio": 3.4120015790262732, "shape_inde": 1.138889982120167, "_depthmean": -7.4869999885559082, "Pres_Dro": 1 }, "geometry": { "type": "MultiPolygon", "coordinates": [ [ [ [ 26.47786538983058, 37.568155564006688 ], [ 26.477879370981018, 37.568155625841534 ], [ 26.477881434872895, 37.568146095718518 ], [ 26.477865456417298, 37.568146025050275 ], [ 26.47786538983058, 37.568155564006688 ] ] ] ] } },
{ "type": "Feature", "properties": { "fid": 97.0, "id_fourni": 96.0, "area_m2": 1.9445650075745899, "pa_ratio": 2.8608357598073391, "shape_inde": 1.1253800886238461, "_depthmean": -7.4869999885559082, "Pres_Dro": 1 }, "geometry": { "type": "MultiPolygon", "coordinates": [ [ [ [ 26.477913469461615, 37.568135108265899 ], [ 26.477913513848648, 37.568128748961549 ], [ 26.477907555219801, 37.5681239529846 ], [ 26.477897568687958, 37.568123908819452 ], [ 26.477893485297773, 37.568136609761787 ], [ 26.477913469461615, 37.568135108265899 ] ] ] ] } },
{ "type": "Feature", "properties": { "fid": 98.0, "id_fourni": 97.0, "area_m2": 7.2648948691805799, "pa_ratio": 1.5659137738766069, "shape_inde": 1.1906320781448809, "_depthmean": -7.4869999885559082, "Pres_Dro": 1 }, "geometry": { "type": "MultiPolygon", "coordinates": [ [ [ [ 26.477893230062293, 37.568173175761522 ], [ 26.477899155402856, 37.568182741217363 ], [ 26.477905147326673, 37.568182767716522 ], [ 26.477911205831454, 37.568173255258955 ], [ 26.477921225659735, 37.568168529944778 ], [ 26.477915311414169, 37.568157374663905 ], [ 26.4779153668978, 37.568149425533505 ], [ 26.477903394152474, 37.568147782709879 ], [ 26.477887404599134, 37.568149301870676 ], [ 26.477893296645508, 37.568163636805075 ], [ 26.477893230062293, 37.568173175761522 ] ] ] ] } },
{ "type": "Feature", "properties": { "fid": 99.0, "id_fourni": 98.0, "area_m2": 9.3961381174859859, "pa_ratio": 1.3312654999440849, "shape_inde": 1.151156688790427, "_depthmean": 0.0, "Pres_Dro": 1 }, "geometry": { "type": "MultiPolygon", "coordinates": [ [ [ [ 26.477159668534515, 37.56767706796564 ], [ 26.477177666406785, 37.567673967921827 ], [ 26.477179741486076, 37.567662847984849 ], [ 26.477173805166053, 37.567654872319075 ], [ 26.477139851174776, 37.567654721944614 ], [ 26.477125725646555, 37.567675327761059 ], [ 26.477159668534515, 37.56767706796564 ] ] ] ] } },
{ "type": "Feature", "properties": { "fid": 100.0, "id_fourni": 99.0, "area_m2": 1.1200694442308869, "pa_ratio": 3.779527559415429, "shape_inde": 1.128379167095513, "_depthmean": 0.0, "Pres_Dro": 1 }, "geometry": { "type": "MultiPolygon", "coordinates": [ [ [ [ 26.477135934379213, 37.567643575470733 ], [ 26.477136001057719, 37.56763403651459 ], [ 26.477124017299481, 37.567633983438569 ], [ 26.477123950619433, 37.56764352239469 ], [ 26.477135934379213, 37.567643575470733 ] ] ] ] } },
{ "type": "Feature", "properties": { "fid": 101.0, "id_fourni": 100.0, "area_m2": 6497.211716979934, "pa_ratio": 0.082287278627054997, "shape_inde": 1.8710753493256871, "_depthmean": -13.461307791175201, "Pres_Dro": 1 }, "geometry": { "type": "MultiPolygon", "coordinates": [ [ [ [ 26.476313348828999, 37.56816776795543 ], [ 26.476287221657785, 37.568476087804548 ], [ 26.476480249090063, 37.56857869594679 ], [ 26.476585539564631, 37.568660246436679 ], [ 26.476696866727739, 37.568735464091581 ], [ 26.476835789698125, 37.568863269808055 ], [ 26.476899704123237, 37.568863553030035 ], [ 26.477033536069463, 37.568862556088305 ], [ 26.477091903098625, 37.56879921963511 ], [ 26.477122363083247, 37.568727810177379 ], [ 26.477156484257783, 37.568704113174434 ], [ 26.477212664836767, 37.568667794850306 ], [ 26.477198916947351, 37.56863434659472 ], [ 26.477158948326064, 37.568637349338751 ], [ 26.47711692681235, 37.568648292351483 ], [ 26.477105020690672, 37.568637110492084 ], [ 26.477145111559953, 37.568616619683034 ], [ 26.477197141871187, 37.56860254123422 ], [ 26.477239274460423, 37.56857569993462 ], [ 26.477254986343745, 37.568613926507332 ], [ 26.477292835418289, 37.568628402971036 ], [ 26.477309025061675, 37.568598267027305 ], [ 26.477291371386777, 37.568552082488978 ], [ 26.477341604272258, 37.568509378267372 ], [ 26.477268025771039, 37.568462946119084 ], [ 26.477146334015806, 37.568441738846829 ], [ 26.477066430317052, 37.568442974809983 ], [ 26.477026884190693, 37.568385564130132 ], [ 26.477023267500829, 37.568331492357117 ], [ 26.477095404118753, 37.568298424519 ], [ 26.477176916036555, 37.568352841285034 ], [ 26.477272542595141, 37.568388241992011 ], [ 26.477354443546876, 37.568387014731222 ], [ 26.477398539947131, 37.56836495169248 ], [ 26.477428743994178, 37.568330108142874 ], [ 26.47735889362751, 37.568321849554579 ], [ 26.477417193311574, 37.568268051885035 ], [ 26.477455464292621, 37.568222114910895 ], [ 26.477403756415335, 37.568190088524716 ], [ 26.477375683021616, 37.568205862999939 ], [ 26.477374018960635, 37.568158159379884 ], [ 26.477334161691171, 37.568145263926041 ], [ 26.477287890334015, 37.568192755313596 ], [ 26.477240321607734, 37.568140078806302 ], [ 26.47725464718738, 37.568090856111539 ], [ 26.477312513493267, 37.568099061702675 ], [ 26.477356354237564, 37.56811356467427 ], [ 26.477382263674357, 37.568121628750717 ], [ 26.47743604655075, 37.568142535205482 ], [ 26.477486056959869, 37.568131627436301 ], [ 26.477488354122581, 37.568088710974791 ], [ 26.477422631870159, 37.568061392193698 ], [ 26.477346623210241, 37.56807695446561 ], [ 26.47730675487907, 37.568065648828636 ], [ 26.477303015792963, 37.568029065145424 ], [ 26.477269106072775, 37.568022555503077 ], [ 26.477269272728819, 37.567998708113748 ], [ 26.47721536777598, 37.567995289669057 ], [ 26.47723976873819, 37.567933392589786 ], [ 26.47721612335874, 37.567887181503743 ], [ 26.477166235313465, 37.567880601074364 ], [ 26.477114038795523, 37.567918526904194 ], [ 26.477111196850696, 37.568039344828044 ], [ 26.477059077997662, 37.568066141850281 ], [ 26.477037329954566, 37.568034248010328 ], [ 26.477077565005196, 37.56799308948306 ], [ 26.477078276329408, 37.567891340623838 ], [ 26.477026379878961, 37.567886341114452 ], [ 26.476957938073173, 37.567962351912612 ], [ 26.476877868104467, 37.567987435140175 ], [ 26.476785413919423, 37.568069698931779 ], [ 26.476689242986858, 37.568112199296856 ], [ 26.476465311079238, 37.568144593826688 ], [ 26.476313348828999, 37.56816776795543 ] ] ] ] } },
{ "type": "Feature", "properties": { "fid": 102.0, "id_fourni": 101.0, "area_m2": 15.525407022144194, "pa_ratio": 1.3461533364199321, "shape_inde": 1.496273888982004, "_depthmean": -7.4869999885559082, "Pres_Dro": 1 }, "geometry": { "type": "MultiPolygon", "coordinates": [ [ [ [ 26.477811395942823, 37.568164864441663 ], [ 26.47782345747822, 37.568153788666166 ], [ 26.477823601760981, 37.568133120927378 ], [ 26.477813670722441, 37.56812512762481 ], [ 26.477791578259573, 37.568142518529449 ], [ 26.477775555406176, 37.568148807153243 ], [ 26.477751532221291, 37.5681566502588 ], [ 26.477745395995246, 37.568177291490301 ], [ 26.477765491171848, 37.568159891759223 ], [ 26.477783433638844, 37.568164740754192 ], [ 26.477811395942823, 37.568164864441663 ] ] ] ] } },
{ "type": "Feature", "properties": { "fid": 103.0, "id_fourni": 102.0, "area_m2": 20.799067323430155, "pa_ratio": 0.899821207170724, "shape_inde": 1.157639195644065, "_depthmean": -7.4869999885559082, "Pres_Dro": 1 }, "geometry": { "type": "MultiPolygon", "coordinates": [ [ [ [ 26.477841411045926, 37.568157047826304 ], [ 26.477821371381268, 37.56816649844022 ], [ 26.477821282591403, 37.568179217048616 ], [ 26.477817121493352, 37.5682030467704 ], [ 26.477857078760589, 37.568201633627467 ], [ 26.477867009813881, 37.568209626926411 ], [ 26.477879049153369, 37.568201730797398 ], [ 26.477873146009188, 37.568188985688458 ], [ 26.47786133972679, 37.568163495469619 ], [ 26.477841411045926, 37.568157047826304 ] ] ] ] } },
{ "type": "Feature", "properties": { "fid": 104.0, "id_fourni": 103.0, "area_m2": 2.8312866513860659, "pa_ratio": 2.2805219543482771, "shape_inde": 1.0824834026599801, "_depthmean": -7.4869999885559082, "Pres_Dro": 1 }, "geometry": { "type": "MultiPolygon", "coordinates": [ [ [ [ 26.47786696542277, 37.568215986230612 ], [ 26.477862882022183, 37.568228687171619 ], [ 26.477874821486655, 37.568235099477569 ], [ 26.477884841325526, 37.568230374166603 ], [ 26.477880935487018, 37.568217637891422 ], [ 26.47786696542277, 37.568215986230612 ] ] ] ] } },
{ "type": "Feature", "properties": { "fid": 105.0, "id_fourni": 104.0, "area_m2": 0.56003472211544303, "pa_ratio": 5.7048328713509937, "shape_inde": 1.2043299059091011, "_depthmean": -7.4869999885559082, "Pres_Dro": 1 }, "geometry": { "type": "MultiPolygon", "coordinates": [ [ [ [ 26.47786084032137, 37.568235037642076 ], [ 26.47785080938225, 37.568241352777015 ], [ 26.477860773733848, 37.568244576598325 ], [ 26.477862804337072, 37.568239815953952 ], [ 26.47786084032137, 37.568235037642076 ] ] ] ] } },
{ "type": "Feature", "properties": { "fid": 106.0, "id_fourni": 105.0, "area_m2": 8.0582773926856834, "pa_ratio": 1.3529111396253051, "shape_inde": 1.0833915582840961, "_depthmean": -7.4869999885559082, "Pres_Dro": 1 }, "geometry": { "type": "MultiPolygon", "coordinates": [ [ [ [ 26.477961859818194, 37.568356314900008 ], [ 26.477961693380806, 37.568380162290545 ], [ 26.477985638948976, 37.568383447925186 ], [ 26.477997733779596, 37.56836760265422 ], [ 26.477989833289804, 37.568354848719721 ], [ 26.477961859818194, 37.568356314900008 ] ] ] ] } },
{ "type": "Feature", "properties": { "fid": 107.0, "id_fourni": 106.0, "area_m2": 4.8847472996868539, "pa_ratio": 1.7821157962688139, "shape_inde": 1.111097162331897, "_depthmean": -7.4869999885559082, "Pres_Dro": 1 }, "geometry": { "type": "MultiPolygon", "coordinates": [ [ [ [ 26.477925941481406, 37.568351386439097 ], [ 26.477907910184573, 37.56835925607372 ], [ 26.477911760550345, 37.568379941477907 ], [ 26.477925752839408, 37.56837841348154 ], [ 26.47793381976706, 37.568367320029843 ], [ 26.477925941481406, 37.568351386439097 ] ] ] ] } },
{ "type": "Feature", "properties": { "fid": 108.0, "id_fourni": 107.0, "area_m2": 4.2158169365731322, "pa_ratio": 1.9000140000568659, "shape_inde": 1.1005068272119101, "_depthmean": -7.48699998855591, "Pres_Dro": 1 }, "geometry": { "type": "MultiPolygon", "coordinates": [ [ [ [ 26.477997412022464, 37.568413707609309 ], [ 26.478013268493299, 37.568431266346472 ], [ 26.478027316262338, 37.56842178920796 ], [ 26.478023399295374, 37.568410642763688 ], [ 26.478011448695373, 37.568405820298693 ], [ 26.477997412022464, 37.568413707609309 ] ] ] ] } },
{ "type": "Feature", "properties": { "fid": 109.0, "id_fourni": 108.0, "area_m2": 2.940182291732377, "pa_ratio": 2.322449375640502, "shape_inde": 1.123384565961562, "_depthmean": -7.4869999885559082, "Pres_Dro": 1 }, "geometry": { "type": "MultiPolygon", "coordinates": [ [ [ [ 26.477915566530871, 37.568406986185948 ], [ 26.47791151641847, 37.568414917650216 ], [ 26.477925453231009, 37.568421338783992 ], [ 26.477935439802607, 37.568421382947079 ], [ 26.477933564549176, 37.568403886028364 ], [ 26.477915566530871, 37.568406986185948 ] ] ] ] } },
{ "type": "Feature", "properties": { "fid": 110.0, "id_fourni": 109.0, "area_m2": 7.1093296686374483, "pa_ratio": 1.422567055330771, "shape_inde": 1.069995968961462, "_depthmean": -7.4869999885559082, "Pres_Dro": 1 }, "geometry": { "type": "MultiPolygon", "coordinates": [ [ [ [ 26.477923233983283, 37.568453126471397 ], [ 26.477919150578813, 37.568465827413824 ], [ 26.477935051427824, 37.568477026857288 ], [ 26.477951041050421, 37.568475507690643 ], [ 26.477953138230653, 37.568461208088841 ], [ 26.477953204806909, 37.568451669132813 ], [ 26.477937237382228, 37.568450008647801 ], [ 26.477923233983283, 37.568453126471397 ] ] ] ] } },
{ "type": "Feature", "properties": { "fid": 111.0, "id_fourni": 110.0, "area_m2": 0.93339120371054796, "pa_ratio": 4.2858224611108522, "shape_inde": 1.1680490927803351, "_depthmean": -7.4869999885559082, "Pres_Dro": 1 }, "geometry": { "type": "MultiPolygon", "coordinates": [ [ [ [ 26.477951529277842, 37.568405555346111 ], [ 26.477961482559827, 37.568410368985042 ], [ 26.477961549134918, 37.568400830028914 ], [ 26.477955590481479, 37.56839603405443 ], [ 26.477951562566005, 37.568400785868043 ], [ 26.477951529277842, 37.568405555346111 ] ] ] ] } },
{ "type": "Feature", "properties": { "fid": 112.0, "id_fourni": 111.0, "area_m2": 2.380147569160044, "pa_ratio": 2.6818138210851061, "shape_inde": 1.167147205941313, "_depthmean": -7.4869999885559082, "Pres_Dro": 1 }, "geometry": { "type": "MultiPolygon", "coordinates": [ [ [ [ 26.477978237879551, 37.568585329332961 ], [ 26.477966187392358, 37.568594815297104 ], [ 26.477976151795957, 37.568598039108892 ], [ 26.477992152538953, 37.568594930110905 ], [ 26.477992230205832, 37.568583801329034 ], [ 26.477978237879551, 37.568585329332961 ] ] ] ] } },
{ "type": "Feature", "properties": { "fid": 113.0, "id_fourni": 112.0, "area_m2": 4.4180516977494442, "pa_ratio": 2.134107626036803, "shape_inde": 1.265396947366036, "_depthmean": -7.4869999885559082, "Pres_Dro": 1 }, "geometry": { "type": "MultiPolygon", "coordinates": [ [ [ [ 26.478001961612787, 37.568620411484233 ], [ 26.478003847982098, 37.568636318575386 ], [ 26.478015765333879, 37.56864591051918 ], [ 26.478019848732178, 37.568633209573711 ], [ 26.478023998696681, 37.568610969672214 ], [ 26.478001961612787, 37.568620411484233 ] ] ] ] } },
{ "type": "Feature", "properties": { "fid": 114.0, "id_fourni": 113.0, "area_m2": 10.951790122614426, "pa_ratio": 1.145006917071693, "shape_inde": 1.068921308226453, "_depthmean": -7.4869999885559082, "Pres_Dro": 1 }, "geometry": { "type": "MultiPolygon", "coordinates": [ [ [ [ 26.477973921467967, 37.568631416622381 ], [ 26.477955845723979, 37.568645645567322 ], [ 26.477961671245804, 37.568669519453209 ], [ 26.47798763641832, 37.56866963426819 ], [ 26.477995692273534, 37.568660130638975 ], [ 26.47799380590541, 37.5686442235477 ], [ 26.477973921467967, 37.568631416622381 ] ] ] ] } },
{ "type": "Feature", "properties": { "fid": 115.0, "id_fourni": 114.0, "area_m2": 1.9601215278814761, "pa_ratio": 2.9573791891156538, "shape_inde": 1.1680019818959679, "_depthmean": -7.4869999885559082, "Pres_Dro": 1 }, "geometry": { "type": "MultiPolygon", "coordinates": [ [ [ [ 26.477935728266463, 37.568666224980632 ], [ 26.477931644852035, 37.568678925922967 ], [ 26.477947579036638, 37.568685355886878 ], [ 26.477949654031487, 37.568674235937621 ], [ 26.477935728266463, 37.568666224980632 ] ] ] ] } },
{ "type": "Feature", "properties": { "fid": 116.0, "id_fourni": 115.0, "area_m2": 1.1200694444772989, "pa_ratio": 3.828506209465603, "shape_inde": 1.1430017589288739, "_depthmean": -7.4869999885559082, "Pres_Dro": 1 }, "geometry": { "type": "MultiPolygon", "coordinates": [ [ [ [ 26.477979414127361, 37.568702985286109 ], [ 26.477973366683223, 37.568710907920178 ], [ 26.477985328424708, 37.568714140563159 ], [ 26.477991375867845, 37.568706217928508 ], [ 26.477979414127361, 37.568702985286109 ] ] ] ] } },
{ "type": "Feature", "properties": { "fid": 117.0, "id_fourni": 116.0, "area_m2": 5.8492515434824144, "pa_ratio": 1.6285993009191739, "shape_inde": 1.1111161528364011, "_depthmean": -7.2372960070185641, "Pres_Dro": 1 }, "geometry": { "type": "MultiPolygon", "coordinates": [ [ [ [ 26.478009207530963, 37.568726965149352 ], [ 26.478005113030513, 37.568741255920102 ], [ 26.478009030011471, 37.568752402364474 ], [ 26.478029025432459, 37.568749311024455 ], [ 26.478037092385531, 37.568738217566597 ], [ 26.478037147857385, 37.568730268436816 ], [ 26.478025163921792, 37.568730215450948 ], [ 26.478009207530963, 37.568726965149352 ] ] ] ] } },
{ "type": "Feature", "properties": { "fid": 118.0, "id_fourni": 117.0, "area_m2": 12.118529127709499, "pa_ratio": 1.122419062318444, "shape_inde": 1.1022371826084301, "_depthmean": -7.4869999885559082, "Pres_Dro": 1 }, "geometry": { "type": "MultiPolygon", "coordinates": [ [ [ [ 26.477896469883326, 37.568567479113355 ], [ 26.477900364644828, 37.568581805213391 ], [ 26.477920271250053, 37.568591432499105 ], [ 26.477946302972729, 37.568582008367166 ], [ 26.477956389430023, 37.568567744094871 ], [ 26.477938457951538, 37.568561305299681 ], [ 26.477916487452941, 37.568561208140011 ], [ 26.477896469883326, 37.568567479113355 ] ] ] ] } },
{ "type": "Feature", "properties": { "fid": 119.0, "id_fourni": 118.0, "area_m2": 7.964938271619542, "pa_ratio": 1.3859545824954751, "shape_inde": 1.1034058290755311, "_depthmean": -7.48699998855591, "Pres_Dro": 1 }, "geometry": { "type": "MultiPolygon", "coordinates": [ [ [ [ 26.477841787998308, 37.568389171260726 ], [ 26.477837915454554, 37.568371665506426 ], [ 26.477831934614255, 37.568370049177751 ], [ 26.477803961134306, 37.568371515320578 ], [ 26.477797847103009, 37.568388976902035 ], [ 26.477819784254045, 37.568393843561424 ], [ 26.477841787998308, 37.568389171260726 ] ] ] ] } },
{ "type": "Feature", "properties": { "fid": 120.0, "id_fourni": 119.0, "area_m2": 7.0626601084098262, "pa_ratio": 1.5002789454335499, "shape_inde": 1.1247376564247451, "_depthmean": -7.4869999885559082, "Pres_Dro": 1 }, "geometry": { "type": "MultiPolygon", "coordinates": [ [ [ [ 26.477855647113334, 37.568406721184694 ], [ 26.477821659480611, 37.568411340481752 ], [ 26.477819540079047, 37.568428819733136 ], [ 26.477847502481904, 37.568428943412776 ], [ 26.477861550271271, 37.568419466294152 ], [ 26.477855647113334, 37.568406721184694 ] ] ] ] } },
{ "type": "Feature", "properties": { "fid": 121.0, "id_fourni": 120.0, "area_m2": 11.760729166570155, "pa_ratio": 1.3406438910697509, "shape_inde": 1.296957144859229, "_depthmean": -7.48699998855591, "Pres_Dro": 1 }, "geometry": { "type": "MultiPolygon", "coordinates": [ [ [ [ 26.477859053545281, 37.568490999629695 ], [ 26.477847003058461, 37.568500485581836 ], [ 26.47781502379809, 37.568503523884694 ], [ 26.477812926590193, 37.56851782348371 ], [ 26.477822835482616, 37.568528996438125 ], [ 26.477846825485265, 37.568525922797299 ], [ 26.477852917320327, 37.568511640865637 ], [ 26.477874898901874, 37.568510148211061 ], [ 26.477859053545281, 37.568490999629695 ] ] ] ] } },
{ "type": "Feature", "properties": { "fid": 122.0, "id_fourni": 121.0, "area_m2": 1.504225493799066, "pa_ratio": 3.65963421309486, "shape_inde": 1.266161837139204, "_depthmean": -7.48699998855591, "Pres_Dro": 1 }, "geometry": { "type": "MultiPolygon", "coordinates": [ [ [ [ 26.477728928298166, 37.568351309964065 ], [ 26.477714341838595, 37.568359917479285 ], [ 26.477727031826472, 37.568362864302046 ], [ 26.477741608193817, 37.568355702081611 ], [ 26.477728928298166, 37.568351309964065 ] ] ] ] } },
{ "type": "Feature", "properties": { "fid": 123.0, "id_fourni": 122.0, "area_m2": 6.5954502411011404, "pa_ratio": 1.6790601993296399, "shape_inde": 1.2164200201342541, "_depthmean": -7.4869999885559082, "Pres_Dro": 1 }, "geometry": { "type": "MultiPolygon", "coordinates": [ [ [ [ 26.477750464880721, 37.568387538763602 ], [ 26.477748487681367, 37.568410655472562 ], [ 26.477768450730309, 37.568412189124203 ], [ 26.477768511275499, 37.568403517346134 ], [ 26.477786698945167, 37.568399261777124 ], [ 26.477781332450913, 37.568387675310639 ], [ 26.477750464880721, 37.568387538763602 ] ] ] ] } },
{ "type": "Feature", "properties": { "fid": 124.0, "id_fourni": 123.0, "area_m2": 5.3997838226258823, "pa_ratio": 1.752251179793374, "shape_inde": 1.1486285737654791, "_depthmean": -7.4869999885559082, "Pres_Dro": 1 }, "geometry": { "type": "MultiPolygon", "coordinates": [ [ [ [ 26.477770216016168, 37.568419423638005 ], [ 26.477762912691489, 37.568425172694667 ], [ 26.477762791599694, 37.568442516250649 ], [ 26.477795545565883, 37.568432543752017 ], [ 26.477795626288653, 37.56842098138128 ], [ 26.477770216016168, 37.568419423638005 ] ] ] ] } },
{ "type": "Feature", "properties": { "fid": 125.0, "id_fourni": 124.0, "area_m2": 3.5869992538203559, "pa_ratio": 2.1178987673677558, "shape_inde": 1.1315295725821879, "_depthmean": -7.48699998855591, "Pres_Dro": 1 }, "geometry": { "type": "MultiPolygon", "coordinates": [ [ [ [ 26.477795444662345, 37.568446996715402 ], [ 26.477788111065358, 37.568457081662594 ], [ 26.477795252945434, 37.568474457345758 ], [ 26.477808013586859, 37.568467287085603 ], [ 26.477808114488028, 37.568452834122226 ], [ 26.477795444662345, 37.568446996715402 ] ] ] ] } },
{ "type": "Feature", "properties": { "fid": 126.0, "id_fourni": 125.0, "area_m2": 2.5713256300925278, "pa_ratio": 2.414140302647338, "shape_inde": 1.092033883351341, "_depthmean": -7.4869999885559082, "Pres_Dro": 1 }, "geometry": { "type": "MultiPolygon", "coordinates": [ [ [ [ 26.477828107818731, 37.568450031874811 ], [ 26.477820794405574, 37.568457226231359 ], [ 26.477820723776464, 37.568467343305748 ], [ 26.47783706544886, 37.56846741558676 ], [ 26.477840777647533, 37.568455869278147 ], [ 26.477828107818731, 37.568450031874811 ] ] ] ] } },
{ "type": "Feature", "properties": { "fid": 127.0, "id_fourni": 126.0, "area_m2": 3.4198630881698842, "pa_ratio": 2.5535286221550182, "shape_inde": 1.3321102131960421, "_depthmean": -7.4869999885559082, "Pres_Dro": 1 }, "geometry": { "type": "MultiPolygon", "coordinates": [ [ [ [ 26.47777469452344, 37.568558196181186 ], [ 26.477783864056864, 37.568545228674438 ], [ 26.477780303205144, 37.56853509553634 ], [ 26.477780383930568, 37.568523533165802 ], [ 26.477763951427097, 37.568536468543655 ], [ 26.47777469452344, 37.568558196181186 ] ] ] ] } },
{ "type": "Feature", "properties": { "fid": 128.0, "id_fourni": 127.0, "area_m2": 3.8184185604147181, "pa_ratio": 1.988787153183756, "shape_inde": 1.096289211067857, "_depthmean": -7.4869999885559082, "Pres_Dro": 1 }, "geometry": { "type": "MultiPolygon", "coordinates": [ [ [ [ 26.477781876772429, 37.568569790679703 ], [ 26.477767300366914, 37.568576952904579 ], [ 26.477769005110851, 37.568592859196031 ], [ 26.47778536699175, 37.568590040891813 ], [ 26.477792720783263, 37.568577065352528 ], [ 26.477781876772429, 37.568569790679703 ] ] ] ] } },
{ "type": "Feature", "properties": { "fid": 129.0, "id_fourni": 128.0, "area_m2": 2.532755745699804, "pa_ratio": 2.6299205813174789, "shape_inde": 1.180685844502402, "_depthmean": -7.4869999885559082, "Pres_Dro": 1 }, "geometry": { "type": "MultiPolygon", "coordinates": [ [ [ [ 26.477799842494896, 37.568597331627764 ], [ 26.477799781952914, 37.568606003405584 ], [ 26.477817969670244, 37.56860174783224 ], [ 26.47782709884244, 37.568594561507425 ], [ 26.477816244735699, 37.568588732134046 ], [ 26.477799842494896, 37.568597331627764 ] ] ] ] } },
{ "type": "Feature", "properties": { "fid": 130.0, "id_fourni": 129.0, "area_m2": 6.6340201250365061, "pa_ratio": 1.5127813549070579, "shape_inde": 1.099156730289931, "_depthmean": -7.4869999885559082, "Pres_Dro": 1 }, "geometry": { "type": "MultiPolygon", "coordinates": [ [ [ [ 26.477765202075076, 37.568617413168603 ], [ 26.477732518665164, 37.568617268583914 ], [ 26.477732407657136, 37.568633166842986 ], [ 26.477754146145571, 37.568640489715229 ], [ 26.477770568582883, 37.568628999635472 ], [ 26.477765202075076, 37.568617413168603 ] ] ] ] } },
{ "type": "Feature", "properties": { "fid": 131.0, "id_fourni": 130.0, "area_m2": 1.2470929308355481, "pa_ratio": 3.5645336863121102, "shape_inde": 1.1229158191608779, "_depthmean": -7.4869999885559082, "Pres_Dro": 1 }, "geometry": { "type": "MultiPolygon", "coordinates": [ [ [ [ 26.477792418069242, 37.568620424241509 ], [ 26.477803312539745, 37.568620472431881 ], [ 26.477806954120116, 37.568619043198829 ], [ 26.47780518882622, 37.568611808685738 ], [ 26.477794314537839, 37.568608869902945 ], [ 26.477792418069242, 37.568620424241509 ] ] ] ] } },
{ "type": "Feature", "properties": { "fid": 132.0, "id_fourni": 131.0, "area_m2": 4.8983753253851159, "pa_ratio": 1.78254554293095, "shape_inde": 1.1129143236422669, "_depthmean": -7.4869999885559082, "Pres_Dro": 1 }, "geometry": { "type": "MultiPolygon", "coordinates": [ [ [ [ 26.477679045488333, 37.568473943256976 ], [ 26.477662663443169, 37.568479652139281 ], [ 26.477673396409287, 37.568502825082248 ], [ 26.477689788551142, 37.568495670902216 ], [ 26.477689869290447, 37.56848410853182 ], [ 26.477679045488333, 37.568473943256976 ] ] ] ] } },
{ "type": "Feature", "properties": { "fid": 133.0, "id_fourni": 132.0, "area_m2": 107.12142575193181, "pa_ratio": 0.36418263706975001, "shape_inde": 1.063291829026032, "_depthmean": -7.4869999885559082, "Pres_Dro": 1 }, "geometry": { "type": "MultiPolygon", "coordinates": [ [ [ [ 26.477539667493375, 37.568411176852344 ], [ 26.477503352694914, 37.568411016133503 ], [ 26.477434374773274, 37.568407820144394 ], [ 26.477394145750608, 37.568448111612419 ], [ 26.477433748738079, 37.568497428512067 ], [ 26.477493668224252, 37.568497693728013 ], [ 26.4775319098569, 37.568481964227047 ], [ 26.477552115201608, 37.568448810804711 ], [ 26.477539667493375, 37.568411176852344 ] ] ] ] } },
{ "type": "Feature", "properties": { "fid": 134.0, "id_fourni": 133.0, "area_m2": 9.1924891281041816, "pa_ratio": 1.26181239569221, "shape_inde": 1.07921114072276, "_depthmean": 0.0, "Pres_Dro": 1 }, "geometry": { "type": "MultiPolygon", "coordinates": [ [ [ [ 26.477718445228202, 37.569072488697003 ], [ 26.477702012592403, 37.569085424064042 ], [ 26.477705543181813, 37.569099893092137 ], [ 26.47772550641357, 37.569101426752205 ], [ 26.477741858315888, 37.569100053751292 ], [ 26.477745621019526, 37.569081280966394 ], [ 26.477718445228202, 37.569072488697003 ] ] ] ] } },
{ "type": "Feature", "properties": { "fid": 135.0, "id_fourni": 134.0, "area_m2": 1.5170821216872949, "pa_ratio": 3.372388267400622, "shape_inde": 1.171755991565183, "_depthmean": 0.0, "Pres_Dro": 1 }, "geometry": { "type": "MultiPolygon", "coordinates": [ [ [ [ 26.477608481551922, 37.568957820233841 ], [ 26.477613827871046, 37.568972297299517 ], [ 26.477622947014446, 37.56896655628757 ], [ 26.477623017671576, 37.568956439214368 ], [ 26.477608481551922, 37.568957820233841 ] ] ] ] } },
{ "type": "Feature", "properties": { "fid": 136.0, "id_fourni": 135.0, "area_m2": 0.64283140735745703, "pa_ratio": 5.4732935843502144, "shape_inde": 1.2379193620841631, "_depthmean": 0.0, "Pres_Dro": 1 }, "geometry": { "type": "MultiPolygon", "coordinates": [ [ [ [ 26.477785608598605, 37.568815515142219 ], [ 26.477796472826103, 37.568819899222177 ], [ 26.47779652327846, 37.568812672740968 ], [ 26.47779473780022, 37.56880832882041 ], [ 26.477785608598605, 37.568815515142219 ] ] ] ] } },
{ "type": "Feature", "properties": { "fid": 137.0, "id_fourni": 136.0, "area_m2": 0.86139408632026904, "pa_ratio": 4.3308307204277376, "shape_inde": 1.1338803254576819, "_depthmean": 0.0, "Pres_Dro": 1 }, "geometry": { "type": "MultiPolygon", "coordinates": [ [ [ [ 26.477740325860509, 37.568799416076047 ], [ 26.477742081060818, 37.568808095886133 ], [ 26.477751169900291, 37.568806690752659 ], [ 26.477751230448341, 37.568798018975194 ], [ 26.477740325860509, 37.568799416076047 ] ] ] ] } },
{ "type": "Feature", "properties": { "fid": 138.0, "id_fourni": 137.0, "area_m2": 2.8927413336639178, "pa_ratio": 2.2714261910975662, "shape_inde": 1.0898042513382891, "_depthmean": -7.4869999885559082, "Pres_Dro": 1 }, "geometry": { "type": "MultiPolygon", "coordinates": [ [ [ [ 26.477799277435469, 37.56867826822009 ], [ 26.477808426799239, 37.568668191304347 ], [ 26.477795787208535, 37.568658018008641 ], [ 26.477786668116153, 37.568663759034578 ], [ 26.47778657730068, 37.568676766701103 ], [ 26.477799277435469, 37.56867826822009 ] ] ] ] } },
{ "type": "Feature", "properties": { "fid": 139.0, "id_fourni": 138.0, "area_m2": 14.733695860123387, "pa_ratio": 1.2505347035985981, "shape_inde": 1.3540873056957941, "_depthmean": 0.0, "Pres_Dro": 1 }, "geometry": { "type": "MultiPolygon", "coordinates": [ [ [ [ 26.477724276779636, 37.568757430190182 ], [ 26.477720554455594, 37.568770421790532 ], [ 26.477689686727739, 37.568770285226421 ], [ 26.477671498962248, 37.568774540779472 ], [ 26.477678721586486, 37.568780354098998 ], [ 26.477678640844601, 37.568791916468804 ], [ 26.477683987165854, 37.568806393531716 ], [ 26.477709478304892, 37.568796388924575 ], [ 26.477731297572074, 37.568792149431289 ], [ 26.477734989620437, 37.568783493719387 ], [ 26.477727766991499, 37.568777680403286 ], [ 26.477724276779636, 37.568757430190182 ] ] ] ] } },
{ "type": "Feature", "properties": { "fid": 140.0, "id_fourni": 139.0, "area_m2": 2.7127485397331972, "pa_ratio": 2.4913551265751108, "shape_inde": 1.1575385808426051, "_depthmean": -7.4869999885559082, "Pres_Dro": 1 }, "geometry": { "type": "MultiPolygon", "coordinates": [ [ [ [ 26.477546626203889, 37.568714729243155 ], [ 26.477552123921562, 37.568707526868785 ], [ 26.477557651923316, 37.568695988605484 ], [ 26.477548603474727, 37.568691612539283 ], [ 26.477533986641333, 37.56870455591973 ], [ 26.477546626203889, 37.568714729243155 ] ] ] ] } },
{ "type": "Feature", "properties": { "fid": 141.0, "id_fourni": 140.0, "area_m2": 9.3081987808763351, "pa_ratio": 1.2518599486319979, "shape_inde": 1.077416538347802, "_depthmean": 0.0, "Pres_Dro": 1 }, "geometry": { "type": "MultiPolygon", "coordinates": [ [ [ [ 26.477539110829401, 37.568750829505696 ], [ 26.477526259252798, 37.568771007401672 ], [ 26.477538858443669, 37.568786961910689 ], [ 26.477562523751274, 37.568778394595775 ], [ 26.477564389974841, 37.568771176150122 ], [ 26.477564490924198, 37.568756723188059 ], [ 26.477539110829401, 37.568750829505696 ] ] ] ] } },
{ "type": "Feature", "properties": { "fid": 142.0, "id_fourni": 141.0, "area_m2": 3.23987029406182, "pa_ratio": 2.2329567971088742, "shape_inde": 1.1338071735359689, "_depthmean": 0.0, "Pres_Dro": 1 }, "geometry": { "type": "MultiPolygon", "coordinates": [ [ [ [ 26.477550254902507, 37.569235067999969 ], [ 26.477559242845288, 37.569248115842655 ], [ 26.477577430732453, 37.56924386030812 ], [ 26.477577521586145, 37.569230852643287 ], [ 26.477561169652461, 37.569232225621157 ], [ 26.477550254902507, 37.569235067999969 ] ] ] ] } },
{ "type": "Feature", "properties": { "fid": 143.0, "id_fourni": 142.0, "area_m2": 0.16713616591181901, "pa_ratio": 11.786824425939542, "shape_inde": 1.359336880613522, "_depthmean": 0.0, "Pres_Dro": 1 }, "geometry": { "type": "MultiPolygon", "coordinates": [ [ [ [ 26.477682997143013, 37.569208193901623 ], [ 26.477688484791774, 37.569202436817797 ], [ 26.477681211662215, 37.569203849979644 ], [ 26.477682997143013, 37.569208193901623 ] ] ] ] } },
{ "type": "Feature", "properties": { "fid": 144.0, "id_fourni": 143.0, "area_m2": 0.43712535725358997, "pa_ratio": 6.4326697375017217, "shape_inde": 1.199746033526355, "_depthmean": 0.0, "Pres_Dro": 1 }, "geometry": { "type": "MultiPolygon", "coordinates": [ [ [ [ 26.477633800047737, 37.569232547018046 ], [ 26.477639196859116, 37.569239797601561 ], [ 26.47764285866004, 37.569235477781739 ], [ 26.477642888940817, 37.569231141893425 ], [ 26.477633800047737, 37.569232547018046 ] ] ] ] } },
{ "type": "Feature", "properties": { "fid": 145.0, "id_fourni": 144.0, "area_m2": 1.902780965913226, "pa_ratio": 2.8372247154517209, "shape_inde": 1.104035915188202, "_depthmean": 0.0, "Pres_Dro": 1 }, "geometry": { "type": "MultiPolygon", "coordinates": [ [ [ [ 26.477352579454791, 37.569199504843212 ], [ 26.477352518859639, 37.56920817661949 ], [ 26.477361577457739, 37.569211107404698 ], [ 26.477368870791562, 37.569206803670497 ], [ 26.477365330163661, 37.569193779929108 ], [ 26.477352579454791, 37.569199504843212 ] ] ] ] } },
{ "type": "Feature", "properties": { "fid": 146.0, "id_fourni": 145.0, "area_m2": 1.8127845693282181, "pa_ratio": 3.248208997717974, "shape_inde": 1.23370728974818, "_depthmean": 0.0, "Pres_Dro": 1 }, "geometry": { "type": "MultiPolygon", "coordinates": [ [ [ [ 26.477175190718359, 37.569119225637131 ], [ 26.477176865039574, 37.569139467822893 ], [ 26.477187769686974, 37.569138070774613 ], [ 26.477187850505747, 37.56912650840637 ], [ 26.477175190718359, 37.569119225637131 ] ] ] ] } },
{ "type": "Feature", "properties": { "fid": 147.0, "id_fourni": 146.0, "area_m2": 10.413868801805204, "pa_ratio": 1.3629441878313959, "shape_inde": 1.2407354499068011, "_depthmean": 0.0, "Pres_Dro": 1 }, "geometry": { "type": "MultiPolygon", "coordinates": [ [ [ [ 26.477227433507082, 37.569178715963275 ], [ 26.477211010865531, 37.569190205964887 ], [ 26.477216377327224, 37.569201792455509 ], [ 26.477230782180943, 37.569219200333059 ], [ 26.477243472294546, 37.569222147208329 ], [ 26.477254407256108, 37.569216414265931 ], [ 26.477250816141961, 37.569210617001396 ], [ 26.477254538570243, 37.569197625417594 ], [ 26.477236391082322, 37.569196099718276 ], [ 26.477238287652373, 37.569184545390513 ], [ 26.477227433507082, 37.569178715963275 ] ] ] ] } },
{ "type": "Feature", "properties": { "fid": 148.0, "id_fourni": 147.0, "area_m2": 6.6468767538814504, "pa_ratio": 1.7101719585827519, "shape_inde": 1.2437802666440381, "_depthmean": 0.0, "Pres_Dro": 1 }, "geometry": { "type": "MultiPolygon", "coordinates": [ [ [ [ 26.477172960753254, 37.569178474732588 ], [ 26.477171054070599, 37.569191474355264 ], [ 26.477170912632829, 37.569211708499374 ], [ 26.477179930813946, 37.569220420482459 ], [ 26.477190845575414, 37.569217578137987 ], [ 26.477194578116688, 37.569203141260154 ], [ 26.477194648832374, 37.569193024188074 ], [ 26.477185580140752, 37.569191538686148 ], [ 26.477172960753254, 37.569178474732588 ] ] ] ] } },
{ "type": "Feature", "properties": { "fid": 149.0, "id_fourni": 148.0, "area_m2": 1.0285302517793979, "pa_ratio": 4.041316861401647, "shape_inde": 1.1561828040683699, "_depthmean": 0.0, "Pres_Dro": 1 }, "geometry": { "type": "MultiPolygon", "coordinates": [ [ [ [ 26.477203586197479, 37.569213298537463 ], [ 26.477198078306504, 37.569221946190481 ], [ 26.477203485176727, 37.569227751497571 ], [ 26.477212604382625, 37.569222010518075 ], [ 26.477203586197479, 37.569213298537463 ] ] ] ] } },
{ "type": "Feature", "properties": { "fid": 150.0, "id_fourni": 149.0, "area_m2": 12.329506395779333, "pa_ratio": 1.1999689824378319, "shape_inde": 1.1886060414933051, "_depthmean": 0.0, "Pres_Dro": 1 }, "geometry": { "type": "MultiPolygon", "coordinates": [ [ [ [ 26.477139380741757, 37.569046800002127 ], [ 26.477121162567723, 37.569055391357573 ], [ 26.477117430020023, 37.569069828233381 ], [ 26.477119094220988, 37.569091515716039 ], [ 26.477140883296929, 37.569091612221087 ], [ 26.477140994432514, 37.569075713964757 ], [ 26.477159192403533, 37.569070013198363 ], [ 26.477159273226533, 37.569058450830042 ], [ 26.477139380741757, 37.569046800002127 ] ] ] ] } },
{ "type": "Feature", "properties": { "fid": 151.0, "id_fourni": 150.0, "area_m2": 105.38578095058632, "pa_ratio": 0.56688737636199604, "shape_inde": 1.6416586644275271, "_depthmean": -6.50246845817259, "Pres_Dro": 1 }, "geometry": { "type": "MultiPolygon", "coordinates": [ [ [ [ 26.477697413971139, 37.568703833732663 ], [ 26.477706401876983, 37.568716881565052 ], [ 26.477695487207832, 37.568719723958104 ], [ 26.477668291367582, 37.568713822270162 ], [ 26.477633822449473, 37.568709333735384 ], [ 26.477613808854514, 37.568715026541646 ], [ 26.477622685715243, 37.568743972638764 ], [ 26.477657235393671, 37.568736898807025 ], [ 26.477666193017495, 37.568754282531053 ], [ 26.477667938115253, 37.568764407638433 ], [ 26.477677057229009, 37.568758666621925 ], [ 26.47771526868182, 37.56874727295169 ], [ 26.477744401383756, 37.568735839106445 ], [ 26.477742434263558, 37.568757510517614 ], [ 26.477756899703454, 37.568766246555114 ], [ 26.477802293419, 37.56876644735604 ], [ 26.477825928420895, 37.568762215876824 ], [ 26.477777185753684, 37.568721530725611 ], [ 26.477786506666373, 37.568686883775051 ], [ 26.47775762626928, 37.568662185224163 ], [ 26.477726758585913, 37.568662048670092 ], [ 26.47769937101047, 37.568683607618389 ], [ 26.477697413971139, 37.568703833732663 ] ] ] ] } },
{ "type": "Feature", "properties": { "fid": 152.0, "id_fourni": 151.0, "area_m2": 28.644567518473231, "pa_ratio": 1.081945923976749, "shape_inde": 1.633509851139912, "_depthmean": -2.091277007975016, "Pres_Dro": 1 }, "geometry": { "type": "MultiPolygon", "coordinates": [ [ [ [ 26.477586703872998, 37.568696117168898 ], [ 26.477568465645739, 37.568707599187377 ], [ 26.47757737277206, 37.568732209399151 ], [ 26.477577251635918, 37.568749552953733 ], [ 26.477578875585628, 37.568777021616839 ], [ 26.477602460131969, 37.568780016663524 ], [ 26.47762064790259, 37.568775761121117 ], [ 26.477646028012465, 37.568781654786058 ], [ 26.47765699315827, 37.568771585916537 ], [ 26.477655318714081, 37.568751343735407 ], [ 26.477637130951326, 37.56875559928325 ], [ 26.477615412629174, 37.568745385796952 ], [ 26.477599060802365, 37.568746758781032 ], [ 26.477590052722928, 37.568736601533104 ], [ 26.477584766991889, 37.568713452688613 ], [ 26.477586703872998, 37.568696117168898 ] ] ] ] } },
{ "type": "Feature", "properties": { "fid": 153.0, "id_fourni": 152.0, "area_m2": 1.632791775322826, "pa_ratio": 3.0116833802674972, "shape_inde": 1.085599869321598, "_depthmean": -7.4869999885559082, "Pres_Dro": 1 }, "geometry": { "type": "MultiPolygon", "coordinates": [ [ [ [ 26.477710659080948, 37.568627289263027 ], [ 26.477719727715201, 37.568628774724303 ], [ 26.477725225409891, 37.568621572341598 ], [ 26.477716197144201, 37.568614305695633 ], [ 26.477707098235388, 37.568617156122897 ], [ 26.477710659080948, 37.568627289263027 ] ] ] ] } },
{ "type": "Feature", "properties": { "fid": 154.0, "id_fourni": 153.0, "area_m2": 59.191916003779085, "pa_ratio": 0.52136643395559001, "shape_inde": 1.1315384981243659, "_depthmean": -7.4869999885559082, "Pres_Dro": 1 }, "geometry": { "type": "MultiPolygon", "coordinates": [ [ [ [ 26.47750753792371, 37.568591702274254 ], [ 26.477471071587612, 37.56861322098824 ], [ 26.477470758590027, 37.568658025170954 ], [ 26.477494302709292, 37.568666801423859 ], [ 26.477530658014093, 37.56866118096152 ], [ 26.477550611029763, 37.568664159946593 ], [ 26.47757979419686, 37.568645499660576 ], [ 26.477578099586751, 37.568628148070573 ], [ 26.477552689249016, 37.568626590280083 ], [ 26.477549209186364, 37.568604894765443 ], [ 26.477534794279237, 37.568588932221481 ], [ 26.47750753792371, 37.568591702274254 ] ] ] ] } },
{ "type": "Feature", "properties": { "fid": 155.0, "id_fourni": 154.0, "area_m2": 6.3640309347261201, "pa_ratio": 1.5455741630900039, "shape_inde": 1.0998945703814089, "_depthmean": -7.4869999885559082, "Pres_Dro": 1 }, "geometry": { "type": "MultiPolygon", "coordinates": [ [ [ [ 26.477680114376867, 37.568580903216045 ], [ 26.477665467309141, 37.568598182502171 ], [ 26.477679932709322, 37.568606918548987 ], [ 26.477703557575175, 37.568604132390114 ], [ 26.477703648404841, 37.568591124723596 ], [ 26.477680114376867, 37.568580903216045 ] ] ] ] } },
{ "type": "Feature", "properties": { "fid": 156.0, "id_fourni": 155.0, "area_m2": 28.965983224112065, "pa_ratio": 0.83332021781752297, "shape_inde": 1.265176522077949, "_depthmean": -7.4869999885559082, "Pres_Dro": 1 }, "geometry": { "type": "MultiPolygon", "coordinates": [ [ [ [ 26.477447012532984, 37.568678154837457 ], [ 26.477419776337317, 37.568678034277255 ], [ 26.477385155975895, 37.568695225112876 ], [ 26.477399469890017, 37.568725640636515 ], [ 26.477430337598012, 37.568725777276391 ], [ 26.477445025133953, 37.568702716835666 ], [ 26.477455798451679, 37.568720108612503 ], [ 26.477472160371743, 37.568717290352033 ], [ 26.477470506172114, 37.568694157576111 ], [ 26.477447012532984, 37.568678154837457 ] ] ] ] } },
{ "type": "Feature", "properties": { "fid": 157.0, "id_fourni": 156.0, "area_m2": 83.388090183549082, "pa_ratio": 0.47678928948892602, "shape_inde": 1.228212668463261, "_depthmean": 0.0, "Pres_Dro": 1 }, "geometry": { "type": "MultiPolygon", "coordinates": [ [ [ [ 26.477331093334634, 37.56915604949549 ], [ 26.477347475553305, 37.569150340661146 ], [ 26.477349372104978, 37.569138786331393 ], [ 26.477325898552877, 37.569119892976865 ], [ 26.477289795519312, 37.569089380972457 ], [ 26.477246277975027, 37.569080516237015 ], [ 26.477220948304964, 37.569067396005664 ], [ 26.477199139031597, 37.569070190107531 ], [ 26.477195244863122, 37.569107751722534 ], [ 26.477222481214302, 37.569107872335685 ], [ 26.477226042016582, 37.569118005489237 ], [ 26.477229481601324, 37.569145482195133 ], [ 26.477252985440092, 37.56916003968054 ], [ 26.477287484842712, 37.569160192439455 ], [ 26.477309253739229, 37.569163179505665 ], [ 26.477321964046055, 37.569163235780373 ], [ 26.477331093334634, 37.56915604949549 ] ] ] ] } },
{ "type": "Feature", "properties": { "fid": 158.0, "id_fourni": 157.0, "area_m2": 3.766992047849083, "pa_ratio": 2.0200060683458299, "shape_inde": 1.1059744492701269, "_depthmean": 0.0, "Pres_Dro": 1 }, "geometry": { "type": "MultiPolygon", "coordinates": [ [ [ [ 26.477341967683596, 37.569158988321135 ], [ 26.47733825537194, 37.569170534611843 ], [ 26.477352761240059, 37.569173489514256 ], [ 26.477369153559806, 37.569166335380892 ], [ 26.477358349902108, 37.569153279485299 ], [ 26.477341967683596, 37.569158988321135 ] ] ] ] } },
{ "type": "Feature", "properties": { "fid": 159.0, "id_fourni": 158.0, "area_m2": 17.099315440732749, "pa_ratio": 0.90053629888513698, "shape_inde": 1.050474835295546, "_depthmean": 0.0, "Pres_Dro": 1 }, "geometry": { "type": "MultiPolygon", "coordinates": [ [ [ [ 26.477559981159605, 37.568882447885997 ], [ 26.477554392573033, 37.56890265792596 ], [ 26.477563330002223, 37.568922932249627 ], [ 26.477588760629853, 37.568921599446199 ], [ 26.477601551650409, 37.568910093321072 ], [ 26.477601723252928, 37.568885523285985 ], [ 26.477581810554739, 37.568876763124479 ], [ 26.477559981159605, 37.568882447885997 ] ] ] ] } },
{ "type": "Feature", "properties": { "fid": 160.0, "id_fourni": 159.0, "area_m2": 66.263061485905823, "pa_ratio": 0.59331457814900501, "shape_inde": 1.36243513864717, "_depthmean": 0.0, "Pres_Dro": 1 }, "geometry": { "type": "MultiPolygon", "coordinates": [ [ [ [ 26.477620314805016, 37.56882345589608 ], [ 26.477591192144629, 37.568833444413926 ], [ 26.477578330472848, 37.568855067611437 ], [ 26.477589124032228, 37.568869568783732 ], [ 26.477607261354688, 37.568872539724552 ], [ 26.477625267459182, 37.568894299513097 ], [ 26.477636141782096, 37.568897238311578 ], [ 26.477645099419753, 37.568914622036843 ], [ 26.477650536582974, 37.568916091435312 ], [ 26.477664961670246, 37.568930608668715 ], [ 26.477704948596202, 37.568925004221391 ], [ 26.477714158555759, 37.568906255536476 ], [ 26.477717850611896, 37.568897599825306 ], [ 26.477707016654541, 37.568888879849503 ], [ 26.477707127668985, 37.568872981591191 ], [ 26.477681777801372, 37.568862752050599 ], [ 26.477654511257747, 37.56886696743269 ], [ 26.47764362684504, 37.568865473932121 ], [ 26.47764373787286, 37.568849575673909 ], [ 26.477623804991563, 37.568843706111871 ], [ 26.477620314805016, 37.56882345589608 ] ] ] ] } },
{ "type": "Feature", "properties": { "fid": 161.0, "id_fourni": 160.0, "area_m2": 35.355727412785214, "pa_ratio": 0.65442647359920003, "shape_inde": 1.0977054388426, "_depthmean": 0.0, "Pres_Dro": 1 }, "geometry": { "type": "MultiPolygon", "coordinates": [ [ [ [ 26.477253816154207, 37.56878136406646 ], [ 26.477184777289931, 37.568786839705929 ], [ 26.477180893233054, 37.568822956026203 ], [ 26.477209884619448, 37.568831756459346 ], [ 26.477266213274056, 37.568826224526596 ], [ 26.477268150232167, 37.568808889013042 ], [ 26.477253816154207, 37.56878136406646 ] ] ] ] } },
{ "type": "Feature", "properties": { "fid": 162.0, "id_fourni": 161.0, "area_m2": 15.813652625140453, "pa_ratio": 1.13083161906587, "shape_inde": 1.268554436490174, "_depthmean": 0.0, "Pres_Dro": 1 }, "geometry": { "type": "MultiPolygon", "coordinates": [ [ [ [ 26.477302851472977, 37.568780135843518 ], [ 26.477302710072959, 37.568800369989503 ], [ 26.477280789775683, 37.568819062364625 ], [ 26.477282484320572, 37.568836413957847 ], [ 26.477313382373136, 37.568832214740219 ], [ 26.477324428367595, 37.568810583533001 ], [ 26.477330067506379, 37.568783147023268 ], [ 26.477302851472977, 37.568780135843518 ] ] ] ] } },
{ "type": "Feature", "properties": { "fid": 163.0, "id_fourni": 162.0, "area_m2": 3.1370172686738691, "pa_ratio": 2.3161022551814869, "shape_inde": 1.1572075331414711, "_depthmean": 0.0, "Pres_Dro": 1 }, "geometry": { "type": "MultiPolygon", "coordinates": [ [ [ [ 26.47736642287958, 37.568777526612109 ], [ 26.477351795898901, 37.568791915265592 ], [ 26.477368097246043, 37.568797768796671 ], [ 26.477382724224761, 37.568783380141191 ], [ 26.47736642287958, 37.568777526612109 ] ] ] ] } },
{ "type": "Feature", "properties": { "fid": 164.0, "id_fourni": 163.0, "area_m2": 5.1940777726526877, "pa_ratio": 1.7366648104963349, "shape_inde": 1.1165168881328631, "_depthmean": 0.0, "Pres_Dro": 1 }, "geometry": { "type": "MultiPolygon", "coordinates": [ [ [ [ 26.477357152255689, 37.568804947046686 ], [ 26.477338934165509, 37.568813538436736 ], [ 26.477355164823301, 37.568829509042594 ], [ 26.477371496474927, 37.568831026684798 ], [ 26.477373362718257, 37.568823808242364 ], [ 26.477369791810773, 37.568815120388848 ], [ 26.477357152255689, 37.568804947046686 ] ] ] ] } },
{ "type": "Feature", "properties": { "fid": 165.0, "id_fourni": 164.0, "area_m2": 13.409463160623726, "pa_ratio": 1.2618051224098881, "shape_inde": 1.3034460186716581, "_depthmean": 0.0, "Pres_Dro": 1 }, "geometry": { "type": "MultiPolygon", "coordinates": [ [ [ [ 26.47741549858581, 37.568770517157731 ], [ 26.477415347118487, 37.568792196600242 ], [ 26.477395353681519, 37.568794998776781 ], [ 26.477386163853176, 37.568810856844401 ], [ 26.477409768597877, 37.568810961337284 ], [ 26.477435168897415, 37.568813964455138 ], [ 26.477442542966511, 37.568798098346434 ], [ 26.477444459688456, 37.568783653421917 ], [ 26.47741549858581, 37.568770517157731 ] ] ] ] } },
{ "type": "Feature", "properties": { "fid": 166.0, "id_fourni": 165.0, "area_m2": 27.474614357109168, "pa_ratio": 0.84110297293700298, "shape_inde": 1.2436839755591791, "_depthmean": 0.0, "Pres_Dro": 1 }, "geometry": { "type": "MultiPolygon", "coordinates": [ [ [ [ 26.477302114171327, 37.56888564246092 ], [ 26.477296606316251, 37.568894290119282 ], [ 26.477271175693449, 37.568895622859806 ], [ 26.477269218532168, 37.568915848965375 ], [ 26.477294527959391, 37.568931859778544 ], [ 26.477290744950075, 37.568953523140941 ], [ 26.47732706001069, 37.568953683927155 ], [ 26.477334494713421, 37.568929146049193 ], [ 26.477338217112596, 37.568916154461931 ], [ 26.477321925841835, 37.568908855630546 ], [ 26.477302114171327, 37.56888564246092 ] ] ] ] } },
{ "type": "Feature", "properties": { "fid": 167.0, "id_fourni": 166.0, "area_m2": 2.9313112185466679, "pa_ratio": 2.3459443976439691, "shape_inde": 1.133036100667614, "_depthmean": 0.0, "Pres_Dro": 1 }, "geometry": { "type": "MultiPolygon", "coordinates": [ [ [ [ 26.477352935012078, 37.568888758145498 ], [ 26.477358261078891, 37.568906125814749 ], [ 26.477376428696466, 37.568904760902647 ], [ 26.477376489288176, 37.568896089125872 ], [ 26.477367450925072, 37.568890267749715 ], [ 26.477352935012078, 37.568888758145498 ] ] ] ] } },
{ "type": "Feature", "properties": { "fid": 168.0, "id_fourni": 167.0, "area_m2": 3.1241606404589568, "pa_ratio": 2.2954587934611221, "shape_inde": 1.14454071708023, "_depthmean": 0.0, "Pres_Dro": 1 }, "geometry": { "type": "MultiPolygon", "coordinates": [ [ [ [ 26.477318546831338, 37.568872707149332 ], [ 26.477333093038805, 37.568869880869364 ], [ 26.47733139848151, 37.568852529276903 ], [ 26.477320534277059, 37.56884814515432 ], [ 26.477314975927968, 37.568864019294246 ], [ 26.477318546831338, 37.568872707149332 ] ] ] ] } },
{ "type": "Feature", "properties": { "fid": 169.0, "id_fourni": 168.0, "area_m2": 135.94598606315969, "pa_ratio": 0.42944705455294502, "shape_inde": 1.4124981606536791, "_depthmean": 0.0, "Pres_Dro": 1 }, "geometry": { "type": "MultiPolygon", "coordinates": [ [ [ [ 26.477378446419895, 37.568875863018263 ], [ 26.47743832581903, 37.568881909449125 ], [ 26.477447354089463, 37.568889176116031 ], [ 26.477452710469709, 37.568902207892783 ], [ 26.477454435347514, 37.56891522359517 ], [ 26.477470746826409, 37.568919631816037 ], [ 26.477505266311621, 37.568916893918185 ], [ 26.477523444025188, 37.568914083687304 ], [ 26.477536103812447, 37.568921366419445 ], [ 26.477545192669393, 37.568919961301987 ], [ 26.477538081092753, 37.568898249716611 ], [ 26.477541813550467, 37.568883812826421 ], [ 26.477563743897232, 37.568863675106464 ], [ 26.477578471798594, 37.568834833464813 ], [ 26.477580398589982, 37.568818943241787 ], [ 26.477573256728018, 37.568801567546764 ], [ 26.47754786652207, 37.568797119162411 ], [ 26.477544073497963, 37.568820227830209 ], [ 26.477500495501502, 37.568820034966087 ], [ 26.477465854898512, 37.568840116416965 ], [ 26.477433252172816, 37.568828409379392 ], [ 26.477398631744453, 37.568845600218054 ], [ 26.477376873035048, 37.568841167872677 ], [ 26.477360440392022, 37.568854103192585 ], [ 26.477378446419895, 37.568875863018263 ] ] ] ] } },
{ "type": "Feature", "properties": { "fid": 170.0, "id_fourni": 169.0, "area_m2": 2.8284581932520561, "pa_ratio": 2.318913714785233, "shape_inde": 1.1001566774789009, "_depthmean": 0.0, "Pres_Dro": 1 }, "geometry": { "type": "MultiPolygon", "coordinates": [ [ [ [ 26.477520849385236, 37.569285524788619 ], [ 26.477522594474834, 37.569295649897171 ], [ 26.477535304804622, 37.569295706149084 ], [ 26.477544434089207, 37.569288519847817 ], [ 26.477537251809508, 37.56927692533602 ], [ 26.477520849385236, 37.569285524788619 ] ] ] ] } },
{ "type": "Feature", "properties": { "fid": 171.0, "id_fourni": 170.0, "area_m2": 1.34994595551413, "pa_ratio": 3.4493610331673099, "shape_inde": 1.130555564581645, "_depthmean": 0.0, "Pres_Dro": 1 }, "geometry": { "type": "MultiPolygon", "coordinates": [ [ [ [ 26.47758812340026, 37.569272814440822 ], [ 26.477600853915131, 37.569269980093459 ], [ 26.477602699959071, 37.569265652240055 ], [ 26.477599118909929, 37.56925840968983 ], [ 26.477588183968226, 37.569264142664274 ], [ 26.47758812340026, 37.569272814440822 ] ] ] ] } },
{ "type": "Feature", "properties": { "fid": 172.0, "id_fourni": 171.0, "area_m2": 1.8770677095394039, "pa_ratio": 2.936128476752585, "shape_inde": 1.1347758705326809, "_depthmean": 0.0, "Pres_Dro": 1 }, "geometry": { "type": "MultiPolygon", "coordinates": [ [ [ [ 26.477600702498805, 37.56929165953477 ], [ 26.477613402733898, 37.569293161074377 ], [ 26.477624357865896, 37.569284537505446 ], [ 26.477618940864648, 37.569280177513484 ], [ 26.477604394587583, 37.569283003827977 ], [ 26.477600702498805, 37.56929165953477 ] ] ] ] } },
{ "type": "Feature", "properties": { "fid": 173.0, "id_fourni": 172.0, "area_m2": 144.72706308872739, "pa_ratio": 0.70115826432575501, "shape_inde": 2.3795015928893908, "_depthmean": 0.0, "Pres_Dro": 1 }, "geometry": { "type": "MultiPolygon", "coordinates": [ [ [ [ 26.477457279279996, 37.569027972767422 ], [ 26.477491768526384, 37.569029570762297 ], [ 26.477511671158275, 37.569039776235115 ], [ 26.477537091730873, 37.569039888739283 ], [ 26.477562512303621, 37.569040001237965 ], [ 26.477582515894941, 37.569035753737523 ], [ 26.477591746088045, 37.569014114470534 ], [ 26.477566396188895, 37.569003884905179 ], [ 26.477524643935379, 37.569002254788401 ], [ 26.477504721119281, 37.568994939910027 ], [ 26.477497498488177, 37.568989126580028 ], [ 26.477521103289565, 37.568989231051077 ], [ 26.477535629321235, 37.568989295338639 ], [ 26.477555602614867, 37.568989383731065 ], [ 26.47757201506473, 37.568979338976561 ], [ 26.477557620271774, 37.568960485843505 ], [ 26.477539513216549, 37.568953179006478 ], [ 26.477528608602341, 37.568954576087563 ], [ 26.477526934189413, 37.56893433390546 ], [ 26.477512438456429, 37.568929933728477 ], [ 26.477492465178806, 37.568929845328867 ], [ 26.477477858385409, 37.568941343405264 ], [ 26.477506910430012, 37.568941471989056 ], [ 26.477508645414172, 37.568953042394469 ], [ 26.477504923042613, 37.568966033987259 ], [ 26.477497649932761, 37.568967447137979 ], [ 26.477477737225282, 37.568958686958958 ], [ 26.477465168309781, 37.568938396555332 ], [ 26.477457986075407, 37.568926802038384 ], [ 26.477439868940817, 37.5689209404823 ], [ 26.477432464566082, 37.568941142478799 ], [ 26.477448755854805, 37.568948441295021 ], [ 26.477448675076879, 37.568960003664088 ], [ 26.477434128856032, 37.56896282995816 ], [ 26.47743764929055, 37.568978744290249 ], [ 26.477423092967914, 37.568983015879034 ], [ 26.477415981421039, 37.568961304286766 ], [ 26.47740882948619, 37.568945373878513 ], [ 26.477397985460129, 37.568938099170765 ], [ 26.477374350379328, 37.568942330563594 ], [ 26.477369014207525, 37.568926408191253 ], [ 26.477392719971743, 37.568912059726536 ], [ 26.477378224251169, 37.568907659533167 ], [ 26.477358119693211, 37.56892635996045 ], [ 26.477354346801658, 37.568946578028907 ], [ 26.477372423540714, 37.568958220782548 ], [ 26.477356041366161, 37.568963929620857 ], [ 26.477354165018429, 37.5689725933589 ], [ 26.477370496701237, 37.568974111001431 ], [ 26.477375873271285, 37.568984252189175 ], [ 26.477393970219392, 37.568993004347305 ], [ 26.477415769365475, 37.568991655505272 ], [ 26.477415728973909, 37.568997436689727 ], [ 26.477422880915078, 37.569013367097476 ], [ 26.477457279279996, 37.569027972767422 ] ] ] ] } },
{ "type": "Feature", "properties": { "fid": 174.0, "id_fourni": 173.0, "area_m2": 0.65568803551636701, "pa_ratio": 5.1040362585284038, "shape_inde": 1.1658896540081769, "_depthmean": 0.0, "Pres_Dro": 1 }, "geometry": { "type": "MultiPolygon", "coordinates": [ [ [ [ 26.477570098361937, 37.568993783902798 ], [ 26.47758102317054, 37.568989496225626 ], [ 26.477579237700741, 37.568985152302027 ], [ 26.477570158931382, 37.568985112125894 ], [ 26.477570098361937, 37.568993783902798 ] ] ] ] } },
{ "type": "Feature", "properties": { "fid": 175.0, "id_fourni": 174.0, "area_m2": 518.37924702241264, "pa_ratio": 0.30608380570849802, "shape_inde": 1.965890046408205, "_depthmean": 0.0, "Pres_Dro": 1 }, "geometry": { "type": "MultiPolygon", "coordinates": [ [ [ [ 26.47721741781093, 37.5690529269637 ], [ 26.47726083432654, 37.56907624467032 ], [ 26.477273544618512, 37.569076300950144 ], [ 26.477313400351544, 37.569089485485264 ], [ 26.477327845605195, 37.56910111216704 ], [ 26.477331416521061, 37.569109800021508 ], [ 26.477340434708871, 37.569118511992542 ], [ 26.477356685630554, 37.569131592005718 ], [ 26.477367590273644, 37.56913019494079 ], [ 26.47738397248391, 37.569124486101323 ], [ 26.477394836732085, 37.569128870218165 ], [ 26.477403955911321, 37.569123129223598 ], [ 26.477405771668497, 37.569123137261464 ], [ 26.477407476346553, 37.569139043556163 ], [ 26.477418300206651, 37.569149208855208 ], [ 26.477430939827741, 37.569159382190712 ], [ 26.477445475989644, 37.569158001193507 ], [ 26.477456431120839, 37.569149377639974 ], [ 26.477456562383892, 37.569130588790792 ], [ 26.477480258100012, 37.569117685605484 ], [ 26.477480177326463, 37.569129247974288 ], [ 26.477474608892749, 37.569146567417128 ], [ 26.477499968923581, 37.569155351706137 ], [ 26.477496246540021, 37.569168343298088 ], [ 26.477505264754164, 37.569177055256645 ], [ 26.477523422339313, 37.569177135618517 ], [ 26.47754338558757, 37.569178669309522 ], [ 26.47754328463261, 37.569193122270505 ], [ 26.477568705257465, 37.569193234768228 ], [ 26.477577844621074, 37.569184603168068 ], [ 26.477574263578141, 37.56917736061704 ], [ 26.47759246154175, 37.569171659783898 ], [ 26.477599775047377, 37.569164465443038 ], [ 26.477581667938811, 37.569157158612335 ], [ 26.47759078710736, 37.569151417603294 ], [ 26.477610770538639, 37.569150060690603 ], [ 26.477618033570202, 37.569150092829176 ], [ 26.477645310312681, 37.569144432160407 ], [ 26.477658121549656, 37.569130035437539 ], [ 26.477636453584832, 37.569112595474245 ], [ 26.477616520634268, 37.569106725910714 ], [ 26.477654651527995, 37.569106894631311 ], [ 26.477667392105186, 37.569102614980309 ], [ 26.477667482942795, 37.569089607314993 ], [ 26.477643918483253, 37.569083721688379 ], [ 26.477616722515201, 37.56907781998796 ], [ 26.477605767412886, 37.569086443556685 ], [ 26.477578551257409, 37.569083432439761 ], [ 26.477569502760982, 37.569079056375088 ], [ 26.477551466343083, 37.569061632466898 ], [ 26.477518792836108, 37.569060042525479 ], [ 26.477504266790735, 37.569059978235785 ], [ 26.477500604990556, 37.569064298051423 ], [ 26.477500453546298, 37.569085977493167 ], [ 26.477489670069975, 37.569070031017084 ], [ 26.477464380748028, 37.569051129653232 ], [ 26.477440907193863, 37.569032236321256 ], [ 26.47739918522246, 37.569026270271678 ], [ 26.477386606218779, 37.569007425156123 ], [ 26.477363082203468, 37.568995758289311 ], [ 26.477306874627626, 37.568983946714148 ], [ 26.477284954277039, 37.569002639089099 ], [ 26.477241254960866, 37.569019789681406 ], [ 26.477232469129515, 37.568977835893158 ], [ 26.47723271156358, 37.568943148787191 ], [ 26.477201944786895, 37.568928559134193 ], [ 26.477158225289838, 37.568948600288323 ], [ 26.477110944989214, 37.56895850826897 ], [ 26.477103388963179, 37.569000389684689 ], [ 26.477125006252738, 37.569025056225179 ], [ 26.477168463133815, 37.569042592781344 ], [ 26.47721741781093, 37.5690529269637 ] ] ] ] } },
{ "type": "Feature", "properties": { "fid": 176.0, "id_fourni": 175.0, "area_m2": 0.80996757369863104, "pa_ratio": 4.3410917972762482, "shape_inde": 1.1021173870581009, "_depthmean": 0.0, "Pres_Dro": 1 }, "geometry": { "type": "MultiPolygon", "coordinates": [ [ [ [ 26.477400071940806, 37.56915924554967 ], [ 26.477409150731059, 37.569159285739048 ], [ 26.477409191123371, 37.569153504554762 ], [ 26.477401958386384, 37.569149136515101 ], [ 26.477398306674196, 37.569152011031363 ], [ 26.477400071940806, 37.56915924554967 ] ] ] ] } },
{ "type": "Feature", "properties": { "fid": 177.0, "id_fourni": 176.0, "area_m2": 8.7296505138607383, "pa_ratio": 1.366589590915362, "shape_inde": 1.1390206693331859, "_depthmean": -7.4869999885559082, "Pres_Dro": 1 }, "geometry": { "type": "MultiPolygon", "coordinates": [ [ [ [ 26.477512086621577, 37.568720357746351 ], [ 26.477514003327929, 37.568705912820391 ], [ 26.477515930129357, 37.568690022598183 ], [ 26.477505096225542, 37.568681302603935 ], [ 26.477488693929057, 37.568689902053862 ], [ 26.477488481905077, 37.568720253274144 ], [ 26.477512086621577, 37.568720357746351 ] ] ] ] } },
{ "type": "Feature", "properties": { "fid": 178.0, "id_fourni": 177.0, "area_m2": 6.0811851150247644, "pa_ratio": 1.560105279730545, "shape_inde": 1.085283215580602, "_depthmean": -7.4869999885559082, "Pres_Dro": 1 }, "geometry": { "type": "MultiPolygon", "coordinates": [ [ [ [ 26.47764858057263, 37.568676156195025 ], [ 26.477664892011326, 37.568680564388977 ], [ 26.477683160495125, 37.568664746466638 ], [ 26.477666899523356, 37.568653111793935 ], [ 26.477648701691919, 37.568658812640031 ], [ 26.47764858057263, 37.568676156195025 ] ] ] ] } },
{ "type": "Feature", "properties": { "fid": 179.0, "id_fourni": 178.0, "area_m2": 8.2668119003920015, "pa_ratio": 1.3311142666852851, "shape_inde": 1.0796411624841831, "_depthmean": 0.0, "Pres_Dro": 1 }, "geometry": { "type": "MultiPolygon", "coordinates": [ [ [ [ 26.477512899803603, 37.569383772775637 ], [ 26.477529282058782, 37.569378063916581 ], [ 26.477534830306283, 37.569363635063937 ], [ 26.477534880784901, 37.56935640858368 ], [ 26.477516763540486, 37.569350547039008 ], [ 26.477503962334541, 37.569363498449434 ], [ 26.477498484756143, 37.569367810228293 ], [ 26.477496598317721, 37.569377919264106 ], [ 26.477512899803603, 37.569383772775637 ] ] ] ] } },
{ "type": "Feature", "properties": { "fid": 180.0, "id_fourni": 179.0, "area_m2": 0.95139048329262998, "pa_ratio": 4.0116717503062818, "shape_inde": 1.103824068988152, "_depthmean": 0.0, "Pres_Dro": 1 }, "geometry": { "type": "MultiPolygon", "coordinates": [ [ [ [ 26.477350913078926, 37.569437978686651 ], [ 26.477345405188039, 37.569446626346249 ], [ 26.477354463814613, 37.569449557132053 ], [ 26.477359951506415, 37.569443800064057 ], [ 26.477358155939804, 37.569440901433474 ], [ 26.477350913078926, 37.569437978686651 ] ] ] ] } },
{ "type": "Feature", "properties": { "fid": 181.0, "id_fourni": 180.0, "area_m2": 0.83568082960109602, "pa_ratio": 4.2959239989156552, "shape_inde": 1.107826825742227, "_depthmean": 0.0, "Pres_Dro": 1 }, "geometry": { "type": "MultiPolygon", "coordinates": [ [ [ [ 26.477361736974061, 37.569448143990641 ], [ 26.477356239182857, 37.569455346354687 ], [ 26.477358034749734, 37.569458244985348 ], [ 26.477367123675215, 37.569456839882221 ], [ 26.477368989935304, 37.569449621440761 ], [ 26.477361736974061, 37.569448143990641 ] ] ] ] } },
{ "type": "Feature", "properties": { "fid": 182.0, "id_fourni": 181.0, "area_m2": 1.2085230463541521, "pa_ratio": 3.876112751673642, "shape_inde": 1.202040050470448, "_depthmean": 0.0, "Pres_Dro": 1 }, "geometry": { "type": "MultiPolygon", "coordinates": [ [ [ [ 26.477403903501639, 37.569390517030428 ], [ 26.477411166556301, 37.569390549181925 ], [ 26.477416664337397, 37.569383346815137 ], [ 26.477416694631451, 37.569379010927079 ], [ 26.477414909162214, 37.569374667001277 ], [ 26.477403943894696, 37.569384735846356 ], [ 26.477403903501639, 37.569390517030428 ] ] ] ] } },
{ "type": "Feature", "properties": { "fid": 183.0, "id_fourni": 182.0, "area_m2": 7.2511382771261976, "pa_ratio": 1.406778082191942, "shape_inde": 1.0686211239825589, "_depthmean": 0.0, "Pres_Dro": 1 }, "geometry": { "type": "MultiPolygon", "coordinates": [ [ [ [ 26.477432905231829, 37.569397872113804 ], [ 26.477443799814957, 37.569397920338218 ], [ 26.477454724689963, 37.569393632673517 ], [ 26.477460222467109, 37.569386430304682 ], [ 26.477460333536008, 37.569370532048353 ], [ 26.47744401186225, 37.569367569121646 ], [ 26.477427569016186, 37.569381949744994 ], [ 26.477432905231829, 37.569397872113804 ] ] ] ] } },
{ "type": "Feature", "properties": { "fid": 184.0, "id_fourni": 183.0, "area_m2": 2.995594359219877, "pa_ratio": 3.1349125865841412, "shape_inde": 1.5306010453011321, "_depthmean": 0.0, "Pres_Dro": 1 }, "geometry": { "type": "MultiPolygon", "coordinates": [ [ [ [ 26.477238244749262, 37.569450487894088 ], [ 26.477258187861789, 37.569454912225659 ], [ 26.477276375815944, 37.569450656738134 ], [ 26.477283719681171, 37.569439126529737 ], [ 26.477274640857129, 37.569439086330448 ], [ 26.477263726066326, 37.569441928682359 ], [ 26.477256412501163, 37.56944912300159 ], [ 26.477238244749262, 37.569450487894088 ] ] ] ] } },
{ "type": "Feature", "properties": { "fid": 185.0, "id_fourni": 184.0, "area_m2": 125.3906943488857, "pa_ratio": 0.50150332214399695, "shape_inde": 1.5841690927663199, "_depthmean": 0.0, "Pres_Dro": 1 }, "geometry": { "type": "MultiPolygon", "coordinates": [ [ [ [ 26.477419338426731, 37.569260504689829 ], [ 26.477442892826126, 37.569267835657413 ], [ 26.477484635129041, 37.569270911100197 ], [ 26.477508260211714, 37.569268124982351 ], [ 26.477530170489807, 37.569250877863027 ], [ 26.477530291639049, 37.569233534310058 ], [ 26.477512204712994, 37.569223336876533 ], [ 26.47753406449851, 37.569213316236706 ], [ 26.477519649478928, 37.569197353691699 ], [ 26.477505244561709, 37.56917994584883 ], [ 26.47746897987486, 37.569172558636197 ], [ 26.477450701123562, 37.569189821818846 ], [ 26.477459658752192, 37.569207205557284 ], [ 26.477450579956045, 37.569207165371743 ], [ 26.477434187634955, 37.569214319516348 ], [ 26.477434056365873, 37.569233108365182 ], [ 26.477412236953569, 37.569237347802101 ], [ 26.477383225188916, 37.569231438009972 ], [ 26.477339636854559, 37.569232690380765 ], [ 26.477326876037377, 37.569239860588034 ], [ 26.477326724541808, 37.569261540028499 ], [ 26.477299437633029, 37.569268645919102 ], [ 26.477301152391611, 37.56928310691881 ], [ 26.477317453841302, 37.569288960457172 ], [ 26.477348402575771, 37.56927753475199 ], [ 26.477370121014534, 37.56928774828733 ], [ 26.477388278626176, 37.56928782867022 ], [ 26.477406496826934, 37.569279237274067 ], [ 26.477413820458992, 37.569270597649037 ], [ 26.477419338426731, 37.569260504689829 ] ] ] ] } },
{ "type": "Feature", "properties": { "fid": 186.0, "id_fourni": 185.0, "area_m2": 0.92567722694214205, "pa_ratio": 4.0893560120178236, "shape_inde": 1.109889592143938, "_depthmean": 0.0, "Pres_Dro": 1 }, "geometry": { "type": "MultiPolygon", "coordinates": [ [ [ [ 26.477530574320237, 37.569193066019594 ], [ 26.477536051883884, 37.569188754239015 ], [ 26.477534266412103, 37.569184410314854 ], [ 26.477528839327558, 37.569181495614885 ], [ 26.477521515717548, 37.569190135247332 ], [ 26.477530574320237, 37.569193066019594 ] ] ] ] } },
{ "type": "Feature", "properties": { "fid": 187.0, "id_fourni": 186.0, "area_m2": 2.8413148214016308, "pa_ratio": 2.373693956682454, "shape_inde": 1.1287024571251461, "_depthmean": 0.0, "Pres_Dro": 1 }, "geometry": { "type": "MultiPolygon", "coordinates": [ [ [ [ 26.476946432152133, 37.569374037626744 ], [ 26.476950144534609, 37.56936249134926 ], [ 26.476937484731003, 37.56935520855469 ], [ 26.476926549725071, 37.569360941467281 ], [ 26.476931956584004, 37.569366746786606 ], [ 26.476931906047106, 37.569373973266153 ], [ 26.476946432152133, 37.569374037626744 ] ] ] ] } },
{ "type": "Feature", "properties": { "fid": 188.0, "id_fourni": 187.0, "area_m2": 4.036981239022845, "pa_ratio": 1.9828040930334041, "shape_inde": 1.123836777577552, "_depthmean": 0.0, "Pres_Dro": 1 }, "geometry": { "type": "MultiPolygon", "coordinates": [ [ [ [ 26.476956147702584, 37.569283024207778 ], [ 26.476976110966316, 37.569284557994791 ], [ 26.476976212031214, 37.569270105035322 ], [ 26.476963532027103, 37.569265712835417 ], [ 26.47694534410082, 37.569269968275059 ], [ 26.476956147702584, 37.569283024207778 ] ] ] ] } },
{ "type": "Feature", "properties": { "fid": 189.0, "id_fourni": 188.0, "area_m2": 470.12832157631652, "pa_ratio": 0.246864060763934, "shape_inde": 1.5099450544937181, "_depthmean": 0.0, "Pres_Dro": 1 }, "geometry": { "type": "MultiPolygon", "coordinates": [ [ [ [ 26.477436839688355, 37.56935452930793 ], [ 26.477449459151604, 37.569367593233437 ], [ 26.477480377608661, 37.569360503381994 ], [ 26.47748231453248, 37.569343167866222 ], [ 26.477489729031454, 37.569321520572089 ], [ 26.477497224297498, 37.569288310908931 ], [ 26.477468232700126, 37.569279510545442 ], [ 26.477442812046363, 37.569279398025849 ], [ 26.477426490393171, 37.569276435096825 ], [ 26.477402774420781, 37.569292228862651 ], [ 26.477388167542287, 37.569303726926606 ], [ 26.477368163868476, 37.569307974393276 ], [ 26.477346364629373, 37.56930932322576 ], [ 26.47734277350369, 37.569303525963988 ], [ 26.477337285821005, 37.569309283031423 ], [ 26.477326441749625, 37.56930200831718 ], [ 26.477302857050656, 37.569299013214469 ], [ 26.477292012984154, 37.569291738497114 ], [ 26.47727578224081, 37.569275767883148 ], [ 26.4772667842436, 37.56926416531531 ], [ 26.477250371690289, 37.569274210026123 ], [ 26.477241343393143, 37.569266943344381 ], [ 26.477239689254784, 37.569243810567791 ], [ 26.47725060401747, 37.569240968217819 ], [ 26.477248828662315, 37.569235178993488 ], [ 26.477214319123451, 37.569236471519027 ], [ 26.477214258512198, 37.56924514329507 ], [ 26.477205169609757, 37.569246548386651 ], [ 26.477190724347526, 37.569234921690075 ], [ 26.477168844304895, 37.569247832857869 ], [ 26.477137804625659, 37.569272266179823 ], [ 26.477115651760354, 37.569324200328793 ], [ 26.477109972084168, 37.5693574180087 ], [ 26.47707352546848, 37.569376046001544 ], [ 26.477111383690435, 37.569415237889075 ], [ 26.477173109570231, 37.569416956611569 ], [ 26.477198540371898, 37.569415623893626 ], [ 26.477223809544611, 37.569437415905632 ], [ 26.477251035914719, 37.56943898180905 ], [ 26.477283770184194, 37.569431900049864 ], [ 26.477323737205982, 37.56942918632636 ], [ 26.477351064568456, 37.569416299246775 ], [ 26.477351236256393, 37.569391729214786 ], [ 26.477380389462525, 37.569377404870892 ], [ 26.477391314338085, 37.569373117212074 ], [ 26.477393342168998, 37.569342774033728 ], [ 26.477397034284284, 37.569334118333693 ], [ 26.477407928858057, 37.569334166561333 ], [ 26.477413234772012, 37.569354424819167 ], [ 26.477436839688355, 37.56935452930793 ] ] ] ] } },
{ "type": "Feature", "properties": { "fid": 190.0, "id_fourni": 189.0, "area_m2": 4.8469488124927977, "pa_ratio": 1.882225363053343, "shape_inde": 1.1689633789237901, "_depthmean": 0.0, "Pres_Dro": 1 }, "geometry": { "type": "MultiPolygon", "coordinates": [ [ [ [ 26.477286747509286, 37.569265699049808 ], [ 26.477290449733371, 37.569255598057005 ], [ 26.477277830316755, 37.569242534114572 ], [ 26.477263344640207, 37.5692366886109 ], [ 26.477261387466786, 37.569256914715041 ], [ 26.477286747509286, 37.569265699049808 ] ] ] ] } },
{ "type": "Feature", "properties": { "fid": 191.0, "id_fourni": 190.0, "area_m2": 23.450489747925321, "pa_ratio": 0.92999018747534501, "shape_inde": 1.270426057106127, "_depthmean": 0.0, "Pres_Dro": 1 }, "geometry": { "type": "MultiPolygon", "coordinates": [ [ [ [ 26.477185887948743, 37.569667057138119 ], [ 26.477180339610921, 37.569681485972936 ], [ 26.477153052534955, 37.569688591827891 ], [ 26.477171099111651, 37.569704570499674 ], [ 26.477216513596399, 37.569701880938318 ], [ 26.477216604514382, 37.569688873275226 ], [ 26.477238403866231, 37.569687524467675 ], [ 26.477238484678789, 37.569675962100412 ], [ 26.47723857559285, 37.569662954437241 ], [ 26.477211349141569, 37.569661388530399 ], [ 26.477196843184842, 37.569658433610186 ], [ 26.477185887948743, 37.569667057138119 ] ] ] ] } },
{ "type": "Feature", "properties": { "fid": 192.0, "id_fourni": 191.0, "area_m2": 2.4556159766996761, "pa_ratio": 2.5634360290728599, "shape_inde": 1.13317706804412, "_depthmean": 0.0, "Pres_Dro": 1 }, "geometry": { "type": "MultiPolygon", "coordinates": [ [ [ [ 26.477301683136048, 37.569726828858713 ], [ 26.477301612433489, 37.569736945930053 ], [ 26.477316088109422, 37.569744236725207 ], [ 26.477325237669948, 37.569734159850192 ], [ 26.477318004882171, 37.56972979180545 ], [ 26.477301683136048, 37.569726828858713 ] ] ] ] } },
{ "type": "Feature", "properties": { "fid": 193.0, "id_fourni": 192.0, "area_m2": 1.6327917753508281, "pa_ratio": 3.2622567856382849, "shape_inde": 1.175922264410886, "_depthmean": 0.0, "Pres_Dro": 1 }, "geometry": { "type": "MultiPolygon", "coordinates": [ [ [ [ 26.477305557086481, 37.569692157835831 ], [ 26.477311054900213, 37.569684955474571 ], [ 26.477300180476263, 37.569682016645785 ], [ 26.477294733164133, 37.569681992526917 ], [ 26.47728739937693, 37.569692077439463 ], [ 26.477305557086481, 37.569692157835831 ] ] ] ] } },
{ "type": "Feature", "properties": { "fid": 194.0, "id_fourni": 193.0, "area_m2": 0.15427953778091, "pa_ratio": 11.652484542101963, "shape_inde": 1.2911234468421551, "_depthmean": 0.0, "Pres_Dro": 1 }, "geometry": { "type": "MultiPolygon", "coordinates": [ [ [ [ 26.477274678879418, 37.569693466456279 ], [ 26.47727828011897, 37.569697818423904 ], [ 26.477281941963355, 37.569693498615948 ], [ 26.477274678879418, 37.569693466456279 ] ] ] ] } },
{ "type": "Feature", "properties": { "fid": 195.0, "id_fourni": 194.0, "area_m2": 0.57854826699692996, "pa_ratio": 5.2935865097832764, "shape_inde": 1.1358340436400729, "_depthmean": 0.0, "Pres_Dro": 1 }, "geometry": { "type": "MultiPolygon", "coordinates": [ [ [ [ 26.47726554951927, 37.569700652735619 ], [ 26.477265499014003, 37.569707879215159 ], [ 26.477272762099322, 37.56970791137536 ], [ 26.477274628375049, 37.569700692935839 ], [ 26.47726554951927, 37.569700652735619 ] ] ] ] } },
{ "type": "Feature", "properties": { "fid": 196.0, "id_fourni": 195.0, "area_m2": 2.9313112181126462, "pa_ratio": 2.2179293438875858, "shape_inde": 1.071207833268524, "_depthmean": 0.0, "Pres_Dro": 1 }, "geometry": { "type": "MultiPolygon", "coordinates": [ [ [ [ 26.477199838279084, 37.569749503333618 ], [ 26.477199767562688, 37.569759620404753 ], [ 26.47721063189169, 37.569764004538712 ], [ 26.477219751162913, 37.56975826355967 ], [ 26.477223402911765, 37.569755389049512 ], [ 26.477223443319314, 37.569749607865973 ], [ 26.477212568889531, 37.569746669029094 ], [ 26.477199838279084, 37.569749503333618 ] ] ] ] } },
{ "type": "Feature", "properties": { "fid": 197.0, "id_fourni": 196.0, "area_m2": 351.42307386338564, "pa_ratio": 0.25477853391553701, "shape_inde": 1.347327079976276, "_depthmean": 0.0, "Pres_Dro": 1 }, "geometry": { "type": "MultiPolygon", "coordinates": [ [ [ [ 26.477117424183668, 37.569590150865125 ], [ 26.477137286497992, 37.569606137584451 ], [ 26.477151853061446, 37.569600420736471 ], [ 26.477159196960756, 37.569588890536359 ], [ 26.477137448153837, 37.569583012849996 ], [ 26.477133937859932, 37.56956565321493 ], [ 26.47715943943415, 37.569554203434421 ], [ 26.47717941287743, 37.569554291891627 ], [ 26.477179574519955, 37.569531167156796 ], [ 26.477168811255037, 37.569512330060789 ], [ 26.477183367695194, 37.569508058504638 ], [ 26.477196249799803, 37.569483544762306 ], [ 26.477196320515972, 37.569473427690717 ], [ 26.477203674497922, 37.569460452191464 ], [ 26.477174733383045, 37.569444425276153 ], [ 26.477149433912821, 37.569426969141553 ], [ 26.477102264453134, 37.569420978860329 ], [ 26.477066110843765, 37.569397693268371 ], [ 26.477044392415433, 37.569387479677339 ], [ 26.477006251276421, 37.569388756054494 ], [ 26.476980749735858, 37.569400205802495 ], [ 26.476948025559675, 37.569405842181702 ], [ 26.476951384197946, 37.569444881260907 ], [ 26.476985863517555, 37.569447924700732 ], [ 26.476991118793315, 37.569475409455862 ], [ 26.477007288882412, 37.569500051883665 ], [ 26.47699439660699, 37.569526010900674 ], [ 26.476954449736795, 37.569525833920402 ], [ 26.476979739087653, 37.569544735392256 ], [ 26.477006692628954, 37.569585324340949 ], [ 26.47704837445788, 37.569597071714313 ], [ 26.477082884165497, 37.569595779238625 ], [ 26.477117424183668, 37.569590150865125 ] ] ] ] } },
{ "type": "Feature", "properties": { "fid": 198.0, "id_fourni": 197.0, "area_m2": 1.864211081394495, "pa_ratio": 2.860206437920199, "shape_inde": 1.101640745492426, "_depthmean": 0.0, "Pres_Dro": 1 }, "geometry": { "type": "MultiPolygon", "coordinates": [ [ [ [ 26.477157451914046, 37.569578765423238 ], [ 26.477166601475293, 37.569568688560253 ], [ 26.477161184480593, 37.569564328547557 ], [ 26.477150279770498, 37.569565725592803 ], [ 26.477144771846945, 37.56957437324256 ], [ 26.477157451914046, 37.569578765423238 ] ] ] ] } },
{ "type": "Feature", "properties": { "fid": 199.0, "id_fourni": 198.0, "area_m2": 31.203036521069556, "pa_ratio": 0.92589332993003104, "shape_inde": 1.458997182352503, "_depthmean": 0.0, "Pres_Dro": 1 }, "geometry": { "type": "MultiPolygon", "coordinates": [ [ [ [ 26.477083533892671, 37.569243118987764 ], [ 26.477123430094547, 37.569250522403195 ], [ 26.477145340455316, 37.569233275355877 ], [ 26.477145492003309, 37.569211595915924 ], [ 26.477123702892406, 37.569211499411466 ], [ 26.477096395774929, 37.569221495847145 ], [ 26.477091170789862, 37.569189675207404 ], [ 26.477082243562471, 37.569167955553652 ], [ 26.477058305245691, 37.569215545761914 ], [ 26.477083533892671, 37.569243118987764 ] ] ] ] } },
{ "type": "Feature", "properties": { "fid": 200.0, "id_fourni": 199.0, "area_m2": 16.507910545670242, "pa_ratio": 0.99138449542561902, "shape_inde": 1.1362744568305769, "_depthmean": 0.0, "Pres_Dro": 1 }, "geometry": { "type": "MultiPolygon", "coordinates": [ [ [ [ 26.476833035985742, 37.56949060775122 ], [ 26.476825621279847, 37.569512255001925 ], [ 26.476858183769814, 37.569529743390895 ], [ 26.476889061915244, 37.569528434878862 ], [ 26.476889193322606, 37.569509646032628 ], [ 26.476876553717272, 37.569499472639819 ], [ 26.476865659120342, 37.569499424362952 ], [ 26.476833035985742, 37.56949060775122 ] ] ] ] } },
{ "type": "Feature", "properties": { "fid": 201.0, "id_fourni": 200.0, "area_m2": 1.83849782568804, "pa_ratio": 2.8771644884607919, "shape_inde": 1.100503225154573, "_depthmean": 0.0, "Pres_Dro": 1 }, "geometry": { "type": "MultiPolygon", "coordinates": [ [ [ [ 26.477158628393624, 37.569929988403061 ], [ 26.47716777799825, 37.569919911540879 ], [ 26.477160545201944, 37.569915543486545 ], [ 26.477149650543925, 37.569915495235456 ], [ 26.47714956971695, 37.569927057602058 ], [ 26.477158628393624, 37.569929988403061 ] ] ] ] } },
{ "type": "Feature", "properties": { "fid": 202.0, "id_fourni": 201.0, "area_m2": 5.2326476572367557, "pa_ratio": 1.6849236071234139, "shape_inde": 1.0872665555443279, "_depthmean": 0.0, "Pres_Dro": 1 }, "geometry": { "type": "MultiPolygon", "coordinates": [ [ [ [ 26.47714294313057, 37.569835971796493 ], [ 26.477150307261461, 37.569821551005894 ], [ 26.477139463134801, 37.569814276274677 ], [ 26.477119459310462, 37.569818523697755 ], [ 26.477119338063396, 37.569835867247875 ], [ 26.47714294313057, 37.569835971796493 ] ] ] ] } },
{ "type": "Feature", "properties": { "fid": 203.0, "id_fourni": 202.0, "area_m2": 1.1956664181159049, "pa_ratio": 3.8323409743097359, "shape_inde": 1.1821272437752659, "_depthmean": 0.0, "Pres_Dro": 1 }, "geometry": { "type": "MultiPolygon", "coordinates": [ [ [ [ 26.47710477145143, 37.569841584091222 ], [ 26.477097478040275, 37.569845887808057 ], [ 26.477106526600906, 37.569850263908833 ], [ 26.477115635786618, 37.569845968233913 ], [ 26.477113880636185, 37.56983728841643 ], [ 26.47710477145143, 37.569841584091222 ] ] ] ] } },
{ "type": "Feature", "properties": { "fid": 204.0, "id_fourni": 203.0, "area_m2": 2.301336438382072, "pa_ratio": 2.622147412897871, "shape_inde": 1.1221275583412751, "_depthmean": 0.0, "Pres_Dro": 1 }, "geometry": { "type": "MultiPolygon", "coordinates": [ [ [ [ 26.477031978780996, 37.569864387097532 ], [ 26.477042923958432, 37.569857208880343 ], [ 26.477042984590877, 37.569848537105436 ], [ 26.477032089942821, 37.569848488843547 ], [ 26.477019318884938, 37.56985710431163 ], [ 26.477031978780996, 37.569864387097532 ] ] ] ] } },
{ "type": "Feature", "properties": { "fid": 205.0, "id_fourni": 204.0, "area_m2": 0.95139048292394501, "pa_ratio": 4.0451159825294782, "shape_inde": 1.1130263542022441, "_depthmean": 0.0, "Pres_Dro": 1 }, "geometry": { "type": "MultiPolygon", "coordinates": [ [ [ [ 26.477030355013355, 37.569836918433275 ], [ 26.477037587794399, 37.56984128649551 ], [ 26.477043075539513, 37.569835529443026 ], [ 26.477043105855714, 37.569831193555551 ], [ 26.477030395435929, 37.569831137249984 ], [ 26.477030355013355, 37.569836918433275 ] ] ] ] } },
{ "type": "Feature", "properties": { "fid": 206.0, "id_fourni": 205.0, "area_m2": 2.17277015734367, "pa_ratio": 2.835700188376495, "shape_inde": 1.179131587856467, "_depthmean": 0.0, "Pres_Dro": 1 }, "geometry": { "type": "MultiPolygon", "coordinates": [ [ [ [ 26.477028781775108, 37.569802223289749 ], [ 26.477039656205509, 37.569805162143531 ], [ 26.47704878560004, 37.569797975882025 ], [ 26.47704885633695, 37.569787858811189 ], [ 26.477043429228079, 37.569784944089029 ], [ 26.477028781775108, 37.569802223289749 ] ] ] ] } },
{ "type": "Feature", "properties": { "fid": 207.0, "id_fourni": 206.0, "area_m2": 4.0112679829617051, "pa_ratio": 1.9297022964220181, "shape_inde": 1.0902503134652131, "_depthmean": 0.0, "Pres_Dro": 1 }, "geometry": { "type": "MultiPolygon", "coordinates": [ [ [ [ 26.476974308568924, 37.569801981963998 ], [ 26.476981662622205, 37.569789006479859 ], [ 26.476974470276293, 37.569778857230922 ], [ 26.476959944092584, 37.56977879287318 ], [ 26.476956201369003, 37.569794675037443 ], [ 26.476974308568924, 37.569801981963998 ] ] ] ] } },
{ "type": "Feature", "properties": { "fid": 208.0, "id_fourni": 207.0, "area_m2": 2.4170460924516251, "pa_ratio": 2.556490979144642, "shape_inde": 1.1211966688822459, "_depthmean": 0.0, "Pres_Dro": 1 }, "geometry": { "type": "MultiPolygon", "coordinates": [ [ [ [ 26.476883859827556, 37.57001260092683 ], [ 26.476881963180301, 37.570024155246699 ], [ 26.476887390300039, 37.57002706997627 ], [ 26.476898305190385, 37.57002422766022 ], [ 26.476900211943345, 37.570011228044308 ], [ 26.476900232159789, 37.570008337452819 ], [ 26.476883859827556, 37.57001260092683 ] ] ] ] } },
{ "type": "Feature", "properties": { "fid": 209.0, "id_fourni": 208.0, "area_m2": 3.3941498310120219, "pa_ratio": 2.1320719297565458, "shape_inde": 1.108057825732965, "_depthmean": 0.0, "Pres_Dro": 1 }, "geometry": { "type": "MultiPolygon", "coordinates": [ [ [ [ 26.476918430376475, 37.570002636726258 ], [ 26.476929345262104, 37.569999794407295 ], [ 26.476934833027261, 37.569994037360146 ], [ 26.476934873457456, 37.569988256177112 ], [ 26.476929426123348, 37.569988232041226 ], [ 26.476911288559009, 37.569985260994997 ], [ 26.47690576036026, 37.569996799224029 ], [ 26.476918430376475, 37.570002636726258 ] ] ] ] } },
{ "type": "Feature", "properties": { "fid": 210.0, "id_fourni": 209.0, "area_m2": 0.57854826663291203, "pa_ratio": 5.5971252370060984, "shape_inde": 1.2009637278920751, "_depthmean": 0.0, "Pres_Dro": 1 }, "geometry": { "type": "MultiPolygon", "coordinates": [ [ [ [ 26.476936749880551, 37.569979592447787 ], [ 26.476938606088272, 37.569973819309922 ], [ 26.476925885536751, 37.569975208288696 ], [ 26.476925855213597, 37.569979544175958 ], [ 26.476936749880551, 37.569979592447787 ] ] ] ] } },
{ "type": "Feature", "properties": { "fid": 211.0, "id_fourni": 210.0, "area_m2": 2.7513184244386051, "pa_ratio": 2.4369219344194821, "shape_inde": 1.1402684636352769, "_depthmean": 0.0, "Pres_Dro": 1 }, "geometry": { "type": "MultiPolygon", "coordinates": [ [ [ [ 26.476924352775761, 37.569934731961816 ], [ 26.476913397467694, 37.569943355463501 ], [ 26.476929699029689, 37.569949209055608 ], [ 26.476942429684108, 37.569946374780649 ], [ 26.476942490328408, 37.569937703005991 ], [ 26.476924352775761, 37.569934731961816 ] ] ] ] } },
{ "type": "Feature", "properties": { "fid": 212.0, "id_fourni": 211.0, "area_m2": 597.26751735259268, "pa_ratio": 0.24569655265945201, "shape_inde": 1.6938641600942741, "_depthmean": 0.0, "Pres_Dro": 1 }, "geometry": { "type": "MultiPolygon", "coordinates": [ [ [ [ 26.476913670381961, 37.569904332477655 ], [ 26.476964370612837, 37.569924791883437 ], [ 26.476975366339293, 37.569910387193765 ], [ 26.476959165852524, 37.569890080650097 ], [ 26.476932050508431, 37.569872616424625 ], [ 26.476888643745806, 37.569847853301759 ], [ 26.476839759362029, 37.569827401910473 ], [ 26.476823649916668, 37.569794087686276 ], [ 26.476849202161532, 37.569775411495236 ], [ 26.476867430651442, 37.569765374888533 ], [ 26.476838479383051, 37.569750793187055 ], [ 26.476836936563206, 37.56971176215373 ], [ 26.476869650772816, 37.56970757110247 ], [ 26.476869863055455, 37.569677219890288 ], [ 26.476855700814177, 37.569625124870136 ], [ 26.47681048856105, 37.569598908376555 ], [ 26.476756015504829, 37.569598666951187 ], [ 26.476743092791754, 37.569628961826972 ], [ 26.476724793538484, 37.569649115485383 ], [ 26.476730028508655, 37.569679490842162 ], [ 26.476706362821329, 37.569688057986021 ], [ 26.476702660496471, 37.569698158959007 ], [ 26.476678984687737, 37.569708171393039 ], [ 26.4766790858116, 37.569693718435332 ], [ 26.476664559645105, 37.569693654041366 ], [ 26.476624471099328, 37.569713711089456 ], [ 26.476606141451896, 37.569738200616044 ], [ 26.476587983733193, 37.569738120112028 ], [ 26.476580589159791, 37.569756876754241 ], [ 26.476562360634002, 37.569766913316364 ], [ 26.476589546651759, 37.569774260555995 ], [ 26.476587558937901, 37.569798822532874 ], [ 26.476603637937039, 37.569836472675632 ], [ 26.476634324060107, 37.569862624850032 ], [ 26.476654408826171, 37.569846815143713 ], [ 26.476654297584073, 37.569862713396695 ], [ 26.476636048815514, 37.569875640561349 ], [ 26.476663214654582, 37.569885878375686 ], [ 26.476690511960172, 37.569877327339299 ], [ 26.476715953037576, 37.569874549430935 ], [ 26.476739457002601, 37.569889107017751 ], [ 26.476757645091197, 37.569884851611512 ], [ 26.476754256204135, 37.569850148417558 ], [ 26.476786748050781, 37.569877753896478 ], [ 26.476819341018881, 37.569890906408936 ], [ 26.476852024980552, 37.569891051250572 ], [ 26.47687572104201, 37.56987814819086 ], [ 26.476877385188072, 37.569899835673581 ], [ 26.476893656412798, 37.569910025157903 ], [ 26.476913670381961, 37.569904332477655 ] ] ] ] } },
{ "type": "Feature", "properties": { "fid": 213.0, "id_fourni": 212.0, "area_m2": 8.7553637697912059, "pa_ratio": 1.307235308801755, "shape_inde": 1.09115371401868, "_depthmean": 0.0, "Pres_Dro": 1 }, "geometry": { "type": "MultiPolygon", "coordinates": [ [ [ [ 26.477034613106483, 37.569747326179176 ], [ 26.477052912301176, 37.569727172472597 ], [ 26.477043894074573, 37.569718460480203 ], [ 26.477029367902428, 37.569718396131137 ], [ 26.477011189975357, 37.569721206283944 ], [ 26.477014649718029, 37.569745792401235 ], [ 26.477034613106483, 37.569747326179176 ] ] ] ] } },
{ "type": "Feature", "properties": { "fid": 214.0, "id_fourni": 213.0, "area_m2": 46.078155291762329, "pa_ratio": 0.69012889259575705, "shape_inde": 1.321517199313307, "_depthmean": 0.0, "Pres_Dro": 1 }, "geometry": { "type": "MultiPolygon", "coordinates": [ [ [ [ 26.477156229434058, 37.569753646226019 ], [ 26.47717635447248, 37.569732055246028 ], [ 26.477174609420342, 37.569721930133362 ], [ 26.477154686448301, 37.569714615195608 ], [ 26.47709656155331, 37.569717248434813 ], [ 26.477087300814677, 37.569743223546375 ], [ 26.477052619250923, 37.569769086052148 ], [ 26.477074277161925, 37.569787971416922 ], [ 26.47710514530673, 37.569788108145076 ], [ 26.477117946654765, 37.569775156779869 ], [ 26.477118098213662, 37.569753477341997 ], [ 26.477132664807375, 37.569747760496767 ], [ 26.477156229434058, 37.569753646226019 ] ] ] ] } },
{ "type": "Feature", "properties": { "fid": 215.0, "id_fourni": 214.0, "area_m2": 36.692816742123867, "pa_ratio": 0.760820396135649, "shape_inde": 1.300073005033354, "_depthmean": 0.0, "Pres_Dro": 1 }, "geometry": { "type": "MultiPolygon", "coordinates": [ [ [ [ 26.47712591701006, 37.569674018238395 ], [ 26.477143983784231, 37.569687106322505 ], [ 26.477145981415397, 37.569661099038512 ], [ 26.477146143068868, 37.569637974304214 ], [ 26.477137064220905, 37.569637934094196 ], [ 26.477100758933393, 37.56963632795118 ], [ 26.477075439206853, 37.569621762392757 ], [ 26.47704457113085, 37.569621625657334 ], [ 26.477049786018846, 37.569654891592783 ], [ 26.477095079225251, 37.569669545628408 ], [ 26.47712591701006, 37.569674018238395 ] ] ] ] } },
{ "type": "Feature", "properties": { "fid": 216.0, "id_fourni": 215.0, "area_m2": 142.47715316216889, "pa_ratio": 0.331801718784694, "shape_inde": 1.1172395824874899, "_depthmean": 0.0, "Pres_Dro": 1 }, "geometry": { "type": "MultiPolygon", "coordinates": [ [ [ [ 26.476442924325369, 37.569708570065188 ], [ 26.476481116216043, 37.56970006739278 ], [ 26.476492091769494, 37.569688553339503 ], [ 26.476494018815629, 37.569672663138427 ], [ 26.476477757813516, 37.569661028303649 ], [ 26.476457885510396, 37.569646486770189 ], [ 26.476400003474019, 37.569614432569168 ], [ 26.476321723030672, 37.569642992160908 ], [ 26.47627778023892, 37.569694829486771 ], [ 26.4763393747787, 37.569715337490656 ], [ 26.476393807444648, 37.569721360291659 ], [ 26.476442924325369, 37.569708570065188 ] ] ] ] } },
{ "type": "Feature", "properties": { "fid": 217.0, "id_fourni": 216.0, "area_m2": 2.468472604793249, "pa_ratio": 2.5047842298690188, "shape_inde": 1.110144583148837, "_depthmean": 0.0, "Pres_Dro": 1 }, "geometry": { "type": "MultiPolygon", "coordinates": [ [ [ [ 26.476515342743564, 37.569739243363813 ], [ 26.476524502526011, 37.569727721255909 ], [ 26.476511832587367, 37.569721883711722 ], [ 26.476502753730124, 37.569721843452818 ], [ 26.476502672803701, 37.569733405818603 ], [ 26.476515342743564, 37.569739243363813 ] ] ] ] } },
{ "type": "Feature", "properties": { "fid": 218.0, "id_fourni": 217.0, "area_m2": 13.023764316841151, "pa_ratio": 1.128249439729675, "shape_inde": 1.148599065871635, "_depthmean": 0.0, "Pres_Dro": 1 }, "geometry": { "type": "MultiPolygon", "coordinates": [ [ [ [ 26.476742926774193, 37.56991224784597 ], [ 26.476722821785671, 37.569930948158671 ], [ 26.476748181991152, 37.569939732609328 ], [ 26.476789985299224, 37.569934136525568 ], [ 26.476786464960174, 37.569918222177428 ], [ 26.476770163416351, 37.569912368565653 ], [ 26.476742926774193, 37.56991224784597 ] ] ] ] } },
{ "type": "Feature", "properties": { "fid": 219.0, "id_fourni": 218.0, "area_m2": 1.31137607109807, "pa_ratio": 3.5562062568219752, "shape_inde": 1.148803201222943, "_depthmean": 0.0, "Pres_Dro": 1 }, "geometry": { "type": "MultiPolygon", "coordinates": [ [ [ [ 26.476797517321049, 37.570155307006971 ], [ 26.476797426328655, 37.570168314668152 ], [ 26.476808321022894, 37.570168362952039 ], [ 26.476808401903341, 37.570156800586517 ], [ 26.476797517321049, 37.570155307006971 ] ] ] ] } },
{ "type": "Feature", "properties": { "fid": 220.0, "id_fourni": 219.0, "area_m2": 133.37466043089242, "pa_ratio": 0.37962723678728999, "shape_inde": 1.236770435825125, "_depthmean": 0.0, "Pres_Dro": 1 }, "geometry": { "type": "MultiPolygon", "coordinates": [ [ [ [ 26.476726590593483, 37.570170891389765 ], [ 26.476717724029353, 37.570140499937935 ], [ 26.476683315189856, 37.570127339348154 ], [ 26.476647060242104, 37.570118506585708 ], [ 26.476632523879751, 37.570119887482868 ], [ 26.476641754484334, 37.570098248297192 ], [ 26.476640110629468, 37.570073670221042 ], [ 26.476594786928054, 37.570063351897701 ], [ 26.476571100874352, 37.570074809604179 ], [ 26.476543833828504, 37.570079024725047 ], [ 26.476530931175233, 37.570106428982591 ], [ 26.476536247018785, 37.570125241980193 ], [ 26.476566902891197, 37.570155730058481 ], [ 26.476606748955831, 37.570170360128813 ], [ 26.476641147687989, 37.570184966036535 ], [ 26.476681105020731, 37.570183697829762 ], [ 26.476726590593483, 37.570170891389765 ] ] ] ] } },
{ "type": "Feature", "properties": { "fid": 221.0, "id_fourni": 220.0, "area_m2": 2.9955943590985381, "pa_ratio": 2.2917318388329342, "shape_inde": 1.1189234312330909, "_depthmean": 0.0, "Pres_Dro": 1 }, "geometry": { "type": "MultiPolygon", "coordinates": [ [ [ [ 26.476685323107127, 37.570099886779531 ], [ 26.476698094244849, 37.570091271348517 ], [ 26.476694513245047, 37.570084028772236 ], [ 26.47667999711522, 37.570082519083961 ], [ 26.476670806974422, 37.570098377090069 ], [ 26.476685323107127, 37.570099886779531 ] ] ] ] } },
{ "type": "Feature", "properties": { "fid": 222.0, "id_fourni": 221.0, "area_m2": 34.34005379013545, "pa_ratio": 0.88415834849257102, "shape_inde": 1.4615901433467939, "_depthmean": 0.0, "Pres_Dro": 1 }, "geometry": { "type": "MultiPolygon", "coordinates": [ [ [ [ 26.476481348694222, 37.570185702841258 ], [ 26.476461273916829, 37.570200067220711 ], [ 26.476452093832076, 37.570214479913453 ], [ 26.476419419848739, 37.570212889664433 ], [ 26.476408363263818, 37.570235966073909 ], [ 26.476426369340874, 37.570257726040161 ], [ 26.476460909712451, 37.570252097862046 ], [ 26.476493654527104, 37.570243571030538 ], [ 26.47649389731486, 37.570208883936132 ], [ 26.476477474333752, 37.570220373831148 ], [ 26.47646844599927, 37.570213107091185 ], [ 26.476486694879522, 37.570200179953993 ], [ 26.476490427607722, 37.570185743102222 ], [ 26.476481348694222, 37.570185702841258 ] ] ] ] } },
{ "type": "Feature", "properties": { "fid": 223.0, "id_fourni": 222.0, "area_m2": 2.3399063233814941, "pa_ratio": 2.633322449839723, "shape_inde": 1.136313967837997, "_depthmean": 0.0, "Pres_Dro": 1 }, "geometry": { "type": "MultiPolygon", "coordinates": [ [ [ [ 26.476390508969384, 37.570192526671214 ], [ 26.476379523207168, 37.570205486008973 ], [ 26.476390367315354, 37.570212760809369 ], [ 26.476403148624001, 37.570202700115253 ], [ 26.476390508969384, 37.570192526671214 ] ] ] ] } },
{ "type": "Feature", "properties": { "fid": 224.0, "id_fourni": 223.0, "area_m2": 64.887402275506616, "pa_ratio": 0.60482644798109197, "shape_inde": 1.374377496951509, "_depthmean": 0.0, "Pres_Dro": 1 }, "geometry": { "type": "MultiPolygon", "coordinates": [ [ [ [ 26.476615033576742, 37.570024417468282 ], [ 26.476633201478418, 37.570023052672973 ], [ 26.476631213771309, 37.570047614649596 ], [ 26.476669345138699, 37.570047783692004 ], [ 26.476680340940014, 37.570033379030669 ], [ 26.476680512852095, 37.570008809003888 ], [ 26.476660599966149, 37.570000048687213 ], [ 26.476660690981781, 37.569987041025946 ], [ 26.476689834439266, 37.569974162152484 ], [ 26.476699014448378, 37.569959749440116 ], [ 26.476691832237119, 37.569948154878688 ], [ 26.476670123814415, 37.569936495923223 ], [ 26.476641010707961, 37.569945038904876 ], [ 26.476620824776397, 37.569975301565407 ], [ 26.47658244058734, 37.570011264899527 ], [ 26.476615033576742, 37.570024417468282 ] ] ] ] } },
{ "type": "Feature", "properties": { "fid": 225.0, "id_fourni": 224.0, "area_m2": 44.71535270687589, "pa_ratio": 0.60054655884069297, "shape_inde": 1.1328439278610749, "_depthmean": 0.0, "Pres_Dro": 1 }, "geometry": { "type": "MultiPolygon", "coordinates": [ [ [ [ 26.476593749938058, 37.569952056080076 ], [ 26.476624587807628, 37.569956528821464 ], [ 26.476635664510358, 37.569930561798422 ], [ 26.476635775756698, 37.56991466354566 ], [ 26.476635967909253, 37.569887202927099 ], [ 26.476603415431256, 37.569868269181413 ], [ 26.47658688128563, 37.569895657345754 ], [ 26.476568703299584, 37.569898467429901 ], [ 26.476557586119295, 37.569930215629405 ], [ 26.476593749938058, 37.569952056080076 ] ] ] ] } },
{ "type": "Feature", "properties": { "fid": 226.0, "id_fourni": 225.0, "area_m2": 179.10568676465559, "pa_ratio": 0.395704876868544, "shape_inde": 1.493898731191688, "_depthmean": 0.0, "Pres_Dro": 1 }, "geometry": { "type": "MultiPolygon", "coordinates": [ [ [ [ 26.476442989859262, 37.569958614271464 ], [ 26.476404899009815, 37.569952663973709 ], [ 26.476381607573394, 37.569907755112155 ], [ 26.476327002745542, 37.569926302330536 ], [ 26.476335606029092, 37.569994271497684 ], [ 26.476306371426467, 37.570020157943588 ], [ 26.47626986356617, 37.570047457455871 ], [ 26.476238752413892, 37.570082007602458 ], [ 26.476284146916946, 37.570082208993071 ], [ 26.476338620321204, 37.570082450638772 ], [ 26.47634057776823, 37.570062224554782 ], [ 26.476357071566262, 37.570040617609109 ], [ 26.476378729377945, 37.57005950309987 ], [ 26.476413401190598, 37.570035086091742 ], [ 26.476453530432835, 37.57000924793558 ], [ 26.476475542335184, 37.56997754806109 ], [ 26.476473959235779, 37.569944298208583 ], [ 26.476442989859262, 37.569958614271464 ] ] ] ] } },
{ "type": "Feature", "properties": { "fid": 227.0, "id_fourni": 226.0, "area_m2": 10.902420671535756, "pa_ratio": 1.256620412427333, "shape_inde": 1.1704709671167011, "_depthmean": 0.0, "Pres_Dro": 1 }, "geometry": { "type": "MultiPolygon", "coordinates": [ [ [ [ 26.476425853348903, 37.570331436114095 ], [ 26.47642759831281, 37.57034156123612 ], [ 26.476414796748006, 37.570354512523608 ], [ 26.476421938484005, 37.570371888283233 ], [ 26.476438341272537, 37.570363288987672 ], [ 26.476451051781563, 37.570363345357663 ], [ 26.476454764291248, 37.570351799098667 ], [ 26.476454855343835, 37.570338791438608 ], [ 26.476447652900724, 37.570330087454217 ], [ 26.476425853348903, 37.570331436114095 ] ] ] ] } },
{ "type": "Feature", "properties": { "fid": 228.0, "id_fourni": 227.0, "area_m2": 5.2069344010542764, "pa_ratio": 1.689047582553479, "shape_inde": 1.0872464679815319, "_depthmean": 0.0, "Pres_Dro": 1 }, "geometry": { "type": "MultiPolygon", "coordinates": [ [ [ [ 26.476318843397909, 37.570313617383725 ], [ 26.476328003281843, 37.570302095292952 ], [ 26.476328043759388, 37.570296314110777 ], [ 26.476311742170136, 37.570290460435722 ], [ 26.476291687572349, 37.570301934194539 ], [ 26.476304327231709, 37.570312107649009 ], [ 26.476318843397909, 37.570313617383725 ] ] ] ] } },
{ "type": "Feature", "properties": { "fid": 229.0, "id_fourni": 228.0, "area_m2": 2.918454590000406, "pa_ratio": 2.2859917690246911, "shape_inde": 1.1016564980365431, "_depthmean": 0.0, "Pres_Dro": 1 }, "geometry": { "type": "MultiPolygon", "coordinates": [ [ [ [ 26.476262543919063, 37.570314812967517 ], [ 26.47627528478073, 37.570310533469801 ], [ 26.476273529717702, 37.570301853641141 ], [ 26.476264501393484, 37.570294586885758 ], [ 26.476249924506789, 37.570301748917558 ], [ 26.476262543919063, 37.570314812967517 ] ] ] ] } },
{ "type": "Feature", "properties": { "fid": 230.0, "id_fourni": 229.0, "area_m2": 1.311376071056068, "pa_ratio": 3.4440475298011628, "shape_inde": 1.1125712463235931, "_depthmean": 0.0, "Pres_Dro": 1 }, "geometry": { "type": "MultiPolygon", "coordinates": [ [ [ [ 26.476253697769188, 37.570281530891798 ], [ 26.476259104641219, 37.570287336241115 ], [ 26.476270009472358, 37.570285939279273 ], [ 26.476268254410499, 37.570277259450528 ], [ 26.476253728131628, 37.570277195005197 ], [ 26.476253697769188, 37.570281530891798 ] ] ] ] } },
{ "type": "Feature", "properties": { "fid": 231.0, "id_fourni": 230.0, "area_m2": 1.002816995545583, "pa_ratio": 4.1108212226875578, "shape_inde": 1.1612734602920849, "_depthmean": 0.0, "Pres_Dro": 1 }, "geometry": { "type": "MultiPolygon", "coordinates": [ [ [ [ 26.476228226173259, 37.570288644585766 ], [ 26.476228307143721, 37.570277082221544 ], [ 26.4762173820701, 37.570281369770598 ], [ 26.476217331462504, 37.570288596248211 ], [ 26.476228226173259, 37.570288644585766 ] ] ] ] } },
{ "type": "Feature", "properties": { "fid": 232.0, "id_fourni": 231.0, "area_m2": 1.9413508502639489, "pa_ratio": 2.7982306411164268, "shape_inde": 1.0998427364639951, "_depthmean": 0.0, "Pres_Dro": 1 }, "geometry": { "type": "MultiPolygon", "coordinates": [ [ [ [ 26.476235631010084, 37.570268442672813 ], [ 26.476242944753732, 37.570261248419186 ], [ 26.476233906316182, 37.57025542695699 ], [ 26.476223011610262, 37.570255378619997 ], [ 26.476222930639043, 37.57026694098424 ], [ 26.476235631010084, 37.570268442672813 ] ] ] ] } },
{ "type": "Feature", "properties": { "fid": 233.0, "id_fourni": 232.0, "area_m2": 1.131383276994673, "pa_ratio": 3.659163678038182, "shape_inde": 1.0979480251683811, "_depthmean": 0.0, "Pres_Dro": 1 }, "geometry": { "type": "MultiPolygon", "coordinates": [ [ [ [ 26.476107115248084, 37.570210058802182 ], [ 26.476116184040563, 37.570211544387469 ], [ 26.476121692130267, 37.570202896787869 ], [ 26.476118080811055, 37.570199990081164 ], [ 26.476108991772765, 37.570201395087082 ], [ 26.476107115248084, 37.570210058802182 ] ] ] ] } },
{ "type": "Feature", "properties": { "fid": 234.0, "id_fourni": 233.0, "area_m2": 2.7513184239812469, "pa_ratio": 2.7189868764667011, "shape_inde": 1.2722504337234919, "_depthmean": 0.0, "Pres_Dro": 1 }, "geometry": { "type": "MultiPolygon", "coordinates": [ [ [ [ 26.475969632168017, 37.570135736241767 ], [ 26.475980597738332, 37.570125667533453 ], [ 26.475973405497175, 37.570115518224888 ], [ 26.475962510812089, 37.570115469864021 ], [ 26.475957002710619, 37.57012411745621 ], [ 26.475966081615898, 37.570124157757441 ], [ 26.475960583640614, 37.570131360054305 ], [ 26.475969632168017, 37.570135736241767 ] ] ] ] } },
{ "type": "Feature", "properties": { "fid": 235.0, "id_fourni": 234.0, "area_m2": 3.1884437813328428, "pa_ratio": 2.150233535027537, "shape_inde": 1.0831038030954461, "_depthmean": 0.0, "Pres_Dro": 1 }, "geometry": { "type": "MultiPolygon", "coordinates": [ [ [ [ 26.475792647917562, 37.569997643145285 ], [ 26.47579455486175, 37.569984643548622 ], [ 26.475789158177303, 37.569977392882642 ], [ 26.475778263512662, 37.569977344504913 ], [ 26.475774571178, 37.569986000151765 ], [ 26.475779937472026, 37.569997586704886 ], [ 26.475792647917562, 37.569997643145285 ] ] ] ] } },
{ "type": "Feature", "properties": { "fid": 236.0, "id_fourni": 235.0, "area_m2": 0.87425071451184699, "pa_ratio": 4.1871501342162878, "shape_inde": 1.1044132265807129, "_depthmean": 0.0, "Pres_Dro": 1 }, "geometry": { "type": "MultiPolygon", "coordinates": [ [ [ [ 26.475767227026537, 37.569997530263045 ], [ 26.47576727767709, 37.569990303785623 ], [ 26.475763666381955, 37.569987397068182 ], [ 26.475756372880291, 37.569991700701358 ], [ 26.475756332359001, 37.569997481883313 ], [ 26.475767227026537, 37.569997530263045 ] ] ] ] } },
{ "type": "Feature", "properties": { "fid": 237.0, "id_fourni": 236.0, "area_m2": 9.6167578558874638, "pa_ratio": 1.248880248750422, "shape_inde": 1.0925220367127011, "_depthmean": 0.0, "Pres_Dro": 1 }, "geometry": { "type": "MultiPolygon", "coordinates": [ [ [ [ 26.476014945698708, 37.570147500100205 ], [ 26.47602591126472, 37.570137431387678 ], [ 26.476024146109314, 37.570130196850826 ], [ 26.476022421455152, 37.570117181131891 ], [ 26.475987921618096, 37.570117028 ], [ 26.475987749477838, 37.570141598023632 ], [ 26.476014945698708, 37.570147500100205 ] ] ] ] } },
{ "type": "Feature", "properties": { "fid": 238.0, "id_fourni": 237.0, "area_m2": 4.5255331091174176, "pa_ratio": 1.9511864578772089, "shape_inde": 1.170924018124089, "_depthmean": 0.0, "Pres_Dro": 1 }, "geometry": { "type": "MultiPolygon", "coordinates": [ [ [ [ 26.476111111261861, 37.570158044279388 ], [ 26.476105775276007, 37.570142121854573 ], [ 26.476103989865443, 37.570137777909942 ], [ 26.476085791555175, 37.570143478510076 ], [ 26.476078417063231, 37.570159344527248 ], [ 26.476111111261861, 37.570158044279388 ] ] ] ] } },
{ "type": "Feature", "properties": { "fid": 239.0, "id_fourni": 238.0, "area_m2": 6.1068983711045703, "pa_ratio": 1.8884317463890621, "shape_inde": 1.3164570877166359, "_depthmean": 0.0, "Pres_Dro": 1 }, "geometry": { "type": "MultiPolygon", "coordinates": [ [ [ [ 26.476062125648134, 37.570152045522455 ], [ 26.476071265302696, 37.570143414042484 ], [ 26.47607854867724, 37.570140555685434 ], [ 26.476091279395465, 37.570137721502846 ], [ 26.476096807730091, 37.570126183313235 ], [ 26.476082311853176, 37.570121782960427 ], [ 26.476060421235879, 37.570136139212991 ], [ 26.476047619643559, 37.570149090460873 ], [ 26.476062125648134, 37.570152045522455 ] ] ] ] } },
{ "type": "Feature", "properties": { "fid": 240.0, "id_fourni": 239.0, "area_m2": 3.0727341277253131, "pa_ratio": 2.2523351541391841, "shape_inde": 1.1137573299749359, "_depthmean": 0.0, "Pres_Dro": 1 }, "geometry": { "type": "MultiPolygon", "coordinates": [ [ [ [ 26.476152904614423, 37.570153893718256 ], [ 26.476156617159241, 37.570142347468469 ], [ 26.476147558497104, 37.570139416590798 ], [ 26.47613118609442, 37.570143679959799 ], [ 26.476131105109324, 37.570155242324063 ], [ 26.476152904614423, 37.570153893718256 ] ] ] ] } },
{ "type": "Feature", "properties": { "fid": 241.0, "id_fourni": 240.0, "area_m2": 1.4399423525424939, "pa_ratio": 3.3546985764391062, "shape_inde": 1.135588864489294, "_depthmean": 0.0, "Pres_Dro": 1 }, "geometry": { "type": "MultiPolygon", "coordinates": [ [ [ [ 26.476125819735575, 37.570132093422458 ], [ 26.476127716502425, 37.570120539115848 ], [ 26.476113180130845, 37.570121919948967 ], [ 26.476113109266521, 37.570132037017736 ], [ 26.476125819735575, 37.570132093422458 ] ] ] ] } },
{ "type": "Feature", "properties": { "fid": 242.0, "id_fourni": 241.0, "area_m2": 26.716073297016894, "pa_ratio": 0.83088345844493905, "shape_inde": 1.211494631789005, "_depthmean": 0.0, "Pres_Dro": 1 }, "geometry": { "type": "MultiPolygon", "coordinates": [ [ [ [ 26.476216386128581, 37.570164292775772 ], [ 26.476199952993351, 37.570177227927552 ], [ 26.476170809373397, 37.570190106678403 ], [ 26.476186979342611, 37.570214749214713 ], [ 26.476216021754315, 37.57021632341538 ], [ 26.476225161399221, 37.570207691923542 ], [ 26.476252428509138, 37.570203476876813 ], [ 26.476256171403392, 37.570187594737234 ], [ 26.476239819238234, 37.570188967530129 ], [ 26.476243501408554, 37.570181757164278 ], [ 26.476239971053918, 37.570167288096833 ], [ 26.476216386128581, 37.570164292775772 ] ] ] ] } },
{ "type": "Feature", "properties": { "fid": 243.0, "id_fourni": 242.0, "area_m2": 4.1269776367092419, "pa_ratio": 1.908374598392774, "shape_inde": 1.0936409235266999, "_depthmean": 0.0, "Pres_Dro": 1 }, "geometry": { "type": "MultiPolygon", "coordinates": [ [ [ [ 26.476200104820521, 37.570155548494355 ], [ 26.476207459043039, 37.570142573060473 ], [ 26.476200256647534, 37.570133869061053 ], [ 26.476183914615305, 37.570133796550749 ], [ 26.476183772905681, 37.570154030688428 ], [ 26.476200104820521, 37.570155548494355 ] ] ] ] } },
{ "type": "Feature", "properties": { "fid": 244.0, "id_fourni": 243.0, "area_m2": 4.7312391593612917, "pa_ratio": 1.793153719217971, "shape_inde": 1.1002719471084479, "_depthmean": 0.0, "Pres_Dro": 1 }, "geometry": { "type": "MultiPolygon", "coordinates": [ [ [ [ 26.476236511548311, 37.570142701960343 ], [ 26.476243855642299, 37.570131171819696 ], [ 26.476229410361693, 37.570119545007053 ], [ 26.476214884113546, 37.57011948055716 ], [ 26.47621476265541, 37.570136824103905 ], [ 26.476236511548311, 37.570142701960343 ] ] ] ] } },
{ "type": "Feature", "properties": { "fid": 245.0, "id_fourni": 244.0, "area_m2": 586.71222564354105, "pa_ratio": 0.21346440326128299, "shape_inde": 1.4585895595617351, "_depthmean": 0.0, "Pres_Dro": 1 }, "geometry": { "type": "MultiPolygon", "coordinates": [ [ [ [ 26.475988306401479, 37.570062106770351 ], [ 26.476004688919705, 37.570056398125516 ], [ 26.476004547161988, 37.570076632262882 ], [ 26.476015300086583, 37.570096914757173 ], [ 26.476047852512615, 37.570115848663932 ], [ 26.476076986000127, 37.570104415238767 ], [ 26.476089929314401, 37.570071229849916 ], [ 26.476064751382427, 37.570036429938497 ], [ 26.476079388979119, 37.570020596155622 ], [ 26.476115714674172, 37.570019312022772 ], [ 26.476132087050402, 37.57001504865562 ], [ 26.476108562918718, 37.570003381539912 ], [ 26.476119548697472, 37.569990422227036 ], [ 26.476159495810467, 37.569990599491689 ], [ 26.476194015833869, 37.569987861981843 ], [ 26.476203297156534, 37.569958996352803 ], [ 26.47617805847581, 37.569932868238404 ], [ 26.476194643387938, 37.569898253654607 ], [ 26.476214940805459, 37.569852092815829 ], [ 26.476195119112557, 37.56983032476046 ], [ 26.476124050848462, 37.569866142922059 ], [ 26.476071352881675, 37.569871690419376 ], [ 26.475998914270043, 37.569843907440692 ], [ 26.475924740955083, 37.569804553992483 ], [ 26.475895050544889, 37.569895478636788 ], [ 26.47591651578049, 37.569941824826842 ], [ 26.475910946922834, 37.569959144190406 ], [ 26.475890487244705, 37.57002842970261 ], [ 26.475917480872056, 37.57006323771153 ], [ 26.475957336884456, 37.570076422704517 ], [ 26.475979055360906, 37.570086636494707 ], [ 26.475995458136694, 37.570078037260174 ], [ 26.475988306401479, 37.570062106770351 ] ] ] ] } },
{ "type": "Feature", "properties": { "fid": 246.0, "id_fourni": 245.0, "area_m2": 22.910511364126389, "pa_ratio": 1.066113584539961, "shape_inde": 1.439514144602513, "_depthmean": 0.0, "Pres_Dro": 1 }, "geometry": { "type": "MultiPolygon", "coordinates": [ [ [ [ 26.476296695459244, 37.570105390108729 ], [ 26.476294748119045, 37.570124170896186 ], [ 26.476241918409105, 37.570148507310527 ], [ 26.476258169358537, 37.570161587472903 ], [ 26.476329197364581, 37.57013155041637 ], [ 26.476334907807502, 37.570093996894656 ], [ 26.476296695459244, 37.570105390108729 ] ] ] ] } },
{ "type": "Feature", "properties": { "fid": 247.0, "id_fourni": 246.0, "area_m2": 13.435176416824874, "pa_ratio": 1.051006967987034, "shape_inde": 1.086731736150915, "_depthmean": 0.0, "Pres_Dro": 1 }, "geometry": { "type": "MultiPolygon", "coordinates": [ [ [ [ 26.476704623571951, 37.569936648855133 ], [ 26.476724779124428, 37.569910722066943 ], [ 26.476724870128603, 37.569897714405343 ], [ 26.476708578706038, 37.569890415489404 ], [ 26.476684892724577, 37.569901873219564 ], [ 26.476679283597665, 37.56992497380373 ], [ 26.476704623571951, 37.569936648855133 ] ] ] ] } },
{ "type": "Feature", "properties": { "fid": 248.0, "id_fourni": 247.0, "area_m2": 7.8939696849643459, "pa_ratio": 1.411045853532418, "shape_inde": 1.1183659139621269, "_depthmean": 0.0, "Pres_Dro": 1 }, "geometry": { "type": "MultiPolygon", "coordinates": [ [ [ [ 26.476470884088908, 37.569864790841777 ], [ 26.476476442693567, 37.569848916746217 ], [ 26.476476533740733, 37.569835909085008 ], [ 26.476447481353496, 37.569835780245043 ], [ 26.476445473357241, 37.569863232810278 ], [ 26.476470884088908, 37.569864790841777 ] ] ] ] } },
{ "type": "Feature", "properties": { "fid": 249.0, "id_fourni": 248.0, "area_m2": 12.35521965249851, "pa_ratio": 1.2808415278083261, "shape_inde": 1.270035040305826, "_depthmean": 0.0, "Pres_Dro": 1 }, "geometry": { "type": "MultiPolygon", "coordinates": [ [ [ [ 26.476347441753436, 37.569859907329487 ], [ 26.476347300089451, 37.569880141468637 ], [ 26.476369139984623, 37.569873011639572 ], [ 26.476385623613965, 37.5698528499845 ], [ 26.476385805739845, 37.569826834662436 ], [ 26.476365832226318, 37.56982674607044 ], [ 26.476363905148609, 37.569842636268781 ], [ 26.476347441753436, 37.569859907329487 ] ] ] ] } },
{ "type": "Feature", "properties": { "fid": 250.0, "id_fourni": 249.0, "area_m2": 40.26695936722529, "pa_ratio": 0.72427624238925503, "shape_inde": 1.29650359693921, "_depthmean": 0.0, "Pres_Dro": 1 }, "geometry": { "type": "MultiPolygon", "coordinates": [ [ [ [ 26.476517507533316, 37.569948827343502 ], [ 26.47654840608676, 37.569944628330688 ], [ 26.476550333128188, 37.56992873812932 ], [ 26.476532266401119, 37.569915649955256 ], [ 26.476537733959983, 37.569912783518049 ], [ 26.476525205605146, 37.569886711835558 ], [ 26.47652544837516, 37.569852024738864 ], [ 26.47649276443223, 37.56985187980694 ], [ 26.476487054088413, 37.569889433338574 ], [ 26.476486780951731, 37.569928456321826 ], [ 26.476517507533316, 37.569948827343502 ] ] ] ] } },
{ "type": "Feature", "properties": { "fid": 251.0, "id_fourni": 250.0, "area_m2": 2.33990632341883, "pa_ratio": 2.638878557722355, "shape_inde": 1.138711502943565, "_depthmean": 0.0, "Pres_Dro": 1 }, "geometry": { "type": "MultiPolygon", "coordinates": [ [ [ [ 26.475901088218254, 37.57007039163971 ], [ 26.475906616577007, 37.570058853459066 ], [ 26.475895762410907, 37.570053023910084 ], [ 26.475883041827849, 37.57005441277618 ], [ 26.475892029575057, 37.570067460742557 ], [ 26.475901088218254, 37.57007039163971 ] ] ] ] } },
{ "type": "Feature", "properties": { "fid": 252.0, "id_fourni": 251.0, "area_m2": 1.157096533667177, "pa_ratio": 3.734579213364138, "shape_inde": 1.1332390722336221, "_depthmean": 0.0, "Pres_Dro": 1 }, "geometry": { "type": "MultiPolygon", "coordinates": [ [ [ [ 26.475862875817686, 37.570081784713025 ], [ 26.475872005358269, 37.570074598543997 ], [ 26.475862966972308, 37.570068777053606 ], [ 26.475853847560039, 37.570074517926457 ], [ 26.475862875817686, 37.570081784713025 ] ] ] ] } },
{ "type": "Feature", "properties": { "fid": 253.0, "id_fourni": 252.0, "area_m2": 1.18280979019034, "pa_ratio": 3.7303685153055439, "shape_inde": 1.1444695974432659, "_depthmean": 0.0, "Pres_Dro": 1 }, "geometry": { "type": "MultiPolygon", "coordinates": [ [ [ [ 26.475955348953914, 37.570100984667839 ], [ 26.475968079669897, 37.570098150498488 ], [ 26.475969915702791, 37.570095267967574 ], [ 26.475969946081488, 37.570090932081065 ], [ 26.475955419839504, 37.570090867599305 ], [ 26.475955348953914, 37.570100984667839 ] ] ] ] } },
{ "type": "Feature", "properties": { "fid": 254.0, "id_fourni": 253.0, "area_m2": 7.5854106086231523, "pa_ratio": 1.386630861984665, "shape_inde": 1.0773218726436851, "_depthmean": 0.0, "Pres_Dro": 1 }, "geometry": { "type": "MultiPolygon", "coordinates": [ [ [ [ 26.475803866725968, 37.56995144206563 ], [ 26.475818362553202, 37.56995584245238 ], [ 26.475838417129218, 37.569944368773136 ], [ 26.475838488030231, 37.569934251704503 ], [ 26.475818555006157, 37.56992838183762 ], [ 26.475798551078874, 37.569932629035961 ], [ 26.475803866725968, 37.56995144206563 ] ] ] ] } },
{ "type": "Feature", "properties": { "fid": 255.0, "id_fourni": 254.0, "area_m2": 1.774214684678814, "pa_ratio": 3.0417187066037168, "shape_inde": 1.142923602497802, "_depthmean": 0.0, "Pres_Dro": 1 }, "geometry": { "type": "MultiPolygon", "coordinates": [ [ [ [ 26.475808014873877, 37.569877748119431 ], [ 26.475806290262661, 37.569864732397107 ], [ 26.4757917336762, 37.569869003782102 ], [ 26.475791662769041, 37.569879120850779 ], [ 26.475808014873877, 37.569877748119431 ] ] ] ] } },
{ "type": "Feature", "properties": { "fid": 256.0, "id_fourni": 255.0, "area_m2": 1.915637594016133, "pa_ratio": 2.9182173487767979, "shape_inde": 1.1393820643335031, "_depthmean": 0.0, "Pres_Dro": 1 }, "geometry": { "type": "MultiPolygon", "coordinates": [ [ [ [ 26.475697627460512, 37.5698237803174 ], [ 26.475703165963143, 37.569810796850369 ], [ 26.475690475812613, 37.569807849809521 ], [ 26.475683121534381, 37.569820825211494 ], [ 26.475697627460512, 37.5698237803174 ] ] ] ] } },
{ "type": "Feature", "properties": { "fid": 257.0, "id_fourni": 256.0, "area_m2": 3.2912968064874479, "pa_ratio": 2.2544738273570362, "shape_inde": 1.1537820816581461, "_depthmean": 0.0, "Pres_Dro": 1 }, "geometry": { "type": "MultiPolygon", "coordinates": [ [ [ [ 26.475788456664322, 37.569818402312841 ], [ 26.475806604270907, 37.569819928235518 ], [ 26.475810256076581, 37.569817053769519 ], [ 26.475804950566335, 37.56979679544424 ], [ 26.475794025539397, 37.569801082954804 ], [ 26.475788456664322, 37.569818402312841 ] ] ] ] } },
{ "type": "Feature", "properties": { "fid": 258.0, "id_fourni": 257.0, "area_m2": 2.237053298520904, "pa_ratio": 2.618732313477282, "shape_inde": 1.104903478560636, "_depthmean": 0.0, "Pres_Dro": 1 }, "geometry": { "type": "MultiPolygon", "coordinates": [ [ [ [ 26.475844593717415, 37.569840331681057 ], [ 26.475855559260648, 37.569830262983658 ], [ 26.475851958098112, 37.569825910973321 ], [ 26.475833800360309, 37.569825830353139 ], [ 26.475833729458945, 37.569835947421971 ], [ 26.475844593717415, 37.569840331681057 ] ] ] ] } },
{ "type": "Feature", "properties": { "fid": 259.0, "id_fourni": 258.0, "area_m2": 1245.38299904478, "pa_ratio": 0.18598464381444299, "shape_inde": 1.851499596376508, "_depthmean": 0.0, "Pres_Dro": 1 }, "geometry": { "type": "MultiPolygon", "coordinates": [ [ [ [ 26.475861199018738, 37.569802826553463 ], [ 26.475921230933292, 37.569787194324043 ], [ 26.475955842008116, 37.569771449222856 ], [ 26.475965265161317, 37.569722349473594 ], [ 26.475932854701789, 37.569683181405836 ], [ 26.475872873513136, 37.569691587164137 ], [ 26.4758694242765, 37.569665555720412 ], [ 26.475891497087709, 37.569625184180445 ], [ 26.475842562483738, 37.569611958856605 ], [ 26.475809686195358, 37.56963927435261 ], [ 26.475808062880713, 37.569611805673894 ], [ 26.475773644316721, 37.569600090116417 ], [ 26.475724770535241, 37.569578192970511 ], [ 26.47573037992915, 37.569555092432367 ], [ 26.475730623064859, 37.569520405338153 ], [ 26.475703386569961, 37.569520284379678 ], [ 26.475678077289786, 37.569504273228006 ], [ 26.475667689286634, 37.569431960060797 ], [ 26.475609605099582, 37.569428811386878 ], [ 26.475536984671582, 37.569427043447668 ], [ 26.475520936700629, 37.569385057274992 ], [ 26.475419659438511, 37.569326793662874 ], [ 26.475330545187543, 37.569346632413733 ], [ 26.4752794503693, 37.569382538836386 ], [ 26.475244869755361, 37.569393947854067 ], [ 26.475257316463725, 37.569431582034682 ], [ 26.475255389161909, 37.569447472214293 ], [ 26.475209751675063, 37.569481957522747 ], [ 26.475253066404733, 37.569519728918074 ], [ 26.475252660809229, 37.569577540737242 ], [ 26.475296168257909, 37.569587851502732 ], [ 26.475301929868863, 37.569543071553689 ], [ 26.475349251323028, 37.569527383121091 ], [ 26.475365836525206, 37.569492768653575 ], [ 26.475442189905021, 37.569480099879414 ], [ 26.475494877503699, 37.569475997956388 ], [ 26.475510945748663, 37.569515093540893 ], [ 26.475508825934487, 37.569558444340068 ], [ 26.475512173692085, 37.56959892874913 ], [ 26.475511920319466, 37.569635061137177 ], [ 26.475564547220582, 37.569639630957106 ], [ 26.475588000218238, 37.569661415249151 ], [ 26.475609556394925, 37.569694753835236 ], [ 26.475649493214469, 37.56969637656681 ], [ 26.475649290568764, 37.569725282477414 ], [ 26.475721850504378, 37.569735722122893 ], [ 26.475794481367199, 37.569736044654988 ], [ 26.475794268647753, 37.569766395861663 ], [ 26.475821272265943, 37.56979975859754 ], [ 26.475861199018738, 37.569802826553463 ] ] ] ] } },
{ "type": "Feature", "properties": { "fid": 260.0, "id_fourni": 259.0, "area_m2": 7.4825575833985418, "pa_ratio": 1.5245296535732069, "shape_inde": 1.176402606490409, "_depthmean": 0.0, "Pres_Dro": 1 }, "geometry": { "type": "MultiPolygon", "coordinates": [ [ [ [ 26.475768716145286, 37.569785071822452 ], [ 26.475779722209619, 37.569769221949834 ], [ 26.475779823507462, 37.569754768994351 ], [ 26.475769009915165, 37.569743158251605 ], [ 26.475747007915519, 37.569773412698353 ], [ 26.475768716145286, 37.569785071822452 ] ] ] ] } },
{ "type": "Feature", "properties": { "fid": 261.0, "id_fourni": 260.0, "area_m2": 2.147056900619829, "pa_ratio": 2.8280631044341749, "shape_inde": 1.1689769316868539, "_depthmean": 0.0, "Pres_Dro": 1 }, "geometry": { "type": "MultiPolygon", "coordinates": [ [ [ [ 26.475432077164179, 37.5696274796815 ], [ 26.475446653995807, 37.569620317749461 ], [ 26.47543037289666, 37.569611573362636 ], [ 26.475419397192383, 37.569623087316216 ], [ 26.475432077164179, 37.5696274796815 ] ] ] ] } },
{ "type": "Feature", "properties": { "fid": 262.0, "id_fourni": 261.0, "area_m2": 3.792705304250906, "pa_ratio": 2.0368997266955038, "shape_inde": 1.1190236556568161, "_depthmean": 0.0, "Pres_Dro": 1 }, "geometry": { "type": "MultiPolygon", "coordinates": [ [ [ [ 26.475348369312776, 37.56965312382885 ], [ 26.475361160801544, 37.569641617951426 ], [ 26.475359385583829, 37.569635828700108 ], [ 26.475346705614985, 37.569631436327057 ], [ 26.475328476956658, 37.569641472697874 ], [ 26.475348369312776, 37.56965312382885 ] ] ] ] } },
{ "type": "Feature", "properties": { "fid": 263.0, "id_fourni": 262.0, "area_m2": 2.211340042091078, "pa_ratio": 2.6514225201187451, "shape_inde": 1.112248359052149, "_depthmean": 0.0, "Pres_Dro": 1 }, "geometry": { "type": "MultiPolygon", "coordinates": [ [ [ [ 26.475330353556352, 37.569632808994896 ], [ 26.475339493230535, 37.569624177570994 ], [ 26.475335902246314, 37.569618380249558 ], [ 26.475319540051736, 37.569621198211408 ], [ 26.475317643173764, 37.56963275250515 ], [ 26.475330353556352, 37.569632808994896 ] ] ] ] } },
{ "type": "Feature", "properties": { "fid": 264.0, "id_fourni": 263.0, "area_m2": 3.149873896916783, "pa_ratio": 2.1891062160326502, "shape_inde": 1.0959947804622989, "_depthmean": 0.0, "Pres_Dro": 1 }, "geometry": { "type": "MultiPolygon", "coordinates": [ [ [ [ 26.475116305819611, 37.569601505352473 ], [ 26.475125465799163, 37.569589983354369 ], [ 26.475118273725307, 37.569579833994041 ], [ 26.475103696870647, 37.569586995885388 ], [ 26.475103605585559, 37.569600003544295 ], [ 26.475116305819611, 37.569601505352473 ] ] ] ] } },
{ "type": "Feature", "properties": { "fid": 265.0, "id_fourni": 264.0, "area_m2": 6.5954502416705001, "pa_ratio": 1.863654009235151, "shape_inde": 1.350151738716721, "_depthmean": 0.0, "Pres_Dro": 1 }, "geometry": { "type": "MultiPolygon", "coordinates": [ [ [ [ 26.475154345674003, 37.569614682541449 ], [ 26.475159874113039, 37.569603144395487 ], [ 26.475170789005084, 37.569600302238975 ], [ 26.47518349938186, 37.569600358744481 ], [ 26.475190813159841, 37.569593164555457 ], [ 26.475190884147548, 37.569583047487264 ], [ 26.475163627348945, 37.56958581699503 ], [ 26.475143522057472, 37.569604517037476 ], [ 26.475154345674003, 37.569614682541449 ] ] ] ] } },
{ "type": "Feature", "properties": { "fid": 266.0, "id_fourni": 265.0, "area_m2": 3.5098594853242528, "pa_ratio": 2.1731871138888832, "shape_inde": 1.1485160119158979, "_depthmean": -13.256999969482422, "Pres_Dro": 1 }, "geometry": { "type": "MultiPolygon", "coordinates": [ [ [ [ 26.474965597067978, 37.569600835184787 ], [ 26.474965505758838, 37.569613842843374 ], [ 26.474992742284581, 37.56961396397233 ], [ 26.474987406574847, 37.569598041497571 ], [ 26.474965597067978, 37.569600835184787 ] ] ] ] } },
{ "type": "Feature", "properties": { "fid": 267.0, "id_fourni": 266.0, "area_m2": 119.50235865729464, "pa_ratio": 0.45936953060754598, "shape_inde": 1.4165943072328919, "_depthmean": -11.885356234211313, "Pres_Dro": 1 }, "geometry": { "type": "MultiPolygon", "coordinates": [ [ [ [ 26.474914796148283, 37.569594827879172 ], [ 26.474923915572845, 37.569589087078498 ], [ 26.474938431569008, 37.56959059698184 ], [ 26.474963882754814, 37.569586374155293 ], [ 26.475007471324709, 37.569585122663646 ], [ 26.475031177746608, 37.569570774679761 ], [ 26.475031380630043, 37.569541868771239 ], [ 26.47500417456445, 37.569537411765154 ], [ 26.474966043467418, 37.569537242186847 ], [ 26.474962543825761, 37.569518437195441 ], [ 26.47493918236945, 37.569483645121565 ], [ 26.474906427569891, 37.569493616819585 ], [ 26.47490617390562, 37.56952974920479 ], [ 26.474875427644367, 37.569512268357684 ], [ 26.474844610363231, 37.569504904570408 ], [ 26.474840775875077, 37.569533794323554 ], [ 26.474864188037795, 37.569561359939463 ], [ 26.474882294973316, 37.569568667185237 ], [ 26.474882081884974, 37.56959901838831 ], [ 26.474914796148283, 37.569594827879172 ] ] ] ] } },
{ "type": "Feature", "properties": { "fid": 268.0, "id_fourni": 267.0, "area_m2": 48.212355563742555, "pa_ratio": 0.70855930062795303, "shape_inde": 1.387875299032703, "_depthmean": -4.0972268976867046, "Pres_Dro": 1 }, "geometry": { "type": "MultiPolygon", "coordinates": [ [ [ [ 26.475033490576163, 37.569499963278041 ], [ 26.475067898832304, 37.569513124345711 ], [ 26.475080670053266, 37.569504509089498 ], [ 26.475057166534995, 37.569489951174823 ], [ 26.475050096205248, 37.569462458264901 ], [ 26.475052064125986, 37.569440786907165 ], [ 26.475030325676368, 37.56943346353858 ], [ 26.475001202439206, 37.569443451412042 ], [ 26.474983136102257, 37.569430363002752 ], [ 26.47494863658774, 37.569430209569532 ], [ 26.474968386793265, 37.56946209490016 ], [ 26.475006355538063, 37.569485389204445 ], [ 26.475033490576163, 37.569499963278041 ] ] ] ] } },
{ "type": "Feature", "properties": { "fid": 269.0, "id_fourni": 268.0, "area_m2": 59.449048564880499, "pa_ratio": 0.50730231045864504, "shape_inde": 1.10340351343965, "_depthmean": -13.256999969482422, "Pres_Dro": 1 }, "geometry": { "type": "MultiPolygon", "coordinates": [ [ [ [ 26.474855809383598, 37.569461594171678 ], [ 26.474888594616338, 37.569447286601338 ], [ 26.474888696085191, 37.56943283364712 ], [ 26.474888878728951, 37.569406818329448 ], [ 26.474834405829398, 37.56940657601848 ], [ 26.474785339624876, 37.569412139098752 ], [ 26.474781373182541, 37.569459817690429 ], [ 26.474822993693888, 37.569480237618976 ], [ 26.474855809383598, 37.569461594171678 ] ] ] ] } },
{ "type": "Feature", "properties": { "fid": 270.0, "id_fourni": 269.0, "area_m2": 1096.5803848322919, "pa_ratio": 0.12172281699380701, "shape_inde": 1.1370702557294119, "_depthmean": -13.210039829304787, "Pres_Dro": 1 }, "geometry": { "type": "MultiPolygon", "coordinates": [ [ [ [ 26.474698233733907, 37.569404524835754 ], [ 26.474758488850121, 37.569357096697125 ], [ 26.474789377103203, 37.56935434343859 ], [ 26.474865466604779, 37.56937925271798 ], [ 26.474956244592804, 37.56938110182692 ], [ 26.474996424702809, 37.569348037687071 ], [ 26.475009845151273, 37.569246923527075 ], [ 26.474885105679867, 37.569168320348915 ], [ 26.474794622261768, 37.569124557618466 ], [ 26.474667255384684, 37.56916156977077 ], [ 26.474487079077875, 37.569220026827182 ], [ 26.474464335401947, 37.569355787595967 ], [ 26.474516647261648, 37.569405162036993 ], [ 26.474610965425622, 37.569420035234437 ], [ 26.47465634936372, 37.569421682543336 ], [ 26.474698233733907, 37.569404524835754 ] ] ] ] } },
{ "type": "Feature", "properties": { "fid": 271.0, "id_fourni": 270.0, "area_m2": 29.840233936402466, "pa_ratio": 0.79376394291188601, "shape_inde": 1.2231720444805929, "_depthmean": 0.0, "Pres_Dro": 1 }, "geometry": { "type": "MultiPolygon", "coordinates": [ [ [ [ 26.474387327423482, 37.569978386501091 ], [ 26.474438087935095, 37.569990175215707 ], [ 26.474458264594087, 37.569961358230373 ], [ 26.474463945495515, 37.569928140690671 ], [ 26.474434852458501, 37.569933792536006 ], [ 26.474409299562399, 37.569952468198998 ], [ 26.474376615586667, 37.569952322680898 ], [ 26.474387327423482, 37.569978386501091 ] ] ] ] } },
{ "type": "Feature", "properties": { "fid": 272.0, "id_fourni": 271.0, "area_m2": 3.1113040123653839, "pa_ratio": 2.3033193768054638, "shape_inde": 1.1460945666503219, "_depthmean": 0.0, "Pres_Dro": 1 }, "geometry": { "type": "MultiPolygon", "coordinates": [ [ [ [ 26.474481757986474, 37.569977361558578 ], [ 26.474501802616086, 37.569967333403234 ], [ 26.474485531708769, 37.569957143591701 ], [ 26.474470954720484, 37.56996430540346 ], [ 26.474481757986474, 37.569977361558578 ] ] ] ] } },
{ "type": "Feature", "properties": { "fid": 273.0, "id_fourni": 272.0, "area_m2": 10.118166354042941, "pa_ratio": 1.3222791610393949, "shape_inde": 1.1865037885147041, "_depthmean": 0.0, "Pres_Dro": 1 }, "geometry": { "type": "MultiPolygon", "coordinates": [ [ [ [ 26.47419147751911, 37.569941380841371 ], [ 26.474197046772591, 37.569924061561871 ], [ 26.474193516826158, 37.569909592435685 ], [ 26.474190007202164, 37.569892232719077 ], [ 26.474164464420934, 37.569909463033724 ], [ 26.474169739010719, 37.569934057314455 ], [ 26.47419147751911, 37.569941380841371 ] ] ] ] } },
{ "type": "Feature", "properties": { "fid": 274.0, "id_fourni": 273.0, "area_m2": 7.3797045586126222, "pa_ratio": 1.5420783454838469, "shape_inde": 1.181737437984804, "_depthmean": 0.0, "Pres_Dro": 1 }, "geometry": { "type": "MultiPolygon", "coordinates": [ [ [ [ 26.474227945438827, 37.56991986315731 ], [ 26.474200617361813, 37.569932749507373 ], [ 26.474205942766385, 37.569950117310803 ], [ 26.474222294913247, 37.56994874479949 ], [ 26.47422961897724, 37.569940105376226 ], [ 26.474245981280994, 37.569937287566432 ], [ 26.474227945438827, 37.56991986315731 ] ] ] ] } },
{ "type": "Feature", "properties": { "fid": 275.0, "id_fourni": 274.0, "area_m2": 1.748501428057645, "pa_ratio": 3.0437076049161922, "shape_inde": 1.1353532123448911, "_depthmean": 0.0, "Pres_Dro": 1 }, "geometry": { "type": "MultiPolygon", "coordinates": [ [ [ [ 26.474075318663896, 37.569933636712669 ], [ 26.474073574027727, 37.569923511557661 ], [ 26.474057232047041, 37.569923438753307 ], [ 26.474058966517902, 37.569935009203647 ], [ 26.474075318663896, 37.569933636712669 ] ] ] ] } },
{ "type": "Feature", "properties": { "fid": 276.0, "id_fourni": 275.0, "area_m2": 2.4041894641247068, "pa_ratio": 2.668800764809204, "shape_inde": 1.1673351588992611, "_depthmean": 0.0, "Pres_Dro": 1 }, "geometry": { "type": "MultiPolygon", "coordinates": [ [ [ [ 26.474217598036365, 37.570875186999473 ], [ 26.474230379748757, 37.570865126544803 ], [ 26.474228624911177, 37.570856446688261 ], [ 26.474206804849551, 37.570860685526618 ], [ 26.474217598036365, 37.570875186999473 ] ] ] ] } },
{ "type": "Feature", "properties": { "fid": 277.0, "id_fourni": 276.0, "area_m2": 2.9184545904157591, "pa_ratio": 2.4241062261990751, "shape_inde": 1.1682160943879769, "_depthmean": 0.0, "Pres_Dro": 1 }, "geometry": { "type": "MultiPolygon", "coordinates": [ [ [ [ 26.474275734075491, 37.570871109890945 ], [ 26.474288444666399, 37.570871166494456 ], [ 26.474293932698114, 37.570865409572924 ], [ 26.474293983492597, 37.570858183098238 ], [ 26.474279457105506, 37.570858118409141 ], [ 26.474263094601081, 37.570860936221614 ], [ 26.474275734075491, 37.570871109890945 ] ] ] ] } },
{ "type": "Feature", "properties": { "fid": 278.0, "id_fourni": 277.0, "area_m2": 0.30855907580449998, "pa_ratio": 7.5758272393218018, "shape_inde": 1.187119100882525, "_depthmean": 0.0, "Pres_Dro": 1 }, "geometry": { "type": "MultiPolygon", "coordinates": [ [ [ [ 26.47424137613914, 37.570850722117108 ], [ 26.474250465289856, 37.570849317256013 ], [ 26.474245048374883, 37.570844957111014 ], [ 26.474241406618869, 37.570846386232311 ], [ 26.47424137613914, 37.570850722117108 ] ] ] ] } },
{ "type": "Feature", "properties": { "fid": 279.0, "id_fourni": 278.0, "area_m2": 1.6842182879818, "pa_ratio": 2.9701556745122479, "shape_inde": 1.0873602931648589, "_depthmean": 0.0, "Pres_Dro": 1 }, "geometry": { "type": "MultiPolygon", "coordinates": [ [ [ [ 26.474599860023147, 37.570742472260008 ], [ 26.47460716381703, 37.570736723404856 ], [ 26.474601767194955, 37.570729472685969 ], [ 26.474589056627483, 37.570729416116393 ], [ 26.474588995708601, 37.570738087886618 ], [ 26.474599860023147, 37.570742472260008 ] ] ] ] } },
{ "type": "Feature", "properties": { "fid": 280.0, "id_fourni": 279.0, "area_m2": 17.999279410461021, "pa_ratio": 0.92478720192386599, "shape_inde": 1.106787991114845, "_depthmean": 0.0, "Pres_Dro": 1 }, "geometry": { "type": "MultiPolygon", "coordinates": [ [ [ [ 26.474540728997766, 37.570888188439454 ], [ 26.474497099042484, 37.570895220932549 ], [ 26.474506056181482, 37.570912604886445 ], [ 26.474513217833771, 37.570927090167054 ], [ 26.474540454835754, 37.570927211403905 ], [ 26.474556868113908, 37.570917167078157 ], [ 26.4745569899599, 37.57089982353834 ], [ 26.474555265545181, 37.570886807801443 ], [ 26.474540728997766, 37.570888188439454 ] ] ] ] } },
{ "type": "Feature", "properties": { "fid": 281.0, "id_fourni": 280.0, "area_m2": 18.24355534509295, "pa_ratio": 0.92060454471990805, "shape_inde": 1.1092333583401319, "_depthmean": 0.0, "Pres_Dro": 1 }, "geometry": { "type": "MultiPolygon", "coordinates": [ [ [ [ 26.474616677831449, 37.570933332013688 ], [ 26.474591185554928, 37.570943335940775 ], [ 26.474583871586127, 37.570950530089547 ], [ 26.474574701200996, 37.570963497336081 ], [ 26.474578170347925, 37.570986638219047 ], [ 26.474601806227664, 37.570982407393586 ], [ 26.474607284090816, 37.57097809575248 ], [ 26.474621840959784, 37.570973824516486 ], [ 26.474629185384639, 37.570962294480374 ], [ 26.474616677831449, 37.570933332013688 ] ] ] ] } },
{ "type": "Feature", "properties": { "fid": 282.0, "id_fourni": 281.0, "area_m2": 139.86725764542953, "pa_ratio": 0.49388866945222298, "shape_inde": 1.647715248435017, "_depthmean": 0.0, "Pres_Dro": 1 }, "geometry": { "type": "MultiPolygon", "coordinates": [ [ [ [ 26.474678222163835, 37.570961067359228 ], [ 26.474690882014524, 37.570968350394487 ], [ 26.474705459178928, 37.57096118855813 ], [ 26.474714507731559, 37.570965564841373 ], [ 26.474729064592122, 37.570961293592077 ], [ 26.474741846251227, 37.570951233081793 ], [ 26.474736530803778, 37.57093242000893 ], [ 26.474765614058438, 37.570928213388051 ], [ 26.474753055707577, 37.570906477410432 ], [ 26.474785770550472, 37.570902286942328 ], [ 26.474785953239707, 37.570876271631583 ], [ 26.474766080948825, 37.570861729816357 ], [ 26.474777107684783, 37.570842989452835 ], [ 26.474771802385472, 37.570822731086182 ], [ 26.474750033113637, 37.570819743550032 ], [ 26.474719103650706, 37.570828277973156 ], [ 26.474701057334041, 37.570812298931486 ], [ 26.474670046655838, 37.570832395702027 ], [ 26.474669934987986, 37.570848293947314 ], [ 26.474649879991034, 37.570859767423116 ], [ 26.474653450676396, 37.57086845535428 ], [ 26.474669823320038, 37.570864192192566 ], [ 26.474695346012556, 37.570849852363004 ], [ 26.474728040532664, 37.570848552500792 ], [ 26.474729795428114, 37.570857232350349 ], [ 26.474700691897119, 37.570864329552748 ], [ 26.474682401942445, 37.570883037588921 ], [ 26.474647850999208, 37.570890110537839 ], [ 26.474633080948472, 37.570924732972273 ], [ 26.474651117125312, 37.570942157319124 ], [ 26.474669204068938, 37.570952355188233 ], [ 26.474678222163835, 37.570961067359228 ] ] ] ] } },
{ "type": "Feature", "properties": { "fid": 283.0, "id_fourni": 282.0, "area_m2": 8.2796685286022473, "pa_ratio": 1.395698488543214, "shape_inde": 1.132904107473399, "_depthmean": 0.0, "Pres_Dro": 1 }, "geometry": { "type": "MultiPolygon", "coordinates": [ [ [ [ 26.47476282489535, 37.570808237741936 ], [ 26.474784695658329, 37.570796772325096 ], [ 26.474784787002811, 37.570783764669493 ], [ 26.474755734255272, 37.570783635410507 ], [ 26.474741096229049, 37.570799469023925 ], [ 26.474741025177398, 37.570809586089297 ], [ 26.47476282489535, 37.570808237741936 ] ] ] ] } },
{ "type": "Feature", "properties": { "fid": 284.0, "id_fourni": 283.0, "area_m2": 77.204052041955634, "pa_ratio": 0.54814176674857695, "shape_inde": 1.358651306211905, "_depthmean": 0.0, "Pres_Dro": 1 }, "geometry": { "type": "MultiPolygon", "coordinates": [ [ [ [ 26.474838682448855, 37.570866388829863 ], [ 26.474862429903414, 37.570846259706023 ], [ 26.474891543559817, 37.57083771716848 ], [ 26.474897133015261, 37.570817507267684 ], [ 26.474929868104752, 37.570810426169068 ], [ 26.474930091329572, 37.57077862967688 ], [ 26.474926540909419, 37.57076705116355 ], [ 26.474901048730484, 37.57077705515858 ], [ 26.474870170040703, 37.570778363146133 ], [ 26.474870352699774, 37.570752347834492 ], [ 26.474844890963148, 37.5707580159321 ], [ 26.474848329740531, 37.57078549269373 ], [ 26.474826458990488, 37.570796958122493 ], [ 26.474797233702059, 37.570821398889798 ], [ 26.474800692762763, 37.570845985062277 ], [ 26.474838682448855, 37.570866388829863 ] ] ] ] } },
{ "type": "Feature", "properties": { "fid": 285.0, "id_fourni": 284.0, "area_m2": 10.581004968328386, "pa_ratio": 1.2328240169842251, "shape_inde": 1.1312526603741679, "_depthmean": 0.0, "Pres_Dro": 1 }, "geometry": { "type": "MultiPolygon", "coordinates": [ [ [ [ 26.474811963060631, 37.570792557613764 ], [ 26.474824764976809, 37.570779606503727 ], [ 26.47482662136774, 37.570773833401233 ], [ 26.474832109351102, 37.570768076454236 ], [ 26.474832220984169, 37.57075217820833 ], [ 26.474795854319034, 37.570759243123518 ], [ 26.474793855837245, 37.570785250356543 ], [ 26.474811963060631, 37.570792557613764 ] ] ] ] } },
{ "type": "Feature", "properties": { "fid": 286.0, "id_fourni": 285.0, "area_m2": 72.845655099319401, "pa_ratio": 0.65059277841584295, "shape_inde": 1.566412473911839, "_depthmean": 0.0, "Pres_Dro": 1 }, "geometry": { "type": "MultiPolygon", "coordinates": [ [ [ [ 26.474812287823852, 37.570746308171273 ], [ 26.474825170920642, 37.57072179470034 ], [ 26.474845317187466, 37.570697313538076 ], [ 26.474812643032781, 37.570695722843141 ], [ 26.474821914829786, 37.570668302625961 ], [ 26.474812835860114, 37.570668262236254 ], [ 26.474809295612065, 37.570655238424258 ], [ 26.474776712822045, 37.57064064006358 ], [ 26.474736765370732, 37.570640462328448 ], [ 26.474693369053039, 37.570614253108623 ], [ 26.474685953614188, 37.570635900215301 ], [ 26.474727503696617, 37.570666437243766 ], [ 26.474765493271839, 37.570686841034671 ], [ 26.474776185047691, 37.570715795408354 ], [ 26.474781561386951, 37.570725936709557 ], [ 26.4747814091455, 37.570747616135726 ], [ 26.474812287823852, 37.570746308171273 ] ] ] ] } },
{ "type": "Feature", "properties": { "fid": 287.0, "id_fourni": 286.0, "area_m2": 3.5869992539136941, "pa_ratio": 2.1493140968280162, "shape_inde": 1.1483138376736299, "_depthmean": 0.0, "Pres_Dro": 1 }, "geometry": { "type": "MultiPolygon", "coordinates": [ [ [ [ 26.47492532376555, 37.570681770675485 ], [ 26.474934423029939, 37.570678920466307 ], [ 26.474943593317551, 37.570665953190492 ], [ 26.474943654195176, 37.570657281419692 ], [ 26.474936391020361, 37.570657249115435 ], [ 26.474918141762547, 37.570670176009109 ], [ 26.47492532376555, 37.570681770675485 ] ] ] ] } },
{ "type": "Feature", "properties": { "fid": 288.0, "id_fourni": 287.0, "area_m2": 50.153706414160517, "pa_ratio": 0.60494717598433301, "shape_inde": 1.2085483739461289, "_depthmean": 0.0, "Pres_Dro": 1 }, "geometry": { "type": "MultiPolygon", "coordinates": [ [ [ [ 26.474870890527868, 37.57067574719391 ], [ 26.474858037897942, 37.570695924784914 ], [ 26.474841523226033, 37.5707204221046 ], [ 26.474852255628324, 37.570743595291098 ], [ 26.474890377192345, 37.570745210205843 ], [ 26.474910411828073, 37.570736627278677 ], [ 26.474917756184929, 37.570725097223665 ], [ 26.474917888093188, 37.57070630838718 ], [ 26.474912613205543, 37.57068171414079 ], [ 26.474909123674159, 37.570661463856048 ], [ 26.4749110815245, 37.570641237800757 ], [ 26.474894739384805, 37.570641165111155 ], [ 26.474870890527868, 37.57067574719391 ] ] ] ] } },
{ "type": "Feature", "properties": { "fid": 289.0, "id_fourni": 288.0, "area_m2": 176.21294543228441, "pa_ratio": 0.31015614561197502, "shape_inde": 1.1614335419725701, "_depthmean": 0.0, "Pres_Dro": 1 }, "geometry": { "type": "MultiPolygon", "coordinates": [ [ [ [ 26.474876672779867, 37.570628076686141 ], [ 26.474898624649605, 37.570605048886272 ], [ 26.47490056220698, 37.570587713421233 ], [ 26.474906090758729, 37.570576175289908 ], [ 26.474891655750145, 37.570563103020234 ], [ 26.474877241041629, 37.570547140158453 ], [ 26.474875547021117, 37.570529788539659 ], [ 26.474826530824011, 37.570528125154759 ], [ 26.474797478175585, 37.570527995906772 ], [ 26.47477372065627, 37.570549570314384 ], [ 26.474742842058625, 37.570550878269401 ], [ 26.47469197960703, 37.570553542634777 ], [ 26.474664529556275, 37.570583772630833 ], [ 26.474697112299378, 37.570598371022264 ], [ 26.474731480396784, 37.570617313369297 ], [ 26.474760492480421, 37.570623223814202 ], [ 26.474803949720872, 37.570640761238884 ], [ 26.474838449792948, 37.570640914718581 ], [ 26.474876672779867, 37.570628076686141 ] ] ] ] } },
{ "type": "Feature", "properties": { "fid": 290.0, "id_fourni": 289.0, "area_m2": 94.187657831451673, "pa_ratio": 0.488042109642356, "shape_inde": 1.336131991095578, "_depthmean": 0.0, "Pres_Dro": 1 }, "geometry": { "type": "MultiPolygon", "coordinates": [ [ [ [ 26.4743553854337, 37.570906152740179 ], [ 26.474322670566437, 37.570910343088805 ], [ 26.474327965591517, 37.570932046769379 ], [ 26.474344257003537, 37.570939346012544 ], [ 26.474364088601682, 37.57095966907783 ], [ 26.474385614125904, 37.570997343763544 ], [ 26.474414677111334, 37.570996027819305 ], [ 26.474425663329573, 37.57098306866957 ], [ 26.474412993345936, 37.570977230900994 ], [ 26.474434965773593, 37.570951312600634 ], [ 26.474474933699859, 37.570948599849231 ], [ 26.474482328921152, 37.570929843347585 ], [ 26.474476972919057, 37.570916811443354 ], [ 26.474462517609762, 37.570906629711956 ], [ 26.474449857791974, 37.570899346652361 ], [ 26.474438993463696, 37.570894962265143 ], [ 26.474422742677579, 37.570881881855186 ], [ 26.474388201868308, 37.570887509432971 ], [ 26.474388059669042, 37.570907743562231 ], [ 26.4743789197273, 37.570916374908599 ], [ 26.4743553854337, 37.570906152740179 ] ] ] ] } },
{ "type": "Feature", "properties": { "fid": 291.0, "id_fourni": 290.0, "area_m2": 1.1056700207235231, "pa_ratio": 3.652083870889145, "shape_inde": 1.0832995874367659, "_depthmean": 0.0, "Pres_Dro": 1 }, "geometry": { "type": "MultiPolygon", "coordinates": [ [ [ [ 26.474481861777402, 37.570996326915449 ], [ 26.474490920476111, 37.570999257920789 ], [ 26.474496408501878, 37.570993500989943 ], [ 26.474492817518815, 37.570987703644228 ], [ 26.474485554312455, 37.570987671312039 ], [ 26.474481861777402, 37.570996326915449 ] ] ] ] } },
{ "type": "Feature", "properties": { "fid": 292.0, "id_fourni": 291.0, "area_m2": 9.1539192429787537, "pa_ratio": 1.437809246383623, "shape_inde": 1.227156292122217, "_depthmean": 0.0, "Pres_Dro": 1 }, "geometry": { "type": "MultiPolygon", "coordinates": [ [ [ [ 26.474454543503732, 37.571007768024373 ], [ 26.474461705154905, 37.571022253307852 ], [ 26.474483484628731, 37.5710237956025 ], [ 26.474512557777739, 37.571021034339296 ], [ 26.474512669479751, 37.57100513609489 ], [ 26.474499958865614, 37.571005079515352 ], [ 26.47447998504348, 37.571004990601928 ], [ 26.474454543503732, 37.571007768024373 ] ] ] ] } },
{ "type": "Feature", "properties": { "fid": 293.0, "id_fourni": 292.0, "area_m2": 24.78757907402515, "pa_ratio": 0.94469459928355004, "shape_inde": 1.32679417708722, "_depthmean": 0.0, "Pres_Dro": 1 }, "geometry": { "type": "MultiPolygon", "coordinates": [ [ [ [ 26.474500090880152, 37.570986290681013 ], [ 26.474520034233638, 37.570990715475887 ], [ 26.474549178446615, 37.570977837138834 ], [ 26.474558328530286, 37.570967760484301 ], [ 26.474558480837622, 37.570946081059731 ], [ 26.474531152439564, 37.570958967481651 ], [ 26.474496642067461, 37.570960259206018 ], [ 26.474463967806525, 37.570958668413816 ], [ 26.474463785004748, 37.570984683722884 ], [ 26.474492837829018, 37.570984813054302 ], [ 26.474500090880152, 37.570986290681013 ] ] ] ] } },
{ "type": "Feature", "properties": { "fid": 294.0, "id_fourni": 293.0, "area_m2": 73.257067201673934, "pa_ratio": 0.58223878775798399, "shape_inde": 1.405791671376371, "_depthmean": 0.0, "Pres_Dro": 1 }, "geometry": { "type": "MultiPolygon", "coordinates": [ [ [ [ 26.474464688855697, 37.570856052471463 ], [ 26.474482856994857, 37.570854688009092 ], [ 26.474506462373597, 37.570854793087307 ], [ 26.474528201182249, 37.570862116553336 ], [ 26.47457360629982, 37.570860873310252 ], [ 26.474586296583102, 37.570863820471665 ], [ 26.474611819291283, 37.570849480660264 ], [ 26.474611941124245, 37.570832137120078 ], [ 26.474593783145774, 37.570832056307388 ], [ 26.474608441515041, 37.570813332122562 ], [ 26.474601279854873, 37.570798846847403 ], [ 26.474590456144654, 37.570788681294033 ], [ 26.474561413549814, 37.57078710669218 ], [ 26.474528708899893, 37.570789851803447 ], [ 26.474528536276104, 37.570814421818518 ], [ 26.474528414423883, 37.570831765358477 ], [ 26.474499412433484, 37.570824409561311 ], [ 26.474484896207652, 37.570822899602533 ], [ 26.474466758542881, 37.570819928180335 ], [ 26.474464688855697, 37.570856052471463 ] ] ] ] } },
{ "type": "Feature", "properties": { "fid": 295.0, "id_fourni": 294.0, "area_m2": 7.2768515329633257, "pa_ratio": 1.524513811742189, "shape_inde": 1.160107377023512, "_depthmean": 0.0, "Pres_Dro": 1 }, "geometry": { "type": "MultiPolygon", "coordinates": [ [ [ [ 26.474385078126936, 37.570815228515848 ], [ 26.474348741863963, 37.570817957407804 ], [ 26.474348609812207, 37.570836746242222 ], [ 26.474374030982677, 37.570836859432049 ], [ 26.47438491561293, 37.570838353235274 ], [ 26.474385078126936, 37.570815228515848 ] ] ] ] } },
{ "type": "Feature", "properties": { "fid": 296.0, "id_fourni": 295.0, "area_m2": 45.306757602269734, "pa_ratio": 0.97088968870939496, "shape_inde": 1.8435140341056859, "_depthmean": 0.0, "Pres_Dro": 1 }, "geometry": { "type": "MultiPolygon", "coordinates": [ [ [ [ 26.474410397723933, 37.570829794647445 ], [ 26.474446774614364, 37.570821284556636 ], [ 26.474470471381661, 37.570808381987099 ], [ 26.474479692541848, 37.570788188273362 ], [ 26.474478049385379, 37.570763610175213 ], [ 26.474538001121093, 37.570759541019832 ], [ 26.474554475285444, 37.570740824923725 ], [ 26.474552730566774, 37.570730699776526 ], [ 26.474510835262851, 37.570749302717786 ], [ 26.474472723861798, 37.570746242385518 ], [ 26.474456219208747, 37.570769294355024 ], [ 26.474427135999498, 37.570773500900195 ], [ 26.47439263586854, 37.570773347299848 ], [ 26.474421587046375, 37.570787929598012 ], [ 26.4744141816678, 37.570808131391267 ], [ 26.474410397723933, 37.570829794647445 ] ] ] ] } },
{ "type": "Feature", "properties": { "fid": 297.0, "id_fourni": 296.0, "area_m2": 20.737741207440752, "pa_ratio": 1.053496526591688, "shape_inde": 1.3533461795916339, "_depthmean": 0.0, "Pres_Dro": 1 }, "geometry": { "type": "MultiPolygon", "coordinates": [ [ [ [ 26.47373484982889, 37.570836902444789 ], [ 26.473745948004662, 37.57080804511569 ], [ 26.473765931940925, 37.570806688858106 ], [ 26.473785905707821, 37.57080677789196 ], [ 26.473786048069481, 37.570786543764285 ], [ 26.473757015664013, 37.570783523669817 ], [ 26.473724260139399, 37.570793495032142 ], [ 26.473700522568514, 37.57081217863022 ], [ 26.47373484982889, 37.570836902444789 ] ] ] ] } },
{ "type": "Feature", "properties": { "fid": 298.0, "id_fourni": 297.0, "area_m2": 12.406646165404828, "pa_ratio": 1.131926442719527, "shape_inde": 1.124709780298994, "_depthmean": 0.0, "Pres_Dro": 1 }, "geometry": { "type": "MultiPolygon", "coordinates": [ [ [ [ 26.473864015480792, 37.570802790016366 ], [ 26.473874747590656, 37.570825963289202 ], [ 26.473912889504266, 37.570824687930056 ], [ 26.473923896115444, 37.570808838237383 ], [ 26.47391126686604, 37.57079721923585 ], [ 26.473864015480792, 37.570802790016366 ] ] ] ] } },
{ "type": "Feature", "properties": { "fid": 299.0, "id_fourni": 298.0, "area_m2": 3.509859485487596, "pa_ratio": 2.1719022475346561, "shape_inde": 1.147836967983819, "_depthmean": 0.0, "Pres_Dro": 1 }, "geometry": { "type": "MultiPolygon", "coordinates": [ [ [ [ 26.473822323327735, 37.570792486814589 ], [ 26.473827831724993, 37.570783839325202 ], [ 26.473818783246905, 37.570779462974421 ], [ 26.473796993690868, 37.57077936585253 ], [ 26.473796902174616, 37.57079237350608 ], [ 26.473822323327735, 37.570792486814589 ] ] ] ] } },
{ "type": "Feature", "properties": { "fid": 300.0, "id_fourni": 299.0, "area_m2": 1.517082121402614, "pa_ratio": 3.4310257876099182, "shape_inde": 1.192129940176835, "_depthmean": 0.0, "Pres_Dro": 1 }, "geometry": { "type": "MultiPolygon", "coordinates": [ [ [ [ 26.473855211014641, 37.570763726591842 ], [ 26.473858913777448, 37.570753625713323 ], [ 26.473838919689218, 37.570756427281637 ], [ 26.473838868850958, 37.570763653755897 ], [ 26.473855211014641, 37.570763726591842 ] ] ] ] } },
{ "type": "Feature", "properties": { "fid": 301.0, "id_fourni": 300.0, "area_m2": 28.181728906553911, "pa_ratio": 0.74363167364026705, "shape_inde": 1.1136193381603501, "_depthmean": 0.0, "Pres_Dro": 1 }, "geometry": { "type": "MultiPolygon", "coordinates": [ [ [ [ 26.473915010287772, 37.570781337176093 ], [ 26.473945929654896, 37.570774248258999 ], [ 26.473951529525841, 37.570752593109788 ], [ 26.473937074320322, 37.570742411314519 ], [ 26.473897126820042, 37.570742233294872 ], [ 26.473871583679461, 37.570759463540966 ], [ 26.473862342024873, 37.570782547795773 ], [ 26.473887732674779, 37.570786996974761 ], [ 26.473915010287772, 37.570781337176093 ] ] ] ] } },
{ "type": "Feature", "properties": { "fid": 302.0, "id_fourni": 301.0, "area_m2": 39.366995398201723, "pa_ratio": 0.81045159792823596, "shape_inde": 1.434459481983956, "_depthmean": 0.0, "Pres_Dro": 1 }, "geometry": { "type": "MultiPolygon", "coordinates": [ [ [ [ 26.473843940038979, 37.570817153944184 ], [ 26.473814846610299, 37.570822805632858 ], [ 26.473814734760708, 37.570838703876014 ], [ 26.473765616699072, 37.570851492997527 ], [ 26.4737981282004, 37.570876208699666 ], [ 26.473825446524369, 37.570864767742776 ], [ 26.473876288880234, 37.570864994342415 ], [ 26.473878287683366, 37.570838987127708 ], [ 26.473896415161722, 37.570843403935044 ], [ 26.47390734044831, 37.570839116602812 ], [ 26.473843940038979, 37.570817153944184 ] ] ] ] } },
{ "type": "Feature", "properties": { "fid": 303.0, "id_fourni": 302.0, "area_m2": 859.25988580486796, "pa_ratio": 0.22033264064059899, "shape_inde": 1.82194883247904, "_depthmean": 0.0, "Pres_Dro": 1 }, "geometry": { "type": "MultiPolygon", "coordinates": [ [ [ [ 26.474002280326033, 37.57076582730857 ], [ 26.473964067286957, 37.570777219761005 ], [ 26.473952867545126, 37.570820530060118 ], [ 26.473956255169977, 37.570855233319293 ], [ 26.473977729633333, 37.570900134552517 ], [ 26.474003110165707, 37.57090602900179 ], [ 26.47401050550064, 37.570887272530427 ], [ 26.474095858217826, 37.570886207453135 ], [ 26.474168662921446, 37.570861960980643 ], [ 26.474210639656476, 37.570831795802896 ], [ 26.474194622622594, 37.570785473578439 ], [ 26.474191153603059, 37.570762332684396 ], [ 26.474272986336473, 37.570745353058243 ], [ 26.474318188218415, 37.570773015812129 ], [ 26.474370846312283, 37.570773250283885 ], [ 26.474412812759841, 37.570744530327836 ], [ 26.474467337407649, 37.570737546365592 ], [ 26.474521780809987, 37.570742124738224 ], [ 26.474527614061532, 37.57068722777467 ], [ 26.474498632436841, 37.570676981387486 ], [ 26.474535110784682, 37.57065401831818 ], [ 26.474584228588459, 37.570641228874123 ], [ 26.474584472265235, 37.570606541792685 ], [ 26.474631814846539, 37.570587963066544 ], [ 26.474631946825973, 37.570569174230485 ], [ 26.474602995690667, 37.570554591983672 ], [ 26.474550337748784, 37.570554357616601 ], [ 26.47449039633327, 37.57055698148455 ], [ 26.474424936446564, 37.57056969813555 ], [ 26.47441897109675, 37.570643383929891 ], [ 26.474395355628189, 37.5706447241297 ], [ 26.474382411461953, 37.570677909323116 ], [ 26.474387716645783, 37.570698167706887 ], [ 26.474360449255212, 37.570702382320377 ], [ 26.474300588985162, 37.570693443731074 ], [ 26.474257141994041, 37.57067446082695 ], [ 26.474199138195583, 37.570659749093096 ], [ 26.474164719408915, 37.57064803306686 ], [ 26.474131953834917, 37.570659449838359 ], [ 26.474070094897897, 37.570676518352968 ], [ 26.474077144650082, 37.570706901903939 ], [ 26.47405172352499, 37.570706788650526 ], [ 26.474008012316951, 37.570725383322817 ], [ 26.474002280326033, 37.57076582730857 ] ] ] ] } },
{ "type": "Feature", "properties": { "fid": 304.0, "id_fourni": 303.0, "area_m2": 128.79770080914867, "pa_ratio": 0.36791634748284002, "shape_inde": 1.177872299158627, "_depthmean": 0.0, "Pres_Dro": 1 }, "geometry": { "type": "MultiPolygon", "coordinates": [ [ [ [ 26.474320735414903, 37.570668962659518 ], [ 26.474342687466716, 37.570645934964496 ], [ 26.474357203655163, 37.570647444940526 ], [ 26.474395406412473, 37.570637497654623 ], [ 26.474395609549422, 37.570608591754279 ], [ 26.474370279872407, 37.570595470914562 ], [ 26.474370381445631, 37.570581017964372 ], [ 26.474297749778852, 37.570580694549982 ], [ 26.474201319771002, 37.570607726561654 ], [ 26.474186549571545, 37.570642348940751 ], [ 26.474260834538683, 37.570665805230163 ], [ 26.474320735414903, 37.570668962659518 ] ] ] ] } },
{ "type": "Feature", "properties": { "fid": 305.0, "id_fourni": 304.0, "area_m2": 3.7541354195361651, "pa_ratio": 2.0880675592001952, "shape_inde": 1.141286240375589, "_depthmean": 0.0, "Pres_Dro": 1 }, "geometry": { "type": "MultiPolygon", "coordinates": [ [ [ [ 26.473899461105376, 37.570668531348005 ], [ 26.473895687186687, 37.570688749292259 ], [ 26.473919302676912, 37.570687409192587 ], [ 26.473921209965365, 37.570674409630314 ], [ 26.473899461105376, 37.570668531348005 ] ] ] ] } },
{ "type": "Feature", "properties": { "fid": 306.0, "id_fourni": 305.0, "area_m2": 19.066379545149072, "pa_ratio": 0.89669114598578104, "shape_inde": 1.1045161401299299, "_depthmean": 0.0, "Pres_Dro": 1 }, "geometry": { "type": "MultiPolygon", "coordinates": [ [ [ [ 26.473857575844001, 37.570685688761777 ], [ 26.473868602780122, 37.57066694848406 ], [ 26.473852362311113, 37.570652422701279 ], [ 26.473823309618957, 37.570652293213222 ], [ 26.473792319111535, 37.57066949916269 ], [ 26.473804917816128, 37.570685454061518 ], [ 26.473835786315153, 37.570685591647262 ], [ 26.473857575844001, 37.570685688761777 ] ] ] ] } },
{ "type": "Feature", "properties": { "fid": 307.0, "id_fourni": 306.0, "area_m2": 4.9240885819316143, "pa_ratio": 1.884210989614389, "shape_inde": 1.1794717109408539, "_depthmean": 0.0, "Pres_Dro": 1 }, "geometry": { "type": "MultiPolygon", "coordinates": [ [ [ [ 26.473876099793259, 37.570633739071518 ], [ 26.473888901842773, 37.57062078806365 ], [ 26.473872580044116, 37.570617824642774 ], [ 26.473848954407739, 37.570620610028179 ], [ 26.47385066852647, 37.570635071069894 ], [ 26.473876099793259, 37.570633739071518 ] ] ] ] } },
{ "type": "Feature", "properties": { "fid": 308.0, "id_fourni": 307.0, "area_m2": 30.148793012421638, "pa_ratio": 0.77788728835518695, "shape_inde": 1.2048880793784751, "_depthmean": 0.0, "Pres_Dro": 1 }, "geometry": { "type": "MultiPolygon", "coordinates": [ [ [ [ 26.473994065340396, 37.570642936788914 ], [ 26.47397418310155, 37.57062984013637 ], [ 26.473932379205209, 37.570635435217838 ], [ 26.473933951019482, 37.57067013038705 ], [ 26.47396284107543, 37.570693384566354 ], [ 26.473995586360427, 37.57068485843201 ], [ 26.473993841718748, 37.570674733277059 ], [ 26.473979315367981, 37.570674668551277 ], [ 26.473979345862706, 37.570670332666559 ], [ 26.473999400910007, 37.570658859304693 ], [ 26.473994065340396, 37.570642936788914 ] ] ] ] } },
{ "type": "Feature", "properties": { "fid": 309.0, "id_fourni": 308.0, "area_m2": 2.262766554437369, "pa_ratio": 2.705693377893573, "shape_inde": 1.148136496005606, "_depthmean": 0.0, "Pres_Dro": 1 }, "geometry": { "type": "MultiPolygon", "coordinates": [ [ [ [ 26.473994349949262, 37.570602468531042 ], [ 26.473994441430555, 37.570589460876683 ], [ 26.473974447391079, 37.570592262468402 ], [ 26.473974376236264, 37.5706023795329 ], [ 26.473994349949262, 37.570602468531042 ] ] ] ] } },
{ "type": "Feature", "properties": { "fid": 310.0, "id_fourni": 309.0, "area_m2": 2809.9960750628238, "pa_ratio": 0.135814048806458, "shape_inde": 2.030919085897168, "_depthmean": 0.0, "Pres_Dro": 1 }, "geometry": { "type": "MultiPolygon", "coordinates": [ [ [ [ 26.474017528352199, 37.570663276093292 ], [ 26.474057526628052, 37.570656227597219 ], [ 26.474090505629423, 37.570614459652639 ], [ 26.474114283689552, 37.570589994794474 ], [ 26.474178070107715, 37.570557036098833 ], [ 26.474238133450687, 37.570537068849568 ], [ 26.47430005318661, 37.570511328475199 ], [ 26.474343804828788, 37.570486952512461 ], [ 26.474390923941236, 37.570500170373471 ], [ 26.474436135876267, 37.570526387787481 ], [ 26.474490609587892, 37.570526630288313 ], [ 26.474514275790238, 37.570518063593788 ], [ 26.474568708882629, 37.570524087238852 ], [ 26.474610512671713, 37.570518491931139 ], [ 26.474603442413745, 37.570490998999738 ], [ 26.474579908222097, 37.570480776876117 ], [ 26.474543643205671, 37.570473388763894 ], [ 26.474565595131239, 37.570450361025763 ], [ 26.474620180465489, 37.570434705220201 ], [ 26.474620018026396, 37.570457829941986 ], [ 26.474612572124617, 37.570483812929886 ], [ 26.474637800285969, 37.570511386668933 ], [ 26.474676165359355, 37.570478314569378 ], [ 26.474721570242068, 37.57047707126749 ], [ 26.474754193549725, 37.570485888462649 ], [ 26.474781795767878, 37.570433979017452 ], [ 26.474822108456252, 37.570382126110452 ], [ 26.474824096767311, 37.570357564170216 ], [ 26.47478974906295, 37.570335731259668 ], [ 26.474746322452159, 37.570313857944704 ], [ 26.474733348049543, 37.570351379065542 ], [ 26.474709742828807, 37.570351274033897 ], [ 26.474677058677234, 37.570351128597643 ], [ 26.474664338022354, 37.570352517331813 ], [ 26.474637233206089, 37.570333607288255 ], [ 26.474637507311719, 37.570294584319214 ], [ 26.474606913091332, 37.570255423975233 ], [ 26.474576085378903, 37.57024950541183 ], [ 26.47453984078258, 37.570239226708651 ], [ 26.474556528055597, 37.570190159411496 ], [ 26.474582152068738, 37.570161366651476 ], [ 26.474584211522977, 37.570126687648681 ], [ 26.474577131156881, 37.570100640009414 ], [ 26.474593574705921, 37.570086259790195 ], [ 26.474624524179362, 37.570074834806249 ], [ 26.474622850531411, 37.570054592592534 ], [ 26.474590166509941, 37.570054447133195 ], [ 26.474568417775611, 37.570048568974499 ], [ 26.474550381831207, 37.570031144614163 ], [ 26.47453756984363, 37.570045540991885 ], [ 26.47453580483452, 37.570038306433766 ], [ 26.474530530117224, 37.570013712168858 ], [ 26.474516206979366, 37.569984741606127 ], [ 26.474496213120315, 37.56998754328788 ], [ 26.474503323911559, 37.570009255046628 ], [ 26.4744688241327, 37.570009101471193 ], [ 26.474434253262963, 37.5700190649519 ], [ 26.474450422620873, 37.570043707722178 ], [ 26.474451994666378, 37.570078402889678 ], [ 26.474480945588578, 37.570092985173055 ], [ 26.474468133576998, 37.570107381542918 ], [ 26.474440967964327, 37.57009714322551 ], [ 26.47440092939647, 37.570109973035251 ], [ 26.474400675482364, 37.570146105413741 ], [ 26.474395035161944, 37.57017354176832 ], [ 26.474367788277824, 37.570174865795082 ], [ 26.474385834370494, 37.570190844887712 ], [ 26.474372930909549, 37.570218248902741 ], [ 26.474362066684336, 37.570213864508766 ], [ 26.47430064498494, 37.570168785459146 ], [ 26.474257472599092, 37.570110779587786 ], [ 26.474186779098769, 37.570093120653752 ], [ 26.474172222377604, 37.570097391837841 ], [ 26.474110231807639, 37.570133249214706 ], [ 26.474060961812707, 37.570167717890413 ], [ 26.474109642399934, 37.570217076328227 ], [ 26.474129311155032, 37.570260524154214 ], [ 26.474125466186702, 37.570290859173099 ], [ 26.474099913091099, 37.570309534766487 ], [ 26.474117908347676, 37.570332740374667 ], [ 26.474110441960288, 37.570361613920241 ], [ 26.474070636944656, 37.570341201830637 ], [ 26.474007043785985, 37.570346699865645 ], [ 26.473977848904379, 37.570366804546303 ], [ 26.473992243056227, 37.570385658106609 ], [ 26.473972127091908, 37.57040580323816 ], [ 26.473951970455346, 37.570431729545973 ], [ 26.473926712077631, 37.570408491546978 ], [ 26.473946878881971, 37.570381119948408 ], [ 26.47392710854437, 37.570352125043229 ], [ 26.473901779037064, 37.570339004103673 ], [ 26.473901677374187, 37.570353457053372 ], [ 26.473883326347657, 37.570380836736533 ], [ 26.473863179854384, 37.570405317734206 ], [ 26.473882950180879, 37.570434312649738 ], [ 26.473880941225136, 37.570461765161305 ], [ 26.473855286337837, 37.570494893649581 ], [ 26.473849686459253, 37.570516548795133 ], [ 26.473865947232632, 37.57052818398855 ], [ 26.473920441272572, 37.570525536162627 ], [ 26.47394026248071, 37.570547304593738 ], [ 26.473972773909292, 37.570572020248505 ], [ 26.474010834377928, 37.570582307216114 ], [ 26.474014333826549, 37.570601112230911 ], [ 26.474021342892978, 37.570637276965094 ], [ 26.474017528352199, 37.570663276093292 ] ] ] ] } },
{ "type": "Feature", "properties": { "fid": 311.0, "id_fourni": 310.0, "area_m2": 3.4970028570486709, "pa_ratio": 2.071965330424097, "shape_inde": 1.093013549674686, "_depthmean": 0.0, "Pres_Dro": 1 }, "geometry": { "type": "MultiPolygon", "coordinates": [ [ [ [ 26.474680872971781, 37.570325129444932 ], [ 26.474686228968363, 37.570338161341134 ], [ 26.474704386827206, 37.570338242138739 ], [ 26.474704478184144, 37.570325234482283 ], [ 26.474697265796397, 37.570317975687793 ], [ 26.474680872971781, 37.570325129444932 ] ] ] ] } },
{ "type": "Feature", "properties": { "fid": 312.0, "id_fourni": 311.0, "area_m2": 5.0526548626480023, "pa_ratio": 1.712542932932251, "shape_inde": 1.0859163013291491, "_depthmean": 0.0, "Pres_Dro": 1 }, "geometry": { "type": "MultiPolygon", "coordinates": [ [ [ [ 26.474748534083808, 37.57025749951157 ], [ 26.474759499835216, 37.570247430918265 ], [ 26.474754143832126, 37.570234399025139 ], [ 26.474732334131225, 37.570237192667491 ], [ 26.474726785277831, 37.570251621381715 ], [ 26.474748534083808, 37.57025749951157 ] ] ] ] } },
{ "type": "Feature", "properties": { "fid": 313.0, "id_fourni": 312.0, "area_m2": 1.054243508517239, "pa_ratio": 3.956706648014189, "shape_inde": 1.146038977294997, "_depthmean": 0.0, "Pres_Dro": 1 }, "geometry": { "type": "MultiPolygon", "coordinates": [ [ [ [ 26.474704884214304, 37.570267422675542 ], [ 26.474695754538892, 37.570274608753074 ], [ 26.474706618792812, 37.570278993116538 ], [ 26.474713932683454, 37.5702717989587 ], [ 26.474704884214304, 37.570267422675542 ] ] ] ] } },
{ "type": "Feature", "properties": { "fid": 314.0, "id_fourni": 313.0, "area_m2": 13.332323392104289, "pa_ratio": 1.042400267877029, "shape_inde": 1.073698884812063, "_depthmean": 0.0, "Pres_Dro": 1 }, "geometry": { "type": "MultiPolygon", "coordinates": [ [ [ [ 26.474677728661955, 37.570255739117059 ], [ 26.474701374455627, 37.570250062974161 ], [ 26.474706862409644, 37.570244306032251 ], [ 26.474708800001086, 37.5702269705696 ], [ 26.474685245575234, 37.570219639057399 ], [ 26.474667036987974, 37.570226784732959 ], [ 26.47465237874999, 37.570245508927911 ], [ 26.474677728661955, 37.570255739117059 ] ] ] ] } },
{ "type": "Feature", "properties": { "fid": 315.0, "id_fourni": 314.0, "area_m2": 2.3270496947325601, "pa_ratio": 2.5993464858125059, "shape_inde": 1.1185671749776309, "_depthmean": 0.0, "Pres_Dro": 1 }, "geometry": { "type": "MultiPolygon", "coordinates": [ [ [ [ 26.474581664720446, 37.570230740819426 ], [ 26.474583541422106, 37.570222077129927 ], [ 26.474581766251479, 37.570216287867851 ], [ 26.474569076077945, 37.570213340706438 ], [ 26.474565332824717, 37.570229222789727 ], [ 26.474581664720446, 37.570230740819426 ] ] ] ] } },
{ "type": "Feature", "properties": { "fid": 316.0, "id_fourni": 315.0, "area_m2": 0.89996397057298705, "pa_ratio": 4.3643997695060532, "shape_inde": 1.1679712529746979, "_depthmean": 0.0, "Pres_Dro": 1 }, "geometry": { "type": "MultiPolygon", "coordinates": [ [ [ [ 26.474603535340858, 37.570219275433956 ], [ 26.474603596256927, 37.570210603662971 ], [ 26.47459268125462, 37.570213445765901 ], [ 26.47459081470716, 37.570220664160374 ], [ 26.474603535340858, 37.570219275433956 ] ] ] ] } },
{ "type": "Feature", "properties": { "fid": 317.0, "id_fourni": 316.0, "area_m2": 1.2085230462701479, "pa_ratio": 3.877376851384128, "shape_inde": 1.2024320664965951, "_depthmean": 0.0, "Pres_Dro": 1 }, "geometry": { "type": "MultiPolygon", "coordinates": [ [ [ [ 26.474600177898914, 37.570180236302058 ], [ 26.474605635397605, 37.570178815250351 ], [ 26.474611153811189, 37.570168722427283 ], [ 26.474596647862846, 37.570165767187888 ], [ 26.474600177898914, 37.570180236302058 ] ] ] ] } },
{ "type": "Feature", "properties": { "fid": 318.0, "id_fourni": 317.0, "area_m2": 0.75854106075030903, "pa_ratio": 4.7967023700413902, "shape_inde": 1.1784940308429039, "_depthmean": 0.0, "Pres_Dro": 1 }, "geometry": { "type": "MultiPolygon", "coordinates": [ [ [ [ 26.474618173280991, 37.570203441835382 ], [ 26.474619928149437, 37.570212121687341 ], [ 26.474630853302695, 37.570207834286684 ], [ 26.474621825150813, 37.570200567406836 ], [ 26.474618173280991, 37.570203441835382 ] ] ] ] } },
{ "type": "Feature", "properties": { "fid": 319.0, "id_fourni": 318.0, "area_m2": 2.3913328359004602, "pa_ratio": 2.4893891274562332, "shape_inde": 1.085945100022274, "_depthmean": 0.0, "Pres_Dro": 1 }, "geometry": { "type": "MultiPolygon", "coordinates": [ [ [ [ 26.474632608172705, 37.570216514138437 ], [ 26.474637984457331, 37.570226655446611 ], [ 26.474654356960897, 37.570222392285551 ], [ 26.474654407719385, 37.570215165809678 ], [ 26.474643553629704, 37.57020933614627 ], [ 26.474632608172705, 37.570216514138437 ] ] ] ] } },
{ "type": "Feature", "properties": { "fid": 320.0, "id_fourni": 319.0, "area_m2": 8.9096433087481763, "pa_ratio": 1.2791508093298329, "shape_inde": 1.0770775574449729, "_depthmean": 0.0, "Pres_Dro": 1 }, "geometry": { "type": "MultiPolygon", "coordinates": [ [ [ [ 26.474681634311565, 37.570216732307209 ], [ 26.474688998953567, 37.570202311674919 ], [ 26.474687264379416, 37.570190741233546 ], [ 26.474669177616239, 37.570180543367279 ], [ 26.474649072040499, 37.57019924332149 ], [ 26.474663496785332, 37.570213760915969 ], [ 26.474681634311565, 37.570216732307209 ] ] ] ] } },
{ "type": "Feature", "properties": { "fid": 321.0, "id_fourni": 320.0, "area_m2": 1.1699531619427599, "pa_ratio": 3.6298130596812959, "shape_inde": 1.1075505691159131, "_depthmean": 0.0, "Pres_Dro": 1 }, "geometry": { "type": "MultiPolygon", "coordinates": [ [ [ [ 26.474707156779424, 37.57020239247182 ], [ 26.47471266503058, 37.570193744939175 ], [ 26.474701800788619, 37.570189360576315 ], [ 26.474698159073238, 37.570190789712179 ], [ 26.474698108319011, 37.570198016188151 ], [ 26.474707156779424, 37.57020239247182 ] ] ] ] } },
{ "type": "Feature", "properties": { "fid": 322.0, "id_fourni": 321.0, "area_m2": 3.4970028561246251, "pa_ratio": 2.240511123306399, "shape_inde": 1.1819256720603251, "_depthmean": 0.0, "Pres_Dro": 1 }, "geometry": { "type": "MultiPolygon", "coordinates": [ [ [ [ 26.474645481082945, 37.570193445979811 ], [ 26.474645582601521, 37.570178993027994 ], [ 26.47462014134884, 37.570181770488666 ], [ 26.474612837610646, 37.570187519345602 ], [ 26.474625507477096, 37.570193357092641 ], [ 26.474645481082945, 37.570193445979811 ] ] ] ] } },
{ "type": "Feature", "properties": { "fid": 323.0, "id_fourni": 322.0, "area_m2": 11.365259285821203, "pa_ratio": 1.159784226997242, "shape_inde": 1.102965530222531, "_depthmean": 0.0, "Pres_Dro": 1 }, "geometry": { "type": "MultiPolygon", "coordinates": [ [ [ [ 26.474696586911747, 37.570156094547734 ], [ 26.47471663156119, 37.570146066356379 ], [ 26.474705848531269, 37.570130119632218 ], [ 26.474680427599633, 37.570130006515633 ], [ 26.474665850595841, 37.570137168351138 ], [ 26.474663882542551, 37.570158839698891 ], [ 26.474674777231691, 37.570158888179648 ], [ 26.474696586911747, 37.570156094547734 ] ] ] ] } },
{ "type": "Feature", "properties": { "fid": 324.0, "id_fourni": 323.0, "area_m2": 1.054243508535907, "pa_ratio": 4.1153672079901051, "shape_inde": 1.1919941622781609, "_depthmean": 0.0, "Pres_Dro": 1 }, "geometry": { "type": "MultiPolygon", "coordinates": [ [ [ [ 26.474624341439252, 37.570100850119864 ], [ 26.474633481252109, 37.570092218752357 ], [ 26.474618975317647, 37.570089263515719 ], [ 26.474618894098956, 37.570100825877319 ], [ 26.474624341439252, 37.570100850119864 ] ] ] ] } },
{ "type": "Feature", "properties": { "fid": 325.0, "id_fourni": 324.0, "area_m2": 1.4013724688124689, "pa_ratio": 3.6763054278860108, "shape_inde": 1.227675090230963, "_depthmean": 0.0, "Pres_Dro": 1 }, "geometry": { "type": "MultiPolygon", "coordinates": [ [ [ [ 26.474315333769852, 37.570145725422847 ], [ 26.474313467197458, 37.570152943812836 ], [ 26.474331574220692, 37.570160251142994 ], [ 26.474331635168159, 37.570151579372322 ], [ 26.474315333769852, 37.570145725422847 ] ] ] ] } },
{ "type": "Feature", "properties": { "fid": 326.0, "id_fourni": 325.0, "area_m2": 3.7798486764093449, "pa_ratio": 2.088440799809181, "shape_inde": 1.1453927867106299, "_depthmean": 0.0, "Pres_Dro": 1 }, "geometry": { "type": "MultiPolygon", "coordinates": [ [ [ [ 26.474036391107063, 37.570304915752438 ], [ 26.47404173682602, 37.570319392972081 ], [ 26.474061710463662, 37.570319481958279 ], [ 26.474070840204948, 37.570312295930364 ], [ 26.474052743334397, 37.570303543265268 ], [ 26.474036391107063, 37.570304915752438 ] ] ] ] } },
{ "type": "Feature", "properties": { "fid": 327.0, "id_fourni": 326.0, "area_m2": 3.1113040123327149, "pa_ratio": 2.246391877984756, "shape_inde": 1.1177683615387179, "_depthmean": 0.0, "Pres_Dro": 1 }, "geometry": { "type": "MultiPolygon", "coordinates": [ [ [ [ 26.473951415169374, 37.570252504876898 ], [ 26.473967808046559, 37.570245351221402 ], [ 26.473966063418182, 37.570235226065378 ], [ 26.473953352936007, 37.570235169427995 ], [ 26.473938765677506, 37.570243776467898 ], [ 26.473951415169374, 37.570252504876898 ] ] ] ] } },
{ "type": "Feature", "properties": { "fid": 328.0, "id_fourni": 327.0, "area_m2": 2.4170460924516251, "pa_ratio": 2.6415097538335068, "shape_inde": 1.1584832338461879, "_depthmean": 0.0, "Pres_Dro": 1 }, "geometry": { "type": "MultiPolygon", "coordinates": [ [ [ [ 26.474031848325591, 37.570176260225303 ], [ 26.474041039033246, 37.570160402429131 ], [ 26.474022881219508, 37.570160321529833 ], [ 26.47401734239952, 37.57017330491486 ], [ 26.474031848325591, 37.570176260225303 ] ] ] ] } },
{ "type": "Feature", "properties": { "fid": 329.0, "id_fourni": 328.0, "area_m2": 2.4813292328634882, "pa_ratio": 2.5618685113930542, "shape_inde": 1.13839793611674, "_depthmean": 0.0, "Pres_Dro": 1 }, "geometry": { "type": "MultiPolygon", "coordinates": [ [ [ [ 26.47388369234681, 37.57032880611785 ], [ 26.473870890346983, 37.57034175712618 ], [ 26.473881713894652, 37.570351922745076 ], [ 26.473890853823558, 37.570343291436295 ], [ 26.473890894489536, 37.570337510256437 ], [ 26.47388369234681, 37.57032880611785 ] ] ] ] } },
{ "type": "Feature", "properties": { "fid": 330.0, "id_fourni": 329.0, "area_m2": 0.61711815110497403, "pa_ratio": 5.3504258884485516, "shape_inde": 1.1856802367088279, "_depthmean": 0.0, "Pres_Dro": 1 }, "geometry": { "type": "MultiPolygon", "coordinates": [ [ [ [ 26.473858251016765, 37.570331583413648 ], [ 26.473856374228333, 37.57034024709079 ], [ 26.473863647538113, 37.570338834166257 ], [ 26.473867329944181, 37.570331623876477 ], [ 26.473858251016765, 37.570331583413648 ] ] ] ] } },
{ "type": "Feature", "properties": { "fid": 331.0, "id_fourni": 330.0, "area_m2": 1.7356448005661029, "pa_ratio": 2.952432703099416, "shape_inde": 1.0972497764172091, "_depthmean": 0.0, "Pres_Dro": 1 }, "geometry": { "type": "MultiPolygon", "coordinates": [ [ [ [ 26.473801778639373, 37.570357347837671 ], [ 26.473803523248122, 37.570367472995784 ], [ 26.473818049538817, 37.57036753774274 ], [ 26.473818110546283, 37.570358865973063 ], [ 26.473814509477961, 37.570354513901641 ], [ 26.473801778639373, 37.570357347837671 ] ] ] ] } },
{ "type": "Feature", "properties": { "fid": 332.0, "id_fourni": 331.0, "area_m2": 34.121491109021193, "pa_ratio": 0.95782191933857797, "shape_inde": 1.578315567849691, "_depthmean": 0.0, "Pres_Dro": 1 }, "geometry": { "type": "MultiPolygon", "coordinates": [ [ [ [ 26.47362617660584, 37.570797393757807 ], [ 26.473638917697478, 37.57079311454671 ], [ 26.473635397991799, 37.570777200111671 ], [ 26.473637305332023, 37.570764200554564 ], [ 26.47362282982386, 37.570756909310788 ], [ 26.473632030862326, 37.570739606254406 ], [ 26.473653840748639, 37.570736812816989 ], [ 26.473668346768843, 37.570739768172537 ], [ 26.473675721828943, 37.570723902311748 ], [ 26.473655870138643, 37.570706469721571 ], [ 26.473574016967365, 37.57072633950893 ], [ 26.473588421257432, 37.57074374782227 ], [ 26.473608272941661, 37.570761180423638 ], [ 26.473622656902673, 37.570781479322399 ], [ 26.47362617660584, 37.570797393757807 ] ] ] ] } },
{ "type": "Feature", "properties": { "fid": 333.0, "id_fourni": 332.0, "area_m2": 1699.2219727536287, "pa_ratio": 0.19051549794522701, "shape_inde": 2.2153912488165362, "_depthmean": 0.0, "Pres_Dro": 1 }, "geometry": { "type": "MultiPolygon", "coordinates": [ [ [ [ 26.473748363796918, 37.570722780815061 ], [ 26.473748526507055, 37.57069965609751 ], [ 26.473770275363869, 37.57070553440758 ], [ 26.473770417729227, 37.570685300279621 ], [ 26.473748770571913, 37.570664969021081 ], [ 26.473748912942884, 37.570644734893051 ], [ 26.473734467955534, 37.570633107778313 ], [ 26.473729132444245, 37.570617185250939 ], [ 26.473760011083836, 37.570615877561437 ], [ 26.473789084098691, 37.570613116475222 ], [ 26.473805456734105, 37.570608853433193 ], [ 26.473791011744748, 37.570597226325276 ], [ 26.473816493839685, 37.570588667865223 ], [ 26.473852819841319, 37.570587384431164 ], [ 26.473874690676801, 37.570575919183085 ], [ 26.473853002852991, 37.57056136912292 ], [ 26.473853185864414, 37.570535353814549 ], [ 26.473826040518485, 37.570522224766009 ], [ 26.473846187055806, 37.570497743775555 ], [ 26.473850021981612, 37.570468854062689 ], [ 26.473859131427115, 37.570464558641454 ], [ 26.473841085382599, 37.570448579469407 ], [ 26.473861252229085, 37.570421207885978 ], [ 26.473861496239209, 37.570386520807283 ], [ 26.473856160717776, 37.57037059828491 ], [ 26.473827016625375, 37.570383476453074 ], [ 26.473792516677644, 37.570383322678722 ], [ 26.473730800268946, 37.57038015688849 ], [ 26.473705318235744, 37.570388715330814 ], [ 26.473683599987556, 37.570378501124502 ], [ 26.473685598842646, 37.570352493911351 ], [ 26.47365102771203, 37.570362457160101 ], [ 26.473648825420764, 37.570417370270476 ], [ 26.473650468298327, 37.570441948379511 ], [ 26.473621334314924, 37.570453381201389 ], [ 26.473604778606219, 37.570483659525877 ], [ 26.47358823305639, 37.570512492552908 ], [ 26.47355013199034, 37.570507986628996 ], [ 26.473555640397564, 37.570499339151979 ], [ 26.473555833685026, 37.570471878549704 ], [ 26.473530534724013, 37.570454421646396 ], [ 26.473495983874351, 37.570461494259362 ], [ 26.473439663904585, 37.570465579085365 ], [ 26.47341046882535, 37.570485683623801 ], [ 26.473394187780443, 37.570476938957832 ], [ 26.473366889887416, 37.570485489226627 ], [ 26.473339490216119, 37.570508492437035 ], [ 26.473326616849388, 37.570531560448536 ], [ 26.473295707704182, 37.570537203909247 ], [ 26.473264849447744, 37.570535620887945 ], [ 26.473243121039182, 37.570526851895742 ], [ 26.4732160063439, 37.570509386823446 ], [ 26.473239621788004, 37.570508046859374 ], [ 26.473254270250962, 37.570490768138527 ], [ 26.473221687840876, 37.570476169351096 ], [ 26.473203417974737, 37.570491986567717 ], [ 26.473165378027193, 37.57047880875124 ], [ 26.4731235436142, 37.570488739430864 ], [ 26.473090879774901, 37.570485702965534 ], [ 26.473043669261237, 37.570485492240032 ], [ 26.473019819603365, 37.570520073943655 ], [ 26.47301765757658, 37.570569205858405 ], [ 26.473044823161196, 37.570579444502371 ], [ 26.473102796118265, 37.570598492685534 ], [ 26.473139173039858, 37.570589982997582 ], [ 26.473175376886278, 37.570606043308942 ], [ 26.47320800006263, 37.57061486093022 ], [ 26.473242500113912, 37.570615014876225 ], [ 26.47324624366783, 37.570599132838197 ], [ 26.473257097703268, 37.570604962629282 ], [ 26.473262402576744, 37.570625221061519 ], [ 26.473293301582661, 37.570621022904689 ], [ 26.473293159088549, 37.570641257031284 ], [ 26.47326052571162, 37.57063388472816 ], [ 26.473229636878031, 37.570636637581643 ], [ 26.473213335462525, 37.570630783480333 ], [ 26.47319500447615, 37.570655272463313 ], [ 26.473227536061376, 37.570677097731888 ], [ 26.473256588760389, 37.570677227366687 ], [ 26.473236401265151, 37.570707489432891 ], [ 26.4732417773942, 37.570717630802648 ], [ 26.473230821549848, 37.570726253957353 ], [ 26.473266954231004, 37.570752431303958 ], [ 26.473299648728609, 37.57075113183717 ], [ 26.473308860018705, 37.570732383511768 ], [ 26.473299893002093, 37.570716444763526 ], [ 26.473330792043779, 37.570712246597182 ], [ 26.473330893818286, 37.570697793649714 ], [ 26.473338197704368, 37.570692044873709 ], [ 26.47335624369866, 37.570708024121615 ], [ 26.473383419557184, 37.570716817393375 ], [ 26.473405259973632, 37.570709688117617 ], [ 26.473385103058561, 37.570735614325201 ], [ 26.473384940235853, 37.570758739041239 ], [ 26.473399436073123, 37.570763139724505 ], [ 26.473412055060756, 37.570776204074996 ], [ 26.473433844614515, 37.570776301267898 ], [ 26.473472067906577, 37.57076346369292 ], [ 26.473488542336767, 37.570744747747575 ], [ 26.473483237393832, 37.5707244893254 ], [ 26.473474433135621, 37.570685425873549 ], [ 26.473438035853643, 37.570696826254157 ], [ 26.473436362515109, 37.570676584028085 ], [ 26.473487245437539, 37.570671029615148 ], [ 26.473510789710769, 37.570679806660785 ], [ 26.473516145527505, 37.570692838607954 ], [ 26.473543301053088, 37.570704522432621 ], [ 26.473559734760322, 37.570691587656199 ], [ 26.473565263526037, 37.570680049589448 ], [ 26.473585206740875, 37.570684474541416 ], [ 26.473601548886609, 37.570684547412348 ], [ 26.47360169129751, 37.570664313284887 ], [ 26.473619869576069, 37.570661503660233 ], [ 26.473637895280739, 37.570680373455225 ], [ 26.473666947982952, 37.570680502989021 ], [ 26.473663174000848, 37.570700720925295 ], [ 26.473704845739842, 37.570713914772547 ], [ 26.473748363796918, 37.570722780815061 ] ] ] ] } },
{ "type": "Feature", "properties": { "fid": 334.0, "id_fourni": 333.0, "area_m2": 4.1526908916409919, "pa_ratio": 1.952286727846819, "shape_inde": 1.122285811766101, "_depthmean": 0.0, "Pres_Dro": 1 }, "geometry": { "type": "MultiPolygon", "coordinates": [ [ [ [ 26.473295819662894, 37.57052130566661 ], [ 26.473312151594456, 37.570522823872132 ], [ 26.473328554768717, 37.570514225011863 ], [ 26.473328595478403, 37.570508443832665 ], [ 26.473314089516904, 37.570505488435693 ], [ 26.473295901087361, 37.570509743308321 ], [ 26.473295819662894, 37.57052130566661 ] ] ] ] } },
{ "type": "Feature", "properties": { "fid": 335.0, "id_fourni": 334.0, "area_m2": 1.3113760713220819, "pa_ratio": 3.8578396997249071, "shape_inde": 1.2462434057995431, "_depthmean": 0.0, "Pres_Dro": 1 }, "geometry": { "type": "MultiPolygon", "coordinates": [ [ [ [ 26.473601340298682, 37.57045618273014 ], [ 26.473612306232706, 37.570446114245172 ], [ 26.473612357092268, 37.570438887770749 ], [ 26.473599626231881, 37.570441721684787 ], [ 26.473601340298682, 37.57045618273014 ] ] ] ] } },
{ "type": "Feature", "properties": { "fid": 336.0, "id_fourni": 335.0, "area_m2": 2.4170460923349522, "pa_ratio": 2.718112330793542, "shape_inde": 1.1920787187285831, "_depthmean": 0.0, "Pres_Dro": 1 }, "geometry": { "type": "MultiPolygon", "coordinates": [ [ [ [ 26.47372738225868, 37.570349789505819 ], [ 26.4737401130987, 37.570346955577797 ], [ 26.47374013343752, 37.57034406498795 ], [ 26.473731125695871, 37.570333907450816 ], [ 26.473711070695686, 37.57034538076806 ], [ 26.47372738225868, 37.570349789505819 ] ] ] ] } },
{ "type": "Feature", "properties": { "fid": 337.0, "id_fourni": 336.0, "area_m2": 7.2382816485939356, "pa_ratio": 1.451864668522016, "shape_inde": 1.1018917809608171, "_depthmean": 0.0, "Pres_Dro": 1 }, "geometry": { "type": "MultiPolygon", "coordinates": [ [ [ [ 26.473678437404931, 37.570338008580762 ], [ 26.473689433822308, 37.570323604203395 ], [ 26.473678610305022, 37.570313438567055 ], [ 26.473649517060736, 37.57031909021687 ], [ 26.473647589392531, 37.570334980365097 ], [ 26.473678437404931, 37.570338008580762 ] ] ] ] } },
{ "type": "Feature", "properties": { "fid": 338.0, "id_fourni": 337.0, "area_m2": 5.0526548631706936, "pa_ratio": 1.722980546183275, "shape_inde": 1.0925347482334999, "_depthmean": 0.0, "Pres_Dro": 1 }, "geometry": { "type": "MultiPolygon", "coordinates": [ [ [ [ 26.473307498094705, 37.570410066574219 ], [ 26.473287443009831, 37.570421539818703 ], [ 26.473294624735431, 37.570433134582679 ], [ 26.473320066119548, 37.570430357408789 ], [ 26.473320157717538, 37.570417349755452 ], [ 26.473307498094705, 37.570410066574219 ] ] ] ] } },
{ "type": "Feature", "properties": { "fid": 339.0, "id_fourni": 338.0, "area_m2": 9.8867470480646116, "pa_ratio": 1.320257485640224, "shape_inde": 1.171063427176374, "_depthmean": 0.0, "Pres_Dro": 1 }, "geometry": { "type": "MultiPolygon", "coordinates": [ [ [ [ 26.473206727582991, 37.570795522770332 ], [ 26.473222998494993, 37.570805712756751 ], [ 26.47323752486945, 37.570805777575785 ], [ 26.473261150585707, 37.570802992313453 ], [ 26.473257610602307, 37.570789968457198 ], [ 26.473243165664282, 37.570778341282981 ], [ 26.473237738634413, 37.570775426386916 ], [ 26.473226762422058, 37.570786940130532 ], [ 26.473212236051296, 37.570786875310198 ], [ 26.473206727582991, 37.570795522770332 ] ] ] ] } },
{ "type": "Feature", "properties": { "fid": 340.0, "id_fourni": 339.0, "area_m2": 17.806429987559351, "pa_ratio": 1.080872760793202, "shape_inde": 1.286643020529169, "_depthmean": 0.0, "Pres_Dro": 1 }, "geometry": { "type": "MultiPolygon", "coordinates": [ [ [ [ 26.473161108692533, 37.570827116676199 ], [ 26.473159150363806, 37.570847342698194 ], [ 26.473188182768112, 37.570850362939659 ], [ 26.473211706702116, 37.570862030634231 ], [ 26.473235352795768, 37.570856354787843 ], [ 26.473235424051225, 37.570846237725021 ], [ 26.473211849219403, 37.570841796508617 ], [ 26.473211971376955, 37.570824452972325 ], [ 26.473199281156258, 37.570821505663638 ], [ 26.473161108692533, 37.570827116676199 ] ] ] ] } },
{ "type": "Feature", "properties": { "fid": 341.0, "id_fourni": 340.0, "area_m2": 7.1482852512015542, "pa_ratio": 1.5829091224394349, "shape_inde": 1.193856112356575, "_depthmean": 0.0, "Pres_Dro": 1 }, "geometry": { "type": "MultiPolygon", "coordinates": [ [ [ [ 26.473142716553411, 37.570860277417779 ], [ 26.473131760676662, 37.57086890056285 ], [ 26.473142604560792, 37.570876175659095 ], [ 26.473138871151566, 37.570890612398181 ], [ 26.473167995197748, 37.570880624992704 ], [ 26.473168107184993, 37.570864726751346 ], [ 26.473164506130725, 37.57086037466059 ], [ 26.473142716553411, 37.570860277417779 ] ] ] ] } },
{ "type": "Feature", "properties": { "fid": 342.0, "id_fourni": 341.0, "area_m2": 3.676995651040063, "pa_ratio": 2.1608479546565418, "shape_inde": 1.1688689859057479, "_depthmean": 0.0, "Pres_Dro": 1 }, "geometry": { "type": "MultiPolygon", "coordinates": [ [ [ [ 26.473095342889948, 37.570883191425686 ], [ 26.473089824218778, 37.570893284174701 ], [ 26.473096975411892, 37.570909214833804 ], [ 26.473111511987931, 37.570907834373848 ], [ 26.473113419422702, 37.570894834826191 ], [ 26.473102555174901, 37.570890450316611 ], [ 26.473095342889948, 37.570883191425686 ] ] ] ] } },
{ "type": "Feature", "properties": { "fid": 343.0, "id_fourni": 342.0, "area_m2": 5.2197910289751741, "pa_ratio": 1.6988095324765531, "shape_inde": 1.0948794779608211, "_depthmean": 0.0, "Pres_Dro": 1 }, "geometry": { "type": "MultiPolygon", "coordinates": [ [ [ [ 26.473053569338362, 37.570884450310189 ], [ 26.473035370618835, 37.570890150436227 ], [ 26.473035268786507, 37.570904603382552 ], [ 26.47305700746228, 37.570911927118495 ], [ 26.47306433175568, 37.570903287770683 ], [ 26.473053569338362, 37.570884450310189 ] ] ] ] } },
{ "type": "Feature", "properties": { "fid": 344.0, "id_fourni": 343.0, "area_m2": 46.566707161828894, "pa_ratio": 0.843681203630124, "shape_inde": 1.6240941652112859, "_depthmean": 0.0, "Pres_Dro": 1 }, "geometry": { "type": "MultiPolygon", "coordinates": [ [ [ [ 26.472904561806892, 37.570899683837908 ], [ 26.472899012551238, 37.570914112461551 ], [ 26.472931656198515, 37.570920039570304 ], [ 26.472917058503899, 37.570930091775693 ], [ 26.472942398219928, 37.570941767630835 ], [ 26.472982345820643, 37.570941945974333 ], [ 26.472982254162154, 37.570954953625822 ], [ 26.472973124238109, 37.570962139567399 ], [ 26.472992986019136, 37.570978126976364 ], [ 26.473031209488727, 37.570965289545903 ], [ 26.473034922556071, 37.570953743399855 ], [ 26.473013173686741, 37.570947864954455 ], [ 26.473015172792401, 37.570921857757014 ], [ 26.473013458829449, 37.570907396705074 ], [ 26.472973470509253, 37.570912999550686 ], [ 26.472964452620225, 37.570904287250904 ], [ 26.472942642660769, 37.570907080560303 ], [ 26.472904561806892, 37.570899683837908 ] ] ] ] } },
{ "type": "Feature", "properties": { "fid": 345.0, "id_fourni": 344.0, "area_m2": 19.606357930147396, "pa_ratio": 0.94104944161735204, "shape_inde": 1.175454905421295, "_depthmean": 0.0, "Pres_Dro": 1 }, "geometry": { "type": "MultiPolygon", "coordinates": [ [ [ [ 26.473137000907705, 37.57064056020927 ], [ 26.473131441535287, 37.570656434139671 ], [ 26.473142142853654, 37.570683943361963 ], [ 26.473172970626781, 37.570689862299908 ], [ 26.473191189647451, 37.570681271562549 ], [ 26.473185823708071, 37.570669684895783 ], [ 26.473169542650012, 37.570660940198962 ], [ 26.473169715719283, 37.570636370188637 ], [ 26.473137000907705, 37.57064056020927 ] ] ] ] } },
{ "type": "Feature", "properties": { "fid": 346.0, "id_fourni": 345.0, "area_m2": 14.193717477253168, "pa_ratio": 1.0570399226813589, "shape_inde": 1.123400302351651, "_depthmean": 0.0, "Pres_Dro": 1 }, "geometry": { "type": "MultiPolygon", "coordinates": [ [ [ [ 26.473113639960644, 37.570605767784471 ], [ 26.473086352171268, 37.570612872692898 ], [ 26.473084373464268, 37.57063598930371 ], [ 26.473115241939297, 37.570636127077712 ], [ 26.473140734304227, 37.570626123469538 ], [ 26.473139071228683, 37.570604435944901 ], [ 26.473113639960644, 37.570605767784471 ] ] ] ] } },
{ "type": "Feature", "properties": { "fid": 347.0, "id_fourni": 346.0, "area_m2": 14.797979002299336, "pa_ratio": 1.0433098667681819, "shape_inde": 1.132164637852187, "_depthmean": 0.0, "Pres_Dro": 1 }, "geometry": { "type": "MultiPolygon", "coordinates": [ [ [ [ 26.473223870089083, 37.570424146841191 ], [ 26.473198377804223, 37.570434150468245 ], [ 26.473198245465312, 37.570452939300417 ], [ 26.473234561230107, 37.570453101350964 ], [ 26.47325820719243, 37.570447425498664 ], [ 26.473258359873753, 37.570425746076673 ], [ 26.473223870089083, 37.570424146841191 ] ] ] ] } },
{ "type": "Feature", "properties": { "fid": 348.0, "id_fourni": 347.0, "area_m2": 10.323872404076806, "pa_ratio": 1.2460834762497239, "shape_inde": 1.1294409223786399, "_depthmean": 0.0, "Pres_Dro": 1 }, "geometry": { "type": "MultiPolygon", "coordinates": [ [ [ [ 26.47321545282324, 37.570330162166606 ], [ 26.47321717699289, 37.570343177922446 ], [ 26.473237150634233, 37.570343267048202 ], [ 26.473242628528045, 37.570338955470177 ], [ 26.473255410277822, 37.570328895120454 ], [ 26.473239190359696, 37.570311478664301 ], [ 26.473206496053514, 37.570312778115877 ], [ 26.47321545282324, 37.570330162166606 ] ] ] ] } },
{ "type": "Feature", "properties": { "fid": 349.0, "id_fourni": 348.0, "area_m2": 14.425136784015537, "pa_ratio": 1.2033493233132391, "shape_inde": 1.289278546393265, "_depthmean": 0.0, "Pres_Dro": 1 }, "geometry": { "type": "MultiPolygon", "coordinates": [ [ [ [ 26.473207904650788, 37.570370598010911 ], [ 26.473207802853715, 37.570385050958926 ], [ 26.47322408385665, 37.570393795650432 ], [ 26.473240497191476, 37.570383751507251 ], [ 26.473273181349764, 37.570383897341308 ], [ 26.473280566635722, 37.57036658620985 ], [ 26.473262449488743, 37.570360724013938 ], [ 26.473238783196013, 37.570369290457016 ], [ 26.473222492017232, 37.570361991062335 ], [ 26.473207904650788, 37.570370598010911 ] ] ] ] } },
{ "type": "Feature", "properties": { "fid": 350.0, "id_fourni": 349.0, "area_m2": 0.98996036734933801, "pa_ratio": 4.2375972173642502, "shape_inde": 1.1893882583030611, "_depthmean": 0.0, "Pres_Dro": 1 }, "geometry": { "type": "MultiPolygon", "coordinates": [ [ [ [ 26.473771032301773, 37.570339866704757 ], [ 26.473772797243541, 37.570347101273448 ], [ 26.473787333698706, 37.570345720729193 ], [ 26.47378737437268, 37.57033993954942 ], [ 26.473771032301773, 37.570339866704757 ] ] ] ] } },
{ "type": "Feature", "properties": { "fid": 351.0, "id_fourni": 350.0, "area_m2": 0.732827804413822, "pa_ratio": 4.8623536156943583, "shape_inde": 1.17420135479099, "_depthmean": 0.0, "Pres_Dro": 1 }, "geometry": { "type": "MultiPolygon", "coordinates": [ [ [ [ 26.47344351933582, 37.570433798797062 ], [ 26.473443458284759, 37.570442470566093 ], [ 26.473456199325916, 37.570438191374102 ], [ 26.473452598275021, 37.570433839291859 ], [ 26.47344351933582, 37.570433798797062 ] ] ] ] } },
{ "type": "Feature", "properties": { "fid": 352.0, "id_fourni": 351.0, "area_m2": 11.339546028789346, "pa_ratio": 1.1382421718819919, "shape_inde": 1.081253619506489, "_depthmean": 0.0, "Pres_Dro": 1 }, "geometry": { "type": "MultiPolygon", "coordinates": [ [ [ [ 26.473151941062774, 37.570324097382127 ], [ 26.473128244225606, 37.57033699968747 ], [ 26.473135344469657, 37.570360156819348 ], [ 26.473166212831103, 37.570360294579196 ], [ 26.47317540374457, 37.570344436852459 ], [ 26.473151941062774, 37.570324097382127 ] ] ] ] } },
{ "type": "Feature", "properties": { "fid": 353.0, "id_fourni": 352.0, "area_m2": 3.6384257666986728, "pa_ratio": 2.0309182708520388, "shape_inde": 1.092809027484581, "_depthmean": 0.0, "Pres_Dro": 1 }, "geometry": { "type": "MultiPolygon", "coordinates": [ [ [ [ 26.473156787757674, 37.570409394085225 ], [ 26.473142210555441, 37.570416555730702 ], [ 26.473142118926503, 37.570429563383684 ], [ 26.47316209259068, 37.570429652522307 ], [ 26.473167590856171, 37.570422450358365 ], [ 26.473156787757674, 37.570409394085225 ] ] ] ] } },
{ "type": "Feature", "properties": { "fid": 354.0, "id_fourni": 353.0, "area_m2": 24.427593486051691, "pa_ratio": 0.989855093125667, "shape_inde": 1.380088801930988, "_depthmean": 0.0, "Pres_Dro": 1 }, "geometry": { "type": "MultiPolygon", "coordinates": [ [ [ [ 26.473140557664436, 37.570393422910598 ], [ 26.473116932073523, 37.57039620814988 ], [ 26.473098621477838, 37.570417806529562 ], [ 26.473083952629398, 37.570437975820646 ], [ 26.473065713291255, 37.570449457131645 ], [ 26.473081912833891, 37.570469764200638 ], [ 26.473107374601199, 37.570464096483285 ], [ 26.473103875386947, 37.570445291442951 ], [ 26.473125756475071, 37.570432381039083 ], [ 26.473134886319329, 37.570425195084489 ], [ 26.47313494740612, 37.570416523315863 ], [ 26.473144077247543, 37.570409337360481 ], [ 26.473140557664436, 37.570393422910598 ] ] ] ] } },
{ "type": "Feature", "properties": { "fid": 355.0, "id_fourni": 354.0, "area_m2": 7.5596973524733402, "pa_ratio": 1.71844986966095, "shape_inde": 1.3328587888463059, "_depthmean": 0.0, "Pres_Dro": 1 }, "geometry": { "type": "MultiPolygon", "coordinates": [ [ [ [ 26.472959758889363, 37.570797311128892 ], [ 26.472945161222629, 37.570807363338169 ], [ 26.472959616304113, 37.570817545253838 ], [ 26.472984996725689, 37.570823439921277 ], [ 26.47300867337492, 37.570813428236377 ], [ 26.47298511893576, 37.570806096385567 ], [ 26.472976029767697, 37.570807501149112 ], [ 26.472959758889363, 37.570797311128892 ] ] ] ] } },
{ "type": "Feature", "properties": { "fid": 356.0, "id_fourni": 355.0, "area_m2": 0.43712535703891298, "pa_ratio": 7.4322633635703603, "shape_inde": 1.3861785001013069, "_depthmean": 0.0, "Pres_Dro": 1 }, "geometry": { "type": "MultiPolygon", "coordinates": [ [ [ [ 26.47298310963901, 37.570833548877552 ], [ 26.472990372828654, 37.570833581302082 ], [ 26.472999472183538, 37.570830731242822 ], [ 26.472992229362237, 37.570827808229588 ], [ 26.47298310963901, 37.570833548877552 ] ] ] ] } },
{ "type": "Feature", "properties": { "fid": 357.0, "id_fourni": 356.0, "area_m2": 102.89159508837386, "pa_ratio": 0.56533692368773503, "shape_inde": 1.617679080468297, "_depthmean": 0.0, "Pres_Dro": 1 }, "geometry": { "type": "MultiPolygon", "coordinates": [ [ [ [ 26.473371640887571, 37.57032652299543 ], [ 26.473393236964103, 37.570354080797038 ], [ 26.473416852356387, 37.570352740797112 ], [ 26.47344955685211, 37.570349995992508 ], [ 26.473484128003061, 37.570340032802868 ], [ 26.473477017478125, 37.570318320985969 ], [ 26.473447985267573, 37.570315300816731 ], [ 26.473447903867207, 37.570326863175694 ], [ 26.47343881476576, 37.570328267975498 ], [ 26.473429766365587, 37.570323891595116 ], [ 26.473442649839289, 37.570299378276182 ], [ 26.473475364485299, 37.570295188169354 ], [ 26.473489951806542, 37.570286581187261 ], [ 26.473520759097614, 37.570295390623521 ], [ 26.473515433828887, 37.5702780227912 ], [ 26.473488339507277, 37.570257667191107 ], [ 26.473503099776856, 37.570224490193915 ], [ 26.473464947989374, 37.57022721071796 ], [ 26.473428418649643, 37.570257399931705 ], [ 26.473395612433372, 37.570274597679507 ], [ 26.473360909003958, 37.570303349676607 ], [ 26.473371640887571, 37.57032652299543 ] ] ] ] } },
{ "type": "Feature", "properties": { "fid": 358.0, "id_fourni": 357.0, "area_m2": 0.925677226890806, "pa_ratio": 4.2360504117616049, "shape_inde": 1.1497038286380401, "_depthmean": 0.0, "Pres_Dro": 1 }, "geometry": { "type": "MultiPolygon", "coordinates": [ [ [ [ 26.472701601944028, 37.571098234389204 ], [ 26.472710721721125, 37.571092493763636 ], [ 26.472707141062109, 37.57108525107018 ], [ 26.472698041665282, 37.571088101106469 ], [ 26.472701601944028, 37.571098234389204 ] ] ] ] } },
{ "type": "Feature", "properties": { "fid": 359.0, "id_fourni": 358.0, "area_m2": 2.4556159769190198, "pa_ratio": 2.5833721702000241, "shape_inde": 1.1419899183844919, "_depthmean": 0.0, "Pres_Dro": 1 }, "geometry": { "type": "MultiPolygon", "coordinates": [ [ [ [ 26.472654594859893, 37.571069117615139 ], [ 26.47265648199723, 37.571059008664875 ], [ 26.472645607562157, 37.571056069407881 ], [ 26.472632896943182, 37.571056012627274 ], [ 26.472632825605697, 37.571066129688788 ], [ 26.472654594859893, 37.571069117615139 ] ] ] ] } },
{ "type": "Feature", "properties": { "fid": 360.0, "id_fourni": 359.0, "area_m2": 3.3041534343990122, "pa_ratio": 2.2710781337032699, "shape_inde": 1.1645476062728399, "_depthmean": 0.0, "Pres_Dro": 1 }, "geometry": { "type": "MultiPolygon", "coordinates": [ [ [ [ 26.472522469354779, 37.571007823049101 ], [ 26.472544340514979, 37.570996358050756 ], [ 26.472544411864245, 37.570986240989278 ], [ 26.472524427860289, 37.570987597039519 ], [ 26.472520714712573, 37.570999143168855 ], [ 26.472522469354779, 37.571007823049101 ] ] ] ] } },
{ "type": "Feature", "properties": { "fid": 361.0, "id_fourni": 360.0, "area_m2": 16.302204494824338, "pa_ratio": 1.043699131654978, "shape_inde": 1.1887582896210871, "_depthmean": 0.0, "Pres_Dro": 1 }, "geometry": { "type": "MultiPolygon", "coordinates": [ [ [ [ 26.472311152478067, 37.570846445916857 ], [ 26.47232564826751, 37.570850846731574 ], [ 26.472345632238106, 37.570849490714721 ], [ 26.472345693417346, 37.570840818947808 ], [ 26.472349365798006, 37.570835054001748 ], [ 26.472349447369709, 37.570823491645847 ], [ 26.472325882796682, 37.570817604958449 ], [ 26.472302206056348, 37.570827616505689 ], [ 26.472285812894324, 37.570834769926989 ], [ 26.472283895119787, 37.570849214754823 ], [ 26.472298370513219, 37.570856506161824 ], [ 26.472311152478067, 37.570846445916857 ] ] ] ] } },
{ "type": "Feature", "properties": { "fid": 362.0, "id_fourni": 361.0, "area_m2": 2.3784762077788861, "pa_ratio": 2.5628610588680778, "shape_inde": 1.114986312417557, "_depthmean": 0.0, "Pres_Dro": 1 }, "geometry": { "type": "MultiPolygon", "coordinates": [ [ [ [ 26.472307806406491, 37.570805961438261 ], [ 26.472316966965842, 37.57079443966483 ], [ 26.472309744569639, 37.570788626020942 ], [ 26.472302501779858, 37.570785702965608 ], [ 26.472295146818208, 37.570798678149202 ], [ 26.472307806406491, 37.570805961438261 ] ] ] ] } },
{ "type": "Feature", "properties": { "fid": 363.0, "id_fourni": 362.0, "area_m2": 2.3270496947325601, "pa_ratio": 2.5539697191453499, "shape_inde": 1.0990403585345221, "_depthmean": 0.0, "Pres_Dro": 1 }, "geometry": { "type": "MultiPolygon", "coordinates": [ [ [ [ 26.472379989650506, 37.570869879036394 ], [ 26.472387181472737, 37.570880028559458 ], [ 26.472401707859675, 37.570880093481435 ], [ 26.472401789423408, 37.570868531125505 ], [ 26.472392730824247, 37.570865599960513 ], [ 26.472379989650506, 37.570869879036394 ] ] ] ] } },
{ "type": "Feature", "properties": { "fid": 364.0, "id_fourni": 363.0, "area_m2": 1.0799567646063799, "pa_ratio": 4.2226768694826502, "shape_inde": 1.2379015361712671, "_depthmean": 0.0, "Pres_Dro": 1 }, "geometry": { "type": "MultiPolygon", "coordinates": [ [ [ [ 26.472390976200256, 37.570856920078278 ], [ 26.472396464375922, 37.570851163246068 ], [ 26.472380142588701, 37.570848199619043 ], [ 26.472383682421629, 37.570861223500344 ], [ 26.472390976200256, 37.570856920078278 ] ] ] ] } },
{ "type": "Feature", "properties": { "fid": 365.0, "id_fourni": 364.0, "area_m2": 1.722788172388525, "pa_ratio": 3.04477955681006, "shape_inde": 1.127371012292957, "_depthmean": 0.0, "Pres_Dro": 1 }, "geometry": { "type": "MultiPolygon", "coordinates": [ [ [ [ 26.472418101020789, 37.570872940044062 ], [ 26.472427098451977, 37.570884542974071 ], [ 26.47243800343767, 37.570883146367585 ], [ 26.472438044216737, 37.570877365189567 ], [ 26.472427200401757, 37.570870090029118 ], [ 26.472418101020789, 37.570872940044062 ] ] ] ] } },
{ "type": "Feature", "properties": { "fid": 366.0, "id_fourni": 365.0, "area_m2": 1.4013724684624509, "pa_ratio": 3.5723450143767659, "shape_inde": 1.192958276547585, "_depthmean": 0.0, "Pres_Dro": 1 }, "geometry": { "type": "MultiPolygon", "coordinates": [ [ [ [ 26.472432688575612, 37.570864333195232 ], [ 26.472434565542578, 37.570855669542858 ], [ 26.472434575737406, 37.570854224248343 ], [ 26.472432790524234, 37.570849880250186 ], [ 26.472423680950918, 37.570854175560086 ], [ 26.472416376979215, 37.570859924278686 ], [ 26.472432688575612, 37.570864333195232 ] ] ] ] } },
{ "type": "Feature", "properties": { "fid": 367.0, "id_fourni": 366.0, "area_m2": 18.320695114886455, "pa_ratio": 0.90419072707622405, "shape_inde": 1.091757264863503, "_depthmean": 0.0, "Pres_Dro": 1 }, "geometry": { "type": "MultiPolygon", "coordinates": [ [ [ [ 26.472721775355414, 37.570554876621991 ], [ 26.472749093723099, 37.57054343591394 ], [ 26.472756489334643, 37.57052467952208 ], [ 26.472745635350353, 37.570518849685278 ], [ 26.47271658271525, 37.570518719925211 ], [ 26.4726892949211, 37.570525824741885 ], [ 26.47268914207428, 37.57054750416151 ], [ 26.472721775355414, 37.570554876621991 ] ] ] ] } },
{ "type": "Feature", "properties": { "fid": 368.0, "id_fourni": 367.0, "area_m2": 73.719905814815945, "pa_ratio": 0.54044981330287101, "shape_inde": 1.309009580104691, "_depthmean": 0.0, "Pres_Dro": 1 }, "geometry": { "type": "MultiPolygon", "coordinates": [ [ [ [ 26.472834417995632, 37.570803978184408 ], [ 26.472830613220669, 37.570828531975692 ], [ 26.472857697379769, 37.5708503330196 ], [ 26.472888576128188, 37.57084902555895 ], [ 26.472917628892407, 37.570849155277656 ], [ 26.472917588150455, 37.570854936456108 ], [ 26.472926493989526, 37.570879547000203 ], [ 26.472975622393324, 37.570865312934487 ], [ 26.472995687829204, 37.570852394450469 ], [ 26.472966726724223, 37.570839257099315 ], [ 26.472961370993335, 37.570826225128187 ], [ 26.472943223206101, 37.57082469876697 ], [ 26.472939642537007, 37.570817456080178 ], [ 26.472925258755559, 37.570797157099641 ], [ 26.472899898719366, 37.57078837183019 ], [ 26.472872600657098, 37.570796921982918 ], [ 26.472834417995632, 37.570803978184408 ] ] ] ] } },
{ "type": "Feature", "properties": { "fid": 369.0, "id_fourni": 368.0, "area_m2": 1.0028169957789279, "pa_ratio": 4.2680821494963199, "shape_inde": 1.2056983893580131, "_depthmean": 0.0, "Pres_Dro": 1 }, "geometry": { "type": "MultiPolygon", "coordinates": [ [ [ [ 26.473100308322589, 37.570693874032116 ], [ 26.473113079970908, 37.570685258993713 ], [ 26.473107673316392, 37.570679453502294 ], [ 26.473100389777787, 37.570682311674503 ], [ 26.473100308322589, 37.570693874032116 ] ] ] ] } },
{ "type": "Feature", "properties": { "fid": 370.0, "id_fourni": 369.0, "area_m2": 18.526401164192286, "pa_ratio": 0.98714092044606605, "shape_inde": 1.1985875305879841, "_depthmean": 0.0, "Pres_Dro": 1 }, "geometry": { "type": "MultiPolygon", "coordinates": [ [ [ [ 26.47284238660194, 37.570961555836945 ], [ 26.472840468931238, 37.57097600067425 ], [ 26.472849547935382, 37.57097604121595 ], [ 26.472851282241663, 37.570987611680771 ], [ 26.472862085368813, 37.571000667980826 ], [ 26.472885721345961, 37.570996437499744 ], [ 26.472903991403207, 37.570980620335078 ], [ 26.472900522775131, 37.570957479406808 ], [ 26.47288601674428, 37.570954523956921 ], [ 26.472871439409658, 37.57096168556734 ], [ 26.472862319660827, 37.570967426205655 ], [ 26.47284238660194, 37.570961555836945 ] ] ] ] } },
{ "type": "Feature", "properties": { "fid": 371.0, "id_fourni": 370.0, "area_m2": 15.543663433938688, "pa_ratio": 1.1108037366495001, "shape_inde": 1.235404252612603, "_depthmean": 0.0, "Pres_Dro": 1 }, "geometry": { "type": "MultiPolygon", "coordinates": [ [ [ [ 26.472849700738063, 37.570954361797341 ], [ 26.472882446260883, 37.570945835973966 ], [ 26.472882497191893, 37.570938609501034 ], [ 26.472877070164717, 37.570935694588471 ], [ 26.47288078325429, 37.570924148447368 ], [ 26.47286076871249, 37.570929840438502 ], [ 26.472844487636713, 37.570921095697102 ], [ 26.472822636918718, 37.57092967016257 ], [ 26.472813405107225, 37.570951309037433 ], [ 26.472849700738063, 37.570954361797341 ] ] ] ] } },
{ "type": "Feature", "properties": { "fid": 372.0, "id_fourni": 371.0, "area_m2": 3.1627305248423481, "pa_ratio": 2.173192879613004, "shape_inde": 1.090245835608052, "_depthmean": 0.0, "Pres_Dro": 1 }, "geometry": { "type": "MultiPolygon", "coordinates": [ [ [ [ 26.472862635445111, 37.570922622073645 ], [ 26.472871765374805, 37.570915436140602 ], [ 26.472870031066901, 37.570903865675959 ], [ 26.472855504674246, 37.570903800811557 ], [ 26.472846344183768, 37.570915322627101 ], [ 26.472862635445111, 37.570922622073645 ] ] ] ] } },
{ "type": "Feature", "properties": { "fid": 373.0, "id_fourni": 372.0, "area_m2": 9.0896361023662138, "pa_ratio": 1.433345610865014, "shape_inde": 1.2190435959414709, "_depthmean": 0.0, "Pres_Dro": 1 }, "geometry": { "type": "MultiPolygon", "coordinates": [ [ [ [ 26.472769082148339, 37.57105662091962 ], [ 26.47276172724008, 37.571069596132112 ], [ 26.47275436214052, 37.571084016638572 ], [ 26.472761564222669, 37.571092720844511 ], [ 26.472779803764993, 37.571081239583279 ], [ 26.472803449959898, 37.571075563824408 ], [ 26.472803521274326, 37.571065446762653 ], [ 26.47279263664441, 37.571063952813667 ], [ 26.472769082148339, 37.57105662091962 ] ] ] ] } },
{ "type": "Feature", "properties": { "fid": 374.0, "id_fourni": 373.0, "area_m2": 14.360853643337663, "pa_ratio": 1.0277003754808789, "shape_inde": 1.0986306507987691, "_depthmean": 0.0, "Pres_Dro": 1 }, "geometry": { "type": "MultiPolygon", "coordinates": [ [ [ [ 26.472818180135583, 37.571046722804617 ], [ 26.472830992625706, 37.571032326619715 ], [ 26.47284564128659, 37.571015047952621 ], [ 26.472829390755916, 37.571001967325493 ], [ 26.472796655390461, 37.57100904783929 ], [ 26.472796441444711, 37.57103939902477 ], [ 26.472818180135583, 37.571046722804617 ] ] ] ] } },
{ "type": "Feature", "properties": { "fid": 375.0, "id_fourni": 374.0, "area_m2": 20.557748412347969, "pa_ratio": 1.0380218805273991, "shape_inde": 1.327667577177579, "_depthmean": 0.0, "Pres_Dro": 1 }, "geometry": { "type": "MultiPolygon", "coordinates": [ [ [ [ 26.472709395018008, 37.57102311151634 ], [ 26.47270928293263, 37.571039009756085 ], [ 26.472740110816165, 37.571044928807538 ], [ 26.472763940395936, 37.571013237754855 ], [ 26.472784036472309, 37.570995983424055 ], [ 26.472767755391313, 37.570987238672139 ], [ 26.47273864144017, 37.570995780683404 ], [ 26.472718524974681, 37.571015925595461 ], [ 26.472727553037366, 37.571023192619201 ], [ 26.472709395018008, 37.57102311151634 ] ] ] ] } },
{ "type": "Feature", "properties": { "fid": 376.0, "id_fourni": 375.0, "area_m2": 0.71997117627357998, "pa_ratio": 5.2268274617012498, "shape_inde": 1.251096436806985, "_depthmean": 0.0, "Pres_Dro": 1 }, "geometry": { "type": "MultiPolygon", "coordinates": [ [ [ [ 26.472505697653624, 37.570811181861707 ], [ 26.472516582240772, 37.570812675836891 ], [ 26.472513001613713, 37.570805433137444 ], [ 26.472500291037608, 37.570805376342904 ], [ 26.472505697653624, 37.570811181861707 ] ] ] ] } },
{ "type": "Feature", "properties": { "fid": 377.0, "id_fourni": 376.0, "area_m2": 698.55203392185422, "pa_ratio": 0.33853103989688899, "shape_inde": 2.5240208842469878, "_depthmean": 0.0, "Pres_Dro": 1 }, "geometry": { "type": "MultiPolygon", "coordinates": [ [ [ [ 26.472407522287423, 37.570828087224783 ], [ 26.472434820412996, 37.570819537180135 ], [ 26.472442195741934, 37.570803671398686 ], [ 26.47241684595668, 37.570793440731379 ], [ 26.472455028650536, 37.570786384665219 ], [ 26.472467902329779, 37.570763316752121 ], [ 26.472480806582684, 37.570735912953808 ], [ 26.47250248399326, 37.570751908558556 ], [ 26.472529476291669, 37.570786717327998 ], [ 26.472536403112578, 37.570834444500157 ], [ 26.472512756974506, 37.570840120206199 ], [ 26.472474716974979, 37.570826942167514 ], [ 26.472460333318612, 37.570806643131334 ], [ 26.472451152390725, 37.57082105550505 ], [ 26.472454712623637, 37.570831188795346 ], [ 26.472492701653223, 37.570851593313016 ], [ 26.472496231312288, 37.570866062485585 ], [ 26.472481501049337, 37.570894903465472 ], [ 26.472494119897412, 37.57090796791271 ], [ 26.472463108593132, 37.570928064098382 ], [ 26.472475605114692, 37.570958472081415 ], [ 26.472522744570465, 37.570968800097809 ], [ 26.472575300865469, 37.570983488316564 ], [ 26.472589929191621, 37.570969100270453 ], [ 26.472573627755093, 37.57096324608095 ], [ 26.472557346706125, 37.570954501300236 ], [ 26.472557458823466, 37.570938603060604 ], [ 26.472557632095548, 37.570914033053846 ], [ 26.472543238207336, 37.570895179322285 ], [ 26.472541544721821, 37.570877827675076 ], [ 26.472566843591512, 37.570895284788442 ], [ 26.472599701227772, 37.570870860803588 ], [ 26.472645075801555, 37.570873954186155 ], [ 26.472637598599231, 37.57090427292578 ], [ 26.472651941559835, 37.570930353118698 ], [ 26.47262805081294, 37.570970715916204 ], [ 26.472627836799077, 37.571001067101058 ], [ 26.472602313663547, 37.57101540647988 ], [ 26.472623991180665, 37.571031402062331 ], [ 26.472638497215652, 37.571034357544391 ], [ 26.472700407716097, 37.571010063313096 ], [ 26.472740620264812, 37.570972664080664 ], [ 26.472769693453142, 37.570969903247047 ], [ 26.472764398878549, 37.570948199500108 ], [ 26.472755421764486, 37.570933706006329 ], [ 26.472760940483642, 37.570923613273379 ], [ 26.47273027567438, 37.570894569514643 ], [ 26.47274476130956, 37.570900415572687 ], [ 26.472775752151001, 37.570883209901417 ], [ 26.472810374574532, 37.570866020439624 ], [ 26.472821473110422, 37.570837163200316 ], [ 26.472816209092016, 37.57081112357136 ], [ 26.47277626156222, 37.570810945172155 ], [ 26.472719941293885, 37.570815029652245 ], [ 26.472690827404683, 37.57082357165244 ], [ 26.472672567531752, 37.570837943489906 ], [ 26.472647238084232, 37.570824822282681 ], [ 26.472649186359977, 37.57080604156468 ], [ 26.472623673486641, 37.570818935654557 ], [ 26.472614574119227, 37.57082178568475 ], [ 26.472609198068252, 37.57081164428719 ], [ 26.472587571576675, 37.570788422229164 ], [ 26.472598588653437, 37.570771127367465 ], [ 26.472595181278987, 37.570739314662802 ], [ 26.472571840939221, 37.570701631543891 ], [ 26.472553713575785, 37.570697214533944 ], [ 26.472568362233758, 37.570679935900245 ], [ 26.472554039734291, 37.570650965107468 ], [ 26.472510491285913, 37.570646434509705 ], [ 26.472496005718352, 37.570640588423146 ], [ 26.472494332636028, 37.570620346185493 ], [ 26.472459812197922, 37.570623082609977 ], [ 26.472452253391651, 37.570664963695229 ], [ 26.472428464572843, 37.570690873508546 ], [ 26.47240832771687, 37.570713908957835 ], [ 26.472377387842084, 37.570723888060385 ], [ 26.472360811178248, 37.570757056793781 ], [ 26.47235691448385, 37.570794618219395 ], [ 26.472371257325591, 37.570820698445978 ], [ 26.472407522287423, 37.570828087224783 ] ] ] ] } },
{ "type": "Feature", "properties": { "fid": 378.0, "id_fourni": 377.0, "area_m2": 4.3583969428182456, "pa_ratio": 2.3639247412019979, "shape_inde": 1.3921694672733831, "_depthmean": 0.0, "Pres_Dro": 1 }, "geometry": { "type": "MultiPolygon", "coordinates": [ [ [ [ 26.472476196369541, 37.570874645000501 ], [ 26.472483551307555, 37.570861669805623 ], [ 26.472458242274442, 37.570845657969059 ], [ 26.472441900096509, 37.57084558493959 ], [ 26.472461761732255, 37.570861572437146 ], [ 26.472476196369541, 37.570874645000501 ] ] ] ] } },
{ "type": "Feature", "properties": { "fid": 379.0, "id_fourni": 378.0, "area_m2": 1.5042254933043739, "pa_ratio": 3.4421369847451762, "shape_inde": 1.19091205125864, "_depthmean": 0.0, "Pres_Dro": 1 }, "geometry": { "type": "MultiPolygon", "coordinates": [ [ [ [ 26.472392209870808, 37.570682039441941 ], [ 26.472403155609008, 37.570674861660208 ], [ 26.472403196390474, 37.57066908048207 ], [ 26.472383212469044, 37.57067043650909 ], [ 26.472392209870808, 37.570682039441941 ] ] ] ] } },
{ "type": "Feature", "properties": { "fid": 380.0, "id_fourni": 379.0, "area_m2": 5.142651260138388, "pa_ratio": 1.724977658451371, "shape_inde": 1.103499345075212, "_depthmean": 0.0, "Pres_Dro": 1 }, "geometry": { "type": "MultiPolygon", "coordinates": [ [ [ [ 26.472251057295548, 37.570613477525754 ], [ 26.472263839224773, 37.570603417285213 ], [ 26.472251200071444, 37.570593243402435 ], [ 26.472227574386345, 37.570596028462923 ], [ 26.472232899377058, 37.570613396350325 ], [ 26.472251057295548, 37.570613477525754 ] ] ] ] } },
{ "type": "Feature", "properties": { "fid": 381.0, "id_fourni": 380.0, "area_m2": 5.6440597576405001, "pa_ratio": 1.6389272504263159, "shape_inde": 1.0983747635998691, "_depthmean": 0.0, "Pres_Dro": 1 }, "geometry": { "type": "MultiPolygon", "coordinates": [ [ [ [ 26.472335215913606, 37.570524242634633 ], [ 26.472349752427668, 37.570522862267914 ], [ 26.472353424792111, 37.570517097321343 ], [ 26.472353496165976, 37.570506980259353 ], [ 26.472344478398131, 37.570498267912541 ], [ 26.47232084254944, 37.570502498286579 ], [ 26.472335215913606, 37.570524242634633 ] ] ] ] } },
{ "type": "Feature", "properties": { "fid": 382.0, "id_fourni": 381.0, "area_m2": 8.0096793372931483, "pa_ratio": 1.3461556158546699, "shape_inde": 1.074726357870692, "_depthmean": 0.0, "Pres_Dro": 1 }, "geometry": { "type": "MultiPolygon", "coordinates": [ [ [ [ 26.472334175067857, 37.570414392130807 ], [ 26.472354189510249, 37.570408700227723 ], [ 26.472357892457065, 37.570398599397038 ], [ 26.472350690488067, 37.570389895166343 ], [ 26.472323463888145, 37.570388328131152 ], [ 26.472314252395364, 37.570407076379183 ], [ 26.472334175067857, 37.570414392130807 ] ] ] ] } },
{ "type": "Feature", "properties": { "fid": 383.0, "id_fourni": 382.0, "area_m2": 2.944167846504901, "pa_ratio": 2.346144070061873, "shape_inde": 1.1356147587432741, "_depthmean": 0.0, "Pres_Dro": 1 }, "geometry": { "type": "MultiPolygon", "coordinates": [ [ [ [ 26.472298155048673, 37.570372316260453 ], [ 26.472305438587007, 37.570369458137577 ], [ 26.472305530361254, 37.570356450486223 ], [ 26.472291004076251, 37.570356385553175 ], [ 26.47227822219326, 37.570366445797411 ], [ 26.472298155048673, 37.570372316260453 ] ] ] ] } },
{ "type": "Feature", "properties": { "fid": 384.0, "id_fourni": 383.0, "area_m2": 2.0827737601752978, "pa_ratio": 3.2159389269501042, "shape_inde": 1.3092539998187891, "_depthmean": 0.0, "Pres_Dro": 1 }, "geometry": { "type": "MultiPolygon", "coordinates": [ [ [ [ 26.472347130289567, 37.570379761872438 ], [ 26.472354475003968, 37.570368231978925 ], [ 26.472354515788748, 37.570362450800509 ], [ 26.472347273038249, 37.570359527747996 ], [ 26.472341744109606, 37.570371065757058 ], [ 26.472332603999927, 37.570379696944464 ], [ 26.472347130289567, 37.570379761872438 ] ] ] ] } },
{ "type": "Feature", "properties": { "fid": 385.0, "id_fourni": 384.0, "area_m2": 15.170821216457597, "pa_ratio": 1.004006127305092, "shape_inde": 1.103153574163664, "_depthmean": 0.0, "Pres_Dro": 1 }, "geometry": { "type": "MultiPolygon", "coordinates": [ [ [ [ 26.472154228718914, 37.570696874344399 ], [ 26.472179762029445, 37.570681089767064 ], [ 26.472183454814065, 37.570672434237089 ], [ 26.472183526211335, 37.570662317175653 ], [ 26.472163572888149, 37.570659337282017 ], [ 26.47212899121714, 37.57067074537639 ], [ 26.47212700201197, 37.570695307263165 ], [ 26.472154228718914, 37.570696874344399 ] ] ] ] } },
{ "type": "Feature", "properties": { "fid": 386.0, "id_fourni": 385.0, "area_m2": 17.099315439440016, "pa_ratio": 1.19925580021392, "shape_inde": 1.398930882318616, "_depthmean": 0.0, "Pres_Dro": 1 }, "geometry": { "type": "MultiPolygon", "coordinates": [ [ [ [ 26.472203622325168, 37.570645062942923 ], [ 26.472219903265263, 37.570653807772075 ], [ 26.472229002626833, 37.57065095777218 ], [ 26.47222913521016, 37.570632168943575 ], [ 26.472218322047741, 37.57062055788051 ], [ 26.472214823050489, 37.570601752815968 ], [ 26.472183893396657, 37.570610286573675 ], [ 26.472196501945586, 37.570624796347126 ], [ 26.472176446634563, 37.570636269400715 ], [ 26.472192656173572, 37.570655131295077 ], [ 26.472201704540058, 37.570659507769783 ], [ 26.472203622325168, 37.570645062942923 ] ] ] ] } },
{ "type": "Feature", "properties": { "fid": 387.0, "id_fourni": 386.0, "area_m2": 1914.4804978707755, "pa_ratio": 0.20857531244952501, "shape_inde": 2.5744439691900349, "_depthmean": 0.0, "Pres_Dro": 1 }, "geometry": { "type": "MultiPolygon", "coordinates": [ [ [ [ 26.472293473145317, 37.570521165367992 ], [ 26.472302348148222, 37.570550111842358 ], [ 26.472351313309442, 37.570559002747807 ], [ 26.472349385358871, 37.570574892872045 ], [ 26.472325678108362, 37.570589240308642 ], [ 26.472372684763524, 37.570618357212787 ], [ 26.472423690059127, 37.570595459723819 ], [ 26.47246365785988, 37.570592747652285 ], [ 26.472479867462489, 37.570611609507843 ], [ 26.472514387894634, 37.570608873077461 ], [ 26.472521803957608, 37.570587226111819 ], [ 26.472522048590381, 37.570552539041536 ], [ 26.472549530066992, 37.570517973666171 ], [ 26.472569524137054, 37.570515172316007 ], [ 26.472585682791024, 37.570541260630421 ], [ 26.472598260832282, 37.570560106245445 ], [ 26.47259271154368, 37.570574534855275 ], [ 26.472581867757018, 37.570567259708888 ], [ 26.472567259893175, 37.570578757166359 ], [ 26.472590763260488, 37.570593315573007 ], [ 26.472625324444657, 37.57058479793163 ], [ 26.472630904300559, 37.5705660334364 ], [ 26.472652826266849, 37.570547341942849 ], [ 26.472636555489238, 37.570537151878405 ], [ 26.47264210476655, 37.57052272326635 ], [ 26.472662200737634, 37.570505468954067 ], [ 26.472673238134909, 37.570485283494868 ], [ 26.472667933430802, 37.570465025036938 ], [ 26.472658905440692, 37.570457758008494 ], [ 26.472608155093525, 37.570444523234904 ], [ 26.472610154324393, 37.570418516043077 ], [ 26.472621150958336, 37.570404111767097 ], [ 26.472668330846986, 37.570408658545169 ], [ 26.472702840989648, 37.570407367353482 ], [ 26.472717489555816, 37.570390088699753 ], [ 26.472715816418297, 37.570369846463961 ], [ 26.472732178870782, 37.570367028865334 ], [ 26.47274664402719, 37.570375765512281 ], [ 26.47275948697958, 37.570357033448637 ], [ 26.47275056087873, 37.570335313480086 ], [ 26.472768881741956, 37.570312269860004 ], [ 26.472798025985536, 37.570299391954045 ], [ 26.472825242377279, 37.570302404174392 ], [ 26.472832617571388, 37.570286538366162 ], [ 26.472809155001588, 37.570266198828314 ], [ 26.472763750223937, 37.570267441395437 ], [ 26.472725516878572, 37.570281724037834 ], [ 26.472682080721896, 37.570261295262824 ], [ 26.472655047777415, 37.570232267704931 ], [ 26.472655322916218, 37.570193244747678 ], [ 26.472646458007549, 37.57016285300265 ], [ 26.47259380035802, 37.570162617764943 ], [ 26.472561187644878, 37.57015235468058 ], [ 26.472530472262914, 37.570130537342685 ], [ 26.472485077757881, 37.570130334508498 ], [ 26.472463227231593, 37.570138908910018 ], [ 26.472437796111645, 37.570140240605213 ], [ 26.472408753820108, 37.570138665475831 ], [ 26.472379782899207, 37.570126973276636 ], [ 26.472375978012273, 37.570151527055216 ], [ 26.472372162926963, 37.570177526128262 ], [ 26.472350291981712, 37.570188991097908 ], [ 26.472332062790045, 37.570199027000982 ], [ 26.472317332598486, 37.5702278679641 ], [ 26.472309916513353, 37.570249514918025 ], [ 26.472295400446395, 37.570248004691059 ], [ 26.472266449897099, 37.570233421874839 ], [ 26.472228420447799, 37.570218798463522 ], [ 26.472206743249593, 37.570202802808645 ], [ 26.472166949044947, 37.5701809447866 ], [ 26.472192522972396, 37.570159379025277 ], [ 26.472236203696085, 37.570145120908222 ], [ 26.472266878205978, 37.570172719500604 ], [ 26.47230863097576, 37.570174351480702 ], [ 26.472343324549232, 37.570147045089584 ], [ 26.472345466610804, 37.570100803776249 ], [ 26.472300245476564, 37.570076030861834 ], [ 26.472260400321744, 37.570061399344425 ], [ 26.472222268974388, 37.570061228877911 ], [ 26.472169805193282, 37.570033532853337 ], [ 26.472106191767278, 37.570041920454862 ], [ 26.472087891170787, 37.57006207338285 ], [ 26.472060419853932, 37.570095193358497 ], [ 26.472043771777948, 37.570138479113012 ], [ 26.472010934692129, 37.57016001235808 ], [ 26.472047178893344, 37.570170291834863 ], [ 26.472070794248449, 37.570168952103884 ], [ 26.472129103250534, 37.570140306040543 ], [ 26.472128991045381, 37.57015620428119 ], [ 26.472094409602768, 37.570167612368174 ], [ 26.472106946654257, 37.570192239213704 ], [ 26.47209422598203, 37.570193627670804 ], [ 26.472070610619486, 37.570194967406387 ], [ 26.47207048820005, 37.570212310941336 ], [ 26.472097571914485, 37.570234112158552 ], [ 26.472128552424351, 37.570218351948874 ], [ 26.472132132986623, 37.570225594660201 ], [ 26.472139324714139, 37.570235744198747 ], [ 26.472115505323639, 37.570265989834823 ], [ 26.472110170183146, 37.570250067236096 ], [ 26.472091910341035, 37.570264438985369 ], [ 26.47209350169792, 37.570296243585574 ], [ 26.472119045084035, 37.570279013724779 ], [ 26.472175252781906, 37.570290827768616 ], [ 26.472196879002514, 37.570314049902066 ], [ 26.472200622762244, 37.570298167897974 ], [ 26.472213353649334, 37.570295334134954 ], [ 26.472235010478588, 37.570314220377767 ], [ 26.472285719879636, 37.570333236489304 ], [ 26.472318404010824, 37.570333382587542 ], [ 26.472321882628762, 37.57035507823916 ], [ 26.4723382756817, 37.570347924811422 ], [ 26.472369052270988, 37.570361070431133 ], [ 26.472377937480708, 37.570388571606074 ], [ 26.472401430556097, 37.570404575344746 ], [ 26.472379498374082, 37.570424712086485 ], [ 26.472372112874336, 37.570442023159799 ], [ 26.472399217150642, 37.570460933719069 ], [ 26.472429993797086, 37.570474079323048 ], [ 26.472464493779118, 37.570474233495929 ], [ 26.472444458938313, 37.570482816006781 ], [ 26.472406317179765, 37.570484090892705 ], [ 26.472373510631797, 37.570501288353256 ], [ 26.472386098808361, 37.570518688696005 ], [ 26.472438909626046, 37.570497244609385 ], [ 26.472455170173465, 37.570508879995458 ], [ 26.472438715928323, 37.570524705206601 ], [ 26.472433044274851, 37.570556477343743 ], [ 26.47240940841251, 37.570560707735346 ], [ 26.472380508699111, 37.570538898473941 ], [ 26.472353261651712, 37.570540222034367 ], [ 26.47232427019118, 37.570531420410354 ], [ 26.472293473145317, 37.570521165367992 ] ] ] ] } },
{ "type": "Feature", "properties": { "fid": 388.0, "id_fourni": 387.0, "area_m2": 15.697942971714934, "pa_ratio": 1.1605067108810401, "shape_inde": 1.2970720400739491, "_depthmean": 0.0, "Pres_Dro": 1 }, "geometry": { "type": "MultiPolygon", "coordinates": [ [ [ [ 26.472436286166975, 37.570096873650193 ], [ 26.472438244668961, 37.570076647638942 ], [ 26.472414812857245, 37.570051972139233 ], [ 26.472412833959734, 37.570075088739536 ], [ 26.472407366233121, 37.570077954984335 ], [ 26.472379956224575, 37.570102403267207 ], [ 26.472399858432393, 37.57011260959689 ], [ 26.472436286166975, 37.570096873650193 ] ] ] ] } },
{ "type": "Feature", "properties": { "fid": 389.0, "id_fourni": 388.0, "area_m2": 3.1498738966741038, "pa_ratio": 2.334170591862565, "shape_inde": 1.16862250289881, "_depthmean": 0.0, "Pres_Dro": 1 }, "geometry": { "type": "MultiPolygon", "coordinates": [ [ [ [ 26.472491126512384, 37.570045086461903 ], [ 26.472507488901769, 37.570042268893808 ], [ 26.472516618756785, 37.570035082986607 ], [ 26.472516679914403, 37.570026411218258 ], [ 26.472491218253268, 37.570032078809454 ], [ 26.472491126512384, 37.570045086461903 ] ] ] ] } },
{ "type": "Feature", "properties": { "fid": 390.0, "id_fourni": 389.0, "area_m2": 26.960349231466822, "pa_ratio": 0.94628437058058201, "shape_inde": 1.3860518978301071, "_depthmean": 0.0, "Pres_Dro": 1 }, "geometry": { "type": "MultiPolygon", "coordinates": [ [ [ [ 26.472431501477548, 37.570002905151114 ], [ 26.472451546384786, 37.569992877346081 ], [ 26.472453433520634, 37.569982768397239 ], [ 26.47245352526787, 37.569969760744705 ], [ 26.472480843461057, 37.569958320096291 ], [ 26.472480955590626, 37.569942421854179 ], [ 26.47245008740504, 37.569942283916482 ], [ 26.472424656351798, 37.569943615609397 ], [ 26.472433561923303, 37.569968226192408 ], [ 26.472402642751717, 37.569975314715798 ], [ 26.472397032298822, 37.56999841508614 ], [ 26.472431501477548, 37.570002905151114 ] ] ] ] } },
{ "type": "Feature", "properties": { "fid": 391.0, "id_fourni": 390.0, "area_m2": 2.1727701575676801, "pa_ratio": 2.8301921050338432, "shape_inde": 1.176841234696969, "_depthmean": 0.0, "Pres_Dro": 1 }, "geometry": { "type": "MultiPolygon", "coordinates": [ [ [ [ 26.472382669211306, 37.569975225449589 ], [ 26.472393625041455, 37.569966602372418 ], [ 26.472380965585806, 37.569959319092519 ], [ 26.472366347615402, 37.56997226182169 ], [ 26.472382669211306, 37.569975225449589 ] ] ] ] } },
{ "type": "Feature", "properties": { "fid": 392.0, "id_fourni": 391.0, "area_m2": 1.234236302601968, "pa_ratio": 3.7126450899859269, "shape_inde": 1.163530202258062, "_depthmean": 0.0, "Pres_Dro": 1 }, "geometry": { "type": "MultiPolygon", "coordinates": [ [ [ [ 26.472264838071933, 37.570204507865292 ], [ 26.472266582469029, 37.570214633044785 ], [ 26.47228115971421, 37.570207471507494 ], [ 26.472272131792828, 37.570200204449677 ], [ 26.472264838071933, 37.570204507865292 ] ] ] ] } },
{ "type": "Feature", "properties": { "fid": 393.0, "id_fourni": 392.0, "area_m2": 35.934275679716805, "pa_ratio": 0.92223948501390096, "shape_inde": 1.5595281844564379, "_depthmean": 0.0, "Pres_Dro": 1 }, "geometry": { "type": "MultiPolygon", "coordinates": [ [ [ [ 26.472650313758368, 37.57013107274107 ], [ 26.472675867150688, 37.57011239746317 ], [ 26.472650537946784, 37.57009927625689 ], [ 26.472650609279388, 37.570089159193685 ], [ 26.472681477526589, 37.570089297079434 ], [ 26.47268321178792, 37.570100867548092 ], [ 26.472699492667175, 37.570109612311434 ], [ 26.472701451098416, 37.570089386295315 ], [ 26.472670715320799, 37.570070459583057 ], [ 26.472625290278661, 37.570074592687284 ], [ 26.472605133268598, 37.570100518763724 ], [ 26.4726157629783, 37.570138145097324 ], [ 26.472650313758368, 37.57013107274107 ] ] ] ] } },
{ "type": "Feature", "properties": { "fid": 394.0, "id_fourni": 393.0, "area_m2": 321.15857119914386, "pa_ratio": 0.30694769576841802, "shape_inde": 1.5517408888017341, "_depthmean": 0.0, "Pres_Dro": 1 }, "geometry": { "type": "MultiPolygon", "coordinates": [ [ [ [ 26.472797424915996, 37.570384664342221 ], [ 26.472761078621957, 37.570388838041545 ], [ 26.472724579488176, 37.5704146911499 ], [ 26.472733546346245, 37.570430629941448 ], [ 26.472771545438981, 37.570449589075132 ], [ 26.472789815385191, 37.570433771925828 ], [ 26.472806238973931, 37.570422282548925 ], [ 26.472806279723866, 37.570416501370126 ], [ 26.47286626182089, 37.570408097177982 ], [ 26.472899037659001, 37.570395235463209 ], [ 26.472899159887138, 37.570377891926491 ], [ 26.472920755803155, 37.570405449813073 ], [ 26.472933486682191, 37.570402615972391 ], [ 26.472965997712432, 37.570427331902025 ], [ 26.47296766073443, 37.570449019429333 ], [ 26.473005792284063, 37.570449189656586 ], [ 26.473034885625811, 37.570443538166266 ], [ 26.473044046028772, 37.57043201633455 ], [ 26.473035028188779, 37.570423304039821 ], [ 26.473055083312332, 37.570411830838516 ], [ 26.473040933783572, 37.57035829009147 ], [ 26.473068333490279, 37.570335286950041 ], [ 26.473048563506932, 37.570306291900174 ], [ 26.47301965351939, 37.570285928088417 ], [ 26.472976074700586, 37.570285733547792 ], [ 26.472908829576358, 37.570294105368063 ], [ 26.472890569875386, 37.570308477241838 ], [ 26.472890427273938, 37.570328711368241 ], [ 26.472883225249202, 37.570320007169514 ], [ 26.472861537694062, 37.570305456928608 ], [ 26.472845103952892, 37.570318391608446 ], [ 26.472848664216219, 37.570328524887941 ], [ 26.472832301776364, 37.570331342502797 ], [ 26.472810512354343, 37.570331245199839 ], [ 26.472799525955121, 37.570344204199294 ], [ 26.472797424915996, 37.570384664342221 ] ] ] ] } },
{ "type": "Feature", "properties": { "fid": 395.0, "id_fourni": 394.0, "area_m2": 3.0470208717575109, "pa_ratio": 2.4382409625097958, "shape_inde": 1.2006305940231961, "_depthmean": 0.0, "Pres_Dro": 1 }, "geometry": { "type": "MultiPolygon", "coordinates": [ [ [ [ 26.473040149696136, 37.570469577787485 ], [ 26.473060174283631, 37.57046244046974 ], [ 26.473058480686682, 37.570445088827796 ], [ 26.473040251525916, 37.570455124840073 ], [ 26.473040149696136, 37.570469577787485 ] ] ] ] } },
{ "type": "Feature", "properties": { "fid": 396.0, "id_fourni": 395.0, "area_m2": 148.91832386682853, "pa_ratio": 0.37499953576252099, "shape_inde": 1.2909216006126649, "_depthmean": 0.0, "Pres_Dro": 1 }, "geometry": { "type": "MultiPolygon", "coordinates": [ [ [ [ 26.473166833840594, 37.570272131595964 ], [ 26.473210422832441, 37.570270880771275 ], [ 26.473226907396985, 37.570250719565749 ], [ 26.473267200699734, 37.57020175778522 ], [ 26.47326740426951, 37.570172851887996 ], [ 26.473269454155034, 37.570139618207648 ], [ 26.473249653607734, 37.570114959074942 ], [ 26.473207860128117, 37.570119108607216 ], [ 26.473202127755354, 37.570159552555339 ], [ 26.473193048849801, 37.570159512041528 ], [ 26.473163843644976, 37.570181061815248 ], [ 26.473141820104516, 37.570214206354876 ], [ 26.4731291096276, 37.570214149628782 ], [ 26.473123367023096, 37.570256038866866 ], [ 26.473099680384522, 37.570267495871967 ], [ 26.473121306887531, 37.570290717838311 ], [ 26.473166833840594, 37.570272131595964 ] ] ] ] } },
{ "type": "Feature", "properties": { "fid": 397.0, "id_fourni": 396.0, "area_m2": 16.85503950622682, "pa_ratio": 1.047724517051378, "shape_inde": 1.213408581449309, "_depthmean": 0.0, "Pres_Dro": 1 }, "geometry": { "type": "MultiPolygon", "coordinates": [ [ [ [ 26.472559636859913, 37.570114768905569 ], [ 26.47258529218534, 37.570081640700081 ], [ 26.472576315208158, 37.570067147191629 ], [ 26.472538051352949, 37.570085765658469 ], [ 26.472516058144056, 37.570114574195941 ], [ 26.472559636859913, 37.570114768905569 ] ] ] ] } },
{ "type": "Feature", "properties": { "fid": 398.0, "id_fourni": 397.0, "area_m2": 2.2627665545680431, "pa_ratio": 2.7014386352688211, "shape_inde": 1.146331034515053, "_depthmean": 0.0, "Pres_Dro": 1 }, "geometry": { "type": "MultiPolygon", "coordinates": [ [ [ [ 26.472541845990666, 37.570062657168698 ], [ 26.47254739524989, 37.570048228559784 ], [ 26.472534705187574, 37.570045281180455 ], [ 26.472525524369154, 37.570059693562619 ], [ 26.472541845990666, 37.570062657168698 ] ] ] ] } },
{ "type": "Feature", "properties": { "fid": 399.0, "id_fourni": 398.0, "area_m2": 3.3427233189597452, "pa_ratio": 2.2098655050400811, "shape_inde": 1.1397540033702209, "_depthmean": 0.0, "Pres_Dro": 1 }, "geometry": { "type": "MultiPolygon", "coordinates": [ [ [ [ 26.472687179605813, 37.57005318904249 ], [ 26.472703613315225, 37.570040254383819 ], [ 26.472694605751382, 37.570030096768399 ], [ 26.472674571056093, 37.570038679320049 ], [ 26.472687179605813, 37.57005318904249 ] ] ] ] } },
{ "type": "Feature", "properties": { "fid": 400.0, "id_fourni": 399.0, "area_m2": 2.9441678464488978, "pa_ratio": 2.401934102129641, "shape_inde": 1.1626190610746761, "_depthmean": 0.0, "Pres_Dro": 1 }, "geometry": { "type": "MultiPolygon", "coordinates": [ [ [ [ 26.472656321563729, 37.57005160586359 ], [ 26.472656464227089, 37.570031371737031 ], [ 26.472641927813878, 37.570032752142396 ], [ 26.472639979558778, 37.570051532862855 ], [ 26.472656321563729, 37.57005160586359 ] ] ] ] } },
{ "type": "Feature", "properties": { "fid": 401.0, "id_fourni": 400.0, "area_m2": 2.8798847058410249, "pa_ratio": 2.390045102512512, "shape_inde": 1.144165149455989, "_depthmean": 0.0, "Pres_Dro": 1 }, "geometry": { "type": "MultiPolygon", "coordinates": [ [ [ [ 26.472723301583375, 37.570080811849323 ], [ 26.472723434039825, 37.570062023017393 ], [ 26.472707092032426, 37.570061950025909 ], [ 26.472703368771157, 37.570074941458124 ], [ 26.472723301583375, 37.570080811849323 ] ] ] ] } },
{ "type": "Feature", "properties": { "fid": 402.0, "id_fourni": 401.0, "area_m2": 140.24009986485206, "pa_ratio": 0.44747259081428098, "shape_inde": 1.4948499892233209, "_depthmean": 0.0, "Pres_Dro": 1 }, "geometry": { "type": "MultiPolygon", "coordinates": [ [ [ [ 26.472731269896677, 37.570238389526267 ], [ 26.472760240916521, 37.570250081639728 ], [ 26.47278750822764, 37.570245867394981 ], [ 26.472796709394292, 37.57022856440318 ], [ 26.472796587143069, 37.570245907940063 ], [ 26.472811042096506, 37.570256089873915 ], [ 26.472841971533793, 37.570247555949734 ], [ 26.472869208281004, 37.570247677570336 ], [ 26.472872972266984, 37.570228904954099 ], [ 26.47285685432422, 37.570197035498339 ], [ 26.472902248872451, 37.570197238189849 ], [ 26.472906073960246, 37.570169793803629 ], [ 26.472831657489362, 37.570165125498676 ], [ 26.472807889336863, 37.57018814480336 ], [ 26.472782692525968, 37.570156234793366 ], [ 26.4727298718581, 37.570179124332313 ], [ 26.472678938269141, 37.570191904895033 ], [ 26.472684059541859, 37.570238178658158 ], [ 26.472731269896677, 37.570238389526267 ] ] ] ] } },
{ "type": "Feature", "properties": { "fid": 403.0, "id_fourni": 402.0, "area_m2": 2.4299027205545318, "pa_ratio": 2.5765782733833711, "shape_inde": 1.1330076754851399, "_depthmean": 0.0, "Pres_Dro": 1 }, "geometry": { "type": "MultiPolygon", "coordinates": [ [ [ [ 26.472878042731892, 37.570282405183185 ], [ 26.472885407726906, 37.570267984666252 ], [ 26.472870912016262, 37.570263583920394 ], [ 26.472861751607734, 37.570275105739029 ], [ 26.472878042731892, 37.570282405183185 ] ] ] ] } },
{ "type": "Feature", "properties": { "fid": 404.0, "id_fourni": 403.0, "area_m2": 8040.5352453334299, "pa_ratio": 0.089153319062130004, "shape_inde": 2.2551480786704561, "_depthmean": -1.9284562142900461, "Pres_Dro": 1 }, "geometry": { "type": "MultiPolygon", "coordinates": [ [ [ [ 26.472999761363592, 37.570274276567744 ], [ 26.473021642419091, 37.570261366182592 ], [ 26.473056183036675, 37.570255739002633 ], [ 26.473061803489077, 37.570231193305773 ], [ 26.473076360298158, 37.57022692225938 ], [ 26.473080083502659, 37.570213930815292 ], [ 26.473076625034924, 37.570189344594262 ], [ 26.473043951145502, 37.570187753411609 ], [ 26.473047765998103, 37.570161754315158 ], [ 26.47302621083681, 37.57012841527159 ], [ 26.473048030748615, 37.57012417664982 ], [ 26.473069697923719, 37.570141617446417 ], [ 26.473094966125647, 37.570163410332327 ], [ 26.473156682324714, 37.570166576453495 ], [ 26.473191314508256, 37.570147941579847 ], [ 26.473189620887119, 37.570130589938714 ], [ 26.473158905328749, 37.570108772762929 ], [ 26.473172012819326, 37.570052462985927 ], [ 26.473157700382952, 37.570022046967573 ], [ 26.473161433743201, 37.570007610225453 ], [ 26.473161545728303, 37.569991711981736 ], [ 26.473143316692404, 37.570001748011627 ], [ 26.473110846512032, 37.569971250950495 ], [ 26.473103776855741, 37.569943757931298 ], [ 26.473121934614213, 37.569943838971561 ], [ 26.473105775898897, 37.569917750727463 ], [ 26.473113110269335, 37.569907666079523 ], [ 26.473120495543878, 37.569890354956598 ], [ 26.473078875277633, 37.56986993443099 ], [ 26.473049914536169, 37.569856797100833 ], [ 26.473075773196904, 37.569794762886843 ], [ 26.473079812019773, 37.569736967299072 ], [ 26.47304960577975, 37.569642885347932 ], [ 26.473116809578016, 37.569640294621841 ], [ 26.473121819095883, 37.569702466616484 ], [ 26.473181393386785, 37.569751874056635 ], [ 26.473234661489105, 37.569665391331789 ], [ 26.473266577928616, 37.569516663677703 ], [ 26.472740095422605, 37.569244034780937 ], [ 26.472554439589153, 37.569306800429629 ], [ 26.472486767185245, 37.569375874402674 ], [ 26.472383146416092, 37.569392755423038 ], [ 26.472361428638969, 37.569382540975298 ], [ 26.472303640356341, 37.569337477125529 ], [ 26.472298580555446, 37.569282531571972 ], [ 26.472264152506778, 37.569272260290788 ], [ 26.472216922368418, 37.569274939830123 ], [ 26.472180851961031, 37.569240090394786 ], [ 26.472122655887336, 37.569252838250449 ], [ 26.472079179687753, 37.569238190435129 ], [ 26.472046720474268, 37.569206247788351 ], [ 26.4720124455316, 37.569174297011884 ], [ 26.471987228992802, 37.569145277421491 ], [ 26.471956565207236, 37.569116233460839 ], [ 26.471922280140127, 37.569085727953144 ], [ 26.471886138527964, 37.569060995492094 ], [ 26.471886495694232, 37.569010410173298 ], [ 26.471841101873711, 37.569010207096618 ], [ 26.47182253610643, 37.569067937653337 ], [ 26.471814905668285, 37.569119935770757 ], [ 26.471814415771721, 37.569189309920084 ], [ 26.471775937835563, 37.56923827933452 ], [ 26.471814007523292, 37.569247121710525 ], [ 26.471835939507191, 37.569226985068369 ], [ 26.471861778537075, 37.569167841709238 ], [ 26.471870867525407, 37.56916643702975 ], [ 26.471870591987525, 37.569205459988872 ], [ 26.471846680971804, 37.569248713230543 ], [ 26.471861043755535, 37.569271902932833 ], [ 26.471884934360862, 37.569231540277968 ], [ 26.471897501803745, 37.5692518312636 ], [ 26.471867918994661, 37.569326856625892 ], [ 26.471858585057209, 37.569362948378746 ], [ 26.471878303306678, 37.56939917010078 ], [ 26.471854606547826, 37.569412072153064 ], [ 26.471874171730935, 37.569469973296286 ], [ 26.471908671246734, 37.569470127628115 ], [ 26.471908456952534, 37.569500478817169 ], [ 26.471871968169602, 37.569524886372136 ], [ 26.471924298829574, 37.569571371359018 ], [ 26.47196962156789, 37.569581691469239 ], [ 26.472000173316829, 37.569626633667468 ], [ 26.472038284037197, 37.569629694793477 ], [ 26.4720530856275, 37.569590736799078 ], [ 26.47209332832848, 37.569549001890636 ], [ 26.472095592933506, 37.569485417041122 ], [ 26.472130153658867, 37.569476899539637 ], [ 26.472133540383979, 37.56951160285211 ], [ 26.472129653848153, 37.569547718983003 ], [ 26.472136723109969, 37.569575212059362 ], [ 26.472141854209315, 37.569620040553247 ], [ 26.47214343537701, 37.569653290451065 ], [ 26.472192195951212, 37.569691087313934 ], [ 26.472230214927848, 37.569707156030866 ], [ 26.472202886590331, 37.569720041916916 ], [ 26.472198908285144, 37.56976916570143 ], [ 26.472200367092967, 37.569819759134312 ], [ 26.47215315700641, 37.569819548055875 ], [ 26.472198255548928, 37.569861664562517 ], [ 26.472198102563453, 37.569883343982866 ], [ 26.472197704800436, 37.569939710475417 ], [ 26.472237427498541, 37.569971685549824 ], [ 26.472199051419722, 37.570006202148107 ], [ 26.472246271822602, 37.57000496791445 ], [ 26.472293492224129, 37.570003733661864 ], [ 26.472260492102794, 37.570048391692481 ], [ 26.472285821220147, 37.570061512981908 ], [ 26.47233838702833, 37.570074756008538 ], [ 26.472378334162112, 37.570074934552963 ], [ 26.472384189318788, 37.570017147111237 ], [ 26.472351801012671, 37.569975087486085 ], [ 26.472359319017013, 37.569938987581146 ], [ 26.472424850050622, 37.569916155009537 ], [ 26.472475691750201, 37.569916382207509 ], [ 26.47251382302527, 37.569916552591579 ], [ 26.47254647639862, 37.569921034509576 ], [ 26.472592033840062, 37.569898112602836 ], [ 26.47256692894516, 37.569853194893646 ], [ 26.472594287843997, 37.569835973039162 ], [ 26.472590911083483, 37.569799824445269 ], [ 26.472585759320708, 37.569757886559742 ], [ 26.472594838176619, 37.569757927119902 ], [ 26.472607100166712, 37.569821576874382 ], [ 26.472643293336535, 37.569839082642119 ], [ 26.472668714160946, 37.569839196196604 ], [ 26.47270321385146, 37.569839350297499 ], [ 26.472708528711951, 37.569858163460886 ], [ 26.472740968112749, 37.569892996516081 ], [ 26.47273895875497, 37.569920449007682 ], [ 26.472731451124321, 37.569955103643537 ], [ 26.472731155650031, 37.569997017192414 ], [ 26.472743652129886, 37.570027425151501 ], [ 26.472761524637782, 37.570067974501107 ], [ 26.47281026542068, 37.570108661700012 ], [ 26.472826312015954, 37.570150648225678 ], [ 26.472835462227618, 37.570140571704322 ], [ 26.472823210180877, 37.570075476680323 ], [ 26.472835941007169, 37.570072642849595 ], [ 26.472860903527945, 37.570137794628636 ], [ 26.472893495905492, 37.570150948220054 ], [ 26.472920610395633, 37.570168413365941 ], [ 26.472925874407888, 37.570194452992986 ], [ 26.472954794519094, 37.570213371532816 ], [ 26.472914755639877, 37.57022620083584 ], [ 26.472889120780813, 37.570256438523316 ], [ 26.472932556992149, 37.570276867222582 ], [ 26.472999761363592, 37.570274276567744 ] ] ] ] } },
{ "type": "Feature", "properties": { "fid": 405.0, "id_fourni": 404.0, "area_m2": 20.223476079870974, "pa_ratio": 1.01764679739203, "shape_inde": 1.290981566051524, "_depthmean": 0.0, "Pres_Dro": 1 }, "geometry": { "type": "MultiPolygon", "coordinates": [ [ [ [ 26.472786446340983, 37.570138907474487 ], [ 26.472801064272218, 37.570125964693361 ], [ 26.472786670471585, 37.570107110989625 ], [ 26.472774082269439, 37.570089710688222 ], [ 26.472743387227368, 37.570065002815653 ], [ 26.472743244587353, 37.570085236942404 ], [ 26.472757454983196, 37.570130105957055 ], [ 26.472786446340983, 37.570138907474487 ] ] ] ] } },
{ "type": "Feature", "properties": { "fid": 406.0, "id_fourni": 405.0, "area_m2": 217.58557481579032, "pa_ratio": 0.26644196881093102, "shape_inde": 1.1086966926035999, "_depthmean": 0.0, "Pres_Dro": 1 }, "geometry": { "type": "MultiPolygon", "coordinates": [ [ [ [ 26.472022951652363, 37.570001078677862 ], [ 26.472051993881262, 37.570002653901739 ], [ 26.472079230535815, 37.570002775703884 ], [ 26.472110047740607, 37.570010140211949 ], [ 26.472131888068446, 37.570003011170272 ], [ 26.472119371440872, 37.569975493737502 ], [ 26.472098122777716, 37.569898795687223 ], [ 26.47202564483559, 37.569876791460153 ], [ 26.471916504517633, 37.569903764763467 ], [ 26.471901529311005, 37.569967292745879 ], [ 26.471961205033875, 37.570002247849089 ], [ 26.472022951652363, 37.570001078677862 ] ] ] ] } },
{ "type": "Feature", "properties": { "fid": 407.0, "id_fourni": 406.0, "area_m2": 2.1984834132694688, "pa_ratio": 2.7915761766094831, "shape_inde": 1.16763242844797, "_depthmean": 0.0, "Pres_Dro": 1 }, "geometry": { "type": "MultiPolygon", "coordinates": [ [ [ [ 26.472015382466196, 37.570044405032753 ], [ 26.472013648309506, 37.570032834554958 ], [ 26.471993684958036, 37.570031299928246 ], [ 26.471993613536721, 37.570041416990442 ], [ 26.472015382466196, 37.570044405032753 ] ] ] ] } },
{ "type": "Feature", "properties": { "fid": 408.0, "id_fourni": 407.0, "area_m2": 7.7396901465300676, "pa_ratio": 1.51611350490451, "shape_inde": 1.1898400178068851, "_depthmean": 0.0, "Pres_Dro": 1 }, "geometry": { "type": "MultiPolygon", "coordinates": [ [ [ [ 26.472721791473905, 37.570037444896272 ], [ 26.472727361074309, 37.57002012568902 ], [ 26.472716609055723, 37.569999842901801 ], [ 26.472698481853069, 37.569995425914776 ], [ 26.472696503044883, 37.570018542520728 ], [ 26.472721791473905, 37.570037444896272 ] ] ] ] } },
{ "type": "Feature", "properties": { "fid": 409.0, "id_fourni": 408.0, "area_m2": 69.168659448419362, "pa_ratio": 0.54616348598187803, "shape_inde": 1.2813636780233291, "_depthmean": 0.0, "Pres_Dro": 1 }, "geometry": { "type": "MultiPolygon", "coordinates": [ [ [ [ 26.472017545406839, 37.569738002568407 ], [ 26.472062980476711, 37.569732424401792 ], [ 26.472065010479664, 37.569702081333254 ], [ 26.47202171767422, 37.569661418191366 ], [ 26.471957818848562, 37.569710273966855 ], [ 26.471957400499658, 37.569769531048188 ], [ 26.471986330403141, 37.569787004528848 ], [ 26.471990217021929, 37.569750888404783 ], [ 26.472017545406839, 37.569738002568407 ] ] ] ] } },
{ "type": "Feature", "properties": { "fid": 410.0, "id_fourni": 409.0, "area_m2": 33.131530743575951, "pa_ratio": 0.77071747562033799, "shape_inde": 1.251442861401342, "_depthmean": 0.0, "Pres_Dro": 1 }, "geometry": { "type": "MultiPolygon", "coordinates": [ [ [ [ 26.472175476648079, 37.569744490154264 ], [ 26.472188391026652, 37.569715641087988 ], [ 26.472161338070464, 37.569689504006746 ], [ 26.472139620238433, 37.569679289518319 ], [ 26.472116015239667, 37.569679183969647 ], [ 26.472096123386702, 37.569667532297792 ], [ 26.472094175005285, 37.569686313009477 ], [ 26.472124818674985, 37.569718247523149 ], [ 26.472175476648079, 37.569744490154264 ] ] ] ] } },
{ "type": "Feature", "properties": { "fid": 411.0, "id_fourni": 410.0, "area_m2": 4.0498378673544302, "pa_ratio": 2.175468503984368, "shape_inde": 1.234999228981378, "_depthmean": 0.0, "Pres_Dro": 1 }, "geometry": { "type": "MultiPolygon", "coordinates": [ [ [ [ 26.471849250270672, 37.569656310709398 ], [ 26.471849331916204, 37.56964474835209 ], [ 26.471854830248777, 37.56963754624887 ], [ 26.471854901687816, 37.569627429186156 ], [ 26.471833041032287, 37.56963744876699 ], [ 26.471832928766236, 37.569653347008256 ], [ 26.471849250270672, 37.569656310709398 ] ] ] ] } },
{ "type": "Feature", "properties": { "fid": 412.0, "id_fourni": 411.0, "area_m2": 9.6167578560321374, "pa_ratio": 1.398054492906297, "shape_inde": 1.223019856039101, "_depthmean": 0.0, "Pres_Dro": 1 }, "geometry": { "type": "MultiPolygon", "coordinates": [ [ [ [ 26.471805702446524, 37.569651779855583 ], [ 26.471813098203103, 37.569633023521128 ], [ 26.471824064253841, 37.569622955201737 ], [ 26.47182956258721, 37.569615753099669 ], [ 26.471789646322701, 37.569611238487425 ], [ 26.471784045916436, 37.56963289353417 ], [ 26.471805702446524, 37.569651779855583 ] ] ] ] } },
{ "type": "Feature", "properties": { "fid": 413.0, "id_fourni": 412.0, "area_m2": 57.571980857739874, "pa_ratio": 0.741712269636285, "shape_inde": 1.5875818216909561, "_depthmean": 0.0, "Pres_Dro": 1 }, "geometry": { "type": "MultiPolygon", "coordinates": [ [ [ [ 26.471673896619084, 37.569545680215093 ], [ 26.471677579195468, 37.569538469993979 ], [ 26.471693839416535, 37.569550105484304 ], [ 26.471733694394942, 37.56956329189665 ], [ 26.471746435381355, 37.56955901288817 ], [ 26.471719372428655, 37.569534321001242 ], [ 26.471721361732158, 37.569509759117295 ], [ 26.47167237691626, 37.569503758544059 ], [ 26.471670877633009, 37.569458946283369 ], [ 26.471645518199256, 37.569450160747017 ], [ 26.471650669415194, 37.56949209867161 ], [ 26.471621494663584, 37.569509312180863 ], [ 26.471608671996361, 37.569525153533014 ], [ 26.4716285126852, 37.569544031759577 ], [ 26.471673896619084, 37.569545680215093 ] ] ] ] } },
{ "type": "Feature", "properties": { "fid": 414.0, "id_fourni": 413.0, "area_m2": 17.009319042570326, "pa_ratio": 1.0829411649704059, "shape_inde": 1.259921230461664, "_depthmean": 0.0, "Pres_Dro": 1 }, "geometry": { "type": "MultiPolygon", "coordinates": [ [ [ [ 26.471836978745966, 37.569594106174186 ], [ 26.471873345111828, 37.569587042166908 ], [ 26.471873447163834, 37.569572589220037 ], [ 26.471822636321406, 37.569568025880479 ], [ 26.471788126554095, 37.569569316817848 ], [ 26.471797062492517, 37.569589591564529 ], [ 26.471836978745966, 37.569594106174186 ] ] ] ] } },
{ "type": "Feature", "properties": { "fid": 415.0, "id_fourni": 414.0, "area_m2": 7.5082708398096996, "pa_ratio": 1.555746440020318, "shape_inde": 1.202551955729809, "_depthmean": 0.0, "Pres_Dro": 1 }, "geometry": { "type": "MultiPolygon", "coordinates": [ [ [ [ 26.47183176618314, 37.569560840025723 ], [ 26.471833694214869, 37.569544949907844 ], [ 26.471815577382205, 37.569539087491435 ], [ 26.471784719573286, 37.569537504086348 ], [ 26.471806345456766, 37.569560726291726 ], [ 26.47183176618314, 37.569560840025723 ] ] ] ] } },
{ "type": "Feature", "properties": { "fid": 416.0, "id_fourni": 415.0, "area_m2": 2.7898883086119848, "pa_ratio": 2.4793333919025349, "shape_inde": 1.168216688425354, "_depthmean": 0.0, "Pres_Dro": 1 }, "geometry": { "type": "MultiPolygon", "coordinates": [ [ [ [ 26.471866337177914, 37.569550877307385 ], [ 26.471864664286958, 37.569530635058548 ], [ 26.47185012795774, 37.569532015367137 ], [ 26.471851811050385, 37.569550812321481 ], [ 26.471866337177914, 37.569550877307385 ] ] ] ] } },
{ "type": "Feature", "properties": { "fid": 417.0, "id_fourni": 416.0, "area_m2": 18.924956637603842, "pa_ratio": 0.91690973396400799, "shape_inde": 1.1252242878044789, "_depthmean": 0.0, "Pres_Dro": 1 }, "geometry": { "type": "MultiPolygon", "coordinates": [ [ [ [ 26.471969039976248, 37.569664073267028 ], [ 26.471996378535689, 37.569649742140449 ], [ 26.471971121031764, 37.569626503726546 ], [ 26.471925726836734, 37.569626300679595 ], [ 26.471938171908082, 37.569663935196324 ], [ 26.471969039976248, 37.569664073267028 ] ] ] ] } },
{ "type": "Feature", "properties": { "fid": 418.0, "id_fourni": 417.0, "area_m2": 24.916145356234939, "pa_ratio": 0.87644131794601698, "shape_inde": 1.2341226957480831, "_depthmean": 0.0, "Pres_Dro": 1 }, "geometry": { "type": "MultiPolygon", "coordinates": [ [ [ [ 26.471775773437216, 37.569518674633287 ], [ 26.471792186770692, 37.569508630690002 ], [ 26.471804866505483, 37.569513023443228 ], [ 26.471817597273059, 37.569510189721598 ], [ 26.471817729954282, 37.569491400890598 ], [ 26.471786872164966, 37.569489817486179 ], [ 26.471752484923279, 37.56947376487723 ], [ 26.471723289785867, 37.569493869001271 ], [ 26.471737683200722, 37.569512722833657 ], [ 26.471775773437216, 37.569518674633287 ] ] ] ] } },
{ "type": "Feature", "properties": { "fid": 419.0, "id_fourni": 418.0, "area_m2": 29.467391721544171, "pa_ratio": 0.83892231167443998, "shape_inde": 1.2846584003221779, "_depthmean": 0.0, "Pres_Dro": 1 }, "geometry": { "type": "MultiPolygon", "coordinates": [ [ [ [ 26.471866653542666, 37.569506073171794 ], [ 26.471877711413203, 37.569482997194648 ], [ 26.471861440972305, 37.569472807024084 ], [ 26.471830736279323, 37.569449544210578 ], [ 26.471787157956168, 37.56944934923478 ], [ 26.471788759377002, 37.569479708547654 ], [ 26.471835928422735, 37.569485700949031 ], [ 26.471835785540215, 37.569505935074794 ], [ 26.471866653542666, 37.569506073171794 ] ] ] ] } },
{ "type": "Feature", "properties": { "fid": 420.0, "id_fourni": 419.0, "area_m2": 5.3740705669754298, "pa_ratio": 2.2391446940679889, "shape_inde": 1.464296111594495, "_depthmean": 0.0, "Pres_Dro": 1 }, "geometry": { "type": "MultiPolygon", "coordinates": [ [ [ [ 26.471723657275877, 37.569441838392834 ], [ 26.471736377826474, 37.569440449974572 ], [ 26.471748986093523, 37.569454959796516 ], [ 26.47174910858417, 37.569437616260231 ], [ 26.471725575119176, 37.569427393571246 ], [ 26.471707417490155, 37.569427312317146 ], [ 26.471707315406611, 37.569441765264003 ], [ 26.471723657275877, 37.569441838392834 ] ] ] ] } },
{ "type": "Feature", "properties": { "fid": 421.0, "id_fourni": 420.0, "area_m2": 1.8513544535762689, "pa_ratio": 3.061898961306841, "shape_inde": 1.1752512208609709, "_depthmean": 0.0, "Pres_Dro": 1 }, "geometry": { "type": "MultiPolygon", "coordinates": [ [ [ [ 26.471699950268594, 37.569456185708312 ], [ 26.471699837974985, 37.569472083949748 ], [ 26.471716190059052, 37.569470711784987 ], [ 26.471716241100033, 37.569463485311609 ], [ 26.471699950268594, 37.569456185708312 ] ] ] ] } },
{ "type": "Feature", "properties": { "fid": 422.0, "id_fourni": 421.0, "area_m2": 4.7698090436793477, "pa_ratio": 1.9385221537065449, "shape_inde": 1.194307976544895, "_depthmean": 0.0, "Pres_Dro": 1 }, "geometry": { "type": "MultiPolygon", "coordinates": [ [ [ [ 26.471629615352178, 37.56938793993659 ], [ 26.47163336939321, 37.56937061265387 ], [ 26.471624311005577, 37.569367681430769 ], [ 26.471606194232496, 37.569361818982536 ], [ 26.47160974407333, 37.569373397594063 ], [ 26.471611447522829, 37.569389303962488 ], [ 26.471629615352178, 37.56938793993659 ] ] ] ] } },
{ "type": "Feature", "properties": { "fid": 423.0, "id_fourni": 422.0, "area_m2": 6.338317678716316, "pa_ratio": 1.666379333060108, "shape_inde": 1.1834664207013219, "_depthmean": 0.0, "Pres_Dro": 1 }, "geometry": { "type": "MultiPolygon", "coordinates": [ [ [ [ 26.471674897101742, 37.569404041337847 ], [ 26.471682211195194, 37.569396847368374 ], [ 26.471675040027264, 37.569383807212269 ], [ 26.471671479966805, 37.569373673897296 ], [ 26.471644233333553, 37.569374997297466 ], [ 26.47166041184018, 37.569398195149873 ], [ 26.471674897101742, 37.569404041337847 ] ] ] ] } },
{ "type": "Feature", "properties": { "fid": 424.0, "id_fourni": 423.0, "area_m2": 3.8441318172085608, "pa_ratio": 2.1282795183736289, "shape_inde": 1.177125774829463, "_depthmean": 0.0, "Pres_Dro": 1 }, "geometry": { "type": "MultiPolygon", "coordinates": [ [ [ [ 26.471669388560308, 37.569412688727681 ], [ 26.471669255842194, 37.569431477558489 ], [ 26.471689270069913, 37.569425785765581 ], [ 26.471700225897994, 37.56941716275194 ], [ 26.471691177710738, 37.569412786239248 ], [ 26.471669388560308, 37.569412688727681 ] ] ] ] } },
{ "type": "Feature", "properties": { "fid": 425.0, "id_fourni": 424.0, "area_m2": 6.3511743065438759, "pa_ratio": 1.868077379079895, "shape_inde": 1.328057704030112, "_depthmean": 0.0, "Pres_Dro": 1 }, "geometry": { "type": "MultiPolygon", "coordinates": [ [ [ [ 26.47176006440715, 37.569428993241011 ], [ 26.471761972035779, 37.569415993713434 ], [ 26.471762043486812, 37.569405876650542 ], [ 26.471778426176257, 37.569400168592921 ], [ 26.471762125145094, 37.569394314292907 ], [ 26.4717420803082, 37.569404341982384 ], [ 26.471741927193026, 37.569426021402862 ], [ 26.47176006440715, 37.569428993241011 ] ] ] ] } },
{ "type": "Feature", "properties": { "fid": 426.0, "id_fourni": 425.0, "area_m2": 3.7412787917179391, "pa_ratio": 2.1602370401904438, "shape_inde": 1.178708763337682, "_depthmean": 0.0, "Pres_Dro": 1 }, "geometry": { "type": "MultiPolygon", "coordinates": [ [ [ [ 26.471713017902459, 37.569405657273315 ], [ 26.471720372824777, 37.569392682122675 ], [ 26.471720454489454, 37.569381119765112 ], [ 26.471705969228694, 37.569375273582715 ], [ 26.47170040965063, 37.569391147447526 ], [ 26.471713017902459, 37.569405657273315 ] ] ] ] } },
{ "type": "Feature", "properties": { "fid": 427.0, "id_fourni": 426.0, "area_m2": 2.4299027204191921, "pa_ratio": 2.6799569885488479, "shape_inde": 1.178466755416723, "_depthmean": 0.0, "Pres_Dro": 1 }, "geometry": { "type": "MultiPolygon", "coordinates": [ [ [ [ 26.471540244767652, 37.569443908184212 ], [ 26.471556658115833, 37.569433864273662 ], [ 26.471551292517749, 37.569422277532745 ], [ 26.471533042985001, 37.56943520390363 ], [ 26.471540244767652, 37.569443908184212 ] ] ] ] } },
{ "type": "Feature", "properties": { "fid": 428.0, "id_fourni": 427.0, "area_m2": 3.0855907563649141, "pa_ratio": 2.5571829635156349, "shape_inde": 1.267144178850786, "_depthmean": 0.0, "Pres_Dro": 1 }, "geometry": { "type": "MultiPolygon", "coordinates": [ [ [ [ 26.471773080960197, 37.569385691272345 ], [ 26.471782343493668, 37.569359716589766 ], [ 26.471771479547272, 37.569355331958796 ], [ 26.471762278254246, 37.569372634872281 ], [ 26.471773080960197, 37.569385691272345 ] ] ] ] } },
{ "type": "Feature", "properties": { "fid": 429.0, "id_fourni": 428.0, "area_m2": 1.979920734717344, "pa_ratio": 2.880547448020423, "shape_inde": 1.1433889826355861, "_depthmean": 0.0, "Pres_Dro": 1 }, "geometry": { "type": "MultiPolygon", "coordinates": [ [ [ [ 26.471811252785709, 37.569380080702466 ], [ 26.471823973324277, 37.569378692274647 ], [ 26.471822249417546, 37.569365676498371 ], [ 26.471805907564651, 37.569365603383289 ], [ 26.471811252785709, 37.569380080702466 ] ] ] ] } },
{ "type": "Feature", "properties": { "fid": 430.0, "id_fourni": 429.0, "area_m2": 20.403468875523775, "pa_ratio": 0.86085884625709996, "shape_inde": 1.096930266205959, "_depthmean": 0.0, "Pres_Dro": 1 }, "geometry": { "type": "MultiPolygon", "coordinates": [ [ [ [ 26.471827798761858, 37.569351247922256 ], [ 26.471851444478194, 37.569345572348837 ], [ 26.471853382705135, 37.569328236935235 ], [ 26.47183168543198, 37.569315131801147 ], [ 26.471786291426923, 37.569314928701985 ], [ 26.471784281737015, 37.569342381177485 ], [ 26.471811467118414, 37.569349729513249 ], [ 26.471827798761858, 37.569351247922256 ] ] ] ] } },
{ "type": "Feature", "properties": { "fid": 431.0, "id_fourni": 430.0, "area_m2": 105.41149420434203, "pa_ratio": 0.35751075188735798, "shape_inde": 1.0354476818948359, "_depthmean": 0.0, "Pres_Dro": 1 }, "geometry": { "type": "MultiPolygon", "coordinates": [ [ [ [ 26.471483876494158, 37.569197947977983 ], [ 26.471520232487123, 37.569192329372491 ], [ 26.471536747897911, 37.569167832516818 ], [ 26.471536911282669, 37.569144707801428 ], [ 26.471508114489318, 37.569108445380138 ], [ 26.471473727482788, 37.569092392690749 ], [ 26.471424651037733, 37.56909939966885 ], [ 26.471398852544482, 37.569152761751802 ], [ 26.471442134504052, 37.569194870415501 ], [ 26.471483876494158, 37.569197947977983 ] ] ] ] } },
{ "type": "Feature", "properties": { "fid": 432.0, "id_fourni": 431.0, "area_m2": 158.22652264924028, "pa_ratio": 0.387052963388761, "shape_inde": 1.3734255005144229, "_depthmean": 0.0, "Pres_Dro": 1 }, "geometry": { "type": "MultiPolygon", "coordinates": [ [ [ [ 26.471521272141814, 37.569302179896994 ], [ 26.471551986888954, 37.569323997495715 ], [ 26.47162457646365, 37.569330103768969 ], [ 26.47168434342953, 37.569352051358827 ], [ 26.471749741450825, 37.569348007988616 ], [ 26.47175557661442, 37.569293111163702 ], [ 26.471730094732138, 37.569301669182337 ], [ 26.471702725625242, 37.569320336132805 ], [ 26.471705000761336, 37.569255305996045 ], [ 26.471667043382453, 37.569230565342991 ], [ 26.471619782621971, 37.569237580527641 ], [ 26.471577887441825, 37.569256182433506 ], [ 26.471575938942323, 37.569274963137005 ], [ 26.471521272141814, 37.569302179896994 ] ] ] ] } },
{ "type": "Feature", "properties": { "fid": 433.0, "id_fourni": 432.0, "area_m2": 47.209538566820235, "pa_ratio": 0.61438495263971304, "shape_inde": 1.1908320543718129, "_depthmean": 0.0, "Pres_Dro": 1 }, "geometry": { "type": "MultiPolygon", "coordinates": [ [ [ [ 26.471514182707217, 37.569277577373761 ], [ 26.471556088126206, 37.569257530196069 ], [ 26.471581764016335, 37.569221511615631 ], [ 26.471601890507571, 37.569199921595107 ], [ 26.471551151414989, 37.569185241077456 ], [ 26.471509143914425, 37.569219741200861 ], [ 26.471508949884278, 37.569247201799882 ], [ 26.471499799605866, 37.569257278219453 ], [ 26.471514182707217, 37.569277577373761 ] ] ] ] } },
{ "type": "Feature", "properties": { "fid": 434.0, "id_fourni": 433.0, "area_m2": 16.225064725903547, "pa_ratio": 1.145119275593103, "shape_inde": 1.301184892152216, "_depthmean": 0.0, "Pres_Dro": 1 }, "geometry": { "type": "MultiPolygon", "coordinates": [ [ [ [ 26.471499248140596, 37.569335324131551 ], [ 26.471486302926728, 37.569368509006743 ], [ 26.471524433916404, 37.569368679708319 ], [ 26.471535379543209, 37.569361502004611 ], [ 26.471560779778446, 37.569364506385774 ], [ 26.471562718073244, 37.569347170977515 ], [ 26.471540959576998, 37.569342737558408 ], [ 26.471520975996359, 37.569344093442339 ], [ 26.471499248140596, 37.569335324131551 ] ] ] ] } },
{ "type": "Feature", "properties": { "fid": 435.0, "id_fourni": 434.0, "area_m2": 10.593861596734641, "pa_ratio": 1.3035087705243229, "shape_inde": 1.1968402136981491, "_depthmean": 0.0, "Pres_Dro": 1 }, "geometry": { "type": "MultiPolygon", "coordinates": [ [ [ [ 26.471490261250185, 37.569322275835638 ], [ 26.471488598677976, 37.569300588286808 ], [ 26.471470461506208, 37.569297616407184 ], [ 26.471457679696545, 37.569307676564925 ], [ 26.471451977085611, 37.569343784542944 ], [ 26.471490261250185, 37.569322275835638 ] ] ] ] } },
{ "type": "Feature", "properties": { "fid": 436.0, "id_fourni": 435.0, "area_m2": 9.5010482031806447, "pa_ratio": 1.67436784821466, "shape_inde": 1.4559005317789471, "_depthmean": 0.0, "Pres_Dro": 1 }, "geometry": { "type": "MultiPolygon", "coordinates": [ [ [ [ 26.471474256430461, 37.56927450795083 ], [ 26.471487109720012, 37.569254330728441 ], [ 26.471483559903639, 37.56924275211319 ], [ 26.471458047368856, 37.569255645957035 ], [ 26.471432759524426, 37.569236743312743 ], [ 26.471443439592505, 37.569267143278665 ], [ 26.471474256430461, 37.56927450795083 ] ] ] ] } },
{ "type": "Feature", "properties": { "fid": 437.0, "id_fourni": 436.0, "area_m2": 76.664073661554227, "pa_ratio": 0.56023042673123702, "shape_inde": 1.3837502308551479, "_depthmean": 0.0, "Pres_Dro": 1 }, "geometry": { "type": "MultiPolygon", "coordinates": [ [ [ [ 26.471696463017736, 37.569178664747035 ], [ 26.471697972521177, 37.569222031714837 ], [ 26.471739724745689, 37.569223663892281 ], [ 26.471785445311433, 37.569177617576649 ], [ 26.471796595015885, 37.569141533952653 ], [ 26.471760310517968, 37.569137035580269 ], [ 26.471736848599196, 37.569116695830324 ], [ 26.471693403181195, 37.569097711989464 ], [ 26.471684028354829, 37.569139584908505 ], [ 26.471718435844874, 37.569152746947537 ], [ 26.471723719786585, 37.569175896039447 ], [ 26.471696463017736, 37.569178664747035 ] ] ] ] } },
{ "type": "Feature", "properties": { "fid": 438.0, "id_fourni": 437.0, "area_m2": 9.6167578558267941, "pa_ratio": 1.3250918694178, "shape_inde": 1.1591920598085439, "_depthmean": 0.0, "Pres_Dro": 1 }, "geometry": { "type": "MultiPolygon", "coordinates": [ [ [ [ 26.471633044254158, 37.569159591499897 ], [ 26.471651324329972, 37.569142329228065 ], [ 26.471649580039557, 37.569132204038496 ], [ 26.47161688622678, 37.569133503053777 ], [ 26.471598555093493, 37.569157991793894 ], [ 26.471633044254158, 37.569159591499897 ] ] ] ] } },
{ "type": "Feature", "properties": { "fid": 439.0, "id_fourni": 438.0, "area_m2": 393.3228250051917, "pa_ratio": 0.243720671954473, "shape_inde": 1.363521560998191, "_depthmean": 0.0, "Pres_Dro": 1 }, "geometry": { "type": "MultiPolygon", "coordinates": [ [ [ [ 26.471340778994296, 37.569148165685696 ], [ 26.471379022231254, 37.569132438191936 ], [ 26.471379236737448, 37.569102087003579 ], [ 26.471397792640641, 37.569045801814227 ], [ 26.471423294899949, 37.569034353277182 ], [ 26.471420102584684, 37.568972189344358 ], [ 26.471496374371739, 37.56897108548015 ], [ 26.471504199044318, 37.568891626782992 ], [ 26.471466558512358, 37.568822081927848 ], [ 26.47133921097878, 37.568856199893297 ], [ 26.471342219348966, 37.568944379133939 ], [ 26.471269149990952, 37.56900620154034 ], [ 26.471275891957458, 37.569079944097567 ], [ 26.471340778994296, 37.569148165685696 ] ] ] ] } },
{ "type": "Feature", "properties": { "fid": 440.0, "id_fourni": 439.0, "area_m2": 16.430770775960745, "pa_ratio": 1.0759063422502551, "shape_inde": 1.230264533050931, "_depthmean": 0.0, "Pres_Dro": 1 }, "geometry": { "type": "MultiPolygon", "coordinates": [ [ [ [ 26.471519172409817, 37.569085369435406 ], [ 26.471539196767193, 37.569078232372291 ], [ 26.471537493339362, 37.569062326002125 ], [ 26.471548592088944, 37.569033468875361 ], [ 26.47153416817817, 37.56901895090369 ], [ 26.47150494252536, 37.569043390860408 ], [ 26.471519172409817, 37.569085369435406 ] ] ] ] } },
{ "type": "Feature", "properties": { "fid": 441.0, "id_fourni": 440.0, "area_m2": 14.965115165747031, "pa_ratio": 1.00375405135817, "shape_inde": 1.095373956205115, "_depthmean": 0.0, "Pres_Dro": 1 }, "geometry": { "type": "MultiPolygon", "coordinates": [ [ [ [ 26.471552417608294, 37.569006024530935 ], [ 26.471558018032372, 37.568984369493023 ], [ 26.471541788588752, 37.568968398099663 ], [ 26.471512736561497, 37.568968268047904 ], [ 26.471508859969557, 37.569002938864863 ], [ 26.471552417608294, 37.569006024530935 ] ] ] ] } },
{ "type": "Feature", "properties": { "fid": 442.0, "id_fourni": 441.0, "area_m2": 5.5669199891583983, "pa_ratio": 1.817873871021479, "shape_inde": 1.2099468830807569, "_depthmean": 0.0, "Pres_Dro": 1 }, "geometry": { "type": "MultiPolygon", "coordinates": [ [ [ [ 26.471488753930203, 37.569021638280965 ], [ 26.471501545898548, 37.569010132824232 ], [ 26.471490753506121, 37.568995631104521 ], [ 26.471479940692699, 37.568984019973293 ], [ 26.47147248364254, 37.569011448057189 ], [ 26.471488753930203, 37.569021638280965 ] ] ] ] } },
{ "type": "Feature", "properties": { "fid": 443.0, "id_fourni": 442.0, "area_m2": 103.17444090816856, "pa_ratio": 0.52055367978807898, "shape_inde": 1.491580341620917, "_depthmean": 0.0, "Pres_Dro": 1 }, "geometry": { "type": "MultiPolygon", "coordinates": [ [ [ [ 26.471629892599328, 37.56909164639373 ], [ 26.471647876587145, 37.569116297669908 ], [ 26.471687935499304, 37.569100578201763 ], [ 26.471715314736858, 37.56908046595867 ], [ 26.471769562817013, 37.569112506192198 ], [ 26.471796911417748, 37.56909672981444 ], [ 26.471760851499738, 37.569060434957052 ], [ 26.471730361369087, 37.569006820926667 ], [ 26.471686834347533, 37.568999399441857 ], [ 26.471686456629151, 37.56905287534866 ], [ 26.471668370553928, 37.569042677025863 ], [ 26.471632167789377, 37.569026616256274 ], [ 26.471629892599328, 37.56909164639373 ] ] ] ] } },
{ "type": "Feature", "properties": { "fid": 444.0, "id_fourni": 443.0, "area_m2": 8.8582167955851752, "pa_ratio": 1.3812871567439231, "shape_inde": 1.159717456102743, "_depthmean": 0.0, "Pres_Dro": 1 }, "geometry": { "type": "MultiPolygon", "coordinates": [ [ [ [ 26.471601616503488, 37.568981673961801 ], [ 26.47160537052946, 37.568964346678683 ], [ 26.47159827088754, 37.568941189453902 ], [ 26.471578287415209, 37.568942545348463 ], [ 26.471578052569654, 37.568975787128167 ], [ 26.471601616503488, 37.568981673961801 ] ] ] ] } },
{ "type": "Feature", "properties": { "fid": 445.0, "id_fourni": 444.0, "area_m2": 25.610403275345991, "pa_ratio": 0.75118990344656, "shape_inde": 1.0723906496036231, "_depthmean": 0.0, "Pres_Dro": 1 }, "geometry": { "type": "MultiPolygon", "coordinates": [ [ [ [ 26.471773970054734, 37.569002680037073 ], [ 26.471799574306733, 37.568976778469938 ], [ 26.471799737609114, 37.568953653752828 ], [ 26.471777989419301, 37.568947775083025 ], [ 26.471741613148815, 37.568956284358784 ], [ 26.471732309822055, 37.568988040219423 ], [ 26.471773970054734, 37.569002680037073 ] ] ] ] } },
{ "type": "Feature", "properties": { "fid": 446.0, "id_fourni": 445.0, "area_m2": 103.14872764993734, "pa_ratio": 0.43858881802398503, "shape_inde": 1.2565638478235051, "_depthmean": 0.0, "Pres_Dro": 1 }, "geometry": { "type": "MultiPolygon", "coordinates": [ [ [ [ 26.471676358392784, 37.56894009360024 ], [ 26.471716406996268, 37.568925819415995 ], [ 26.471716600948, 37.56889835881455 ], [ 26.471709725855774, 37.568843405109838 ], [ 26.471649949077712, 37.568822902828785 ], [ 26.47157892047521, 37.568852937071782 ], [ 26.471578552892332, 37.568904967684226 ], [ 26.471611328285803, 37.568892106320391 ], [ 26.471645858161629, 37.568887924842578 ], [ 26.471645602927854, 37.568924057212548 ], [ 26.471676358392784, 37.56894009360024 ] ] ] ] } },
{ "type": "Feature", "properties": { "fid": 447.0, "id_fourni": 446.0, "area_m2": 19391.600812679451, "pa_ratio": 0.035018610796500003, "shape_inde": 1.3756273842298981, "_depthmean": -4.7208406718856244, "Pres_Dro": 1 }, "geometry": { "type": "MultiPolygon", "coordinates": [ [ [ [ 26.471080482157145, 37.568467689737645 ], [ 26.471226453583046, 37.568624440419498 ], [ 26.471234766009339, 37.568732878190048 ], [ 26.471366978377677, 37.568781166529497 ], [ 26.471463366168063, 37.568759917993781 ], [ 26.471519194785039, 37.568825208250821 ], [ 26.471628231566857, 37.568812688247213 ], [ 26.47173158629419, 37.568833385548878 ], [ 26.471781896503597, 37.568908768371458 ], [ 26.471821822599168, 37.568911837689157 ], [ 26.471866726515461, 37.568981414925148 ], [ 26.471949720531033, 37.569056943886153 ], [ 26.472039987939169, 37.569131059976016 ], [ 26.472210526208578, 37.569152057296527 ], [ 26.472442922640944, 37.569155986730962 ], [ 26.472528905317652, 37.569065314484789 ], [ 26.472597086948198, 37.568923975731202 ], [ 26.472639481009043, 37.568834554002336 ], [ 26.472398668388983, 37.568479369579954 ], [ 26.471978172055497, 37.568113263740152 ], [ 26.471437272435558, 37.567570285806212 ], [ 26.471303920654037, 37.567426599945492 ], [ 26.470904283527528, 37.567193555024019 ], [ 26.470623876843856, 37.567303589231614 ], [ 26.470426654500422, 37.567461692189404 ], [ 26.470427938132634, 37.567536855666965 ], [ 26.470420419452953, 37.567572955458324 ], [ 26.470344097914268, 37.567581285112475 ], [ 26.470343268956817, 37.567698353991723 ], [ 26.470373788267299, 37.567747632496221 ], [ 26.470389740901368, 37.567802627008618 ], [ 26.470431441137784, 37.567811486116831 ], [ 26.470425809782473, 37.567837476988103 ], [ 26.470460032276709, 37.567876654696505 ], [ 26.470498142037272, 37.567879716313342 ], [ 26.470523245036329, 37.567924634462983 ], [ 26.470555672354365, 37.567960913410701 ], [ 26.470566341659183, 37.567992758753228 ], [ 26.470629851215932, 37.56799882491449 ], [ 26.470631452142861, 37.568029184246754 ], [ 26.470674968263779, 37.568038051411612 ], [ 26.470707661610724, 37.568036752653406 ], [ 26.47072041262032, 37.568031028458243 ], [ 26.470777006985074, 37.567987921955037 ], [ 26.470806304033598, 37.567953365108984 ], [ 26.4708226251255, 37.567956328949784 ], [ 26.470813352214186, 37.567983748856861 ], [ 26.470800396712679, 37.568018378958669 ], [ 26.470843953746179, 37.568021464882079 ], [ 26.47090377055402, 37.568036186388127 ], [ 26.4709291907586, 37.568036300312556 ], [ 26.470919897429855, 37.568066610817517 ], [ 26.470954140732839, 37.568102897794262 ], [ 26.470948407310317, 37.568143341638667 ], [ 26.470971909599047, 37.568157900365385 ], [ 26.470958984806678, 37.568188194599486 ], [ 26.471006050754205, 37.568208640275216 ], [ 26.471045843572465, 37.568230498685345 ], [ 26.471038366000194, 37.568260817334313 ], [ 26.471003683059614, 37.568286678058861 ], [ 26.470975956375174, 37.568355930162987 ], [ 26.471017145925899, 37.568437053804971 ], [ 26.471080482157145, 37.568467689737645 ] ] ] ] } },
{ "type": "Feature", "properties": { "fid": 448.0, "id_fourni": 447.0, "area_m2": 39.199859230931821, "pa_ratio": 0.61420530890434999, "shape_inde": 1.084803025270876, "_depthmean": 0.0, "Pres_Dro": 1 }, "geometry": { "type": "MultiPolygon", "coordinates": [ [ [ [ 26.470252349865557, 37.56771673547815 ], [ 26.470279657326991, 37.567706740625816 ], [ 26.470279913209364, 37.56767060825635 ], [ 26.470249117623428, 37.567660352686801 ], [ 26.470203724634217, 37.567660148986732 ], [ 26.470199724668944, 37.567712163301337 ], [ 26.470252349865557, 37.56771673547815 ] ] ] ] } },
{ "type": "Feature", "properties": { "fid": 449.0, "id_fourni": 448.0, "area_m2": 9.1667758714270118, "pa_ratio": 1.333580135747841, "shape_inde": 1.1389967695428971, "_depthmean": 0.0, "Pres_Dro": 1 }, "geometry": { "type": "MultiPolygon", "coordinates": [ [ [ [ 26.470611029050598, 37.568092687654435 ], [ 26.470638183175193, 37.568104372141896 ], [ 26.470647405024348, 37.568084178723609 ], [ 26.470647537992679, 37.568065389891593 ], [ 26.470616609217281, 37.568073923248932 ], [ 26.470611029050598, 37.568092687654435 ] ] ] ] } },
{ "type": "Feature", "properties": { "fid": 450.0, "id_fourni": 449.0, "area_m2": 2.057060503582131, "pa_ratio": 2.840476402535439, "shape_inde": 1.1492374941135171, "_depthmean": 0.0, "Pres_Dro": 1 }, "geometry": { "type": "MultiPolygon", "coordinates": [ [ [ [ 26.470906839729388, 37.568115693879029 ], [ 26.470916000168778, 37.568104172208209 ], [ 26.470896047579902, 37.568101192104621 ], [ 26.470892344553675, 37.568111292892695 ], [ 26.470906839729388, 37.568115693879029 ] ] ] ] } },
{ "type": "Feature", "properties": { "fid": 451.0, "id_fourni": 450.0, "area_m2": 6.544023728619508, "pa_ratio": 1.736088360649173, "shape_inde": 1.2528218701300231, "_depthmean": 0.0, "Pres_Dro": 1 }, "geometry": { "type": "MultiPolygon", "coordinates": [ [ [ [ 26.470477135674074, 37.56802560149989 ], [ 26.470499006265712, 37.568014136870474 ], [ 26.470499139270988, 37.5679953480387 ], [ 26.47049922112032, 37.567983785680632 ], [ 26.470475514346614, 37.567998132755534 ], [ 26.470477135674074, 37.56802560149989 ] ] ] ] } },
{ "type": "Feature", "properties": { "fid": 452.0, "id_fourni": 451.0, "area_m2": 6165.1646101163296, "pa_ratio": 0.100840697077951, "shape_inde": 2.2335889145618082, "_depthmean": -6.8610651090378179, "Pres_Dro": 1 }, "geometry": { "type": "MultiPolygon", "coordinates": [ [ [ [ 26.473304759892322, 37.569509607329628 ], [ 26.473256633931641, 37.569639473245168 ], [ 26.473206447721349, 37.569804018113146 ], [ 26.473235357575597, 37.569824381879812 ], [ 26.473249568219686, 37.569869250839055 ], [ 26.473231308688252, 37.569883622767868 ], [ 26.473206010001146, 37.569866165795311 ], [ 26.473204316382191, 37.56984881415358 ], [ 26.473200847709386, 37.569825673229424 ], [ 26.473171988765106, 37.569798082979702 ], [ 26.473133653927757, 37.569826818707092 ], [ 26.473140560691419, 37.569877436443612 ], [ 26.473152874068035, 37.569933859669305 ], [ 26.473172358948428, 37.570003322960034 ], [ 26.473185008309532, 37.570012051450519 ], [ 26.473195577220586, 37.570058349503832 ], [ 26.473209991474771, 37.570074312568792 ], [ 26.47320437108332, 37.570098858273816 ], [ 26.473226150259773, 37.570100400798466 ], [ 26.473253325882723, 37.570109194099281 ], [ 26.473294824194436, 37.570146958102463 ], [ 26.473329324030388, 37.570147112021452 ], [ 26.473354846730111, 37.570132772480086 ], [ 26.473409248915512, 37.570143132542043 ], [ 26.473412778720423, 37.570157601690056 ], [ 26.47339623317054, 37.570186434691728 ], [ 26.473423368143177, 37.57020100913325 ], [ 26.47345061505094, 37.57019968532466 ], [ 26.473477770387962, 37.570211369163971 ], [ 26.473533947737423, 37.570227518446977 ], [ 26.473528785245357, 37.570187025896352 ], [ 26.473579637310536, 37.570185807325359 ], [ 26.473637976270783, 37.570152824627677 ], [ 26.473681443141572, 37.570168917167955 ], [ 26.473707036972026, 37.570144460485224 ], [ 26.473683543695213, 37.570128457004152 ], [ 26.473674352916088, 37.57014431477203 ], [ 26.473652563545595, 37.570144217624936 ], [ 26.473670833231747, 37.570128400336507 ], [ 26.473698181810732, 37.570112623520778 ], [ 26.473698334362687, 37.570090944096037 ], [ 26.473727569888243, 37.5700650583033 ], [ 26.473693324343131, 37.570028772126108 ], [ 26.473673472831251, 37.570011339538183 ], [ 26.473709859573514, 37.570001384375864 ], [ 26.473708104815497, 37.569992704510931 ], [ 26.473689926702953, 37.569995514150762 ], [ 26.473664577016415, 37.569985283750732 ], [ 26.473652110680721, 37.569950540001123 ], [ 26.473652354783699, 37.569915852920779 ], [ 26.473710469764342, 37.569914666674613 ], [ 26.473735738078719, 37.569936459425008 ], [ 26.473784906384449, 37.569916443834202 ], [ 26.47382849516131, 37.569915192779561 ], [ 26.473819243433166, 37.569939722330055 ], [ 26.473850040454515, 37.569949976975167 ], [ 26.473868066048336, 37.569968846736423 ], [ 26.473860721606108, 37.569980376726917 ], [ 26.473831669174935, 37.569980247242853 ], [ 26.473796925376785, 37.570014780552007 ], [ 26.473780613882401, 37.570010371824139 ], [ 26.473753438231793, 37.570001578644359 ], [ 26.473724324775347, 37.570010120903881 ], [ 26.473742431705531, 37.570017428323908 ], [ 26.473758621171882, 37.57003918059722 ], [ 26.473745717508773, 37.570066584542843 ], [ 26.473732783327726, 37.570098324371884 ], [ 26.473767049261188, 37.570131719947611 ], [ 26.47378701267942, 37.570133254274928 ], [ 26.473806793073646, 37.570160803908806 ], [ 26.47385403388957, 37.570156678442558 ], [ 26.473897460144794, 37.570178552083703 ], [ 26.473922931918786, 37.570171438893894 ], [ 26.473961093827981, 37.570167272926454 ], [ 26.473981006436603, 37.570176033696193 ], [ 26.473959125569731, 37.570188944260778 ], [ 26.473968082500569, 37.570206328255971 ], [ 26.474006285082108, 37.57019638109395 ], [ 26.474006457873603, 37.570171811078353 ], [ 26.473990237812995, 37.570154394723893 ], [ 26.473963001094834, 37.570154273362192 ], [ 26.473924798529278, 37.570164220510406 ], [ 26.473944894109735, 37.570146965975759 ], [ 26.473979465102286, 37.570137002639513 ], [ 26.474035744143503, 37.570138698733871 ], [ 26.474077527428832, 37.570135994203326 ], [ 26.47408131143149, 37.570114330955725 ], [ 26.474139578986161, 37.570091465073268 ], [ 26.474161490277073, 37.570074218589255 ], [ 26.474161795111815, 37.570030859736207 ], [ 26.474127579855367, 37.56999023779791 ], [ 26.474091254147602, 37.569991521318897 ], [ 26.474069546123463, 37.569979861888243 ], [ 26.474031394479287, 37.569982582596552 ], [ 26.474043850833393, 37.57001877160242 ], [ 26.474089224957002, 37.570021864426913 ], [ 26.474080003788703, 37.570042058112705 ], [ 26.474034467035462, 37.570062090005749 ], [ 26.47401113633844, 37.570022961868133 ], [ 26.473989357166602, 37.570021419488356 ], [ 26.473995099266997, 37.569979530202652 ], [ 26.474013480644551, 37.569947814613954 ], [ 26.474044308186624, 37.56995373332331 ], [ 26.474044491127504, 37.569927718011428 ], [ 26.474073756958209, 37.569897496245552 ], [ 26.47408661982147, 37.569875873442641 ], [ 26.474058075584136, 37.569803479257928 ], [ 26.474096410057832, 37.569774743227448 ], [ 26.474136397688834, 37.569769139995138 ], [ 26.47422173896922, 37.569769520112168 ], [ 26.474224994599169, 37.569823012207671 ], [ 26.474279152873628, 37.569868058952679 ], [ 26.474327914676383, 37.569905854941247 ], [ 26.474387662596467, 37.569930691760185 ], [ 26.474449561466276, 37.569907841891002 ], [ 26.47444629551709, 37.569855795096437 ], [ 26.47441562032482, 37.569828197063828 ], [ 26.47437573425135, 37.569819347438504 ], [ 26.474359554808562, 37.569796149952829 ], [ 26.474388536073928, 37.569806396372961 ], [ 26.474412374714511, 37.569773259677369 ], [ 26.474376445235073, 37.569718176772966 ], [ 26.474318178043585, 37.569741042776528 ], [ 26.474302008793707, 37.569716399987676 ], [ 26.474316799067964, 37.569678886996478 ], [ 26.474349371192545, 37.569694930777864 ], [ 26.474378443828975, 37.569692169543195 ], [ 26.474324366883192, 37.569635560480982 ], [ 26.474324691934363, 37.569589311033027 ], [ 26.474303258261877, 37.569538628673179 ], [ 26.474269276804126, 37.56946476498252 ], [ 26.474222097405246, 37.569460218847304 ], [ 26.474056466488793, 37.569515849339233 ], [ 26.474017888203708, 37.569579272443441 ], [ 26.473946819152555, 37.569615089289748 ], [ 26.473983530927796, 37.569558884595089 ], [ 26.473981979436594, 37.56952129882967 ], [ 26.473304759892322, 37.569509607329628 ] ] ] ] } },
{ "type": "Feature", "properties": { "fid": 453.0, "id_fourni": 452.0, "area_m2": 10.40101217431366, "pa_ratio": 1.328257927971852, "shape_inde": 1.208412717248206, "_depthmean": 0.0, "Pres_Dro": 1 }, "geometry": { "type": "MultiPolygon", "coordinates": [ [ [ [ 26.473595369017762, 37.570272597891908 ], [ 26.473588227949691, 37.570255221966029 ], [ 26.473551952970961, 37.570249278845345 ], [ 26.473531836926067, 37.570269423901706 ], [ 26.473560858949607, 37.570273889345131 ], [ 26.473595369017762, 37.570272597891908 ] ] ] ] } },
{ "type": "Feature", "properties": { "fid": 454.0, "id_fourni": 453.0, "area_m2": 3.4070064601556478, "pa_ratio": 2.2767787280728551, "shape_inde": 1.1855022202134431, "_depthmean": 0.0, "Pres_Dro": 1 }, "geometry": { "type": "MultiPolygon", "coordinates": [ [ [ [ 26.473911925402831, 37.570187288588905 ], [ 26.47392640083001, 37.570194579797317 ], [ 26.473942753035036, 37.570193207325211 ], [ 26.473948281704118, 37.570181669238849 ], [ 26.473928318269355, 37.57018013493871 ], [ 26.473911925402831, 37.570187288588905 ] ] ] ] } },
{ "type": "Feature", "properties": { "fid": 455.0, "id_fourni": 454.0, "area_m2": 8.8710734232213984, "pa_ratio": 1.3070989086781239, "shape_inde": 1.0982257110080691, "_depthmean": 0.0, "Pres_Dro": 1 }, "geometry": { "type": "MultiPolygon", "coordinates": [ [ [ [ 26.474309370909893, 37.569960695302861 ], [ 26.474314980770249, 37.569937594836993 ], [ 26.474304136905783, 37.569930319847437 ], [ 26.474282347595427, 37.569930222817028 ], [ 26.474278523025415, 37.569957667252858 ], [ 26.474309370909893, 37.569960695302861 ] ] ] ] } },
{ "type": "Feature", "properties": { "fid": 456.0, "id_fourni": 455.0, "area_m2": 2.4556159769096859, "pa_ratio": 2.603753364957647, "shape_inde": 1.1509995063953371, "_depthmean": 0.0, "Pres_Dro": 1 }, "geometry": { "type": "MultiPolygon", "coordinates": [ [ [ [ 26.474171971383843, 37.569874808301428 ], [ 26.474181162024109, 37.569858950493007 ], [ 26.474161188509061, 37.569858861527933 ], [ 26.474157475671529, 37.569870407713275 ], [ 26.474171971383843, 37.569874808301428 ] ] ] ] } },
{ "type": "Feature", "properties": { "fid": 457.0, "id_fourni": 456.0, "area_m2": 0.86139408615226098, "pa_ratio": 4.8921027787296021, "shape_inde": 1.280830272172248, "_depthmean": 0.0, "Pres_Dro": 1 }, "geometry": { "type": "MultiPolygon", "coordinates": [ [ [ [ 26.473485414723005, 37.570415196234229 ], [ 26.473492769440533, 37.570402220973818 ], [ 26.473489158214925, 37.570399314187505 ], [ 26.473480008058647, 37.570409390759544 ], [ 26.473485414723005, 37.570415196234229 ] ] ] ] } },
{ "type": "Feature", "properties": { "fid": 458.0, "id_fourni": 457.0, "area_m2": 0.64283140739479205, "pa_ratio": 5.8215256560116222, "shape_inde": 1.316680571870207, "_depthmean": 0.0, "Pres_Dro": 1 }, "geometry": { "type": "MultiPolygon", "coordinates": [ [ [ [ 26.473307080804528, 37.570469323661371 ], [ 26.473318016246953, 37.570463591088483 ], [ 26.473308988193264, 37.570456324109252 ], [ 26.473307080804528, 37.570469323661371 ] ] ] ] } },
{ "type": "Feature", "properties": { "fid": 459.0, "id_fourni": 458.0, "area_m2": 2.2370532983435609, "pa_ratio": 2.7482026930204131, "shape_inde": 1.1595300136483171, "_depthmean": -13.256999969482422, "Pres_Dro": 1 }, "geometry": { "type": "MultiPolygon", "coordinates": [ [ [ [ 26.474721178898005, 37.569498574067161 ], [ 26.474723106314652, 37.569482683897277 ], [ 26.474708580193699, 37.569482619262956 ], [ 26.474701256230091, 37.569491258717356 ], [ 26.474721178898005, 37.569498574067161 ] ] ] ] } }
]
}
