{
"type": "FeatureCollection",
"name": "Fourni_seagrass_data_UNEP-WCMC",
"crs": { "type": "name", "properties": { "name": "urn:ogc:def:crs:OGC:1.3:CRS84" } },
"features": [
{ "type": "Feature", "properties": { "datasetID": 583.0, "BIO_CLASS": "Posidonia beds (posidonion oceanicae) (Posidonia oceanica meadows (= association with Posidonia oceanica))", "fieldNotes": "Not reported", "habitat": "Posidonia beds", "AREA_SQKM": 0.00081142468, "vernacular": "Neptune grass", "FAMILY": "Posidoniaceae", "GENUS": "Posidonia", "scientific": "Posidonia oceanica", "habitatID": "EUNIS:A5.535", "nameAccord": "urn:lsid:marinespecies.org:taxname:145794", "eventDate": "2018-01-17", "verif": "Panayotidis Panayotis", "Shape_Leng": 147.60439706299999, "Shape_Area": 812.82782845300005, "Pres_UNEP": 1 }, "geometry": { "type": "MultiPolygon", "coordinates": [ [ [ [ 26.542403496898267, 37.593567233324421 ], [ 26.542343026356772, 37.59356853721436 ], [ 26.542289133513961, 37.593638919013713 ], [ 26.542277545057061, 37.593642899589668 ], [ 26.542259563573175, 37.593670911150468 ], [ 26.542149385123022, 37.593734747029224 ], [ 26.542101024844865, 37.593758140213446 ], [ 26.54201743118789, 37.593777821373855 ], [ 26.542047361205221, 37.593831931986408 ], [ 26.542000144331837, 37.593888827076981 ], [ 26.541966580817324, 37.593934248637829 ], [ 26.54196810054767, 37.593978914905406 ], [ 26.542099899310077, 37.593931375834352 ], [ 26.542239479823973, 37.59390601619068 ], [ 26.542314002764144, 37.593826187265854 ], [ 26.542347567670856, 37.593780762196161 ], [ 26.542402370996196, 37.593740471428667 ], [ 26.542421902375523, 37.593695348499665 ], [ 26.542446167550896, 37.593583076117412 ], [ 26.542403496898267, 37.593567233324421 ] ] ] ] } },
{ "type": "Feature", "properties": { "datasetID": 583.0, "BIO_CLASS": "Posidonia beds (posidonion oceanicae) (Posidonia oceanica meadows (= association with Posidonia oceanica))", "fieldNotes": "Not reported", "habitat": "Posidonia beds", "AREA_SQKM": 0.00056257464, "vernacular": "Neptune grass", "FAMILY": "Posidoniaceae", "GENUS": "Posidonia", "scientific": "Posidonia oceanica", "habitatID": "EUNIS:A5.535", "nameAccord": "urn:lsid:marinespecies.org:taxname:145794", "eventDate": "2018-01-17", "verif": "Panayotidis Panayotis", "Shape_Leng": 106.88583189800001, "Shape_Area": 563.54712082599997, "Pres_UNEP": 1 }, "geometry": { "type": "MultiPolygon", "coordinates": [ [ [ [ 26.546504486058591, 37.596454389921902 ], [ 26.546428468667866, 37.596456031292369 ], [ 26.546402798909245, 37.596561351117174 ], [ 26.546423197334526, 37.596644720959091 ], [ 26.546528455255618, 37.596642450600541 ], [ 26.546575166987981, 37.596725253328401 ], [ 26.546567847752755, 37.596739379911376 ], [ 26.546619500736593, 37.596738265049929 ], [ 26.546617834737351, 37.596689409922455 ], [ 26.546642720662195, 37.596646967465354 ], [ 26.54671241839079, 37.596631493691895 ], [ 26.546745837129681, 37.596581881510325 ], [ 26.546744408556982, 37.596540005340486 ], [ 26.5466725714465, 37.596492667072233 ], [ 26.546567313095657, 37.596494940079275 ], [ 26.546531752225636, 37.596481738441149 ], [ 26.546504486058591, 37.596454389921902 ] ] ] ] } },
{ "type": "Feature", "properties": { "datasetID": 583.0, "BIO_CLASS": "Posidonia beds (posidonion oceanicae) (Posidonia oceanica meadows (= association with Posidonia oceanica))", "fieldNotes": "Not reported", "habitat": "Posidonia beds", "AREA_SQKM": 0.00224115706, "vernacular": "Neptune grass", "FAMILY": "Posidoniaceae", "GENUS": "Posidonia", "scientific": "Posidonia oceanica", "habitatID": "EUNIS:A5.535", "nameAccord": "urn:lsid:marinespecies.org:taxname:145794", "eventDate": "2018-01-17", "verif": "Panayotidis Panayotis", "Shape_Leng": 221.181674372, "Shape_Area": 2245.0722535999998, "Pres_UNEP": 1 }, "geometry": { "type": "MultiPolygon", "coordinates": [ [ [ [ 26.545361851767289, 37.515813705281772 ], [ 26.545499982467835, 37.51566827169485 ], [ 26.545786400854084, 37.515676340984257 ], [ 26.545918431343377, 37.515755904480109 ], [ 26.545965334717351, 37.515733193368696 ], [ 26.54583614098949, 37.515561303745621 ], [ 26.545691239887685, 37.515507448471602 ], [ 26.54543766099658, 37.515413196478903 ], [ 26.545205340970874, 37.515418206002074 ], [ 26.545033404841906, 37.515621350080522 ], [ 26.545073983839227, 37.515762930894198 ], [ 26.545274916924765, 37.515886808448883 ], [ 26.545361851767289, 37.515813705281772 ] ] ] ] } },
{ "type": "Feature", "properties": { "datasetID": 583.0, "BIO_CLASS": "Posidonia beds (posidonion oceanicae) (Posidonia oceanica meadows (= association with Posidonia oceanica))", "fieldNotes": "Not reported", "habitat": "Posidonia beds", "AREA_SQKM": 0.0043087354, "vernacular": "Neptune grass", "FAMILY": "Posidoniaceae", "GENUS": "Posidonia", "scientific": "Posidonia oceanica", "habitatID": "EUNIS:A5.535", "nameAccord": "urn:lsid:marinespecies.org:taxname:145794", "eventDate": "2018-01-17", "verif": "Panayotidis Panayotis", "Shape_Leng": 392.3195297, "Shape_Area": 4316.2622871100002, "Pres_UNEP": 1 }, "geometry": { "type": "MultiPolygon", "coordinates": [ [ [ [ 26.543613898395797, 37.516478186111769 ], [ 26.543981941118812, 37.516256572160302 ], [ 26.54428236499329, 37.516150379212242 ], [ 26.544456239012167, 37.5160041762432 ], [ 26.544579299188353, 37.516036845532049 ], [ 26.544651852250553, 37.515971468105299 ], [ 26.5445938861427, 37.515844508658638 ], [ 26.544483758268889, 37.515761408519765 ], [ 26.544358660743733, 37.515764104465653 ], [ 26.544215694476069, 37.515767187186619 ], [ 26.544166432902102, 37.515896458405379 ], [ 26.544170301866203, 37.516010339043525 ], [ 26.544025882529077, 37.515970714864991 ], [ 26.543917206216534, 37.515930320675771 ], [ 26.54379211100553, 37.51593301750696 ], [ 26.543668946666582, 37.51599265245278 ], [ 26.543673297738557, 37.516120767906095 ], [ 26.543639973407664, 37.516192713507593 ], [ 26.543495071296274, 37.516138853647263 ], [ 26.543334231334534, 37.516142318734623 ], [ 26.543247775149286, 37.516229655907452 ], [ 26.543215418584296, 37.516330069331431 ], [ 26.543217834983, 37.516401245871307 ], [ 26.543395579526322, 37.516368926210411 ], [ 26.543437121304621, 37.516538976252548 ], [ 26.54361631702519, 37.516549360938583 ], [ 26.543633798617101, 37.516548983875545 ], [ 26.543613898395797, 37.516478186111769 ] ] ] ] } },
{ "type": "Feature", "properties": { "datasetID": 583.0, "BIO_CLASS": "Posidonia beds (posidonion oceanicae) (Posidonia oceanica meadows (= association with Posidonia oceanica))", "fieldNotes": "Not reported", "habitat": "Posidonia beds", "AREA_SQKM": 0.00725943088, "vernacular": "Neptune grass", "FAMILY": "Posidoniaceae", "GENUS": "Posidonia", "scientific": "Posidonia oceanica", "habitatID": "EUNIS:A5.535", "nameAccord": "urn:lsid:marinespecies.org:taxname:145794", "eventDate": "2018-01-17", "verif": "Panayotidis Panayotis", "Shape_Leng": 446.07347976800003, "Shape_Area": 7272.1129421799997, "Pres_UNEP": 1 }, "geometry": { "type": "MultiPolygon", "coordinates": [ [ [ [ 26.549662557112629, 37.516589866513442 ], [ 26.549821457599158, 37.516529452537064 ], [ 26.549932075945865, 37.516626782495045 ], [ 26.55005765943271, 37.516638314270217 ], [ 26.550143137298832, 37.516522502921788 ], [ 26.55013925912748, 37.516408623756341 ], [ 26.54991656794877, 37.516171261570513 ], [ 26.549907397418572, 37.51616633768441 ], [ 26.549661528330091, 37.516034314708783 ], [ 26.549282847493767, 37.515942775192499 ], [ 26.549063068475512, 37.515790821083414 ], [ 26.548895447494278, 37.515595004358644 ], [ 26.548783863879329, 37.515469202826772 ], [ 26.548601280322128, 37.515359180528002 ], [ 26.548443348927673, 37.51544806533763 ], [ 26.548586030016899, 37.515724838850225 ], [ 26.54888532699627, 37.515823149480767 ], [ 26.548964562405654, 37.51604936716793 ], [ 26.549212388822475, 37.516499870315137 ], [ 26.549267998673731, 37.51654532185632 ], [ 26.549431339796936, 37.51667882428373 ], [ 26.549662557112629, 37.516589866513442 ] ] ] ] } },
{ "type": "Feature", "properties": { "datasetID": 583.0, "BIO_CLASS": "Posidonia beds (posidonion oceanicae) (Posidonia oceanica meadows (= association with Posidonia oceanica))", "fieldNotes": "Not reported", "habitat": "Posidonia beds", "AREA_SQKM": 0.01626249825, "vernacular": "Neptune grass", "FAMILY": "Posidoniaceae", "GENUS": "Posidonia", "scientific": "Posidonia oceanica", "habitatID": "EUNIS:A5.535", "nameAccord": "urn:lsid:marinespecies.org:taxname:145794", "eventDate": "2018-01-17", "verif": "Panayotidis Panayotis", "Shape_Leng": 881.03864424599999, "Shape_Area": 16290.906260899999, "Pres_UNEP": 1 }, "geometry": { "type": "MultiPolygon", "coordinates": [ [ [ [ 26.543273394898517, 37.516984115076568 ], [ 26.543213980848876, 37.51681444878156 ], [ 26.543193210332721, 37.516729423182959 ], [ 26.543187410548512, 37.516558602956884 ], [ 26.543166154129096, 37.516459341799276 ], [ 26.543041056813433, 37.516462036871573 ], [ 26.543000964192704, 37.516334691218454 ], [ 26.542893253790172, 37.516322766503386 ], [ 26.542908226912257, 37.516236971095296 ], [ 26.54271019486421, 37.5161984992519 ], [ 26.542672520973788, 37.516142329331736 ], [ 26.542757042297008, 37.515998053181839 ], [ 26.54275075924528, 37.515812997962115 ], [ 26.542857972803496, 37.515283604147761 ], [ 26.543087865143157, 37.514680339861947 ], [ 26.543056947625459, 37.514296378008645 ], [ 26.542941989326486, 37.514070925263439 ], [ 26.542833799956327, 37.514044765188672 ], [ 26.542743290927024, 37.51399946698524 ], [ 26.542723277761397, 37.514048662046264 ], [ 26.542693213601677, 37.514068028890613 ], [ 26.54271595417384, 37.514260986589328 ], [ 26.542719820513565, 37.514374867173572 ], [ 26.542633849659293, 37.51447643821222 ], [ 26.54271161611716, 37.514659953926405 ], [ 26.542715482999721, 37.51477383562225 ], [ 26.542613089668393, 37.514918495007919 ], [ 26.542526634002584, 37.515005830760025 ], [ 26.542475437357655, 37.515078160965629 ], [ 26.542531948928637, 37.515162416725353 ], [ 26.542588460435997, 37.515246671637755 ], [ 26.542519878407596, 37.51533362252588 ], [ 26.542413135675975, 37.515350166396644 ], [ 26.542362422614378, 37.515436732321696 ], [ 26.542439222545262, 37.51559177947491 ], [ 26.542319440115051, 37.515751060081413 ], [ 26.542143628635458, 37.515840318595764 ], [ 26.542131071442402, 37.515997290227908 ], [ 26.542249895518356, 37.516336623333814 ], [ 26.542092918784903, 37.516453967550788 ], [ 26.541972170961337, 37.516584777492362 ], [ 26.542082778813839, 37.516682114541823 ], [ 26.542215127338235, 37.516892946888774 ], [ 26.542523285159302, 37.517014518611511 ], [ 26.542681710468766, 37.516939879399878 ], [ 26.542863324436453, 37.517021440868803 ], [ 26.543273394898517, 37.516984115076568 ] ] ] ] } },
{ "type": "Feature", "properties": { "datasetID": 583.0, "BIO_CLASS": "Posidonia beds (posidonion oceanicae) (Posidonia oceanica meadows (= association with Posidonia oceanica))", "fieldNotes": "Not reported", "habitat": "Posidonia beds", "AREA_SQKM": 0.00168172904, "vernacular": "Neptune grass", "FAMILY": "Posidoniaceae", "GENUS": "Posidonia", "scientific": "Posidonia oceanica", "habitatID": "EUNIS:A5.535", "nameAccord": "urn:lsid:marinespecies.org:taxname:145794", "eventDate": "2018-01-17", "verif": "Panayotidis Panayotis", "Shape_Leng": 237.663487132, "Shape_Area": 1684.6661584399999, "Pres_UNEP": 1 }, "geometry": { "type": "MultiPolygon", "coordinates": [ [ [ [ 26.549393094455603, 37.517080033249215 ], [ 26.549358014353643, 37.517077306378702 ], [ 26.549357352781001, 37.517080805038368 ], [ 26.549182031110675, 37.517184309582753 ], [ 26.548986418991685, 37.517217024984653 ], [ 26.549007195935523, 37.517302049025716 ], [ 26.548713074445811, 37.517593309007523 ], [ 26.548698593305666, 37.517693341639855 ], [ 26.548755600011155, 37.517791828089507 ], [ 26.548877305854063, 37.517689481799131 ], [ 26.548999499665978, 37.517601371310597 ], [ 26.549140532201019, 37.517541342922286 ], [ 26.549117331410745, 37.51738514362728 ], [ 26.549295559035443, 37.517367048942155 ], [ 26.549345780848853, 37.517266246450269 ], [ 26.549393094455603, 37.517080033249215 ] ] ] ] } },
{ "type": "Feature", "properties": { "datasetID": 583.0, "BIO_CLASS": "Posidonia beds (posidonion oceanicae) (Posidonia oceanica meadows (= association with Posidonia oceanica))", "fieldNotes": "Not reported", "habitat": "Posidonia beds", "AREA_SQKM": 0.01616204846, "vernacular": "Neptune grass", "FAMILY": "Posidoniaceae", "GENUS": "Posidonia", "scientific": "Posidonia oceanica", "habitatID": "EUNIS:A5.535", "nameAccord": "urn:lsid:marinespecies.org:taxname:145794", "eventDate": "2018-01-17", "verif": "Panayotidis Panayotis", "Shape_Leng": 1451.3651321899999, "Shape_Area": 16190.0190484, "Pres_UNEP": 1 }, "geometry": { "type": "MultiPolygon", "coordinates": [ [ [ [ 26.541842589404947, 37.585684860514824 ], [ 26.541696661770938, 37.585624398125397 ], [ 26.541571893394945, 37.585716136730717 ], [ 26.541639250317555, 37.585816458101121 ], [ 26.54183742961305, 37.586003010509572 ], [ 26.542049420365721, 37.58612565897527 ], [ 26.542196219002541, 37.586211544659079 ], [ 26.542357259651791, 37.586246239567188 ], [ 26.542412103539416, 37.586448602802001 ], [ 26.542504090125647, 37.58680282265864 ], [ 26.542607291795985, 37.587016866313895 ], [ 26.542610752805778, 37.587118562859139 ], [ 26.542583996932532, 37.587271797683847 ], [ 26.54240095514481, 37.587530173630959 ], [ 26.542325839177078, 37.587671728882043 ], [ 26.542358686580318, 37.588167161130983 ], [ 26.542269327879733, 37.588359910832317 ], [ 26.542115204097762, 37.588528611805899 ], [ 26.541957618394118, 37.588595615568003 ], [ 26.541751676332741, 37.588650938519976 ], [ 26.541500402569415, 37.588783567204295 ], [ 26.541311299074877, 37.588863970941581 ], [ 26.541236614269394, 37.589018237129267 ], [ 26.541179635091375, 37.589223011273198 ], [ 26.541142520314267, 37.589541848911622 ], [ 26.54093097537983, 37.589902607757509 ], [ 26.540842045210727, 37.590108069200213 ], [ 26.54071986498947, 37.590276079974963 ], [ 26.540561841627042, 37.590330368958035 ], [ 26.5404228207255, 37.590473299864975 ], [ 26.540428008942062, 37.590625847361729 ], [ 26.540414626670021, 37.590702463906133 ], [ 26.540495368450234, 37.590726168566142 ], [ 26.540559269426563, 37.590724791374186 ], [ 26.540618846200072, 37.590596293847753 ], [ 26.540711672334968, 37.590505243788151 ], [ 26.540884805112366, 37.59042518567037 ], [ 26.540930136921077, 37.590347880196774 ], [ 26.540958626992431, 37.590245493842545 ], [ 26.541077348310697, 37.589975785030774 ], [ 26.541303999518643, 37.589589256190187 ], [ 26.541409770633088, 37.58940887520351 ], [ 26.541403715639888, 37.589230905111194 ], [ 26.541446017643921, 37.589064612501545 ], [ 26.541632095964196, 37.588895225574142 ], [ 26.541931291516796, 37.588761561502118 ], [ 26.54207463308683, 37.588745750895676 ], [ 26.542153210006095, 37.58870589400393 ], [ 26.542277981523981, 37.588614154898721 ], [ 26.542477432221791, 37.588368146500592 ], [ 26.542640606733745, 37.587995706119003 ], [ 26.54265009153254, 37.587804677573729 ], [ 26.542729744518684, 37.587737761532431 ], [ 26.542735567102063, 37.587710302914942 ], [ 26.542780007821172, 37.587668434802524 ], [ 26.542740747318692, 37.587650065166613 ], [ 26.542768370898781, 37.587522254242586 ], [ 26.542859891432919, 37.587393066232067 ], [ 26.542901756132132, 37.587214063527561 ], [ 26.542926780628093, 37.587009978716416 ], [ 26.542915099409871, 37.586666749298026 ], [ 26.542777352161352, 37.586377122885516 ], [ 26.542771295053925, 37.586199151980914 ], [ 26.542540731657937, 37.586000575967375 ], [ 26.542184106277251, 37.585855604190215 ], [ 26.541842589404947, 37.585684860514824 ] ] ] ] } },
{ "type": "Feature", "properties": { "datasetID": 583.0, "BIO_CLASS": "Posidonia beds (posidonion oceanicae) (Posidonia oceanica meadows (= association with Posidonia oceanica))", "fieldNotes": "Not reported", "habitat": "Posidonia beds", "AREA_SQKM": 0.00386198055, "vernacular": "Neptune grass", "FAMILY": "Posidoniaceae", "GENUS": "Posidonia", "scientific": "Posidonia oceanica", "habitatID": "EUNIS:A5.535", "nameAccord": "urn:lsid:marinespecies.org:taxname:145794", "eventDate": "2018-01-17", "verif": "Panayotidis Panayotis", "Shape_Leng": 290.23333326, "Shape_Area": 3868.66221778, "Pres_UNEP": 1 }, "geometry": { "type": "MultiPolygon", "coordinates": [ [ [ [ 26.546341751079193, 37.58969276939056 ], [ 26.546187719432421, 37.589682507200564 ], [ 26.54607197979146, 37.589793710254057 ], [ 26.545927867366995, 37.589823994201588 ], [ 26.545833484456935, 37.589832309434883 ], [ 26.545850703607602, 37.589939802384315 ], [ 26.546019695485317, 37.590088342464391 ], [ 26.54606876891712, 37.590125328652476 ], [ 26.546085011515743, 37.59020107222473 ], [ 26.546248473344527, 37.590387777166434 ], [ 26.546379450069367, 37.590422995766438 ], [ 26.546513206595307, 37.590539684146115 ], [ 26.546569846692051, 37.590598248765261 ], [ 26.546672226228647, 37.590596039429258 ], [ 26.546640665880748, 37.590471709775287 ], [ 26.546655020999822, 37.590455585432558 ], [ 26.546569192048498, 37.590353677814711 ], [ 26.546498163927943, 37.59027368159488 ], [ 26.546487546207157, 37.590212765515858 ], [ 26.54650229545971, 37.590144505925785 ], [ 26.546556231331717, 37.589973490009804 ], [ 26.546596807160824, 37.589911468917144 ], [ 26.546620781762595, 37.589863391961053 ], [ 26.546618464893054, 37.589795501743076 ], [ 26.546505471820318, 37.589736794253966 ], [ 26.546341751079193, 37.58969276939056 ] ] ] ] } },
{ "type": "Feature", "properties": { "datasetID": 583.0, "BIO_CLASS": "Posidonia beds (posidonion oceanicae) (Posidonia oceanica meadows (= association with Posidonia oceanica))", "fieldNotes": "Not reported", "habitat": "Posidonia beds", "AREA_SQKM": 0.00316631293, "vernacular": "Neptune grass", "FAMILY": "Posidoniaceae", "GENUS": "Posidonia", "scientific": "Posidonia oceanica", "habitatID": "EUNIS:A5.535", "nameAccord": "urn:lsid:marinespecies.org:taxname:145794", "eventDate": "2018-01-17", "verif": "Panayotidis Panayotis", "Shape_Leng": 262.79657136200001, "Shape_Area": 3171.7907090600002, "Pres_UNEP": 1 }, "geometry": { "type": "MultiPolygon", "coordinates": [ [ [ [ 26.546970902453566, 37.590741777030907 ], [ 26.547122701729283, 37.590586313404266 ], [ 26.547143203343872, 37.590591873404122 ], [ 26.547148687317055, 37.590572163408495 ], [ 26.547302026300059, 37.590562059297923 ], [ 26.547447296484567, 37.590565713844413 ], [ 26.547489955492743, 37.590564794244891 ], [ 26.54751439249981, 37.590530297341637 ], [ 26.547512771061346, 37.590482773231685 ], [ 26.547425370244511, 37.590423514309819 ], [ 26.547338432935437, 37.590377832956278 ], [ 26.547327123866296, 37.590296548759113 ], [ 26.547315352442965, 37.590201686172357 ], [ 26.547253777888017, 37.59014866222342 ], [ 26.547174908214046, 37.590089220541977 ], [ 26.547147460681703, 37.590035459002046 ], [ 26.547077820047857, 37.589996199898302 ], [ 26.547001264894504, 37.5900046458788 ], [ 26.546883905521995, 37.590068327752533 ], [ 26.546755038044477, 37.590295312911408 ], [ 26.546733378086927, 37.590411278611036 ], [ 26.546732794114632, 37.590413376639006 ], [ 26.546764080273533, 37.590485350936618 ], [ 26.546943020782443, 37.590524970556451 ], [ 26.54688400098328, 37.590596901608968 ], [ 26.546824976736918, 37.590668833571009 ], [ 26.546889555949349, 37.590759838653135 ], [ 26.546970902453566, 37.590741777030907 ] ] ] ] } },
{ "type": "Feature", "properties": { "datasetID": 583.0, "BIO_CLASS": "Posidonia beds (posidonion oceanicae) (Posidonia oceanica meadows (= association with Posidonia oceanica))", "fieldNotes": "Not reported", "habitat": "Posidonia beds", "AREA_SQKM": 0.00032576244, "vernacular": "Neptune grass", "FAMILY": "Posidoniaceae", "GENUS": "Posidonia", "scientific": "Posidonia oceanica", "habitatID": "EUNIS:A5.535", "nameAccord": "urn:lsid:marinespecies.org:taxname:145794", "eventDate": "2018-01-17", "verif": "Panayotidis Panayotis", "Shape_Leng": 76.121659233599999, "Shape_Area": 326.32599746300002, "Pres_UNEP": 1 }, "geometry": { "type": "MultiPolygon", "coordinates": [ [ [ [ 26.550168489526747, 37.590744710738903 ], [ 26.550226820700438, 37.590702686510532 ], [ 26.55025063093024, 37.590706072511793 ], [ 26.550252185382483, 37.590695343843784 ], [ 26.55022357574796, 37.590607639102835 ], [ 26.550221026870169, 37.590532959848979 ], [ 26.550159682021764, 37.590486727240787 ], [ 26.550066065933429, 37.590495546028777 ], [ 26.550068846556002, 37.590577014050766 ], [ 26.550106217789853, 37.590671321170234 ], [ 26.550101985777612, 37.590717684561994 ], [ 26.550168489526747, 37.590744710738903 ] ] ] ] } },
{ "type": "Feature", "properties": { "datasetID": 583.0, "BIO_CLASS": "Posidonia beds (posidonion oceanicae) (Posidonia oceanica meadows (= association with Posidonia oceanica))", "fieldNotes": "Not reported", "habitat": "Posidonia beds", "AREA_SQKM": 0.00024550272, "vernacular": "Neptune grass", "FAMILY": "Posidoniaceae", "GENUS": "Posidonia", "scientific": "Posidonia oceanica", "habitatID": "EUNIS:A5.535", "nameAccord": "urn:lsid:marinespecies.org:taxname:145794", "eventDate": "2018-01-17", "verif": "Panayotidis Panayotis", "Shape_Leng": 68.7983396793, "Shape_Area": 245.927435906, "Pres_UNEP": 1 }, "geometry": { "type": "MultiPolygon", "coordinates": [ [ [ [ 26.548027953338671, 37.590818142738776 ], [ 26.547991972775502, 37.590764567394757 ], [ 26.547916347146018, 37.590800171216365 ], [ 26.547900640619229, 37.590851432108828 ], [ 26.547917994370138, 37.590873510479973 ], [ 26.547983632468828, 37.59100811147794 ], [ 26.548009076969997, 37.591015577829864 ], [ 26.548092541083612, 37.590959422955081 ], [ 26.548030037479219, 37.590879244514113 ], [ 26.548027953338671, 37.590818142738776 ] ] ] ] } },
{ "type": "Feature", "properties": { "datasetID": 583.0, "BIO_CLASS": "Posidonia beds (posidonion oceanicae) (Posidonia oceanica meadows (= association with Posidonia oceanica))", "fieldNotes": "Not reported", "habitat": "Posidonia beds", "AREA_SQKM": 0.001497653, "vernacular": "Neptune grass", "FAMILY": "Posidoniaceae", "GENUS": "Posidonia", "scientific": "Posidonia oceanica", "habitatID": "EUNIS:A5.535", "nameAccord": "urn:lsid:marinespecies.org:taxname:145794", "eventDate": "2018-01-17", "verif": "Panayotidis Panayotis", "Shape_Leng": 189.24581580500001, "Shape_Area": 1500.24377104, "Pres_UNEP": 1 }, "geometry": { "type": "MultiPolygon", "coordinates": [ [ [ [ 26.549129514131014, 37.591072900552042 ], [ 26.549171709796511, 37.591058398935076 ], [ 26.549224057509356, 37.591091239586653 ], [ 26.549284708685569, 37.591117103281974 ], [ 26.549362651977766, 37.59114939006183 ], [ 26.549395390116942, 37.591107918745642 ], [ 26.549410831956237, 37.591060026126527 ], [ 26.54943642553302, 37.59105947401207 ], [ 26.549462716389723, 37.591079285645193 ], [ 26.549531434971282, 37.591091390644927 ], [ 26.549582623851855, 37.591090283765716 ], [ 26.54960613410007, 37.591028627160874 ], [ 26.5495957498932, 37.590974500529128 ], [ 26.549624333559141, 37.590946281754391 ], [ 26.549602426282409, 37.590920004658301 ], [ 26.549583972855778, 37.590879638501377 ], [ 26.549463602328046, 37.590855064575031 ], [ 26.549208113011378, 37.590874172132253 ], [ 26.549013272119545, 37.590919147777804 ], [ 26.5489215088305, 37.590982276064281 ], [ 26.548916386504473, 37.591038387659687 ], [ 26.54892725704984, 37.591025635143403 ], [ 26.549004782109996, 37.591170712290129 ], [ 26.54911685215373, 37.591202259686476 ], [ 26.549132296586105, 37.591154367927928 ], [ 26.549129514131014, 37.591072900552042 ] ] ] ] } },
{ "type": "Feature", "properties": { "datasetID": 583.0, "BIO_CLASS": "Posidonia beds (posidonion oceanicae) (Posidonia oceanica meadows (= association with Posidonia oceanica))", "fieldNotes": "Not reported", "habitat": "Posidonia beds", "AREA_SQKM": 0.00028523709, "vernacular": "Neptune grass", "FAMILY": "Posidoniaceae", "GENUS": "Posidonia", "scientific": "Posidonia oceanica", "habitatID": "EUNIS:A5.535", "nameAccord": "urn:lsid:marinespecies.org:taxname:145794", "eventDate": "2018-01-17", "verif": "Panayotidis Panayotis", "Shape_Leng": 82.732400919300005, "Shape_Area": 285.73049670900002, "Pres_UNEP": 1 }, "geometry": { "type": "MultiPolygon", "coordinates": [ [ [ [ 26.547875113641481, 37.591093206882121 ], [ 26.54787475676445, 37.591093193631387 ], [ 26.547743711703589, 37.591170778544885 ], [ 26.547848503920342, 37.591239173645903 ], [ 26.547923765668529, 37.591242982797141 ], [ 26.548014904899063, 37.591311672973411 ], [ 26.54808408763126, 37.591337352953566 ], [ 26.548103210362122, 37.591329743481261 ], [ 26.548051306955351, 37.591252457972836 ], [ 26.547981199854224, 37.591199619253501 ], [ 26.54791985625797, 37.591153385606418 ], [ 26.547875113641481, 37.591093206882121 ] ] ] ] } },
{ "type": "Feature", "properties": { "datasetID": 583.0, "BIO_CLASS": "Posidonia beds (posidonion oceanicae) (Posidonia oceanica meadows (= association with Posidonia oceanica))", "fieldNotes": "Not reported", "habitat": "Posidonia beds", "AREA_SQKM": 0.00037016675, "vernacular": "Neptune grass", "FAMILY": "Posidoniaceae", "GENUS": "Posidonia", "scientific": "Posidonia oceanica", "habitatID": "EUNIS:A5.535", "nameAccord": "urn:lsid:marinespecies.org:taxname:145794", "eventDate": "2018-01-17", "verif": "Panayotidis Panayotis", "Shape_Leng": 99.367811295099997, "Shape_Area": 370.80706187700002, "Pres_UNEP": 1 }, "geometry": { "type": "MultiPolygon", "coordinates": [ [ [ [ 26.548744300986428, 37.591268737855451 ], [ 26.548756264168869, 37.591244021655932 ], [ 26.548725550178528, 37.591244685077285 ], [ 26.548647372852088, 37.591205609477903 ], [ 26.548536461015779, 37.591208006981432 ], [ 26.548425316978232, 37.591203613914246 ], [ 26.548358452467948, 37.591245822876004 ], [ 26.548324813670938, 37.591298936340259 ], [ 26.548342341872019, 37.591299165136711 ], [ 26.548377580362377, 37.591331013787624 ], [ 26.548436971768655, 37.59126994367486 ], [ 26.548492872007518, 37.591306781674803 ], [ 26.548615914215592, 37.591309558151174 ], [ 26.548705202381239, 37.591323936112659 ], [ 26.548760175227848, 37.591333618004199 ], [ 26.548744300986428, 37.591268737855451 ] ] ] ] } },
{ "type": "Feature", "properties": { "datasetID": 583.0, "BIO_CLASS": "Posidonia beds (posidonion oceanicae) (Posidonia oceanica meadows (= association with Posidonia oceanica))", "fieldNotes": "Not reported", "habitat": "Posidonia beds", "AREA_SQKM": 0.00058047624, "vernacular": "Neptune grass", "FAMILY": "Posidoniaceae", "GENUS": "Posidonia", "scientific": "Posidonia oceanica", "habitatID": "EUNIS:A5.535", "nameAccord": "urn:lsid:marinespecies.org:taxname:145794", "eventDate": "2018-01-17", "verif": "Panayotidis Panayotis", "Shape_Leng": 97.624272386300007, "Shape_Area": 581.48023456600004, "Pres_UNEP": 1 }, "geometry": { "type": "MultiPolygon", "coordinates": [ [ [ [ 26.54432104600706, 37.592140190143503 ], [ 26.544325970288636, 37.592078622434286 ], [ 26.544238944431733, 37.592008653730851 ], [ 26.544083258043173, 37.591962049756013 ], [ 26.544007901261939, 37.591998950605152 ], [ 26.543943844394512, 37.591993074313272 ], [ 26.543918241455199, 37.592065065968768 ], [ 26.543954465934064, 37.592097809614451 ], [ 26.543956177200837, 37.592148059363254 ], [ 26.54403355204991, 37.592151979838818 ], [ 26.544082288084446, 37.592139751983311 ], [ 26.544118323717345, 37.592166912629054 ], [ 26.544230399183043, 37.592158908250397 ], [ 26.54432104600706, 37.592140190143503 ] ] ] ] } },
{ "type": "Feature", "properties": { "datasetID": 583.0, "BIO_CLASS": "Posidonia beds (posidonion oceanicae) (Posidonia oceanica meadows (= association with Posidonia oceanica))", "fieldNotes": "Not reported", "habitat": "Posidonia beds", "AREA_SQKM": 0.00064895393, "vernacular": "Neptune grass", "FAMILY": "Posidoniaceae", "GENUS": "Posidonia", "scientific": "Posidonia oceanica", "habitatID": "EUNIS:A5.535", "nameAccord": "urn:lsid:marinespecies.org:taxname:145794", "eventDate": "2018-01-17", "verif": "Panayotidis Panayotis", "Shape_Leng": 124.462640515, "Shape_Area": 650.07639485000004, "Pres_UNEP": 1 }, "geometry": { "type": "MultiPolygon", "coordinates": [ [ [ [ 26.553026441823167, 37.591950404940675 ], [ 26.553120106322218, 37.591880436282331 ], [ 26.553129029081891, 37.591829288197317 ], [ 26.553001052260147, 37.591832058497474 ], [ 26.552853485837183, 37.591886207448141 ], [ 26.552790077332812, 37.591904565992593 ], [ 26.552686041504465, 37.591902679078395 ], [ 26.552714763705399, 37.591918084461888 ], [ 26.552664630802401, 37.59201258921469 ], [ 26.552815386953405, 37.59205178776395 ], [ 26.552827791856068, 37.592102474777974 ], [ 26.552892071555501, 37.592109576331922 ], [ 26.55292804291717, 37.592110160251195 ], [ 26.552935100798784, 37.592088262836768 ], [ 26.552964195379918, 37.592002709410941 ], [ 26.553026441823167, 37.591950404940675 ] ] ] ] } },
{ "type": "Feature", "properties": { "datasetID": 583.0, "BIO_CLASS": "Posidonia beds (posidonion oceanicae) (Posidonia oceanica meadows (= association with Posidonia oceanica))", "fieldNotes": "Not reported", "habitat": "Posidonia beds", "AREA_SQKM": 0.00022856396, "vernacular": "Neptune grass", "FAMILY": "Posidoniaceae", "GENUS": "Posidonia", "scientific": "Posidonia oceanica", "habitatID": "EUNIS:A5.535", "nameAccord": "urn:lsid:marinespecies.org:taxname:145794", "eventDate": "2018-01-17", "verif": "Panayotidis Panayotis", "Shape_Leng": 65.147460885599997, "Shape_Area": 228.959316401, "Pres_UNEP": 1 }, "geometry": { "type": "MultiPolygon", "coordinates": [ [ [ [ 26.553287330113893, 37.592089131206549 ], [ 26.553190765166125, 37.592074236407861 ], [ 26.553117272212543, 37.592109798945444 ], [ 26.553112290580277, 37.592113150518614 ], [ 26.553116321709322, 37.592113215889306 ], [ 26.55314230821288, 37.592281665640527 ], [ 26.55319743914183, 37.592269420992615 ], [ 26.553258526017153, 37.592183172262168 ], [ 26.553287330113893, 37.592089131206549 ] ] ] ] } },
{ "type": "Feature", "properties": { "datasetID": 583.0, "BIO_CLASS": "Posidonia beds (posidonion oceanicae) (Posidonia oceanica meadows (= association with Posidonia oceanica))", "fieldNotes": "Not reported", "habitat": "Posidonia beds", "AREA_SQKM": 0.00040106009, "vernacular": "Neptune grass", "FAMILY": "Posidoniaceae", "GENUS": "Posidonia", "scientific": "Posidonia oceanica", "habitatID": "EUNIS:A5.535", "nameAccord": "urn:lsid:marinespecies.org:taxname:145794", "eventDate": "2018-01-17", "verif": "Panayotidis Panayotis", "Shape_Leng": 97.841269914999998, "Shape_Area": 401.75374259699998, "Pres_UNEP": 1 }, "geometry": { "type": "MultiPolygon", "coordinates": [ [ [ [ 26.553219706837304, 37.5926086415691 ], [ 26.553272159869017, 37.592582026797693 ], [ 26.553325486693296, 37.592580873090519 ], [ 26.553400138824255, 37.592579257370424 ], [ 26.553462097793513, 37.592518467791024 ], [ 26.553471601672847, 37.592484293868338 ], [ 26.553416537678245, 37.592434530781802 ], [ 26.553352258711058, 37.592427428332833 ], [ 26.55322179291273, 37.592430253411528 ], [ 26.553185601198262, 37.592578806841765 ], [ 26.553111570268982, 37.592663893202847 ], [ 26.553136418758378, 37.592669892305885 ], [ 26.553219706837304, 37.5926086415691 ] ] ] ] } },
{ "type": "Feature", "properties": { "datasetID": 583.0, "BIO_CLASS": "Posidonia beds (posidonion oceanicae) (Posidonia oceanica meadows (= association with Posidonia oceanica))", "fieldNotes": "Not reported", "habitat": "Posidonia beds", "AREA_SQKM": 0.00262666919, "vernacular": "Neptune grass", "FAMILY": "Posidoniaceae", "GENUS": "Posidonia", "scientific": "Posidonia oceanica", "habitatID": "EUNIS:A5.535", "nameAccord": "urn:lsid:marinespecies.org:taxname:145794", "eventDate": "2018-01-17", "verif": "Panayotidis Panayotis", "Shape_Leng": 388.82847329700002, "Shape_Area": 2631.2120240300001, "Pres_UNEP": 1 }, "geometry": { "type": "MultiPolygon", "coordinates": [ [ [ [ 26.543834230163867, 37.592072465223119 ], [ 26.543790940573132, 37.592052211797004 ], [ 26.543672168884218, 37.592124315664321 ], [ 26.543662044730695, 37.592171165259309 ], [ 26.543586382761905, 37.592217497199918 ], [ 26.543545232724451, 37.592246322160022 ], [ 26.543455345945926, 37.592287372338035 ], [ 26.543450799315718, 37.592360107030451 ], [ 26.543340433776528, 37.592418362117897 ], [ 26.543242578728005, 37.592431645640715 ], [ 26.543180188115393, 37.592455341673706 ], [ 26.543126610793472, 37.592481784167148 ], [ 26.543088988889686, 37.592514973993445 ], [ 26.543064706442237, 37.592569581609851 ], [ 26.543044797873605, 37.592603535583137 ], [ 26.5429412565313, 37.592656054889567 ], [ 26.542925709404152, 37.592659011596552 ], [ 26.542911683718078, 37.59267138524347 ], [ 26.542856348535587, 37.592843391117846 ], [ 26.542718280821816, 37.593095363548976 ], [ 26.542646997018277, 37.593183841475629 ], [ 26.542643749234831, 37.593198868866651 ], [ 26.542673335659668, 37.59324292984445 ], [ 26.542716577742961, 37.593275522624481 ], [ 26.542786176494914, 37.593257260242922 ], [ 26.542907727570796, 37.593114952770563 ], [ 26.542976565347555, 37.59307435560131 ], [ 26.543047286550618, 37.592882856615439 ], [ 26.543078566419773, 37.592770432750136 ], [ 26.543132801623596, 37.592713388687507 ], [ 26.543236530667944, 37.592666452392102 ], [ 26.54331826194333, 37.592592053280654 ], [ 26.543401321518367, 37.592556736238912 ], [ 26.543565729904707, 37.592435854989972 ], [ 26.543645748178157, 37.592311204395429 ], [ 26.543789106596595, 37.592190775590957 ], [ 26.543829495892318, 37.592139616825172 ], [ 26.543834230163867, 37.592072465223119 ] ] ] ] } },
{ "type": "Feature", "properties": { "datasetID": 583.0, "BIO_CLASS": "Posidonia beds (posidonion oceanicae) (Posidonia oceanica meadows (= association with Posidonia oceanica))", "fieldNotes": "Not reported", "habitat": "Posidonia beds", "AREA_SQKM": 0.00185169851, "vernacular": "Neptune grass", "FAMILY": "Posidoniaceae", "GENUS": "Posidonia", "scientific": "Posidonia oceanica", "habitatID": "EUNIS:A5.535", "nameAccord": "urn:lsid:marinespecies.org:taxname:145794", "eventDate": "2018-01-17", "verif": "Panayotidis Panayotis", "Shape_Leng": 340.16974787200002, "Shape_Area": 1854.9009952599999, "Pres_UNEP": 1 }, "geometry": { "type": "MultiPolygon", "coordinates": [ [ [ [ 26.544573460100626, 37.592129158395679 ], [ 26.544516375389286, 37.592102452699812 ], [ 26.544432481273098, 37.592154549614051 ], [ 26.544410637294817, 37.592172901116214 ], [ 26.544411398085018, 37.592195234933705 ], [ 26.544462983574057, 37.592225412357948 ], [ 26.544525948029289, 37.592259813266757 ], [ 26.544571614769499, 37.592281178016805 ], [ 26.544618349725479, 37.592333811194855 ], [ 26.544642934197956, 37.59239585954694 ], [ 26.544646433349435, 37.592498593300355 ], [ 26.544603352828542, 37.592553163809882 ], [ 26.544562250880269, 37.592665800449055 ], [ 26.544530698195405, 37.592729060916845 ], [ 26.544501131458414, 37.592891734696025 ], [ 26.544496397940105, 37.592958886575573 ], [ 26.544502674187221, 37.593143139167196 ], [ 26.544527529055532, 37.593254352112268 ], [ 26.5445923917123, 37.59330324084543 ], [ 26.544643031979273, 37.593346848665661 ], [ 26.544672050848195, 37.593374159653635 ], [ 26.544729138003323, 37.593400867287642 ], [ 26.544764030314902, 37.593394526289117 ], [ 26.544769526647482, 37.59334970732619 ], [ 26.544768193943035, 37.593310624244687 ], [ 26.544731586903843, 37.593266713428626 ], [ 26.544660087436114, 37.593229142731971 ], [ 26.54463713361703, 37.593173763732267 ], [ 26.544656663291555, 37.593128641815667 ], [ 26.544633900835894, 37.593078845881848 ], [ 26.544610949425703, 37.593023466924159 ], [ 26.544651337180508, 37.592972307943491 ], [ 26.544641658074749, 37.592894292113549 ], [ 26.544640897120583, 37.592871958217309 ], [ 26.544709161118345, 37.592814610239031 ], [ 26.544736087617338, 37.592780505169756 ], [ 26.544720724581577, 37.592741721669896 ], [ 26.544698150735979, 37.592697511510508 ], [ 26.544683356430212, 37.592675479755918 ], [ 26.54475181301547, 37.59262371574286 ], [ 26.544771912185624, 37.592595343906936 ], [ 26.544770230721682, 37.592545995985631 ], [ 26.544761397973478, 37.592529723948111 ], [ 26.544707842109055, 37.5923654974684 ], [ 26.544717957414289, 37.592254775302507 ], [ 26.544659561067625, 37.592183175802482 ], [ 26.544573460100626, 37.592129158395679 ] ] ] ] } },
{ "type": "Feature", "properties": { "datasetID": 583.0, "BIO_CLASS": "Posidonia beds (posidonion oceanicae) (Posidonia oceanica meadows (= association with Posidonia oceanica))", "fieldNotes": "Not reported", "habitat": "Posidonia beds", "AREA_SQKM": 0.00030708226, "vernacular": "Neptune grass", "FAMILY": "Posidoniaceae", "GENUS": "Posidonia", "scientific": "Posidonia oceanica", "habitatID": "EUNIS:A5.535", "nameAccord": "urn:lsid:marinespecies.org:taxname:145794", "eventDate": "2018-01-17", "verif": "Panayotidis Panayotis", "Shape_Leng": 86.115350379399999, "Shape_Area": 307.61330000800001, "Pres_UNEP": 1 }, "geometry": { "type": "MultiPolygon", "coordinates": [ [ [ [ 26.542631441569082, 37.593456158013062 ], [ 26.542679609295583, 37.593427181816693 ], [ 26.542740669442292, 37.593364402575475 ], [ 26.542753372962821, 37.593325016487228 ], [ 26.542683014101154, 37.593320947578398 ], [ 26.54262782889316, 37.593350073936065 ], [ 26.542585919735291, 37.593356563343249 ], [ 26.542506453683881, 37.593358277126327 ], [ 26.542457511289193, 37.593419022793547 ], [ 26.54243873289753, 37.593443550217984 ], [ 26.542490534757423, 37.593442431841538 ], [ 26.54254060339802, 37.593469292311866 ], [ 26.542555968502789, 37.593508071537045 ], [ 26.542578158202335, 37.593541120192064 ], [ 26.542626704951214, 37.593523310083782 ], [ 26.542631441569082, 37.593456158013062 ] ] ] ] } },
{ "type": "Feature", "properties": { "datasetID": 583.0, "BIO_CLASS": "Posidonia beds (posidonion oceanicae) (Posidonia oceanica meadows (= association with Posidonia oceanica))", "fieldNotes": "Not reported", "habitat": "Posidonia beds", "AREA_SQKM": 0.00033007119, "vernacular": "Neptune grass", "FAMILY": "Posidoniaceae", "GENUS": "Posidonia", "scientific": "Posidonia oceanica", "habitatID": "EUNIS:A5.535", "nameAccord": "urn:lsid:marinespecies.org:taxname:145794", "eventDate": "2018-01-17", "verif": "Panayotidis Panayotis", "Shape_Leng": 81.199694406500001, "Shape_Area": 330.641782982, "Pres_UNEP": 1 }, "geometry": { "type": "MultiPolygon", "coordinates": [ [ [ [ 26.565429610013304, 37.59635191205826 ], [ 26.565533148308795, 37.596329742085992 ], [ 26.565579420771417, 37.596328737652712 ], [ 26.56574866872036, 37.596288359793398 ], [ 26.5657476494832, 37.596258688825813 ], [ 26.565717556377628, 37.596232786473159 ], [ 26.565575817076965, 37.596235869560665 ], [ 26.565562510671878, 37.596212921320735 ], [ 26.565503804915675, 37.596204240089875 ], [ 26.565466513191478, 37.596211689852794 ], [ 26.565425735425094, 37.596239133746487 ], [ 26.565389924748803, 37.596289705221615 ], [ 26.565400086558604, 37.596342595651912 ], [ 26.565429610013304, 37.59635191205826 ] ] ] ] } },
{ "type": "Feature", "properties": { "datasetID": 583.0, "BIO_CLASS": "Posidonia beds (posidonion oceanicae) (Posidonia oceanica meadows (= association with Posidonia oceanica))", "fieldNotes": "Not reported", "habitat": "Posidonia beds", "AREA_SQKM": 0.0006878215, "vernacular": "Neptune grass", "FAMILY": "Posidoniaceae", "GENUS": "Posidonia", "scientific": "Posidonia oceanica", "habitatID": "EUNIS:A5.535", "nameAccord": "urn:lsid:marinespecies.org:taxname:145794", "eventDate": "2018-01-17", "verif": "Panayotidis Panayotis", "Shape_Leng": 134.32323423400001, "Shape_Area": 689.010919188, "Pres_UNEP": 1 }, "geometry": { "type": "MultiPolygon", "coordinates": [ [ [ [ 26.544738037433653, 37.593559079593838 ], [ 26.544684223137974, 37.593525318920257 ], [ 26.544623302416138, 37.593540601638104 ], [ 26.544530146860637, 37.593640392514082 ], [ 26.544497203707724, 37.593703962481101 ], [ 26.544419214896443, 37.593733580062654 ], [ 26.544403812621315, 37.593796771966353 ], [ 26.544423494717385, 37.593859208586991 ], [ 26.544460482173996, 37.593914284773362 ], [ 26.544505762599069, 37.593955215154793 ], [ 26.544506434387273, 37.59395533264648 ], [ 26.544507801248681, 37.593953214262932 ], [ 26.544532674176899, 37.593858809292108 ], [ 26.544617671497548, 37.593839096321425 ], [ 26.544629231494774, 37.593766209142437 ], [ 26.544659468336423, 37.593757967949372 ], [ 26.544664092884087, 37.593707347650067 ], [ 26.544671436030342, 37.593665281274191 ], [ 26.544750139449967, 37.593656599271377 ], [ 26.544801337308581, 37.593613588557602 ], [ 26.544782607793657, 37.593579069922399 ], [ 26.544738037433653, 37.593559079593838 ] ] ] ] } },
{ "type": "Feature", "properties": { "datasetID": 583.0, "BIO_CLASS": "Posidonia beds (posidonion oceanicae) (Posidonia oceanica meadows (= association with Posidonia oceanica))", "fieldNotes": "Not reported", "habitat": "Posidonia beds", "AREA_SQKM": 0.00020389157, "vernacular": "Neptune grass", "FAMILY": "Posidoniaceae", "GENUS": "Posidonia", "scientific": "Posidonia oceanica", "habitatID": "EUNIS:A5.535", "nameAccord": "urn:lsid:marinespecies.org:taxname:145794", "eventDate": "2018-01-17", "verif": "Panayotidis Panayotis", "Shape_Leng": 61.154932457000001, "Shape_Area": 204.24412945, "Pres_UNEP": 1 }, "geometry": { "type": "MultiPolygon", "coordinates": [ [ [ [ 26.541601902902478, 37.594154430766835 ], [ 26.541565868386375, 37.594127271615591 ], [ 26.541537802437773, 37.594127875859002 ], [ 26.541473128978879, 37.594084569105171 ], [ 26.541437093937013, 37.594057407313336 ], [ 26.541404169901611, 37.594035707564622 ], [ 26.541378102994045, 37.594116525094663 ], [ 26.541357936832789, 37.594119806030044 ], [ 26.541348342788812, 37.594131958035533 ], [ 26.541385136867738, 37.594181452112096 ], [ 26.541483945175159, 37.594196085583562 ], [ 26.541546907866849, 37.59418914296625 ], [ 26.541601902902478, 37.594154430766835 ] ] ] ] } },
{ "type": "Feature", "properties": { "datasetID": 583.0, "BIO_CLASS": "Posidonia beds (posidonion oceanicae) (Posidonia oceanica meadows (= association with Posidonia oceanica))", "fieldNotes": "Not reported", "habitat": "Posidonia beds", "AREA_SQKM": 0.00050809261, "vernacular": "Neptune grass", "FAMILY": "Posidoniaceae", "GENUS": "Posidonia", "scientific": "Posidonia oceanica", "habitatID": "EUNIS:A5.535", "nameAccord": "urn:lsid:marinespecies.org:taxname:145794", "eventDate": "2018-01-17", "verif": "Panayotidis Panayotis", "Shape_Leng": 124.814741336, "Shape_Area": 508.97115877700003, "Pres_UNEP": 1 }, "geometry": { "type": "MultiPolygon", "coordinates": [ [ [ [ 26.541146373677861, 37.594181008646991 ], [ 26.54109836977246, 37.594176603146337 ], [ 26.541062473419416, 37.594237818148265 ], [ 26.541035742510697, 37.594246019608356 ], [ 26.541029743871228, 37.594261745847199 ], [ 26.541010593644252, 37.594318031516778 ], [ 26.540969631784556, 37.594352440739364 ], [ 26.540887516809324, 37.594415670826535 ], [ 26.540804263714303, 37.594445401589368 ], [ 26.540798006651947, 37.594467885840622 ], [ 26.540799147614546, 37.594501387839024 ], [ 26.540814128301637, 37.594529002875184 ], [ 26.540898713424998, 37.594538356299026 ], [ 26.540961485881603, 37.594525828824196 ], [ 26.541014771764782, 37.594440867989931 ], [ 26.541068248618213, 37.594361489382614 ], [ 26.541186016956761, 37.594314253225193 ], [ 26.541185257951529, 37.594291920935738 ], [ 26.541164015828187, 37.594286791046699 ], [ 26.541183356786426, 37.594236086689591 ], [ 26.541182216178107, 37.594202586502796 ], [ 26.541146373677861, 37.594181008646991 ] ] ] ] } },
{ "type": "Feature", "properties": { "datasetID": 583.0, "BIO_CLASS": "Posidonia beds (posidonion oceanicae) (Posidonia oceanica meadows (= association with Posidonia oceanica))", "fieldNotes": "Not reported", "habitat": "Posidonia beds", "AREA_SQKM": 0.00200100524, "vernacular": "Neptune grass", "FAMILY": "Posidoniaceae", "GENUS": "Posidonia", "scientific": "Posidonia oceanica", "habitatID": "EUNIS:A5.535", "nameAccord": "urn:lsid:marinespecies.org:taxname:145794", "eventDate": "2018-01-17", "verif": "Panayotidis Panayotis", "Shape_Leng": 266.308114929, "Shape_Area": 2004.4653669, "Pres_UNEP": 1 }, "geometry": { "type": "MultiPolygon", "coordinates": [ [ [ [ 26.553349123748802, 37.593896708724472 ], [ 26.553345933023149, 37.593803357671149 ], [ 26.553301822892053, 37.593761851347466 ], [ 26.553111301142902, 37.593808438077758 ], [ 26.553119645392048, 37.593740315942718 ], [ 26.553137786051145, 37.593646507364639 ], [ 26.55311384578464, 37.593570591980928 ], [ 26.553070000796154, 37.593548679387517 ], [ 26.553069942711598, 37.593566446211739 ], [ 26.553050643681029, 37.593626312081803 ], [ 26.552893567731655, 37.593714637418195 ], [ 26.552850123467824, 37.593817487579848 ], [ 26.552852675498205, 37.593892166304151 ], [ 26.552905028835358, 37.593925003891535 ], [ 26.552981353609002, 37.593909763547046 ], [ 26.553124541469725, 37.593852311911235 ], [ 26.553018497930658, 37.593997281585494 ], [ 26.552925805290915, 37.594033257897536 ], [ 26.552928126631265, 37.594101148683343 ], [ 26.552990171724549, 37.594167746199261 ], [ 26.553060979853448, 37.594240948898651 ], [ 26.55308419059952, 37.594264225534069 ], [ 26.553127547925005, 37.594283669110709 ], [ 26.553223243472821, 37.594273104560948 ], [ 26.553307693687053, 37.594245800516184 ], [ 26.55328491288283, 37.594203829432971 ], [ 26.553272218167756, 37.594144656855015 ], [ 26.553259810742073, 37.594093968435445 ], [ 26.553321480130585, 37.594024693370045 ], [ 26.553351444864845, 37.593964597696697 ], [ 26.553349123748802, 37.593896708724472 ] ] ] ] } },
{ "type": "Feature", "properties": { "datasetID": 583.0, "BIO_CLASS": "Posidonia beds (posidonion oceanicae) (Posidonia oceanica meadows (= association with Posidonia oceanica))", "fieldNotes": "Not reported", "habitat": "Posidonia beds", "AREA_SQKM": 0.00058293484, "vernacular": "Neptune grass", "FAMILY": "Posidoniaceae", "GENUS": "Posidonia", "scientific": "Posidonia oceanica", "habitatID": "EUNIS:A5.535", "nameAccord": "urn:lsid:marinespecies.org:taxname:145794", "eventDate": "2018-01-17", "verif": "Panayotidis Panayotis", "Shape_Leng": 118.10425272800001, "Shape_Area": 583.94278570200004, "Pres_UNEP": 1 }, "geometry": { "type": "MultiPolygon", "coordinates": [ [ [ [ 26.540641544806668, 37.594409796229932 ], [ 26.540617702929396, 37.594374288050503 ], [ 26.540571970890497, 37.59438831994234 ], [ 26.540492957098635, 37.594415464111705 ], [ 26.540301674897421, 37.594432306095904 ], [ 26.540226790584914, 37.594436570258644 ], [ 26.540187151344252, 37.594469869070203 ], [ 26.540167049419047, 37.594498238524238 ], [ 26.540181463215152, 37.594509103441389 ], [ 26.540244996341976, 37.594518910931086 ], [ 26.540287858517981, 37.594540337762481 ], [ 26.540331096882436, 37.594572928989059 ], [ 26.540403167397901, 37.594627254484564 ], [ 26.540432185108074, 37.594654567415787 ], [ 26.540480732877242, 37.594636758974247 ], [ 26.540486802068965, 37.59460869073942 ], [ 26.540504813487001, 37.594518901213497 ], [ 26.540545777435543, 37.5944844954956 ], [ 26.540663545862738, 37.594437258425444 ], [ 26.540641544806668, 37.594409796229932 ] ] ] ] } },
{ "type": "Feature", "properties": { "datasetID": 583.0, "BIO_CLASS": "Posidonia beds (posidonion oceanicae) (Posidonia oceanica meadows (= association with Posidonia oceanica))", "fieldNotes": "Not reported", "habitat": "Posidonia beds", "AREA_SQKM": 0.00841742286, "vernacular": "Neptune grass", "FAMILY": "Posidoniaceae", "GENUS": "Posidonia", "scientific": "Posidonia oceanica", "habitatID": "EUNIS:A5.535", "nameAccord": "urn:lsid:marinespecies.org:taxname:145794", "eventDate": "2018-01-17", "verif": "Panayotidis Panayotis", "Shape_Leng": 544.88283588700006, "Shape_Area": 8431.9772096399993, "Pres_UNEP": 1 }, "geometry": { "type": "MultiPolygon", "coordinates": [ [ [ [ 26.544417088903543, 37.59409374052607 ], [ 26.544441949240195, 37.59405523062216 ], [ 26.544437733938722, 37.594019540526574 ], [ 26.544367090477134, 37.594007097007321 ], [ 26.544352306762647, 37.594029687216377 ], [ 26.544215488281115, 37.593813729622802 ], [ 26.543961045553967, 37.593344836296339 ], [ 26.543761388314028, 37.593317515595189 ], [ 26.54350431395418, 37.593354684364968 ], [ 26.543306811322601, 37.593390567804164 ], [ 26.54319035390834, 37.593472143023156 ], [ 26.543174801066407, 37.593598979865327 ], [ 26.543261226084446, 37.593802683648491 ], [ 26.543284852014221, 37.593912864273882 ], [ 26.543350345055416, 37.594085390662492 ], [ 26.543412609388142, 37.594163112789971 ], [ 26.543494194287167, 37.594224604290957 ], [ 26.543672379325553, 37.594204948704622 ], [ 26.544145744544043, 37.594099864231559 ], [ 26.544325374327791, 37.59407085525536 ], [ 26.544304939651042, 37.594124432376326 ], [ 26.544301201437474, 37.594134235430062 ], [ 26.544305480932959, 37.594259861558101 ], [ 26.544343180691676, 37.5943358770297 ], [ 26.544415727300564, 37.5944041557308 ], [ 26.544488274027302, 37.594472434455405 ], [ 26.544553000640928, 37.594568819414903 ], [ 26.544539502586183, 37.594687845059127 ], [ 26.544542118057112, 37.594764615118081 ], [ 26.544571046725185, 37.594840819830829 ], [ 26.544617044051822, 37.594902686987126 ], [ 26.544679155415366, 37.594922301122622 ], [ 26.544702477726787, 37.594925491081085 ], [ 26.544737562972195, 37.594884720394624 ], [ 26.544749123020104, 37.59481183548138 ], [ 26.544690704096212, 37.594746044292826 ], [ 26.544644227449169, 37.594618536217006 ], [ 26.544603436914592, 37.594451790321997 ], [ 26.544449423625178, 37.594259550602118 ], [ 26.544417088903543, 37.59409374052607 ] ] ] ] } },
{ "type": "Feature", "properties": { "datasetID": 583.0, "BIO_CLASS": "Posidonia beds (posidonion oceanicae) (Posidonia oceanica meadows (= association with Posidonia oceanica))", "fieldNotes": "Not reported", "habitat": "Posidonia beds", "AREA_SQKM": 0.00074141748, "vernacular": "Neptune grass", "FAMILY": "Posidoniaceae", "GENUS": "Posidonia", "scientific": "Posidonia oceanica", "habitatID": "EUNIS:A5.535", "nameAccord": "urn:lsid:marinespecies.org:taxname:145794", "eventDate": "2018-01-17", "verif": "Panayotidis Panayotis", "Shape_Leng": 118.161400132, "Shape_Area": 742.69950822800001, "Pres_UNEP": 1 }, "geometry": { "type": "MultiPolygon", "coordinates": [ [ [ [ 26.553279760503234, 37.594365300351122 ], [ 26.553194439175485, 37.594367146652573 ], [ 26.553127514886835, 37.594380509811749 ], [ 26.553077403433974, 37.59447158991992 ], [ 26.553059466332996, 37.594696181691212 ], [ 26.55305633227481, 37.59469816050558 ], [ 26.553057020972172, 37.594718315261325 ], [ 26.553101132061759, 37.594759823552067 ], [ 26.553163963981614, 37.594724492873169 ], [ 26.553225343442062, 37.594646731655935 ], [ 26.553307182986746, 37.594543049785933 ], [ 26.553367983357351, 37.594448315910078 ], [ 26.553333955727375, 37.594389604392873 ], [ 26.553279760503234, 37.594365300351122 ] ] ] ] } },
{ "type": "Feature", "properties": { "datasetID": 583.0, "BIO_CLASS": "Posidonia beds (posidonion oceanicae) (Posidonia oceanica meadows (= association with Posidonia oceanica))", "fieldNotes": "Not reported", "habitat": "Posidonia beds", "AREA_SQKM": 0.00053421134, "vernacular": "Neptune grass", "FAMILY": "Posidoniaceae", "GENUS": "Posidonia", "scientific": "Posidonia oceanica", "habitatID": "EUNIS:A5.535", "nameAccord": "urn:lsid:marinespecies.org:taxname:145794", "eventDate": "2018-01-17", "verif": "Panayotidis Panayotis", "Shape_Leng": 94.914445545600003, "Shape_Area": 535.13498082399997, "Pres_UNEP": 1 }, "geometry": { "type": "MultiPolygon", "coordinates": [ [ [ [ 26.552933389567098, 37.594848379960915 ], [ 26.552830114658956, 37.59484097000233 ], [ 26.552792007778773, 37.594865025867051 ], [ 26.552726070214728, 37.594934394866563 ], [ 26.552730247406146, 37.595056596556432 ], [ 26.552816265037514, 37.595075117940141 ], [ 26.552809357964552, 37.59512282513159 ], [ 26.552848064590389, 37.595131114968417 ], [ 26.552877520787241, 37.595087379545838 ], [ 26.552940062869549, 37.595043562860056 ], [ 26.553011818507365, 37.594957085888716 ], [ 26.552976921497009, 37.59487291462937 ], [ 26.552933389567098, 37.594848379960915 ] ] ] ] } },
{ "type": "Feature", "properties": { "datasetID": 583.0, "BIO_CLASS": "Posidonia beds (posidonion oceanicae) (Posidonia oceanica meadows (= association with Posidonia oceanica))", "fieldNotes": "Not reported", "habitat": "Posidonia beds", "AREA_SQKM": 0.00062000004, "vernacular": "Neptune grass", "FAMILY": "Posidoniaceae", "GENUS": "Posidonia", "scientific": "Posidonia oceanica", "habitatID": "EUNIS:A5.535", "nameAccord": "urn:lsid:marinespecies.org:taxname:145794", "eventDate": "2018-01-17", "verif": "Panayotidis Panayotis", "Shape_Leng": 116.699691294, "Shape_Area": 621.07195347699997, "Pres_UNEP": 1 }, "geometry": { "type": "MultiPolygon", "coordinates": [ [ [ [ 26.544071849792825, 37.595389383672568 ], [ 26.54413253642274, 37.595367121934125 ], [ 26.544183228879849, 37.595371773047077 ], [ 26.544202327077169, 37.595354441578337 ], [ 26.5442639638588, 37.595360096235936 ], [ 26.544341953020783, 37.595330476644527 ], [ 26.544348822996373, 37.595274453941251 ], [ 26.544445546617002, 37.595279352404503 ], [ 26.544452175692935, 37.595216349959543 ], [ 26.544464243769696, 37.595202325959733 ], [ 26.544415330745839, 37.595165461617249 ], [ 26.544352506106506, 37.595124909081655 ], [ 26.544308413627125, 37.595118874568264 ], [ 26.544213592352577, 37.595169812369193 ], [ 26.544154333986622, 37.595233949087138 ], [ 26.544051695027353, 37.595312989700908 ], [ 26.544018035551588, 37.595355622687258 ], [ 26.544010452506669, 37.59539070789274 ], [ 26.544071849792825, 37.595389383672568 ] ] ] ] } },
{ "type": "Feature", "properties": { "datasetID": 583.0, "BIO_CLASS": "Posidonia beds (posidonion oceanicae) (Posidonia oceanica meadows (= association with Posidonia oceanica))", "fieldNotes": "Not reported", "habitat": "Posidonia beds", "AREA_SQKM": 0.00037422661, "vernacular": "Neptune grass", "FAMILY": "Posidoniaceae", "GENUS": "Posidonia", "scientific": "Posidonia oceanica", "habitatID": "EUNIS:A5.535", "nameAccord": "urn:lsid:marinespecies.org:taxname:145794", "eventDate": "2018-01-17", "verif": "Panayotidis Panayotis", "Shape_Leng": 80.524480884900001, "Shape_Area": 374.87358568799999, "Pres_UNEP": 1 }, "geometry": { "type": "MultiPolygon", "coordinates": [ [ [ [ 26.543758181288943, 37.595645172992903 ], [ 26.543798634483277, 37.595614584265441 ], [ 26.543895118102299, 37.59561250561724 ], [ 26.543929254126841, 37.595583829462797 ], [ 26.543933440181625, 37.595581309113399 ], [ 26.543937454242357, 37.595566891973348 ], [ 26.543953570461085, 37.595524637921415 ], [ 26.543916345641446, 37.595462580639435 ], [ 26.543914444040414, 37.595406746946928 ], [ 26.543809426632773, 37.595415996170836 ], [ 26.543749929508159, 37.59547315320328 ], [ 26.543734525363309, 37.595536346544897 ], [ 26.543718884799915, 37.595592559253916 ], [ 26.543729319592291, 37.595641224179282 ], [ 26.543758181288943, 37.595645172992903 ] ] ] ] } },
{ "type": "Feature", "properties": { "datasetID": 583.0, "BIO_CLASS": "Posidonia beds (posidonion oceanicae) (Posidonia oceanica meadows (= association with Posidonia oceanica))", "fieldNotes": "Not reported", "habitat": "Posidonia beds", "AREA_SQKM": 0.0009122213, "vernacular": "Neptune grass", "FAMILY": "Posidoniaceae", "GENUS": "Posidonia", "scientific": "Posidonia oceanica", "habitatID": "EUNIS:A5.535", "nameAccord": "urn:lsid:marinespecies.org:taxname:145794", "eventDate": "2018-01-17", "verif": "Panayotidis Panayotis", "Shape_Leng": 122.937470844, "Shape_Area": 913.79833792, "Pres_UNEP": 1 }, "geometry": { "type": "MultiPolygon", "coordinates": [ [ [ [ 26.543567656827907, 37.595791382511003 ], [ 26.543584961405866, 37.595784022871101 ], [ 26.543586151033686, 37.595818918220495 ], [ 26.543608262715487, 37.595835586293134 ], [ 26.543629863524721, 37.595813787408474 ], [ 26.543625156980337, 37.595675598295479 ], [ 26.543545360864858, 37.59565217484937 ], [ 26.543482772340269, 37.595618601984221 ], [ 26.543375853110135, 37.59557201659554 ], [ 26.543288139344362, 37.59557390796185 ], [ 26.54324571016495, 37.595616730052654 ], [ 26.543211811896988, 37.595652383332862 ], [ 26.543205656484616, 37.595729342813804 ], [ 26.543216565472843, 37.595791965558021 ], [ 26.543279867532316, 37.59584647866938 ], [ 26.543411911780677, 37.595857597197416 ], [ 26.543473548440751, 37.595863255402953 ], [ 26.543567656827907, 37.595791382511003 ] ] ] ] } },
{ "type": "Feature", "properties": { "datasetID": 583.0, "BIO_CLASS": "Posidonia beds (posidonion oceanicae) (Posidonia oceanica meadows (= association with Posidonia oceanica))", "fieldNotes": "Not reported", "habitat": "Posidonia beds", "AREA_SQKM": 0.0017726475, "vernacular": "Neptune grass", "FAMILY": "Posidoniaceae", "GENUS": "Posidonia", "scientific": "Posidonia oceanica", "habitatID": "EUNIS:A5.535", "nameAccord": "urn:lsid:marinespecies.org:taxname:145794", "eventDate": "2018-01-17", "verif": "Panayotidis Panayotis", "Shape_Leng": 204.586796228, "Shape_Area": 1775.71210677, "Pres_UNEP": 1 }, "geometry": { "type": "MultiPolygon", "coordinates": [ [ [ [ 26.554281706359976, 37.595575028108449 ], [ 26.554161485021272, 37.595492704665475 ], [ 26.554158874844678, 37.595416329205428 ], [ 26.554156841055917, 37.595356923930737 ], [ 26.554102354001056, 37.595324134693236 ], [ 26.554038363761244, 37.59532551986775 ], [ 26.553975534247837, 37.595360850653798 ], [ 26.553934903066878, 37.595421177318492 ], [ 26.553875934736894, 37.595448941777903 ], [ 26.553905519089305, 37.59549824536824 ], [ 26.553930331627264, 37.595599619404936 ], [ 26.55400353720966, 37.5955555729211 ], [ 26.554059186569891, 37.595622308736552 ], [ 26.554062958610785, 37.595732629067719 ], [ 26.554086901899129, 37.595808543512625 ], [ 26.554130433834001, 37.595833080066718 ], [ 26.554226423810341, 37.595831000532833 ], [ 26.554290704255468, 37.595838100453534 ], [ 26.554376027555435, 37.595836253254966 ], [ 26.554395152991081, 37.595849349724965 ], [ 26.554429644793167, 37.595843585511226 ], [ 26.55455414508214, 37.595738978091291 ], [ 26.5545846893537, 37.5956958547334 ], [ 26.554582657726705, 37.595636450258354 ], [ 26.554485216827214, 37.595596098158936 ], [ 26.554410270420213, 37.595589227931768 ], [ 26.554281706359976, 37.595575028108449 ] ] ] ] } },
{ "type": "Feature", "properties": { "datasetID": 583.0, "BIO_CLASS": "Posidonia beds (posidonion oceanicae) (Posidonia oceanica meadows (= association with Posidonia oceanica))", "fieldNotes": "Not reported", "habitat": "Posidonia beds", "AREA_SQKM": 0.00139474963, "vernacular": "Neptune grass", "FAMILY": "Posidoniaceae", "GENUS": "Posidonia", "scientific": "Posidonia oceanica", "habitatID": "EUNIS:A5.535", "nameAccord": "urn:lsid:marinespecies.org:taxname:145794", "eventDate": "2018-01-17", "verif": "Panayotidis Panayotis", "Shape_Leng": 163.16531860500001, "Shape_Area": 1397.16060883, "Pres_UNEP": 1 }, "geometry": { "type": "MultiPolygon", "coordinates": [ [ [ [ 26.543416665643871, 37.59599718398411 ], [ 26.543354553770676, 37.595977569742246 ], [ 26.543240048876942, 37.595966070459937 ], [ 26.54318813460289, 37.595988142333525 ], [ 26.543091650673176, 37.595990220985684 ], [ 26.543031439528757, 37.596026442362628 ], [ 26.54304163590561, 37.596068128491808 ], [ 26.543079097921559, 37.596137164868288 ], [ 26.54311560856474, 37.596178283874146 ], [ 26.543161607618252, 37.596240152331291 ], [ 26.54316350652703, 37.596295984491711 ], [ 26.54311230528139, 37.596338994904123 ], [ 26.543070111659599, 37.596388794307153 ], [ 26.54309832524682, 37.596444061128899 ], [ 26.543159726731098, 37.596442737785082 ], [ 26.543246965555849, 37.596426888579558 ], [ 26.543342737599247, 37.596403870528306 ], [ 26.543411008894473, 37.596346523295068 ], [ 26.5434366987629, 37.596327636062171 ], [ 26.543435517645275, 37.596292913770846 ], [ 26.543417710886544, 37.596027892030257 ], [ 26.543431539724025, 37.596013935995209 ], [ 26.543416665643871, 37.59599718398411 ] ] ] ] } },
{ "type": "Feature", "properties": { "datasetID": 583.0, "BIO_CLASS": "Posidonia beds (posidonion oceanicae) (Posidonia oceanica meadows (= association with Posidonia oceanica))", "fieldNotes": "Not reported", "habitat": "Posidonia beds", "AREA_SQKM": 0.00025263466, "vernacular": "Neptune grass", "FAMILY": "Posidoniaceae", "GENUS": "Posidonia", "scientific": "Posidonia oceanica", "habitatID": "EUNIS:A5.535", "nameAccord": "urn:lsid:marinespecies.org:taxname:145794", "eventDate": "2018-01-17", "verif": "Panayotidis Panayotis", "Shape_Leng": 67.653209336399996, "Shape_Area": 253.07137629499999, "Pres_UNEP": 1 }, "geometry": { "type": "MultiPolygon", "coordinates": [ [ [ [ 26.565148930843183, 37.596318182711855 ], [ 26.565131799863664, 37.596305277910062 ], [ 26.565077717579975, 37.596309771798737 ], [ 26.565053046965339, 37.596320268434688 ], [ 26.565015755183083, 37.596327718201998 ], [ 26.564957960768258, 37.596345572732588 ], [ 26.564929120592943, 37.596356159477907 ], [ 26.564896793713302, 37.596386737718923 ], [ 26.564868980678028, 37.596427176553227 ], [ 26.564877888943585, 37.596443580538335 ], [ 26.564907297750182, 37.596449580639153 ], [ 26.564936707515944, 37.596455579856787 ], [ 26.564938860485935, 37.596458265414441 ], [ 26.565034028289009, 37.59644506289527 ], [ 26.565036418837817, 37.59644345244417 ], [ 26.565073140102776, 37.596419417589615 ], [ 26.565110204726185, 37.59640533431638 ], [ 26.565137334404323, 37.596344992334281 ], [ 26.565148930843183, 37.596318182711855 ] ] ] ] } },
{ "type": "Feature", "properties": { "datasetID": 583.0, "BIO_CLASS": "Posidonia beds (posidonion oceanicae) (Posidonia oceanica meadows (= association with Posidonia oceanica))", "fieldNotes": "Not reported", "habitat": "Posidonia beds", "AREA_SQKM": 0.0013783948, "vernacular": "Neptune grass", "FAMILY": "Posidoniaceae", "GENUS": "Posidonia", "scientific": "Posidonia oceanica", "habitatID": "EUNIS:A5.535", "nameAccord": "urn:lsid:marinespecies.org:taxname:145794", "eventDate": "2018-01-17", "verif": "Panayotidis Panayotis", "Shape_Leng": 156.506955887, "Shape_Area": 1380.77743889, "Pres_UNEP": 1 }, "geometry": { "type": "MultiPolygon", "coordinates": [ [ [ [ 26.543152620169373, 37.596491780134095 ], [ 26.54309003169476, 37.596458209776991 ], [ 26.5430298188931, 37.596494429472642 ], [ 26.543031721702292, 37.596550263471485 ], [ 26.543034097598728, 37.596620054446184 ], [ 26.542992618663604, 37.596690794225893 ], [ 26.543003526923641, 37.596753417273845 ], [ 26.543049047162881, 37.596801327169793 ], [ 26.543051424751599, 37.596871119999705 ], [ 26.543009706906194, 37.596934878285552 ], [ 26.543028675282521, 37.596976374672749 ], [ 26.543072769621034, 37.596982409242678 ], [ 26.543263365500067, 37.59690845728317 ], [ 26.543338175896029, 37.596856055226922 ], [ 26.543373249082109, 37.596681188045444 ], [ 26.54334858622147, 37.59657555984775 ], [ 26.543349088918514, 37.596574442337065 ], [ 26.543276607540335, 37.59652403068614 ], [ 26.543214732549401, 37.596511395310245 ], [ 26.543152620169373, 37.596491780134095 ] ] ] ] } },
{ "type": "Feature", "properties": { "datasetID": 583.0, "BIO_CLASS": "Posidonia beds (posidonion oceanicae) (Posidonia oceanica meadows (= association with Posidonia oceanica))", "fieldNotes": "Not reported", "habitat": "Posidonia beds", "AREA_SQKM": 0.00115408532, "vernacular": "Neptune grass", "FAMILY": "Posidoniaceae", "GENUS": "Posidonia", "scientific": "Posidonia oceanica", "habitatID": "EUNIS:A5.535", "nameAccord": "urn:lsid:marinespecies.org:taxname:145794", "eventDate": "2018-01-17", "verif": "Panayotidis Panayotis", "Shape_Leng": 176.719694506, "Shape_Area": 1156.0802640700001, "Pres_UNEP": 1 }, "geometry": { "type": "MultiPolygon", "coordinates": [ [ [ [ 26.563697647779087, 37.596820636700961 ], [ 26.563742611440624, 37.596793577009507 ], [ 26.563795100425295, 37.596742642324998 ], [ 26.563889503229891, 37.596697436555587 ], [ 26.563916522303682, 37.596633778171224 ], [ 26.563994591830294, 37.596598887095354 ], [ 26.564093731576431, 37.596570173695063 ], [ 26.564167519917763, 37.596532054659463 ], [ 26.564232739878086, 37.596487483224564 ], [ 26.564231943068734, 37.596464262866107 ], [ 26.564201166113545, 37.596418458210351 ], [ 26.564171414257487, 37.5964025074151 ], [ 26.5641380636694, 37.596403233575593 ], [ 26.564060108118554, 37.596441442693866 ], [ 26.563874902173705, 37.596515179811163 ], [ 26.563742749449133, 37.596554566533364 ], [ 26.563663768738724, 37.596562921802281 ], [ 26.563584901864392, 37.596574595150692 ], [ 26.563536127757896, 37.596612170898574 ], [ 26.563545489324135, 37.596641843685916 ], [ 26.563563077320701, 37.596668018181703 ], [ 26.563577178250856, 37.596714183325687 ], [ 26.563578772467444, 37.596760622337079 ], [ 26.563567747256862, 37.596804017133039 ], [ 26.563583326684277, 37.596809395325067 ], [ 26.563584536066386, 37.596806970368227 ], [ 26.563697437469308, 37.596814476691875 ], [ 26.563697647779087, 37.596820636700961 ] ] ] ] } },
{ "type": "Feature", "properties": { "datasetID": 583.0, "BIO_CLASS": "Posidonia beds (posidonion oceanicae) (Posidonia oceanica meadows (= association with Posidonia oceanica))", "fieldNotes": "Not reported", "habitat": "Posidonia beds", "AREA_SQKM": 0.00300143539, "vernacular": "Neptune grass", "FAMILY": "Posidoniaceae", "GENUS": "Posidonia", "scientific": "Posidonia oceanica", "habitatID": "EUNIS:A5.535", "nameAccord": "urn:lsid:marinespecies.org:taxname:145794", "eventDate": "2018-01-17", "verif": "Panayotidis Panayotis", "Shape_Leng": 271.72175123400001, "Shape_Area": 3006.62362803, "Pres_UNEP": 1 }, "geometry": { "type": "MultiPolygon", "coordinates": [ [ [ [ 26.558017486595354, 37.596808773409727 ], [ 26.558014739778997, 37.596728530764295 ], [ 26.558068628059168, 37.596664903289231 ], [ 26.558086460766589, 37.596681579383706 ], [ 26.558089512786051, 37.596619838882859 ], [ 26.558121906716874, 37.59658344601641 ], [ 26.558041025283924, 37.596513819368397 ], [ 26.557816917202331, 37.596518679876027 ], [ 26.557762721596205, 37.596573389303821 ], [ 26.557684283901615, 37.59657509074701 ], [ 26.557504385743638, 37.596561146157917 ], [ 26.557391110357305, 37.596527911483889 ], [ 26.557300856597227, 37.596512024285197 ], [ 26.55721273894704, 37.596558547173004 ], [ 26.557192160632443, 37.596612527800325 ], [ 26.557195518037833, 37.59671060287701 ], [ 26.557164956894489, 37.596800490570686 ], [ 26.557089263734849, 37.596882432924268 ], [ 26.557112228494056, 37.596916617322606 ], [ 26.557190419029094, 37.596889163617625 ], [ 26.557255514597539, 37.596825295803775 ], [ 26.557423291144136, 37.596812734614815 ], [ 26.557605327694858, 37.596889091177772 ], [ 26.557744068532994, 37.59701099901374 ], [ 26.557867023629317, 37.596999409563558 ], [ 26.557908181384146, 37.596891446346064 ], [ 26.558017486595354, 37.596808773409727 ] ] ] ] } },
{ "type": "Feature", "properties": { "datasetID": 583.0, "BIO_CLASS": "Posidonia beds (posidonion oceanicae) (Posidonia oceanica meadows (= association with Posidonia oceanica))", "fieldNotes": "Not reported", "habitat": "Posidonia beds", "AREA_SQKM": 0.00135566429, "vernacular": "Neptune grass", "FAMILY": "Posidoniaceae", "GENUS": "Posidonia", "scientific": "Posidonia oceanica", "habitatID": "EUNIS:A5.535", "nameAccord": "urn:lsid:marinespecies.org:taxname:145794", "eventDate": "2018-01-17", "verif": "Panayotidis Panayotis", "Shape_Leng": 183.087983576, "Shape_Area": 1358.0075394400001, "Pres_UNEP": 1 }, "geometry": { "type": "MultiPolygon", "coordinates": [ [ [ [ 26.546872057431425, 37.59675859934481 ], [ 26.546790439877235, 37.596709475656297 ], [ 26.546764989673676, 37.596900848477674 ], [ 26.546815954685385, 37.596988798057097 ], [ 26.546802579045686, 37.597065415293933 ], [ 26.546822892129622, 37.597192193479934 ], [ 26.546761586654604, 37.597269845269409 ], [ 26.546937762412607, 37.597278763300935 ], [ 26.547019812799316, 37.597340597648483 ], [ 26.547148062380025, 37.597350551041096 ], [ 26.547189759596922, 37.597279431159286 ], [ 26.547133566204881, 37.597194086628171 ], [ 26.547132751630755, 37.597170213346736 ], [ 26.547075917019399, 37.597110398527633 ], [ 26.547008539791854, 37.597010082926467 ], [ 26.546971818315814, 37.596870938897823 ], [ 26.546872057431425, 37.59675859934481 ] ] ] ] } },
{ "type": "Feature", "properties": { "datasetID": 583.0, "BIO_CLASS": "Posidonia beds (posidonion oceanicae) (Posidonia oceanica meadows (= association with Posidonia oceanica))", "fieldNotes": "Not reported", "habitat": "Posidonia beds", "AREA_SQKM": 0.00085913271, "vernacular": "Neptune grass", "FAMILY": "Posidoniaceae", "GENUS": "Posidonia", "scientific": "Posidonia oceanica", "habitatID": "EUNIS:A5.535", "nameAccord": "urn:lsid:marinespecies.org:taxname:145794", "eventDate": "2018-01-17", "verif": "Panayotidis Panayotis", "Shape_Leng": 170.57383974499999, "Shape_Area": 860.61775768899997, "Pres_UNEP": 1 }, "geometry": { "type": "MultiPolygon", "coordinates": [ [ [ [ 26.556938492725347, 37.597064153776692 ], [ 26.556945449140834, 37.596987881953467 ], [ 26.556868208026607, 37.596976453285308 ], [ 26.556754930970076, 37.596943217658286 ], [ 26.556719483636044, 37.596890450744972 ], [ 26.55668464481321, 37.596855514570144 ], [ 26.556628925786089, 37.59686564462033 ], [ 26.55660895402152, 37.596937458713327 ], [ 26.556632892176427, 37.596981554091677 ], [ 26.556702566867138, 37.59705142295828 ], [ 26.556612311390449, 37.597035534834198 ], [ 26.556564437967459, 37.596947346713506 ], [ 26.556528686100179, 37.596885662668122 ], [ 26.556505051885512, 37.596850486206918 ], [ 26.556460536804863, 37.596860373319359 ], [ 26.556473877031205, 37.596922542348544 ], [ 26.55650117279297, 37.597064710325249 ], [ 26.556569932472733, 37.597107833097454 ], [ 26.556616280391079, 37.59715143998784 ], [ 26.556623294843558, 37.597180091633518 ], [ 26.556751358275047, 37.597166359020044 ], [ 26.556938492725347, 37.597064153776692 ] ] ] ] } },
{ "type": "Feature", "properties": { "datasetID": 583.0, "BIO_CLASS": "Posidonia beds (posidonion oceanicae) (Posidonia oceanica meadows (= association with Posidonia oceanica))", "fieldNotes": "Not reported", "habitat": "Posidonia beds", "AREA_SQKM": 0.00093567976, "vernacular": "Neptune grass", "FAMILY": "Posidoniaceae", "GENUS": "Posidonia", "scientific": "Posidonia oceanica", "habitatID": "EUNIS:A5.535", "nameAccord": "urn:lsid:marinespecies.org:taxname:145794", "eventDate": "2018-01-17", "verif": "Panayotidis Panayotis", "Shape_Leng": 184.615243338, "Shape_Area": 937.29728327500004, "Pres_UNEP": 1 }, "geometry": { "type": "MultiPolygon", "coordinates": [ [ [ [ 26.556273093853381, 37.59695366044015 ], [ 26.556157072311784, 37.596840181242904 ], [ 26.556110113719154, 37.596778741935033 ], [ 26.556084652091407, 37.596690067170691 ], [ 26.555925944395966, 37.596639971750456 ], [ 26.555907368638831, 37.596643348135643 ], [ 26.555938065822719, 37.596666476640621 ], [ 26.555923587899173, 37.596898775992713 ], [ 26.556034117958749, 37.596851768916999 ], [ 26.556102571542283, 37.596885974511842 ], [ 26.556178043649101, 37.597125248643728 ], [ 26.556361301227653, 37.597237270376638 ], [ 26.556438518765951, 37.597199906528729 ], [ 26.556454426768742, 37.597198200663179 ], [ 26.556425787057094, 37.597155569047366 ], [ 26.556413054416439, 37.597111232459383 ], [ 26.556355806842571, 37.597076783887893 ], [ 26.556298559113788, 37.597042334439031 ], [ 26.556273093853381, 37.59695366044015 ] ] ] ] } },
{ "type": "Feature", "properties": { "datasetID": 583.0, "BIO_CLASS": "Posidonia beds (posidonion oceanicae) (Posidonia oceanica meadows (= association with Posidonia oceanica))", "fieldNotes": "Not reported", "habitat": "Posidonia beds", "AREA_SQKM": 0.00358117414, "vernacular": "Neptune grass", "FAMILY": "Posidoniaceae", "GENUS": "Posidonia", "scientific": "Posidonia oceanica", "habitatID": "EUNIS:A5.535", "nameAccord": "urn:lsid:marinespecies.org:taxname:145794", "eventDate": "2018-01-17", "verif": "Panayotidis Panayotis", "Shape_Leng": 349.35814959300001, "Shape_Area": 3587.36411348, "Pres_UNEP": 1 }, "geometry": { "type": "MultiPolygon", "coordinates": [ [ [ [ 26.545365040444057, 37.597533621293962 ], [ 26.545408895993802, 37.597532674276366 ], [ 26.545488078965715, 37.597537950895742 ], [ 26.545531935865792, 37.597537004761556 ], [ 26.545538566891526, 37.597474001598997 ], [ 26.545571747886662, 37.597417412023162 ], [ 26.545708286841858, 37.597302714336593 ], [ 26.545786279749585, 37.597273093571509 ], [ 26.545925908236736, 37.597249127522296 ], [ 26.545942738177679, 37.59722781082435 ], [ 26.545941786039855, 37.597199894169236 ], [ 26.545940596502003, 37.597164998576723 ], [ 26.545984453066936, 37.597164051560874 ], [ 26.546009815894852, 37.597135565115181 ], [ 26.546017158686816, 37.597093502428834 ], [ 26.545998189214618, 37.597052006017122 ], [ 26.546064554508739, 37.596938822705525 ], [ 26.546121669886233, 37.596811871533404 ], [ 26.546207957955097, 37.596768102170444 ], [ 26.546329178526303, 37.596719167528796 ], [ 26.546327426521501, 37.596667742571945 ], [ 26.546245629126734, 37.59658569694853 ], [ 26.546157913915295, 37.596587590091303 ], [ 26.546004310191574, 37.596716623313149 ], [ 26.545916836677261, 37.596725494499402 ], [ 26.545753984148245, 37.596840760767279 ], [ 26.545730047838237, 37.596911120759813 ], [ 26.545636893080722, 37.597010913332561 ], [ 26.54555890100885, 37.597040532291636 ], [ 26.545404583774186, 37.597148626335127 ], [ 26.545278006955449, 37.597298030492425 ], [ 26.545270921953104, 37.597308210919579 ], [ 26.545305273599674, 37.597325380894908 ], [ 26.545307415215234, 37.597388194076771 ], [ 26.545241285167194, 37.597508354831298 ], [ 26.545207388416888, 37.597544007568359 ], [ 26.545225884420823, 37.597571547054947 ], [ 26.545278513021561, 37.597570410986947 ], [ 26.545365040444057, 37.597533621293962 ] ] ] ] } },
{ "type": "Feature", "properties": { "datasetID": 583.0, "BIO_CLASS": "Posidonia beds (posidonion oceanicae) (Posidonia oceanica meadows (= association with Posidonia oceanica))", "fieldNotes": "Not reported", "habitat": "Posidonia beds", "AREA_SQKM": 0.00284795444, "vernacular": "Neptune grass", "FAMILY": "Posidoniaceae", "GENUS": "Posidonia", "scientific": "Posidonia oceanica", "habitatID": "EUNIS:A5.535", "nameAccord": "urn:lsid:marinespecies.org:taxname:145794", "eventDate": "2018-01-17", "verif": "Panayotidis Panayotis", "Shape_Leng": 317.12198410399998, "Shape_Area": 2852.8771618000001, "Pres_UNEP": 1 }, "geometry": { "type": "MultiPolygon", "coordinates": [ [ [ [ 26.559478269824663, 37.597223213545227 ], [ 26.55956394167865, 37.597105361313851 ], [ 26.559589051589498, 37.597114677756053 ], [ 26.559586047078238, 37.597095958297864 ], [ 26.559394027277943, 37.59705551137661 ], [ 26.559302549273632, 37.597003962655243 ], [ 26.559211988107606, 37.59697916005004 ], [ 26.559077216506303, 37.596973159933228 ], [ 26.558951207484135, 37.596895592184012 ], [ 26.558902413340732, 37.596780657162583 ], [ 26.558878170263284, 37.596727647355301 ], [ 26.558753687486472, 37.59669465824085 ], [ 26.558664655873446, 37.596714434217503 ], [ 26.558542616710408, 37.596752770606642 ], [ 26.558456638273366, 37.596861707265276 ], [ 26.558448488378122, 37.596951109152293 ], [ 26.558457975128988, 37.597019218256207 ], [ 26.558594463689204, 37.596956865447446 ], [ 26.558674125521115, 37.596990828122827 ], [ 26.558683192227207, 37.596928174080531 ], [ 26.558759796098855, 37.596872976913026 ], [ 26.558839763251754, 37.596915854055737 ], [ 26.558844650620436, 37.597058508786503 ], [ 26.558813784347098, 37.597139482145749 ], [ 26.558806549679687, 37.597255632064915 ], [ 26.558909232908238, 37.597306937913736 ], [ 26.559063666006061, 37.597232208431848 ], [ 26.559267809345268, 37.597299159480535 ], [ 26.559322615313242, 37.597262279730032 ], [ 26.559478269824663, 37.597223213545227 ] ] ] ] } },
{ "type": "Feature", "properties": { "datasetID": 583.0, "BIO_CLASS": "Posidonia beds (posidonion oceanicae) (Posidonia oceanica meadows (= association with Posidonia oceanica))", "fieldNotes": "Not reported", "habitat": "Posidonia beds", "AREA_SQKM": 0.00100144991, "vernacular": "Neptune grass", "FAMILY": "Posidoniaceae", "GENUS": "Posidonia", "scientific": "Posidonia oceanica", "habitatID": "EUNIS:A5.535", "nameAccord": "urn:lsid:marinespecies.org:taxname:145794", "eventDate": "2018-01-17", "verif": "Panayotidis Panayotis", "Shape_Leng": 123.325937336, "Shape_Area": 1003.18089642, "Pres_UNEP": 1 }, "geometry": { "type": "MultiPolygon", "coordinates": [ [ [ [ 26.560122992849269, 37.597057537918097 ], [ 26.560033351101954, 37.597059483186555 ], [ 26.559945541495384, 37.597114923343781 ], [ 26.559959190884371, 37.597186009596889 ], [ 26.55993878210159, 37.597252658503692 ], [ 26.560055560665582, 37.597380212444449 ], [ 26.56022639394892, 37.597456807747136 ], [ 26.560227318748922, 37.597460857305862 ], [ 26.560270603006948, 37.597438004332503 ], [ 26.560267851976107, 37.597357761432328 ], [ 26.560276918656463, 37.597295106390668 ], [ 26.560285679284299, 37.597223534222586 ], [ 26.560258987069943, 37.597099198645125 ], [ 26.560122992849269, 37.597057537918097 ] ] ] ] } },
{ "type": "Feature", "properties": { "datasetID": 583.0, "BIO_CLASS": "Posidonia beds (posidonion oceanicae) (Posidonia oceanica meadows (= association with Posidonia oceanica))", "fieldNotes": "Not reported", "habitat": "Posidonia beds", "AREA_SQKM": 0.00537464826, "vernacular": "Neptune grass", "FAMILY": "Posidoniaceae", "GENUS": "Posidonia", "scientific": "Posidonia oceanica", "habitatID": "EUNIS:A5.535", "nameAccord": "urn:lsid:marinespecies.org:taxname:145794", "eventDate": "2018-01-17", "verif": "Panayotidis Panayotis", "Shape_Leng": 439.3739052, "Shape_Area": 5383.9379534099999, "Pres_UNEP": 1 }, "geometry": { "type": "MultiPolygon", "coordinates": [ [ [ [ 26.546959075065676, 37.59742936899579 ], [ 26.546887237019817, 37.597382030515142 ], [ 26.546692120929716, 37.597323383501553 ], [ 26.546638542630145, 37.597296603782823 ], [ 26.546584247007956, 37.597248885467266 ], [ 26.546538723104039, 37.597200977229967 ], [ 26.546492484636389, 37.597132132182978 ], [ 26.54646402948751, 37.597069887114834 ], [ 26.546514516520372, 37.597005936202279 ], [ 26.546581593456896, 37.596913694129995 ], [ 26.54658774778559, 37.596836731538978 ], [ 26.546526068826783, 37.596790247455971 ], [ 26.546437205492722, 37.596798076223308 ], [ 26.546333851164878, 37.596856182435438 ], [ 26.546332963313162, 37.596830127174961 ], [ 26.546295067304662, 37.596851432345865 ], [ 26.546205557116604, 37.596903651535214 ], [ 26.54606466955946, 37.597096666803296 ], [ 26.546026183228324, 37.597203659264473 ], [ 26.545870115925659, 37.597363478880624 ], [ 26.545796355111666, 37.597465644524718 ], [ 26.545797497469557, 37.597499143496144 ], [ 26.545883797740288, 37.597558745530222 ], [ 26.545940695660736, 37.597579867029616 ], [ 26.546003470621091, 37.597567336712359 ], [ 26.546129399219488, 37.597553443291055 ], [ 26.546213224275238, 37.59754045890169 ], [ 26.546267267706991, 37.597477830304605 ], [ 26.546342172909, 37.59740916361045 ], [ 26.546499979381629, 37.597506331817286 ], [ 26.546656834948351, 37.597575583363671 ], [ 26.546798702054719, 37.597617220347502 ], [ 26.546912690879793, 37.597665045644554 ], [ 26.54699880180814, 37.597719061026261 ], [ 26.547049256169856, 37.597757083114544 ], [ 26.547148449832203, 37.597782879656769 ], [ 26.547170453307778, 37.597810340552776 ], [ 26.547178804568119, 37.597849273457761 ], [ 26.54721427061785, 37.597859682717278 ], [ 26.547262441124222, 37.597830704110393 ], [ 26.547282347282515, 37.597796751008602 ], [ 26.547330324977544, 37.59776218924106 ], [ 26.547384940403482, 37.597716310078667 ], [ 26.547328230505432, 37.597700772616108 ], [ 26.547248095186109, 37.597667581038216 ], [ 26.547183124222659, 37.5975642173834 ], [ 26.547103229066202, 37.597538005666017 ], [ 26.547005789438234, 37.597512173819197 ], [ 26.546942008786218, 37.59744370588087 ], [ 26.546959075065676, 37.59742936899579 ] ] ] ] } },
{ "type": "Feature", "properties": { "datasetID": 583.0, "BIO_CLASS": "Posidonia beds (posidonion oceanicae) (Posidonia oceanica meadows (= association with Posidonia oceanica))", "fieldNotes": "Not reported", "habitat": "Posidonia beds", "AREA_SQKM": 0.00260585542, "vernacular": "Neptune grass", "FAMILY": "Posidoniaceae", "GENUS": "Posidonia", "scientific": "Posidonia oceanica", "habitatID": "EUNIS:A5.535", "nameAccord": "urn:lsid:marinespecies.org:taxname:145794", "eventDate": "2018-01-17", "verif": "Panayotidis Panayotis", "Shape_Leng": 270.114410513, "Shape_Area": 2610.35707194, "Pres_UNEP": 1 }, "geometry": { "type": "MultiPolygon", "coordinates": [ [ [ [ 26.556218581692942, 37.601313251307381 ], [ 26.556079536648976, 37.601098004004861 ], [ 26.555944673189327, 37.601004891619191 ], [ 26.555637658394911, 37.601011544711255 ], [ 26.555508172605904, 37.601075463346049 ], [ 26.555419536381066, 37.601058521853666 ], [ 26.555398820708174, 37.601086562732199 ], [ 26.55527731320181, 37.60106300348221 ], [ 26.555080841669849, 37.601093450818773 ], [ 26.5550832293859, 37.601163243393252 ], [ 26.555161773024675, 37.601213923902904 ], [ 26.555207425499336, 37.601265318235846 ], [ 26.55524181216083, 37.601308224598498 ], [ 26.555514740909391, 37.601267389875581 ], [ 26.555734934589591, 37.601288810368949 ], [ 26.555866213290454, 37.601277234803455 ], [ 26.555987425991265, 37.601292070220524 ], [ 26.556111322912617, 37.60138541950014 ], [ 26.556233131544438, 37.601417700885065 ], [ 26.556391345024132, 37.601380883091586 ], [ 26.556218581692942, 37.601313251307381 ] ] ] ] } },
{ "type": "Feature", "properties": { "datasetID": 583.0, "BIO_CLASS": "Posidonia beds (posidonion oceanicae) (Posidonia oceanica meadows (= association with Posidonia oceanica))", "fieldNotes": "Not reported", "habitat": "Posidonia beds", "AREA_SQKM": 0.00264820927, "vernacular": "Neptune grass", "FAMILY": "Posidoniaceae", "GENUS": "Posidonia", "scientific": "Posidonia oceanica", "habitatID": "EUNIS:A5.535", "nameAccord": "urn:lsid:marinespecies.org:taxname:145794", "eventDate": "2018-01-17", "verif": "Panayotidis Panayotis", "Shape_Leng": 277.91023277800002, "Shape_Area": 2652.7864270800001, "Pres_UNEP": 1 }, "geometry": { "type": "MultiPolygon", "coordinates": [ [ [ [ 26.5434289296964, 37.597903649325417 ], [ 26.543444332829136, 37.597840458762704 ], [ 26.54349696291321, 37.597839323576586 ], [ 26.543538917683346, 37.597782543962666 ], [ 26.543558887351217, 37.597739474931792 ], [ 26.543546026953237, 37.597733500410861 ], [ 26.543489594477659, 37.597622966947171 ], [ 26.543522588243899, 37.597560793281197 ], [ 26.543492237477313, 37.597494396926578 ], [ 26.543446521089212, 37.597389221485528 ], [ 26.543436840042627, 37.59731120480064 ], [ 26.543462436774277, 37.597238015101922 ], [ 26.543397952329055, 37.597200295239553 ], [ 26.543402496552929, 37.597127558771199 ], [ 26.543351855254173, 37.597083951002674 ], [ 26.543371577504661, 37.597044412228897 ], [ 26.543284517122718, 37.596962478642581 ], [ 26.543286399764952, 37.596958846063245 ], [ 26.543221648728807, 37.596972214697615 ], [ 26.543168782937666, 37.596966370944436 ], [ 26.543134169831159, 37.596981084128458 ], [ 26.543073957313425, 37.597017305686485 ], [ 26.543075622742464, 37.597066159127934 ], [ 26.543103840033485, 37.597121425255132 ], [ 26.543185396041899, 37.597196495691485 ], [ 26.543188010021414, 37.597273267605473 ], [ 26.543190625201184, 37.59735003954917 ], [ 26.543227373885717, 37.597398137755924 ], [ 26.543263888614785, 37.597439256139985 ], [ 26.543220504146884, 37.597454161059431 ], [ 26.54317025319467, 37.597525088420142 ], [ 26.54313682919835, 37.59757469907094 ], [ 26.543164570961579, 37.597616006541891 ], [ 26.543192549269317, 37.597664294746842 ], [ 26.543194688192113, 37.597727105385871 ], [ 26.54318924493181, 37.59782500433144 ], [ 26.543244252112586, 37.59789366233538 ], [ 26.543289774444368, 37.59794157250694 ], [ 26.543351887224301, 37.597961185176317 ], [ 26.543413288319833, 37.59795986182236 ], [ 26.5434289296964, 37.597903649325417 ] ] ] ] } },
{ "type": "Feature", "properties": { "datasetID": 583.0, "BIO_CLASS": "Posidonia beds (posidonion oceanicae) (Posidonia oceanica meadows (= association with Posidonia oceanica))", "fieldNotes": "Not reported", "habitat": "Posidonia beds", "AREA_SQKM": 0.00053935558, "vernacular": "Neptune grass", "FAMILY": "Posidoniaceae", "GENUS": "Posidonia", "scientific": "Posidonia oceanica", "habitatID": "EUNIS:A5.535", "nameAccord": "urn:lsid:marinespecies.org:taxname:145794", "eventDate": "2018-01-17", "verif": "Panayotidis Panayotis", "Shape_Leng": 104.158770648, "Shape_Area": 540.28776922600002, "Pres_UNEP": 1 }, "geometry": { "type": "MultiPolygon", "coordinates": [ [ [ [ 26.545153837109289, 37.597775645389127 ], [ 26.545183928133948, 37.597628326608437 ], [ 26.545156189122579, 37.597587019134941 ], [ 26.545095746723394, 37.597559908984486 ], [ 26.545085539680887, 37.597574575391718 ], [ 26.545041919942598, 37.597582499598488 ], [ 26.544958485589802, 37.597710017531753 ], [ 26.544940887697603, 37.597708786937865 ], [ 26.544941655481168, 37.597731334281555 ], [ 26.544978407432819, 37.597779432580843 ], [ 26.544988843527559, 37.597828097159727 ], [ 26.545000944476758, 37.59792561805407 ], [ 26.545062584450214, 37.597931270134765 ], [ 26.545096006656685, 37.597881660278119 ], [ 26.545120891842807, 37.597839217565735 ], [ 26.545153837109289, 37.597775645389127 ] ] ] ] } },
{ "type": "Feature", "properties": { "datasetID": 583.0, "BIO_CLASS": "Posidonia beds (posidonion oceanicae) (Posidonia oceanica meadows (= association with Posidonia oceanica))", "fieldNotes": "Not reported", "habitat": "Posidonia beds", "AREA_SQKM": 0.00139159519, "vernacular": "Neptune grass", "FAMILY": "Posidoniaceae", "GENUS": "Posidonia", "scientific": "Posidonia oceanica", "habitatID": "EUNIS:A5.535", "nameAccord": "urn:lsid:marinespecies.org:taxname:145794", "eventDate": "2018-01-17", "verif": "Panayotidis Panayotis", "Shape_Leng": 164.03136999899999, "Shape_Area": 1394.00023126, "Pres_UNEP": 1 }, "geometry": { "type": "MultiPolygon", "coordinates": [ [ [ [ 26.544549109556158, 37.598029998707396 ], [ 26.54451369126113, 37.59792899092789 ], [ 26.544387177142969, 37.597969885035049 ], [ 26.544147523843485, 37.597975053006436 ], [ 26.544058861288978, 37.597919433275813 ], [ 26.54400631142347, 37.597929155243229 ], [ 26.54398535918293, 37.597908137065978 ], [ 26.543986457094842, 37.597940362229572 ], [ 26.543877651667874, 37.598031760235735 ], [ 26.543881115680104, 37.59813345801448 ], [ 26.543897456530555, 37.598145774581141 ], [ 26.543979574639955, 37.598207662204068 ], [ 26.544314655732297, 37.598187713812358 ], [ 26.544473125241812, 37.598146130596781 ], [ 26.544549109556158, 37.598029998707396 ] ] ] ] } },
{ "type": "Feature", "properties": { "datasetID": 583.0, "BIO_CLASS": "Posidonia beds (posidonion oceanicae) (Posidonia oceanica meadows (= association with Posidonia oceanica))", "fieldNotes": "Not reported", "habitat": "Posidonia beds", "AREA_SQKM": 0.00115256458, "vernacular": "Neptune grass", "FAMILY": "Posidoniaceae", "GENUS": "Posidonia", "scientific": "Posidonia oceanica", "habitatID": "EUNIS:A5.535", "nameAccord": "urn:lsid:marinespecies.org:taxname:145794", "eventDate": "2018-01-17", "verif": "Panayotidis Panayotis", "Shape_Leng": 133.40364313000001, "Shape_Area": 1154.55634629, "Pres_UNEP": 1 }, "geometry": { "type": "MultiPolygon", "coordinates": [ [ [ [ 26.548046832404417, 37.598189957683125 ], [ 26.548064875638413, 37.598119007999152 ], [ 26.54805183010949, 37.598120967412626 ], [ 26.547803985804787, 37.597892866376185 ], [ 26.54776170755321, 37.597873090282079 ], [ 26.547619170728087, 37.597876169861472 ], [ 26.547554573031487, 37.597912486991731 ], [ 26.547545097495881, 37.597956342298453 ], [ 26.547614158580625, 37.598050885266474 ], [ 26.547682028779143, 37.598110534287478 ], [ 26.547727970404051, 37.59817065330305 ], [ 26.547785768793446, 37.598256711170684 ], [ 26.547873782628379, 37.598263539969793 ], [ 26.547949938615762, 37.598244435234072 ], [ 26.548046832404417, 37.598189957683125 ] ] ] ] } },
{ "type": "Feature", "properties": { "datasetID": 583.0, "BIO_CLASS": "Posidonia beds (posidonion oceanicae) (Posidonia oceanica meadows (= association with Posidonia oceanica))", "fieldNotes": "Not reported", "habitat": "Posidonia beds", "AREA_SQKM": 0.00391613614, "vernacular": "Neptune grass", "FAMILY": "Posidoniaceae", "GENUS": "Posidonia", "scientific": "Posidonia oceanica", "habitatID": "EUNIS:A5.535", "nameAccord": "urn:lsid:marinespecies.org:taxname:145794", "eventDate": "2018-01-17", "verif": "Panayotidis Panayotis", "Shape_Leng": 352.22645837800002, "Shape_Area": 3922.9041828899999, "Pres_UNEP": 1 }, "geometry": { "type": "MultiPolygon", "coordinates": [ [ [ [ 26.549766584438025, 37.597520157209864 ], [ 26.549693760513541, 37.597465276139005 ], [ 26.549102823798922, 37.597640085707404 ], [ 26.549021667922837, 37.59773123975318 ], [ 26.548731519174829, 37.597871607913603 ], [ 26.548651885293122, 37.598007428357754 ], [ 26.548443080934252, 37.598062228304833 ], [ 26.548393678017355, 37.598069644567879 ], [ 26.548384350424961, 37.598112822330478 ], [ 26.548330421656555, 37.598140178145911 ], [ 26.548354433078661, 37.59820077421459 ], [ 26.54846497073946, 37.598224577830237 ], [ 26.548641297295767, 37.59824695826704 ], [ 26.548707678873217, 37.598262984301009 ], [ 26.548916005564955, 37.598258484183994 ], [ 26.549100613704294, 37.598202111704119 ], [ 26.549163123797815, 37.598104725836087 ], [ 26.549210204469883, 37.597876717576547 ], [ 26.549261749863959, 37.597779567739693 ], [ 26.549413465229414, 37.59772390654333 ], [ 26.549631262509166, 37.597675546767185 ], [ 26.549706526043419, 37.597630269228624 ], [ 26.549766584438025, 37.597520157209864 ] ] ] ] } },
{ "type": "Feature", "properties": { "datasetID": 583.0, "BIO_CLASS": "Posidonia beds (posidonion oceanicae) (Posidonia oceanica meadows (= association with Posidonia oceanica))", "fieldNotes": "Not reported", "habitat": "Posidonia beds", "AREA_SQKM": 0.00076774704, "vernacular": "Neptune grass", "FAMILY": "Posidoniaceae", "GENUS": "Posidonia", "scientific": "Posidonia oceanica", "habitatID": "EUNIS:A5.535", "nameAccord": "urn:lsid:marinespecies.org:taxname:145794", "eventDate": "2018-01-17", "verif": "Panayotidis Panayotis", "Shape_Leng": 139.04672588099999, "Shape_Area": 769.074098929, "Pres_UNEP": 1 }, "geometry": { "type": "MultiPolygon", "coordinates": [ [ [ [ 26.560419027170553, 37.597515084650659 ], [ 26.560362694685576, 37.597507384833236 ], [ 26.56030941655515, 37.597588842485742 ], [ 26.560311862441132, 37.597660171847274 ], [ 26.560328114314068, 37.597832590187423 ], [ 26.560493397019577, 37.598048820717324 ], [ 26.560538219984267, 37.598047848078224 ], [ 26.560570001661709, 37.597993624121159 ], [ 26.560509695174503, 37.597870017760172 ], [ 26.560496044060141, 37.597798932145153 ], [ 26.560537502882454, 37.597699885659416 ], [ 26.560456312419511, 37.597621345872192 ], [ 26.560420861065435, 37.597568580545207 ], [ 26.560419027170553, 37.597515084650659 ] ] ] ] } },
{ "type": "Feature", "properties": { "datasetID": 583.0, "BIO_CLASS": "Posidonia beds (posidonion oceanicae) (Posidonia oceanica meadows (= association with Posidonia oceanica))", "fieldNotes": "Not reported", "habitat": "Posidonia beds", "AREA_SQKM": 0.00778465169, "vernacular": "Neptune grass", "FAMILY": "Posidoniaceae", "GENUS": "Posidonia", "scientific": "Posidonia oceanica", "habitatID": "EUNIS:A5.535", "nameAccord": "urn:lsid:marinespecies.org:taxname:145794", "eventDate": "2018-01-17", "verif": "Panayotidis Panayotis", "Shape_Leng": 441.99568346699999, "Shape_Area": 7798.1066352199996, "Pres_UNEP": 1 }, "geometry": { "type": "MultiPolygon", "coordinates": [ [ [ [ 26.561771033280795, 37.597699869756994 ], [ 26.561802509186613, 37.59763672784694 ], [ 26.561859759704365, 37.597671175632279 ], [ 26.561908254858874, 37.59777719311554 ], [ 26.562033043421511, 37.597819092515422 ], [ 26.562198987693037, 37.597753032654474 ], [ 26.562161391438028, 37.59763785596428 ], [ 26.562198261698192, 37.597405069869779 ], [ 26.562195509389333, 37.597324826982934 ], [ 26.562124911418103, 37.597228211879994 ], [ 26.562179407015538, 37.597182415881775 ], [ 26.562143344734643, 37.597111819922517 ], [ 26.562053699915488, 37.597113766958358 ], [ 26.561931663291997, 37.597152106074965 ], [ 26.561785380466532, 37.597137438815693 ], [ 26.561728435382879, 37.597111908263877 ], [ 26.561714476149124, 37.597031908433372 ], [ 26.561624833490761, 37.597033854585007 ], [ 26.561490367684431, 37.597036776020992 ], [ 26.561368943982107, 37.597092947635318 ], [ 26.561158789480274, 37.597177814198062 ], [ 26.561024324065126, 37.597180732985969 ], [ 26.560924085490623, 37.597200753715796 ], [ 26.56090381743175, 37.597263651665621 ], [ 26.560905651440166, 37.597317147492333 ], [ 26.561008335452321, 37.597368452473646 ], [ 26.561099813658853, 37.597420002173216 ], [ 26.561102258939979, 37.597491327056943 ], [ 26.561115300800967, 37.597544580890194 ], [ 26.561162262430773, 37.597606019552039 ], [ 26.561230415203262, 37.597631307229079 ], [ 26.561330957304765, 37.597620200969182 ], [ 26.561334626979637, 37.597727191946099 ], [ 26.561357956076296, 37.597753453159662 ], [ 26.561393102172435, 37.597797303130683 ], [ 26.561472763636257, 37.597831262416399 ], [ 26.561552732715359, 37.597874139766418 ], [ 26.561600308809737, 37.5979534093536 ], [ 26.561588703274193, 37.598033618925172 ], [ 26.561625472090956, 37.598033163966875 ], [ 26.561785631589313, 37.59806135283079 ], [ 26.56181627454939, 37.598037944120726 ], [ 26.561859259304828, 37.597983475460708 ], [ 26.561889511331561, 37.597884670054619 ], [ 26.561830119607528, 37.597787813507068 ], [ 26.561771033280795, 37.597699869756994 ] ] ] ] } },
{ "type": "Feature", "properties": { "datasetID": 583.0, "BIO_CLASS": "Posidonia beds (posidonion oceanicae) (Posidonia oceanica meadows (= association with Posidonia oceanica))", "fieldNotes": "Not reported", "habitat": "Posidonia beds", "AREA_SQKM": 0.00234172669, "vernacular": "Neptune grass", "FAMILY": "Posidoniaceae", "GENUS": "Posidonia", "scientific": "Posidonia oceanica", "habitatID": "EUNIS:A5.535", "nameAccord": "urn:lsid:marinespecies.org:taxname:145794", "eventDate": "2018-01-17", "verif": "Panayotidis Panayotis", "Shape_Leng": 308.77384948399998, "Shape_Area": 2345.77404888, "Pres_UNEP": 1 }, "geometry": { "type": "MultiPolygon", "coordinates": [ [ [ [ 26.566077954199457, 37.597805315683964 ], [ 26.5663318301626, 37.597748907996419 ], [ 26.566539524940399, 37.597744388456 ], [ 26.566669521263346, 37.597805165503246 ], [ 26.5668297218978, 37.597814402471045 ], [ 26.566811124765835, 37.597738479307218 ], [ 26.566855559243262, 37.597635739304522 ], [ 26.566948795655176, 37.59755738064208 ], [ 26.566945507004331, 37.597461746012641 ], [ 26.566829997284827, 37.597471347813666 ], [ 26.566677785397353, 37.597529190966476 ], [ 26.566329823462461, 37.597541306077936 ], [ 26.566188712632755, 37.597589817768153 ], [ 26.566066906879758, 37.597701527919192 ], [ 26.565859026797074, 37.59780147725408 ], [ 26.565748166075068, 37.59789931528092 ], [ 26.565690382197118, 37.598045987603868 ], [ 26.565691808142976, 37.598055555863368 ], [ 26.565828882600869, 37.59800155629123 ], [ 26.566077954199457, 37.597805315683964 ] ] ] ] } },
{ "type": "Feature", "properties": { "datasetID": 583.0, "BIO_CLASS": "Posidonia beds (posidonion oceanicae) (Posidonia oceanica meadows (= association with Posidonia oceanica))", "fieldNotes": "Not reported", "habitat": "Posidonia beds", "AREA_SQKM": 0.0049485134, "vernacular": "Neptune grass", "FAMILY": "Posidoniaceae", "GENUS": "Posidonia", "scientific": "Posidonia oceanica", "habitatID": "EUNIS:A5.535", "nameAccord": "urn:lsid:marinespecies.org:taxname:145794", "eventDate": "2018-01-17", "verif": "Panayotidis Panayotis", "Shape_Leng": 454.99198418100002, "Shape_Area": 4957.0652307700002, "Pres_UNEP": 1 }, "geometry": { "type": "MultiPolygon", "coordinates": [ [ [ [ 26.550294949446432, 37.598413325717701 ], [ 26.550242969625508, 37.598330638012094 ], [ 26.550139233502058, 37.598377580949219 ], [ 26.550005907482973, 37.598380461767903 ], [ 26.549991110191392, 37.598358432915326 ], [ 26.549989583830165, 37.598313766544287 ], [ 26.55004476767256, 37.598284635923584 ], [ 26.550153992479405, 37.598192874717306 ], [ 26.550178630316172, 37.598091767912322 ], [ 26.55011108949796, 37.597964716176094 ], [ 26.550086224164865, 37.597853504121964 ], [ 26.550049804829918, 37.597815179004428 ], [ 26.549991188307722, 37.59774380895017 ], [ 26.549948476561962, 37.597521231438556 ], [ 26.549891575100116, 37.59750011259564 ], [ 26.54985536802457, 37.597509982955636 ], [ 26.549845487068492, 37.597522499134662 ], [ 26.549828920085634, 37.59768000535027 ], [ 26.5497548498921, 37.597760179474719 ], [ 26.549541520221805, 37.597939399304224 ], [ 26.549499151176203, 37.597983966648549 ], [ 26.549522568919201, 37.598027112589527 ], [ 26.549612369622359, 37.598086285442996 ], [ 26.549724695394154, 37.598162432243896 ], [ 26.549737148401579, 37.598205813212104 ], [ 26.549728866228946, 37.598284566134055 ], [ 26.54982045470604, 37.598396084091853 ], [ 26.550001247906252, 37.598549323216531 ], [ 26.550061433328349, 37.598705169423773 ], [ 26.550098497779548, 37.598826594263926 ], [ 26.550146824852401, 37.598956505294112 ], [ 26.550226856183912, 37.599050811983005 ], [ 26.550328813814136, 37.599144641670406 ], [ 26.550367150789011, 37.599160220766883 ], [ 26.550372979582416, 37.598847463240787 ], [ 26.550283622165992, 37.598698532310713 ], [ 26.550294949446432, 37.598413325717701 ] ] ] ] } },
{ "type": "Feature", "properties": { "datasetID": 583.0, "BIO_CLASS": "Posidonia beds (posidonion oceanicae) (Posidonia oceanica meadows (= association with Posidonia oceanica))", "fieldNotes": "Not reported", "habitat": "Posidonia beds", "AREA_SQKM": 0.00094121701, "vernacular": "Neptune grass", "FAMILY": "Posidoniaceae", "GENUS": "Posidonia", "scientific": "Posidonia oceanica", "habitatID": "EUNIS:A5.535", "nameAccord": "urn:lsid:marinespecies.org:taxname:145794", "eventDate": "2018-01-17", "verif": "Panayotidis Panayotis", "Shape_Leng": 144.972255496, "Shape_Area": 942.84310990799997, "Pres_UNEP": 1 }, "geometry": { "type": "MultiPolygon", "coordinates": [ [ [ [ 26.550539404213559, 37.599350928088832 ], [ 26.550479263688647, 37.599291396189351 ], [ 26.550455384335624, 37.599316514464903 ], [ 26.550426364466688, 37.59943063821008 ], [ 26.550433514155483, 37.599640012483754 ], [ 26.550448949137955, 37.599770636085147 ], [ 26.550538753143851, 37.599829807692259 ], [ 26.550605137003753, 37.599845832970821 ], [ 26.550680997664731, 37.599817999871981 ], [ 26.550698394330961, 37.599807738041072 ], [ 26.550622400998382, 37.599467866431503 ], [ 26.550533253159632, 37.59942788900581 ], [ 26.550539404213559, 37.599350928088832 ] ] ] ] } },
{ "type": "Feature", "properties": { "datasetID": 583.0, "BIO_CLASS": "Posidonia beds (posidonion oceanicae) (Posidonia oceanica meadows (= association with Posidonia oceanica))", "fieldNotes": "Not reported", "habitat": "Posidonia beds", "AREA_SQKM": 0.00584857894, "vernacular": "Neptune grass", "FAMILY": "Posidoniaceae", "GENUS": "Posidonia", "scientific": "Posidonia oceanica", "habitatID": "EUNIS:A5.535", "nameAccord": "urn:lsid:marinespecies.org:taxname:145794", "eventDate": "2018-01-17", "verif": "Panayotidis Panayotis", "Shape_Leng": 392.49961049900003, "Shape_Area": 5858.6835534700003, "Pres_UNEP": 1 }, "geometry": { "type": "MultiPolygon", "coordinates": [ [ [ [ 26.550923701714858, 37.600578846852208 ], [ 26.550711496475021, 37.600469940837542 ], [ 26.550964878575002, 37.60049938362824 ], [ 26.551018213562863, 37.600454576310092 ], [ 26.551099969241879, 37.600278200599028 ], [ 26.551103482285821, 37.600059863322777 ], [ 26.551014301231834, 37.600005816383401 ], [ 26.550962565445477, 37.600030172355417 ], [ 26.550730516121618, 37.599982807634468 ], [ 26.550556571355873, 37.600030221827424 ], [ 26.550524869366853, 37.600065829963519 ], [ 26.550539111678194, 37.600161555958614 ], [ 26.550565510310868, 37.600291940495836 ], [ 26.55051336901391, 37.600371643044646 ], [ 26.550415877775468, 37.60040867267255 ], [ 26.550386560160458, 37.600514072339045 ], [ 26.550390433212119, 37.600627482965805 ], [ 26.550506935808357, 37.60082576443223 ], [ 26.550608600311627, 37.600910870234983 ], [ 26.550754122530805, 37.600995027273228 ], [ 26.550854296040278, 37.601036513025853 ], [ 26.550921576860407, 37.601078710829931 ], [ 26.550999522908626, 37.601111947150471 ], [ 26.551105307999599, 37.601094723841364 ], [ 26.551091309268788, 37.601068492221572 ], [ 26.551112759646919, 37.600893419018881 ], [ 26.551204084142086, 37.600756123041947 ], [ 26.551267484640515, 37.600684908294966 ], [ 26.550923701714858, 37.600578846852208 ] ] ] ] } },
{ "type": "Feature", "properties": { "datasetID": 583.0, "BIO_CLASS": "Posidonia beds (posidonion oceanicae) (Posidonia oceanica meadows (= association with Posidonia oceanica))", "fieldNotes": "Not reported", "habitat": "Posidonia beds", "AREA_SQKM": 0.00407359791, "vernacular": "Neptune grass", "FAMILY": "Posidoniaceae", "GENUS": "Posidonia", "scientific": "Posidonia oceanica", "habitatID": "EUNIS:A5.535", "nameAccord": "urn:lsid:marinespecies.org:taxname:145794", "eventDate": "2018-01-17", "verif": "Panayotidis Panayotis", "Shape_Leng": 321.25201813799998, "Shape_Area": 4080.6354755799998, "Pres_UNEP": 1 }, "geometry": { "type": "MultiPolygon", "coordinates": [ [ [ [ 26.553957129802466, 37.601283666165337 ], [ 26.554021725477789, 37.601247344000207 ], [ 26.554066778385305, 37.601281291509075 ], [ 26.554112130587374, 37.601323961116293 ], [ 26.554178219541004, 37.60133126177211 ], [ 26.554209024527161, 37.601269480068574 ], [ 26.554314793432759, 37.601153694419757 ], [ 26.554401020191339, 37.601108175794252 ], [ 26.554500299717269, 37.60112348559948 ], [ 26.554556616738026, 37.601165918413955 ], [ 26.554678723796858, 37.601206926267658 ], [ 26.554767336260753, 37.601231197578031 ], [ 26.554864228710144, 37.60117671655582 ], [ 26.554904806465469, 37.601079803626881 ], [ 26.554901522134113, 37.600983839546316 ], [ 26.55489883628718, 37.600905324077118 ], [ 26.554913478471246, 37.600812940608741 ], [ 26.554895253566439, 37.600800636244308 ], [ 26.554866347203966, 37.600757610728941 ], [ 26.554686304988738, 37.600706946237722 ], [ 26.554427010793329, 37.600745299300876 ], [ 26.55405918788917, 37.600818742954985 ], [ 26.554056909519453, 37.600820769535545 ], [ 26.554013668585796, 37.601011799139613 ], [ 26.55397488210442, 37.601161055142732 ], [ 26.553868216276289, 37.601250669225102 ], [ 26.553792955199143, 37.601295951124456 ], [ 26.553783780517211, 37.601348532807179 ], [ 26.553828832632981, 37.601382476799671 ], [ 26.553871498623515, 37.601346632551476 ], [ 26.553957129802466, 37.601283666165337 ] ] ] ] } },
{ "type": "Feature", "properties": { "datasetID": 583.0, "BIO_CLASS": "Posidonia beds (posidonion oceanicae) (Posidonia oceanica meadows (= association with Posidonia oceanica))", "fieldNotes": "Not reported", "habitat": "Posidonia beds", "AREA_SQKM": 0.00109973907, "vernacular": "Neptune grass", "FAMILY": "Posidoniaceae", "GENUS": "Posidonia", "scientific": "Posidonia oceanica", "habitatID": "EUNIS:A5.535", "nameAccord": "urn:lsid:marinespecies.org:taxname:145794", "eventDate": "2018-01-17", "verif": "Panayotidis Panayotis", "Shape_Leng": 151.96021614200001, "Shape_Area": 1101.6388475900001, "Pres_UNEP": 1 }, "geometry": { "type": "MultiPolygon", "coordinates": [ [ [ [ 26.551252508874374, 37.601370570828358 ], [ 26.551243437849298, 37.60135357188782 ], [ 26.551074253036777, 37.601372243159652 ], [ 26.550988024708314, 37.601417760962384 ], [ 26.550814674040993, 37.601482624114396 ], [ 26.550761336918924, 37.601527428131227 ], [ 26.55075245924462, 37.601588733746375 ], [ 26.550756334741116, 37.60170214498806 ], [ 26.55080287479143, 37.601779711084774 ], [ 26.550912524869688, 37.601777340839718 ], [ 26.550941432610795, 37.601766737019616 ], [ 26.55097660157319, 37.601725755552906 ], [ 26.551028818321882, 37.601648234532227 ], [ 26.551121407069846, 37.60154801469487 ], [ 26.551132879029488, 37.601482288410914 ], [ 26.551213625318873, 37.601436890739755 ], [ 26.551252508874374, 37.601370570828358 ] ] ] ] } },
{ "type": "Feature", "properties": { "datasetID": 583.0, "BIO_CLASS": "Posidonia beds (posidonion oceanicae) (Posidonia oceanica meadows (= association with Posidonia oceanica))", "fieldNotes": "Not reported", "habitat": "Posidonia beds", "AREA_SQKM": 0.00278002896, "vernacular": "Neptune grass", "FAMILY": "Posidoniaceae", "GENUS": "Posidonia", "scientific": "Posidonia oceanica", "habitatID": "EUNIS:A5.535", "nameAccord": "urn:lsid:marinespecies.org:taxname:145794", "eventDate": "2018-01-17", "verif": "Panayotidis Panayotis", "Shape_Leng": 272.31681542400003, "Shape_Area": 2784.8313242099998, "Pres_UNEP": 1 }, "geometry": { "type": "MultiPolygon", "coordinates": [ [ [ [ 26.553220838882549, 37.601893275267471 ], [ 26.55331624088182, 37.601795173773532 ], [ 26.553494890357726, 37.601564316624021 ], [ 26.553647205080587, 37.601526096800363 ], [ 26.55371090586257, 37.601463604758834 ], [ 26.553697254757687, 37.60138532674199 ], [ 26.553716200171653, 37.601297611970459 ], [ 26.553647725109638, 37.601220522230363 ], [ 26.553627179511977, 37.601203108974836 ], [ 26.553606607182889, 37.601221410075915 ], [ 26.55347178440725, 37.601289807761702 ], [ 26.553393277150256, 37.601400638335811 ], [ 26.553245866117692, 37.601502046311516 ], [ 26.553029175938775, 37.601583127497889 ], [ 26.552907685145531, 37.601640322529491 ], [ 26.552706192933847, 37.601764728096661 ], [ 26.552690219694817, 37.601778938964721 ], [ 26.552690939597262, 37.601799979638237 ], [ 26.552736589346047, 37.601851375006582 ], [ 26.552846835552547, 37.601866448993071 ], [ 26.552945221785397, 37.601855588973137 ], [ 26.553034732578936, 37.601906033783663 ], [ 26.553123348251205, 37.601930307829925 ], [ 26.553220838882549, 37.601893275267471 ] ] ] ] } },
{ "type": "Feature", "properties": { "datasetID": 583.0, "BIO_CLASS": "Posidonia beds (posidonion oceanicae) (Posidonia oceanica meadows (= association with Posidonia oceanica))", "fieldNotes": "Not reported", "habitat": "Posidonia beds", "AREA_SQKM": 0.00097679855, "vernacular": "Neptune grass", "FAMILY": "Posidoniaceae", "GENUS": "Posidonia", "scientific": "Posidonia oceanica", "habitatID": "EUNIS:A5.535", "nameAccord": "urn:lsid:marinespecies.org:taxname:145794", "eventDate": "2018-01-17", "verif": "Panayotidis Panayotis", "Shape_Leng": 172.031369721, "Shape_Area": 978.48589443499998, "Pres_UNEP": 1 }, "geometry": { "type": "MultiPolygon", "coordinates": [ [ [ [ 26.556902885255404, 37.601429376285651 ], [ 26.556834953797594, 37.601408564459668 ], [ 26.556883644492075, 37.601508366364186 ], [ 26.557044921829597, 37.601731860053746 ], [ 26.557038737569194, 37.601871681553064 ], [ 26.556985406231938, 37.601916490958402 ], [ 26.55701002431838, 37.601994530658459 ], [ 26.557098938862278, 37.602027525072202 ], [ 26.557208886998158, 37.602033869880508 ], [ 26.557250954280917, 37.601980576853386 ], [ 26.557270793099768, 37.601919033473948 ], [ 26.557247070246891, 37.601867166335779 ], [ 26.55724241927344, 37.60183816329036 ], [ 26.557189855631307, 37.601798562611499 ], [ 26.55712875645948, 37.6016165494202 ], [ 26.556902885255404, 37.601429376285651 ] ] ] ] } },
{ "type": "Feature", "properties": { "datasetID": 583.0, "BIO_CLASS": "Posidonia beds (posidonion oceanicae) (Posidonia oceanica meadows (= association with Posidonia oceanica))", "fieldNotes": "Not reported", "habitat": "Posidonia beds", "AREA_SQKM": 0.00092057059, "vernacular": "Neptune grass", "FAMILY": "Posidoniaceae", "GENUS": "Posidonia", "scientific": "Posidonia oceanica", "habitatID": "EUNIS:A5.535", "nameAccord": "urn:lsid:marinespecies.org:taxname:145794", "eventDate": "2018-01-17", "verif": "Panayotidis Panayotis", "Shape_Leng": 142.88137712700001, "Shape_Area": 922.16077137100001, "Pres_UNEP": 1 }, "geometry": { "type": "MultiPolygon", "coordinates": [ [ [ [ 26.552618729045083, 37.602255524858961 ], [ 26.552694589117294, 37.602227691421739 ], [ 26.55273845052184, 37.602226742614803 ], [ 26.552747925000975, 37.602182884596282 ], [ 26.552757694880146, 37.602147752249955 ], [ 26.552712641798749, 37.602113804592648 ], [ 26.552657817118511, 37.60211499192576 ], [ 26.552623133410144, 37.602063360612689 ], [ 26.552621640811697, 37.60201973939008 ], [ 26.552575992333388, 37.601968344861518 ], [ 26.552520571817464, 37.601952083535132 ], [ 26.552500263323541, 37.601947939357473 ], [ 26.552479898108547, 37.601966058540398 ], [ 26.552418824111406, 37.602185641789852 ], [ 26.552354765424255, 37.602317984463347 ], [ 26.55239295253805, 37.602414328182967 ], [ 26.552437692491484, 37.602416590656603 ], [ 26.552523026240966, 37.602344900025798 ], [ 26.552618729045083, 37.602255524858961 ] ] ] ] } },
{ "type": "Feature", "properties": { "datasetID": 583.0, "BIO_CLASS": "Posidonia beds (posidonion oceanicae) (Posidonia oceanica meadows (= association with Posidonia oceanica))", "fieldNotes": "Not reported", "habitat": "Posidonia beds", "AREA_SQKM": 0.00097990775, "vernacular": "Neptune grass", "FAMILY": "Posidoniaceae", "GENUS": "Posidonia", "scientific": "Posidonia oceanica", "habitatID": "EUNIS:A5.535", "nameAccord": "urn:lsid:marinespecies.org:taxname:145794", "eventDate": "2018-01-17", "verif": "Panayotidis Panayotis", "Shape_Leng": 155.06967397299999, "Shape_Area": 981.60037891100001, "Pres_UNEP": 1 }, "geometry": { "type": "MultiPolygon", "coordinates": [ [ [ [ 26.550437876395389, 37.602337623186905 ], [ 26.550439961333353, 37.602337019801951 ], [ 26.550435134020525, 37.602337682376948 ], [ 26.550528098717365, 37.602248368170244 ], [ 26.550569422740118, 37.602200214896968 ], [ 26.550332931828297, 37.602156552123084 ], [ 26.550222982167224, 37.60215019935994 ], [ 26.550170242837936, 37.602212453091163 ], [ 26.550162555728789, 37.602308653643313 ], [ 26.550176203243147, 37.602386933791692 ], [ 26.550181863655116, 37.602552687198333 ], [ 26.550206177766743, 37.602622005882289 ], [ 26.55029390033749, 37.602620110914991 ], [ 26.550324709778028, 37.602558330576564 ], [ 26.550322027144038, 37.602479814483594 ], [ 26.550319047613176, 37.602392575398369 ], [ 26.550437876395389, 37.602337623186905 ] ] ] ] } },
{ "type": "Feature", "properties": { "datasetID": 583.0, "BIO_CLASS": "Posidonia beds (posidonion oceanicae) (Posidonia oceanica meadows (= association with Posidonia oceanica))", "fieldNotes": "Not reported", "habitat": "Posidonia beds", "AREA_SQKM": 0.00236569319, "vernacular": "Neptune grass", "FAMILY": "Posidoniaceae", "GENUS": "Posidonia", "scientific": "Posidonia oceanica", "habitatID": "EUNIS:A5.535", "nameAccord": "urn:lsid:marinespecies.org:taxname:145794", "eventDate": "2018-01-17", "verif": "Panayotidis Panayotis", "Shape_Leng": 211.80682857, "Shape_Area": 2369.77913859, "Pres_UNEP": 1 }, "geometry": { "type": "MultiPolygon", "coordinates": [ [ [ [ 26.557151262476971, 37.602324480344329 ], [ 26.557023440716048, 37.602327250791241 ], [ 26.556950519054009, 37.60253237438932 ], [ 26.556715206877776, 37.602664690791464 ], [ 26.55668760625078, 37.602792503528242 ], [ 26.556690652517364, 37.602881488458571 ], [ 26.556819781174507, 37.602916852395083 ], [ 26.556964013230768, 37.602926448276108 ], [ 26.557045645312481, 37.602975564671198 ], [ 26.557113344660809, 37.602987481342133 ], [ 26.557159314126388, 37.602963435976193 ], [ 26.557298064006481, 37.60261256284447 ], [ 26.55726766459092, 37.602541856288603 ], [ 26.557172463198807, 37.602476677404226 ], [ 26.557151262476971, 37.602324480344329 ] ] ] ] } },
{ "type": "Feature", "properties": { "datasetID": 583.0, "BIO_CLASS": "Posidonia beds (posidonion oceanicae) (Posidonia oceanica meadows (= association with Posidonia oceanica))", "fieldNotes": "Not reported", "habitat": "Posidonia beds", "AREA_SQKM": 0.00148312266, "vernacular": "Neptune grass", "FAMILY": "Posidoniaceae", "GENUS": "Posidonia", "scientific": "Posidonia oceanica", "habitatID": "EUNIS:A5.535", "nameAccord": "urn:lsid:marinespecies.org:taxname:145794", "eventDate": "2018-01-17", "verif": "Panayotidis Panayotis", "Shape_Leng": 222.74853337499999, "Shape_Area": 1485.70249311, "Pres_UNEP": 1 }, "geometry": { "type": "MultiPolygon", "coordinates": [ [ [ [ 26.488603244727269, 37.548540349419881 ], [ 26.488439741194309, 37.548521438475717 ], [ 26.488273739638686, 37.548536989751049 ], [ 26.488206667381082, 37.548568535668501 ], [ 26.488163490322282, 37.548635738787269 ], [ 26.488142400162445, 37.548684392195518 ], [ 26.488287112930355, 37.548711473587744 ], [ 26.488400568507913, 37.548709081013669 ], [ 26.488506659678936, 37.548712870801346 ], [ 26.488569375499829, 37.548777839485957 ], [ 26.488703567450305, 37.548943748588194 ], [ 26.48879097536512, 37.549068459375064 ], [ 26.488861854206071, 37.549151334100998 ], [ 26.488908437253134, 37.549186510054149 ], [ 26.488946257263617, 37.54918571164432 ], [ 26.488952616491368, 37.549149420214121 ], [ 26.488895264219913, 37.549018049195958 ], [ 26.488807253892968, 37.548875271797506 ], [ 26.488720248170946, 37.54876260525873 ], [ 26.488718245258376, 37.548702382866217 ], [ 26.48867105909568, 37.548649140376156 ], [ 26.488648405487744, 37.548593319857034 ], [ 26.488603244727269, 37.548540349419881 ] ] ] ] } },
{ "type": "Feature", "properties": { "datasetID": 583.0, "BIO_CLASS": "Posidonia beds (posidonion oceanicae) (Posidonia oceanica meadows (= association with Posidonia oceanica))", "fieldNotes": "Not reported", "habitat": "Posidonia beds", "AREA_SQKM": 0.00439818904, "vernacular": "Neptune grass", "FAMILY": "Posidoniaceae", "GENUS": "Posidonia", "scientific": "Posidonia oceanica", "habitatID": "EUNIS:A5.535", "nameAccord": "urn:lsid:marinespecies.org:taxname:145794", "eventDate": "2018-01-17", "verif": "Panayotidis Panayotis", "Shape_Leng": 451.432661489, "Shape_Area": 4405.8379370100001, "Pres_UNEP": 1 }, "geometry": { "type": "MultiPolygon", "coordinates": [ [ [ [ 26.489162153068126, 37.55066968009838 ], [ 26.48923618939029, 37.550619908068548 ], [ 26.489342485794342, 37.550629717804775 ], [ 26.489456743959931, 37.550651413689359 ], [ 26.48957716565992, 37.550630793545942 ], [ 26.489743371645577, 37.550621260252015 ], [ 26.489781591005425, 37.550632506959737 ], [ 26.48980268904473, 37.550635102693619 ], [ 26.489860583723594, 37.550603801978269 ], [ 26.490055648260263, 37.550498334324914 ], [ 26.490025787092758, 37.550464641919255 ], [ 26.489896801470465, 37.550455310886839 ], [ 26.489820360575401, 37.550432817492073 ], [ 26.489757847044256, 37.550373873469439 ], [ 26.489695530339354, 37.550320950250175 ], [ 26.489528524928737, 37.550306394203616 ], [ 26.489383607532965, 37.550273293575607 ], [ 26.489359513505608, 37.550231616185009 ], [ 26.489365473751299, 37.550183280350005 ], [ 26.489371635333359, 37.550140965307222 ], [ 26.489423379459335, 37.550103715429557 ], [ 26.489535635398582, 37.550065188450816 ], [ 26.489679349466602, 37.550062155540004 ], [ 26.489793207243132, 37.550071807155753 ], [ 26.489870848473114, 37.550130433136395 ], [ 26.489978546883048, 37.550182398031644 ], [ 26.489990265735678, 37.550079701202634 ], [ 26.489882369369919, 37.550021714674038 ], [ 26.489796759862312, 37.549951203501998 ], [ 26.489741810581247, 37.54989209976317 ], [ 26.489656603400878, 37.549833632828829 ], [ 26.489506328983321, 37.549866934753275 ], [ 26.489333965574531, 37.549918782114176 ], [ 26.489095127716688, 37.550020243262871 ], [ 26.489052751211208, 37.550111531756492 ], [ 26.48907864924124, 37.550207408522205 ], [ 26.489202275138435, 37.550283144805391 ], [ 26.489279519585416, 37.550329724859587 ], [ 26.489281522188005, 37.550389946862467 ], [ 26.489260032449117, 37.550426559121846 ], [ 26.489132447798518, 37.550459382450065 ], [ 26.489036922829388, 37.550545766721044 ], [ 26.489038929063252, 37.550605989672675 ], [ 26.489041332423724, 37.550678255119024 ], [ 26.489073790959313, 37.550743860353364 ], [ 26.489126941038833, 37.550748765666086 ], [ 26.489162153068126, 37.55066968009838 ] ] ] ] } },
{ "type": "Feature", "properties": { "datasetID": 583.0, "BIO_CLASS": "Posidonia beds (posidonion oceanicae) (Posidonia oceanica meadows (= association with Posidonia oceanica))", "fieldNotes": "Not reported", "habitat": "Posidonia beds", "AREA_SQKM": 0.00127356148, "vernacular": "Neptune grass", "FAMILY": "Posidoniaceae", "GENUS": "Posidonia", "scientific": "Posidonia oceanica", "habitatID": "EUNIS:A5.535", "nameAccord": "urn:lsid:marinespecies.org:taxname:145794", "eventDate": "2018-01-17", "verif": "Panayotidis Panayotis", "Shape_Leng": 199.74540088699999, "Shape_Area": 1275.77588298, "Pres_UNEP": 1 }, "geometry": { "type": "MultiPolygon", "coordinates": [ [ [ [ 26.489446647754239, 37.551518768789698 ], [ 26.48937027545303, 37.551404812152441 ], [ 26.489248562389065, 37.551267479768391 ], [ 26.48922885418126, 37.551226186363557 ], [ 26.4892287569022, 37.551223313295345 ], [ 26.489228344280466, 37.551210910437909 ], [ 26.489218110068542, 37.550903368750475 ], [ 26.489213635533243, 37.550873088093681 ], [ 26.489192525321272, 37.550861534017237 ], [ 26.489153202907165, 37.550843101548502 ], [ 26.489109688234688, 37.55084402008071 ], [ 26.489090891477751, 37.551006211734418 ], [ 26.489079844609112, 37.551110457301419 ], [ 26.489008982428388, 37.551162032959752 ], [ 26.488913432055689, 37.551198718667607 ], [ 26.488880993538778, 37.551241777595152 ], [ 26.488886598472607, 37.551264773625796 ], [ 26.488974912459764, 37.551301434622758 ], [ 26.489102675976707, 37.551360375387915 ], [ 26.489246612063052, 37.551469055722073 ], [ 26.489319091342836, 37.551509261949576 ], [ 26.489320291528699, 37.551502172447229 ], [ 26.489433079599749, 37.551516987361147 ], [ 26.489443821776462, 37.551518399609151 ], [ 26.489446647754239, 37.551518768789698 ] ] ] ] } },
{ "type": "Feature", "properties": { "datasetID": 583.0, "BIO_CLASS": "Posidonia beds (posidonion oceanicae) (Posidonia oceanica meadows (= association with Posidonia oceanica))", "fieldNotes": "Not reported", "habitat": "Posidonia beds", "AREA_SQKM": 0.0008874134, "vernacular": "Neptune grass", "FAMILY": "Posidoniaceae", "GENUS": "Posidonia", "scientific": "Posidonia oceanica", "habitatID": "EUNIS:A5.535", "nameAccord": "urn:lsid:marinespecies.org:taxname:145794", "eventDate": "2018-01-17", "verif": "Panayotidis Panayotis", "Shape_Leng": 125.725652649, "Shape_Area": 888.95645062599999, "Pres_UNEP": 1 }, "geometry": { "type": "MultiPolygon", "coordinates": [ [ [ [ 26.489083241097404, 37.551503321499638 ], [ 26.488965657619655, 37.551459573614238 ], [ 26.488825820944495, 37.551474079402787 ], [ 26.488803567846226, 37.551532333967415 ], [ 26.488753711113851, 37.55163354510956 ], [ 26.488754993946561, 37.551672041480288 ], [ 26.488880706646682, 37.551669390090694 ], [ 26.488967741391193, 37.551667553901815 ], [ 26.489003380899824, 37.551720733610367 ], [ 26.489042308905844, 37.551741405976124 ], [ 26.489042701199168, 37.551739165277404 ], [ 26.489290907972865, 37.551647118243075 ], [ 26.489275400263683, 37.551607132789478 ], [ 26.489196500257453, 37.551562569680875 ], [ 26.489083241097404, 37.551503321499638 ] ] ] ] } },
{ "type": "Feature", "properties": { "datasetID": 583.0, "BIO_CLASS": "Posidonia beds (posidonion oceanicae) (Posidonia oceanica meadows (= association with Posidonia oceanica))", "fieldNotes": "Not reported", "habitat": "Posidonia beds", "AREA_SQKM": 0.00285067005, "vernacular": "Neptune grass", "FAMILY": "Posidoniaceae", "GENUS": "Posidonia", "scientific": "Posidonia oceanica", "habitatID": "EUNIS:A5.535", "nameAccord": "urn:lsid:marinespecies.org:taxname:145794", "eventDate": "2018-01-17", "verif": "Panayotidis Panayotis", "Shape_Leng": 259.978834925, "Shape_Area": 2855.6263936800001, "Pres_UNEP": 1 }, "geometry": { "type": "MultiPolygon", "coordinates": [ [ [ [ 26.489016639153093, 37.552438484427981 ], [ 26.488901374519454, 37.552386679686606 ], [ 26.488806799088817, 37.552274170132975 ], [ 26.488759612758617, 37.552220928451476 ], [ 26.488846372246268, 37.552098570321078 ], [ 26.48884476916848, 37.552050393009267 ], [ 26.48883400166487, 37.551954199164705 ], [ 26.488801139958223, 37.551876548330902 ], [ 26.488716734155943, 37.551842169438416 ], [ 26.488604075578525, 37.551868651562906 ], [ 26.488493217739766, 37.551949331800415 ], [ 26.48849562151792, 37.552021597735774 ], [ 26.488427747304723, 37.552029055554982 ], [ 26.488331617464084, 37.552097372689275 ], [ 26.488258780152933, 37.552183278973096 ], [ 26.488231329995756, 37.552268227010813 ], [ 26.488235572260049, 37.552286885713812 ], [ 26.488295042915357, 37.552313615196475 ], [ 26.488308869726172, 37.552340359697382 ], [ 26.488354958649658, 37.552343964080166 ], [ 26.488408709779769, 37.552366935508537 ], [ 26.488424236771458, 37.552378661898679 ], [ 26.488471024329371, 37.552419859273208 ], [ 26.488518411513148, 37.552479124509013 ], [ 26.488610182328589, 37.552507321031698 ], [ 26.488632073345084, 37.552482753624176 ], [ 26.488706111495418, 37.55243298113983 ], [ 26.48874393156051, 37.552432183600175 ], [ 26.488835702187259, 37.552460379233011 ], [ 26.488867964967799, 37.552519963320279 ], [ 26.488930480319468, 37.552578908863296 ], [ 26.488983428315098, 37.552577791600427 ], [ 26.489019243980611, 37.552516772277087 ], [ 26.489016639153093, 37.552438484427981 ] ] ] ] } },
{ "type": "Feature", "properties": { "datasetID": 583.0, "BIO_CLASS": "Posidonia beds (posidonion oceanicae) (Posidonia oceanica meadows (= association with Posidonia oceanica))", "fieldNotes": "Not reported", "habitat": "Posidonia beds", "AREA_SQKM": 0.00854609172, "vernacular": "Neptune grass", "FAMILY": "Posidoniaceae", "GENUS": "Posidonia", "scientific": "Posidonia oceanica", "habitatID": "EUNIS:A5.535", "nameAccord": "urn:lsid:marinespecies.org:taxname:145794", "eventDate": "2018-01-17", "verif": "Panayotidis Panayotis", "Shape_Leng": 519.57077861599998, "Shape_Area": 8560.9451005200008, "Pres_UNEP": 1 }, "geometry": { "type": "MultiPolygon", "coordinates": [ [ [ [ 26.486349623941212, 37.555051484374566 ], [ 26.486497241998983, 37.554994268329999 ], [ 26.486646660556424, 37.554991118758508 ], [ 26.486793199117987, 37.55490145844891 ], [ 26.486932428701635, 37.554898523501869 ], [ 26.48697044814357, 37.554897722419433 ], [ 26.487165073338048, 37.554585322605952 ], [ 26.486878533276812, 37.554366038465439 ], [ 26.486822277931307, 37.553954032802999 ], [ 26.486137627932454, 37.55369034386969 ], [ 26.485748502088438, 37.553733088912743 ], [ 26.485778542713039, 37.553819029466574 ], [ 26.485929754127639, 37.553869952247418 ], [ 26.48602555461116, 37.553889576457699 ], [ 26.486244322486595, 37.553928255208611 ], [ 26.486480987264265, 37.554096413756305 ], [ 26.486526051243217, 37.554225324836914 ], [ 26.486529287084931, 37.554322651186126 ], [ 26.486434565533134, 37.554335467584842 ], [ 26.486260499035772, 37.554414886703668 ], [ 26.486181157511208, 37.554481489445322 ], [ 26.486211555972528, 37.554578242709887 ], [ 26.486213713132042, 37.55464312675835 ], [ 26.486134730907292, 37.554720542854326 ], [ 26.486013559633072, 37.554755560814549 ], [ 26.485990346801607, 37.554875087206504 ], [ 26.486063655899507, 37.555035866347573 ], [ 26.486349623941212, 37.555051484374566 ] ] ] ] } },
{ "type": "Feature", "properties": { "datasetID": 583.0, "BIO_CLASS": "Posidonia beds (posidonion oceanicae) (Posidonia oceanica meadows (= association with Posidonia oceanica))", "fieldNotes": "Not reported", "habitat": "Posidonia beds", "AREA_SQKM": 0.00241584061, "vernacular": "Neptune grass", "FAMILY": "Posidoniaceae", "GENUS": "Posidonia", "scientific": "Posidonia oceanica", "habitatID": "EUNIS:A5.535", "nameAccord": "urn:lsid:marinespecies.org:taxname:145794", "eventDate": "2018-01-17", "verif": "Panayotidis Panayotis", "Shape_Leng": 282.611331135, "Shape_Area": 2420.0387821999998, "Pres_UNEP": 1 }, "geometry": { "type": "MultiPolygon", "coordinates": [ [ [ [ 26.481018469925409, 37.556009751574351 ], [ 26.480988789175385, 37.555850195796104 ], [ 26.480898363313784, 37.555881220888814 ], [ 26.480792232505376, 37.55599023932443 ], [ 26.480768503848381, 37.556010154326096 ], [ 26.48073685058241, 37.556053950025508 ], [ 26.48081183977013, 37.556397557502031 ], [ 26.481023502582829, 37.556529019959939 ], [ 26.481123423349977, 37.556784178008449 ], [ 26.481077256053222, 37.55686281203144 ], [ 26.481174964532872, 37.556966701198746 ], [ 26.481262938255572, 37.556946278243132 ], [ 26.481291149661086, 37.556877729800128 ], [ 26.48121479320551, 37.556597806754347 ], [ 26.48113379404926, 37.55636166573894 ], [ 26.481072041514569, 37.556154244915902 ], [ 26.481018469925409, 37.556009751574351 ] ] ] ] } },
{ "type": "Feature", "properties": { "datasetID": 583.0, "BIO_CLASS": "Posidonia beds (posidonion oceanicae) (Posidonia oceanica meadows (= association with Posidonia oceanica))", "fieldNotes": "Not reported", "habitat": "Posidonia beds", "AREA_SQKM": 7.842709e-05, "vernacular": "Neptune grass", "FAMILY": "Posidoniaceae", "GENUS": "Posidonia", "scientific": "Posidonia oceanica", "habitatID": "EUNIS:A5.535", "nameAccord": "urn:lsid:marinespecies.org:taxname:145794", "eventDate": "2018-01-17", "verif": "Panayotidis Panayotis", "Shape_Leng": 34.276881321499999, "Shape_Area": 78.563350115800006, "Pres_UNEP": 1 }, "geometry": { "type": "MultiPolygon", "coordinates": [ [ [ [ 26.486530995366266, 37.557656918483126 ], [ 26.486468049599825, 37.557597570443917 ], [ 26.486410303814115, 37.557628023473946 ], [ 26.486406678742071, 37.557642852976876 ], [ 26.486439026796898, 37.557679352636661 ], [ 26.486446271946328, 37.557687525205075 ], [ 26.486526856642609, 37.557702787497327 ], [ 26.486530995366266, 37.557656918483126 ] ] ] ] } },
{ "type": "Feature", "properties": { "datasetID": 583.0, "BIO_CLASS": "Posidonia beds (posidonion oceanicae) (Posidonia oceanica meadows (= association with Posidonia oceanica))", "fieldNotes": "Not reported", "habitat": "Posidonia beds", "AREA_SQKM": 0.00107262275, "vernacular": "Neptune grass", "FAMILY": "Posidoniaceae", "GENUS": "Posidonia", "scientific": "Posidonia oceanica", "habitatID": "EUNIS:A5.535", "nameAccord": "urn:lsid:marinespecies.org:taxname:145794", "eventDate": "2018-01-17", "verif": "Panayotidis Panayotis", "Shape_Leng": 182.90572889399999, "Shape_Area": 1074.4864211500001, "Pres_UNEP": 1 }, "geometry": { "type": "MultiPolygon", "coordinates": [ [ [ [ 26.485963711648136, 37.557500499510347 ], [ 26.486094725651835, 37.557429481355484 ], [ 26.486189041081932, 37.557458099883704 ], [ 26.486186815294889, 37.557391136667491 ], [ 26.486189586096149, 37.557374078786289 ], [ 26.48612001267805, 37.557330351687824 ], [ 26.486051608423129, 37.557278704651658 ], [ 26.485994738181478, 37.557287487517407 ], [ 26.48596819585838, 37.557348720283123 ], [ 26.485920090768058, 37.557334563825663 ], [ 26.485909311531135, 37.557296870981837 ], [ 26.485907042681912, 37.557228658929368 ], [ 26.485868208495365, 37.557206725619601 ], [ 26.48578302959541, 37.557223688097395 ], [ 26.485737192939219, 37.557277741928324 ], [ 26.485758248792376, 37.557337973988091 ], [ 26.485769783065287, 37.557398405676814 ], [ 26.485827409211424, 37.557412359878391 ], [ 26.485790587438082, 37.557451056980597 ], [ 26.485802878604488, 37.557534224906725 ], [ 26.485806405420693, 37.557640330460259 ], [ 26.485942458590976, 37.55772089292347 ], [ 26.485985272065275, 37.557575887932202 ], [ 26.485963711648136, 37.557500499510347 ] ] ] ] } },
{ "type": "Feature", "properties": { "datasetID": 583.0, "BIO_CLASS": "Posidonia beds (posidonion oceanicae) (Posidonia oceanica meadows (= association with Posidonia oceanica))", "fieldNotes": "Not reported", "habitat": "Posidonia beds", "AREA_SQKM": 7.514832e-05, "vernacular": "Neptune grass", "FAMILY": "Posidoniaceae", "GENUS": "Posidonia", "scientific": "Posidonia oceanica", "habitatID": "EUNIS:A5.535", "nameAccord": "urn:lsid:marinespecies.org:taxname:145794", "eventDate": "2018-01-17", "verif": "Panayotidis Panayotis", "Shape_Leng": 33.960476655500003, "Shape_Area": 75.278878931799994, "Pres_UNEP": 1 }, "geometry": { "type": "MultiPolygon", "coordinates": [ [ [ [ 26.486523249201372, 37.557774352472258 ], [ 26.486504668179435, 37.557755680004959 ], [ 26.486443009374142, 37.557761744295064 ], [ 26.486432020615034, 37.557831926145084 ], [ 26.486480628316937, 37.557861239837514 ], [ 26.48651472003445, 37.557857797869744 ], [ 26.486514799096923, 37.557857484321268 ], [ 26.486523249201372, 37.557774352472258 ] ] ] ] } },
{ "type": "Feature", "properties": { "datasetID": 583.0, "BIO_CLASS": "Posidonia beds (posidonion oceanicae) (Posidonia oceanica meadows (= association with Posidonia oceanica))", "fieldNotes": "Not reported", "habitat": "Posidonia beds", "AREA_SQKM": 0.00788245473, "vernacular": "Neptune grass", "FAMILY": "Posidoniaceae", "GENUS": "Posidonia", "scientific": "Posidonia oceanica", "habitatID": "EUNIS:A5.535", "nameAccord": "urn:lsid:marinespecies.org:taxname:145794", "eventDate": "2018-01-17", "verif": "Panayotidis Panayotis", "Shape_Leng": 485.84144491699999, "Shape_Area": 7896.1498660699999, "Pres_UNEP": 1 }, "geometry": { "type": "MultiPolygon", "coordinates": [ [ [ [ 26.482001567520687, 37.557509811445989 ], [ 26.481853245490914, 37.55737432256204 ], [ 26.481767836136008, 37.557309828893011 ], [ 26.481713485907168, 37.55726878683582 ], [ 26.481660331249746, 37.557263878712313 ], [ 26.481531135045035, 37.557248516648578 ], [ 26.481454690019987, 37.557226016301449 ], [ 26.481377845228494, 37.557191475734228 ], [ 26.48131473194659, 37.557114458778749 ], [ 26.481312533051923, 37.557048216395486 ], [ 26.481220959573072, 37.557026034917627 ], [ 26.481153874772556, 37.55705757776785 ], [ 26.481155475255349, 37.557105755411676 ], [ 26.481172201168082, 37.557153615103637 ], [ 26.481195154099197, 37.557292333819049 ], [ 26.481244107153255, 37.557495608166221 ], [ 26.481247903880178, 37.557610030231515 ], [ 26.481272595161453, 37.557669774846701 ], [ 26.481311418090961, 37.557699090281666 ], [ 26.48137153531664, 37.557685773755125 ], [ 26.481429854477042, 37.557618255790956 ], [ 26.481433422107905, 37.557497654618373 ], [ 26.48148357701491, 37.557412230046538 ], [ 26.481513835575743, 37.557411592352089 ], [ 26.481553056939337, 37.557452952402855 ], [ 26.481608609551984, 37.557530127588542 ], [ 26.481650028458827, 37.557637731988365 ], [ 26.481652026752617, 37.557697954441799 ], [ 26.481627362632477, 37.557867211394907 ], [ 26.481591939480296, 37.557940273513523 ], [ 26.481563878364021, 37.558007155657322 ], [ 26.48155791217772, 37.558055490747655 ], [ 26.481622626374662, 37.558180685089773 ], [ 26.481677377974709, 37.558233771153567 ], [ 26.481731728728818, 37.558274812527038 ], [ 26.481839891979075, 37.558334023866919 ], [ 26.482159081028119, 37.558321655894439 ], [ 26.482213571507806, 37.558263500909611 ], [ 26.482199342475138, 37.558222791635501 ], [ 26.482249495722002, 37.558137367634821 ], [ 26.48229308444008, 37.558082213940665 ], [ 26.482426451966198, 37.557995037660497 ], [ 26.482529559522511, 37.557908499114667 ], [ 26.482496299743772, 37.557818803041236 ], [ 26.482448114965667, 37.557735446866886 ], [ 26.482323881881111, 37.557641638532949 ], [ 26.482207214275331, 37.557547669494824 ], [ 26.482001567520687, 37.557509811445989 ] ] ] ] } },
{ "type": "Feature", "properties": { "datasetID": 583.0, "BIO_CLASS": "Posidonia beds (posidonion oceanicae) (Posidonia oceanica meadows (= association with Posidonia oceanica))", "fieldNotes": "Not reported", "habitat": "Posidonia beds", "AREA_SQKM": 0.00456972053, "vernacular": "Neptune grass", "FAMILY": "Posidoniaceae", "GENUS": "Posidonia", "scientific": "Posidonia oceanica", "habitatID": "EUNIS:A5.535", "nameAccord": "urn:lsid:marinespecies.org:taxname:145794", "eventDate": "2018-01-17", "verif": "Panayotidis Panayotis", "Shape_Leng": 597.75065944000005, "Shape_Area": 4577.6591916500001, "Pres_UNEP": 1 }, "geometry": { "type": "MultiPolygon", "coordinates": [ [ [ [ 26.487671790563734, 37.55850051682259 ], [ 26.487577370838977, 37.558411496158541 ], [ 26.487464538048908, 37.558456346090665 ], [ 26.48737692867557, 37.558342911880231 ], [ 26.487368305073844, 37.558312756391544 ], [ 26.48724241076599, 37.55819406170513 ], [ 26.487221377945595, 37.558249110325121 ], [ 26.487113744174724, 37.558221042822659 ], [ 26.487127968760028, 37.558190405988441 ], [ 26.487140981736033, 37.558123389530977 ], [ 26.487146179506109, 37.558050471312484 ], [ 26.487116117685797, 37.558063239373851 ], [ 26.487019729766935, 37.558144148237574 ], [ 26.486929901406928, 37.55796401929981 ], [ 26.486867359602439, 37.55791679710854 ], [ 26.486808848592602, 37.557990839637121 ], [ 26.486774554487159, 37.557876280450891 ], [ 26.486662932933118, 37.557957508969743 ], [ 26.486599786422186, 37.557892098312891 ], [ 26.486494570486943, 37.557936786495546 ], [ 26.486503156263829, 37.55790312992324 ], [ 26.486473123362273, 37.557922070908035 ], [ 26.486404459488785, 37.557862638882213 ], [ 26.486261158991013, 37.557850694892338 ], [ 26.486175477312223, 37.557852499341919 ], [ 26.486167217748314, 37.557890595046636 ], [ 26.486343616248149, 37.55801324909811 ], [ 26.486448342515683, 37.55803635720082 ], [ 26.486573113951916, 37.558064066083283 ], [ 26.486687607841212, 37.558069238314168 ], [ 26.486794516711917, 37.558130836097597 ], [ 26.486869670358196, 37.558170555244551 ], [ 26.486932921464401, 37.558284010554203 ], [ 26.487136292444561, 37.558387340492622 ], [ 26.487130637388233, 37.558499788151593 ], [ 26.487408992314894, 37.558562180099791 ], [ 26.487618941953727, 37.558572922044917 ], [ 26.487640501906291, 37.558648310874069 ], [ 26.487719188232344, 37.558722494110505 ], [ 26.487714457711078, 37.558866696191266 ], [ 26.487593466055404, 37.558952673414204 ], [ 26.487537856748574, 37.558999351775995 ], [ 26.487434646732581, 37.559047033510062 ], [ 26.487444031360628, 37.559096198216658 ], [ 26.487513581342672, 37.559128795985387 ], [ 26.487666664802877, 37.559148321792577 ], [ 26.487782672285519, 37.559198965953208 ], [ 26.487847550720701, 37.55914450884115 ], [ 26.487907131556558, 37.558930892714173 ], [ 26.488016382813083, 37.558778420816694 ], [ 26.487974266709116, 37.558657959374145 ], [ 26.48787445128438, 37.55863579449796 ], [ 26.487834957549662, 37.558594155097381 ], [ 26.487779626602396, 37.558534647795049 ], [ 26.487671790563734, 37.55850051682259 ] ] ] ] } },
{ "type": "Feature", "properties": { "datasetID": 583.0, "BIO_CLASS": "Posidonia beds (posidonion oceanicae) (Posidonia oceanica meadows (= association with Posidonia oceanica))", "fieldNotes": "Not reported", "habitat": "Posidonia beds", "AREA_SQKM": 0.00017123573, "vernacular": "Neptune grass", "FAMILY": "Posidoniaceae", "GENUS": "Posidonia", "scientific": "Posidonia oceanica", "habitatID": "EUNIS:A5.535", "nameAccord": "urn:lsid:marinespecies.org:taxname:145794", "eventDate": "2018-01-17", "verif": "Panayotidis Panayotis", "Shape_Leng": 53.421382871100001, "Shape_Area": 171.533181434, "Pres_UNEP": 1 }, "geometry": { "type": "MultiPolygon", "coordinates": [ [ [ [ 26.500538289234591, 37.559028233726089 ], [ 26.500509005472431, 37.558974991999484 ], [ 26.500498401376642, 37.5589578571403 ], [ 26.500408277486883, 37.55889888232258 ], [ 26.500410245752665, 37.558890828941657 ], [ 26.500403036251775, 37.55889128381019 ], [ 26.500367455362188, 37.558903498134221 ], [ 26.500323240134726, 37.558944545828922 ], [ 26.500353734691465, 37.558995471691276 ], [ 26.500395005486745, 37.559009877340955 ], [ 26.50040887042314, 37.559026790511318 ], [ 26.50043543195881, 37.559021748091723 ], [ 26.500472239261832, 37.559023521638437 ], [ 26.500504470256107, 37.559040093879084 ], [ 26.500538289234591, 37.559028233726089 ] ] ] ] } },
{ "type": "Feature", "properties": { "datasetID": 583.0, "BIO_CLASS": "Posidonia beds (posidonion oceanicae) (Posidonia oceanica meadows (= association with Posidonia oceanica))", "fieldNotes": "Not reported", "habitat": "Posidonia beds", "AREA_SQKM": 9.656487e-05, "vernacular": "Neptune grass", "FAMILY": "Posidoniaceae", "GENUS": "Posidonia", "scientific": "Posidonia oceanica", "habitatID": "EUNIS:A5.535", "nameAccord": "urn:lsid:marinespecies.org:taxname:145794", "eventDate": "2018-01-17", "verif": "Panayotidis Panayotis", "Shape_Leng": 51.632175556500002, "Shape_Area": 96.732615510499997, "Pres_UNEP": 1 }, "geometry": { "type": "MultiPolygon", "coordinates": [ [ [ [ 26.488479169778319, 37.559229786656701 ], [ 26.488475891689529, 37.559131258460276 ], [ 26.488428542820639, 37.559139842678753 ], [ 26.488430306018785, 37.559192894552766 ], [ 26.488442197708412, 37.55931235914008 ], [ 26.488491967782689, 37.559328111756471 ], [ 26.488509243997623, 37.559274657971436 ], [ 26.488479169778319, 37.559229786656701 ] ] ] ] } },
{ "type": "Feature", "properties": { "datasetID": 583.0, "BIO_CLASS": "Posidonia beds (posidonion oceanicae) (Posidonia oceanica meadows (= association with Posidonia oceanica))", "fieldNotes": "Not reported", "habitat": "Posidonia beds", "AREA_SQKM": 0.00019538633, "vernacular": "Neptune grass", "FAMILY": "Posidoniaceae", "GENUS": "Posidonia", "scientific": "Posidonia oceanica", "habitatID": "EUNIS:A5.535", "nameAccord": "urn:lsid:marinespecies.org:taxname:145794", "eventDate": "2018-01-17", "verif": "Panayotidis Panayotis", "Shape_Leng": 58.878449691699998, "Shape_Area": 195.72573915699999, "Pres_UNEP": 1 }, "geometry": { "type": "MultiPolygon", "coordinates": [ [ [ [ 26.500307023026966, 37.559105336215517 ], [ 26.500318756177077, 37.559097446225714 ], [ 26.500317797884339, 37.559068815095699 ], [ 26.500323018847464, 37.559066168906796 ], [ 26.500317980938313, 37.559044045497252 ], [ 26.500320847456706, 37.559043501421087 ], [ 26.500263327289808, 37.559018398844238 ], [ 26.500260227887953, 37.558997452799318 ], [ 26.500214226474487, 37.558985057405351 ], [ 26.500179090832486, 37.559010633394863 ], [ 26.500101821977438, 37.559067661583619 ], [ 26.500093760561811, 37.559113674008842 ], [ 26.500187140944085, 37.559107875532852 ], [ 26.50025459353952, 37.55911599604881 ], [ 26.500307023026966, 37.559105336215517 ] ] ] ] } },
{ "type": "Feature", "properties": { "datasetID": 583.0, "BIO_CLASS": "Posidonia beds (posidonion oceanicae) (Posidonia oceanica meadows (= association with Posidonia oceanica))", "fieldNotes": "Not reported", "habitat": "Posidonia beds", "AREA_SQKM": 3.092985e-05, "vernacular": "Neptune grass", "FAMILY": "Posidoniaceae", "GENUS": "Posidonia", "scientific": "Posidonia oceanica", "habitatID": "EUNIS:A5.535", "nameAccord": "urn:lsid:marinespecies.org:taxname:145794", "eventDate": "2018-01-17", "verif": "Panayotidis Panayotis", "Shape_Leng": 25.010659823899999, "Shape_Area": 30.983579272099998, "Pres_UNEP": 1 }, "geometry": { "type": "MultiPolygon", "coordinates": [ [ [ [ 26.500113513982168, 37.559191835537398 ], [ 26.500155744740216, 37.559173481786736 ], [ 26.500184961530909, 37.559186234021922 ], [ 26.50020842939762, 37.559170455802743 ], [ 26.500191538305877, 37.559140485668927 ], [ 26.500159263328005, 37.55913520742115 ], [ 26.500140272684813, 37.559141338879719 ], [ 26.500119588694439, 37.559168517971919 ], [ 26.500113513982168, 37.559191835537398 ] ] ] ] } },
{ "type": "Feature", "properties": { "datasetID": 583.0, "BIO_CLASS": "Posidonia beds (posidonion oceanicae) (Posidonia oceanica meadows (= association with Posidonia oceanica))", "fieldNotes": "Not reported", "habitat": "Posidonia beds", "AREA_SQKM": 2.830378e-05, "vernacular": "Neptune grass", "FAMILY": "Posidoniaceae", "GENUS": "Posidonia", "scientific": "Posidonia oceanica", "habitatID": "EUNIS:A5.535", "nameAccord": "urn:lsid:marinespecies.org:taxname:145794", "eventDate": "2018-01-17", "verif": "Panayotidis Panayotis", "Shape_Leng": 24.440784898299999, "Shape_Area": 28.352949165599998, "Pres_UNEP": 1 }, "geometry": { "type": "MultiPolygon", "coordinates": [ [ [ [ 26.48837097901529, 37.559414090062539 ], [ 26.488370007319745, 37.559384939540514 ], [ 26.488323376087894, 37.55941509430891 ], [ 26.488325176948972, 37.559469229111642 ], [ 26.488372239377913, 37.559451983804429 ], [ 26.48837097901529, 37.559414090062539 ] ] ] ] } },
{ "type": "Feature", "properties": { "datasetID": 583.0, "BIO_CLASS": "Posidonia beds (posidonion oceanicae) (Posidonia oceanica meadows (= association with Posidonia oceanica))", "fieldNotes": "Not reported", "habitat": "Posidonia beds", "AREA_SQKM": 0.00093240208, "vernacular": "Neptune grass", "FAMILY": "Posidoniaceae", "GENUS": "Posidonia", "scientific": "Posidonia oceanica", "habitatID": "EUNIS:A5.535", "nameAccord": "urn:lsid:marinespecies.org:taxname:145794", "eventDate": "2018-01-17", "verif": "Panayotidis Panayotis", "Shape_Leng": 133.48726862199999, "Shape_Area": 934.02168468399998, "Pres_UNEP": 1 }, "geometry": { "type": "MultiPolygon", "coordinates": [ [ [ [ 26.487042605430997, 37.55929040881955 ], [ 26.486936697348515, 37.559270300058962 ], [ 26.486881768814808, 37.559324136286548 ], [ 26.486845702572595, 37.559385571059771 ], [ 26.48684797250429, 37.559453781203779 ], [ 26.486755036311219, 37.559523998981831 ], [ 26.486747783508704, 37.559592409669591 ], [ 26.486797149763671, 37.559644460066743 ], [ 26.486854273443722, 37.559643256206236 ], [ 26.486891597277971, 37.559619715127205 ], [ 26.487024379288872, 37.559601748197323 ], [ 26.487070973691893, 37.55957042928646 ], [ 26.487077972632729, 37.559494439502139 ], [ 26.487075956230242, 37.559433808445696 ], [ 26.48718944462464, 37.559408663423724 ], [ 26.487158868827755, 37.559348632114741 ], [ 26.487127529949404, 37.559310972451641 ], [ 26.487042605430997, 37.55929040881955 ] ] ] ] } },
{ "type": "Feature", "properties": { "datasetID": 583.0, "BIO_CLASS": "Posidonia beds (posidonion oceanicae) (Posidonia oceanica meadows (= association with Posidonia oceanica))", "fieldNotes": "Not reported", "habitat": "Posidonia beds", "AREA_SQKM": 8.439249e-05, "vernacular": "Neptune grass", "FAMILY": "Posidoniaceae", "GENUS": "Posidonia", "scientific": "Posidonia oceanica", "habitatID": "EUNIS:A5.535", "nameAccord": "urn:lsid:marinespecies.org:taxname:145794", "eventDate": "2018-01-17", "verif": "Panayotidis Panayotis", "Shape_Leng": 59.722100189099997, "Shape_Area": 84.539088784900002, "Pres_UNEP": 1 }, "geometry": { "type": "MultiPolygon", "coordinates": [ [ [ [ 26.500056001259257, 37.559204246842732 ], [ 26.500034102713478, 37.559195160940483 ], [ 26.500001557469258, 37.559226410899292 ], [ 26.499959836901024, 37.559255943841613 ], [ 26.499918711066865, 37.559288906415425 ], [ 26.499881625095703, 37.559327893586783 ], [ 26.499888247358022, 37.559353730176838 ], [ 26.499899112975779, 37.559391700749259 ], [ 26.499908414881631, 37.559395559633828 ], [ 26.499935948501818, 37.55933936778095 ], [ 26.499959325460157, 37.559294302138419 ], [ 26.500008064161555, 37.559263556499801 ], [ 26.500056326986265, 37.559213962496436 ], [ 26.500056001259257, 37.559204246842732 ] ] ] ] } },
{ "type": "Feature", "properties": { "datasetID": 583.0, "BIO_CLASS": "Posidonia beds (posidonion oceanicae) (Posidonia oceanica meadows (= association with Posidonia oceanica))", "fieldNotes": "Not reported", "habitat": "Posidonia beds", "AREA_SQKM": 0.0013853935, "vernacular": "Neptune grass", "FAMILY": "Posidoniaceae", "GENUS": "Posidonia", "scientific": "Posidonia oceanica", "habitatID": "EUNIS:A5.535", "nameAccord": "urn:lsid:marinespecies.org:taxname:145794", "eventDate": "2018-01-17", "verif": "Panayotidis Panayotis", "Shape_Leng": 195.38013446100001, "Shape_Area": 1387.7999752400001, "Pres_UNEP": 1 }, "geometry": { "type": "MultiPolygon", "coordinates": [ [ [ [ 26.487506390520945, 37.559485408347292 ], [ 26.487523917587119, 37.559439534504889 ], [ 26.487668236065893, 37.559481996381507 ], [ 26.487753668404373, 37.559472611930531 ], [ 26.487780463999712, 37.559418956727349 ], [ 26.487789546766038, 37.559383341756146 ], [ 26.487737844905027, 37.559283338470053 ], [ 26.487679208752091, 37.559239069524033 ], [ 26.487565467843783, 37.559256634546209 ], [ 26.487450217998042, 37.559228727651167 ], [ 26.487343981063752, 37.55918546119603 ], [ 26.487267565590408, 37.559179487836374 ], [ 26.487261070717544, 37.55927063657375 ], [ 26.487257559432162, 37.559271718544622 ], [ 26.487328469554011, 37.559291967740769 ], [ 26.487359046352843, 37.55935199814936 ], [ 26.48739939580102, 37.559419405414673 ], [ 26.487381615371959, 37.559457701916131 ], [ 26.487290950904391, 37.559596129888497 ], [ 26.487311756038913, 37.55964878177528 ], [ 26.487369382533263, 37.559662736135074 ], [ 26.487493147850753, 37.55966012703437 ], [ 26.487559790440262, 37.559658720911081 ], [ 26.487558026286216, 37.559605668912582 ], [ 26.487536968305498, 37.559545437047909 ], [ 26.487506390520945, 37.559485408347292 ] ] ] ] } },
{ "type": "Feature", "properties": { "datasetID": 583.0, "BIO_CLASS": "Posidonia beds (posidonion oceanicae) (Posidonia oceanica meadows (= association with Posidonia oceanica))", "fieldNotes": "Not reported", "habitat": "Posidonia beds", "AREA_SQKM": 0.00091032948, "vernacular": "Neptune grass", "FAMILY": "Posidoniaceae", "GENUS": "Posidonia", "scientific": "Posidonia oceanica", "habitatID": "EUNIS:A5.535", "nameAccord": "urn:lsid:marinespecies.org:taxname:145794", "eventDate": "2018-01-17", "verif": "Panayotidis Panayotis", "Shape_Leng": 283.05633729300001, "Shape_Area": 911.90929723900001, "Pres_UNEP": 1 }, "geometry": { "type": "MultiPolygon", "coordinates": [ [ [ [ 26.503007316619595, 37.56592104787876 ], [ 26.502909344328842, 37.565863658229517 ], [ 26.502737853550688, 37.565841809642812 ], [ 26.502652248913776, 37.565835131232717 ], [ 26.50247151426354, 37.565855954341558 ], [ 26.502216407876649, 37.565886851157721 ], [ 26.501933284355086, 37.566037277560056 ], [ 26.501924122927814, 37.566094839497595 ], [ 26.502000863210259, 37.566052715382234 ], [ 26.502144450608096, 37.565994504252274 ], [ 26.502308079079143, 37.56591380152318 ], [ 26.502723790058813, 37.565910500738852 ], [ 26.502889632419386, 37.565895950614888 ], [ 26.502895353313392, 37.566066845079476 ], [ 26.50291723679792, 37.566099480207377 ], [ 26.502884271476859, 37.566149829362601 ], [ 26.502935517264817, 37.566231492304738 ], [ 26.502934839483714, 37.566233307429705 ], [ 26.50301584351838, 37.566175729553052 ], [ 26.503007316619595, 37.56592104787876 ] ] ] ] } },
{ "type": "Feature", "properties": { "datasetID": 583.0, "BIO_CLASS": "Posidonia beds (posidonion oceanicae) (Posidonia oceanica meadows (= association with Posidonia oceanica))", "fieldNotes": "Not reported", "habitat": "Posidonia beds", "AREA_SQKM": 0.00049684225, "vernacular": "Neptune grass", "FAMILY": "Posidoniaceae", "GENUS": "Posidonia", "scientific": "Posidonia oceanica", "habitatID": "EUNIS:A5.535", "nameAccord": "urn:lsid:marinespecies.org:taxname:145794", "eventDate": "2018-01-17", "verif": "Panayotidis Panayotis", "Shape_Leng": 122.950512244, "Shape_Area": 497.70530746399999, "Pres_UNEP": 1 }, "geometry": { "type": "MultiPolygon", "coordinates": [ [ [ [ 26.500480635713526, 37.559202889300643 ], [ 26.500523666802863, 37.559198156894205 ], [ 26.500559948447307, 37.559206938961601 ], [ 26.500577051022919, 37.559216127320383 ], [ 26.500593515951493, 37.559206227069126 ], [ 26.500591984734594, 37.559160417767899 ], [ 26.500576384887566, 37.559124457495926 ], [ 26.500556820684057, 37.559113412569218 ], [ 26.500510884751197, 37.559102925851228 ], [ 26.500498130969667, 37.559080275142939 ], [ 26.500449921649253, 37.559073656137492 ], [ 26.500447203770658, 37.559071019664181 ], [ 26.500437083941847, 37.559071235174926 ], [ 26.500394563872774, 37.559101848297608 ], [ 26.500322684891998, 37.559143205167715 ], [ 26.500290266440377, 37.559178273369589 ], [ 26.500298544517644, 37.559210567316846 ], [ 26.500280755019883, 37.55923301666104 ], [ 26.500231355157172, 37.559243970620606 ], [ 26.500206689260999, 37.559261982563356 ], [ 26.500206951844056, 37.559269810732737 ], [ 26.500224436270159, 37.55929045120476 ], [ 26.500292017613614, 37.559302388215407 ], [ 26.500313849879095, 37.559309567203698 ], [ 26.500323759767717, 37.559318907484815 ], [ 26.500318036135067, 37.55936296005445 ], [ 26.500311544137389, 37.559384108400373 ], [ 26.500326185641971, 37.5593914375428 ], [ 26.500357354612035, 37.559390776877699 ], [ 26.500392170871887, 37.559355659176731 ], [ 26.500398852256129, 37.559340235124083 ], [ 26.500379097270667, 37.559323465012184 ], [ 26.500359278638143, 37.559304784449971 ], [ 26.500356433564264, 37.559291473998435 ], [ 26.500382425568983, 37.559279462796084 ], [ 26.500425134806321, 37.55926518784652 ], [ 26.500433832330348, 37.559238263114594 ], [ 26.500445119378341, 37.559217013211494 ], [ 26.500480635713526, 37.559202889300643 ] ] ] ] } },
{ "type": "Feature", "properties": { "datasetID": 583.0, "BIO_CLASS": "Posidonia beds (posidonion oceanicae) (Posidonia oceanica meadows (= association with Posidonia oceanica))", "fieldNotes": "Not reported", "habitat": "Posidonia beds", "AREA_SQKM": 0.00036993549, "vernacular": "Neptune grass", "FAMILY": "Posidoniaceae", "GENUS": "Posidonia", "scientific": "Posidonia oceanica", "habitatID": "EUNIS:A5.535", "nameAccord": "urn:lsid:marinespecies.org:taxname:145794", "eventDate": "2018-01-17", "verif": "Panayotidis Panayotis", "Shape_Leng": 88.007017155200003, "Shape_Area": 370.57806739699998, "Pres_UNEP": 1 }, "geometry": { "type": "MultiPolygon", "coordinates": [ [ [ [ 26.48794331863423, 37.559445861169067 ], [ 26.487886284407246, 37.559443574454818 ], [ 26.487859650946053, 37.559508299343555 ], [ 26.487832602620692, 37.55955437458119 ], [ 26.487700578708449, 37.559595079712302 ], [ 26.487701586722281, 37.559625396146082 ], [ 26.487769742502294, 37.559669464682045 ], [ 26.487902525189991, 37.559651495981186 ], [ 26.487949116869125, 37.559620176179244 ], [ 26.487984677514369, 37.559543584004302 ], [ 26.488011222706383, 37.559482349678227 ], [ 26.488010071696284, 37.559447771622111 ], [ 26.48794331863423, 37.559445861169067 ] ] ] ] } },
{ "type": "Feature", "properties": { "datasetID": 583.0, "BIO_CLASS": "Posidonia beds (posidonion oceanicae) (Posidonia oceanica meadows (= association with Posidonia oceanica))", "fieldNotes": "Not reported", "habitat": "Posidonia beds", "AREA_SQKM": 0.00020078714, "vernacular": "Neptune grass", "FAMILY": "Posidoniaceae", "GENUS": "Posidonia", "scientific": "Posidonia oceanica", "habitatID": "EUNIS:A5.535", "nameAccord": "urn:lsid:marinespecies.org:taxname:145794", "eventDate": "2018-01-17", "verif": "Panayotidis Panayotis", "Shape_Leng": 72.812881702300004, "Shape_Area": 201.135919148, "Pres_UNEP": 1 }, "geometry": { "type": "MultiPolygon", "coordinates": [ [ [ [ 26.500269318102891, 37.559341070670925 ], [ 26.500240479859404, 37.559339771422245 ], [ 26.500175744510738, 37.559341143980085 ], [ 26.500118203960966, 37.559342363737102 ], [ 26.500105403535834, 37.55933595493444 ], [ 26.500091688307329, 37.559345973546549 ], [ 26.500056821831905, 37.5593723153534 ], [ 26.500068479307217, 37.559395987122883 ], [ 26.500008796279388, 37.559471534365123 ], [ 26.500040208506675, 37.559480773080971 ], [ 26.500066065220413, 37.559509938632139 ], [ 26.500109456653551, 37.559487050285135 ], [ 26.500110936823855, 37.559483860896549 ], [ 26.5001462638585, 37.559464012672755 ], [ 26.500148084831849, 37.559446782381173 ], [ 26.500158671439099, 37.559404536906314 ], [ 26.500177276587976, 37.55938695243978 ], [ 26.500205985819203, 37.5593844334335 ], [ 26.500265861908535, 37.559381254645444 ], [ 26.500274813849565, 37.559361965524062 ], [ 26.500269318102891, 37.559341070670925 ] ] ] ] } },
{ "type": "Feature", "properties": { "datasetID": 583.0, "BIO_CLASS": "Posidonia beds (posidonion oceanicae) (Posidonia oceanica meadows (= association with Posidonia oceanica))", "fieldNotes": "Not reported", "habitat": "Posidonia beds", "AREA_SQKM": 6.554492e-05, "vernacular": "Neptune grass", "FAMILY": "Posidoniaceae", "GENUS": "Posidonia", "scientific": "Posidonia oceanica", "habitatID": "EUNIS:A5.535", "nameAccord": "urn:lsid:marinespecies.org:taxname:145794", "eventDate": "2018-01-17", "verif": "Panayotidis Panayotis", "Shape_Leng": 45.629258876400002, "Shape_Area": 65.658773529699999, "Pres_UNEP": 1 }, "geometry": { "type": "MultiPolygon", "coordinates": [ [ [ [ 26.50021861119323, 37.559403268570598 ], [ 26.500201827020454, 37.559403622750693 ], [ 26.500183029982324, 37.559415482042859 ], [ 26.500183667205338, 37.559434568906944 ], [ 26.500174844475257, 37.55945767717526 ], [ 26.500137374012485, 37.559485210491026 ], [ 26.500125074581071, 37.559495537362302 ], [ 26.500127898573105, 37.559498724101353 ], [ 26.500097008133622, 37.559537827901927 ], [ 26.50011310519886, 37.559548757147525 ], [ 26.500132094737157, 37.559542625676343 ], [ 26.500153163853788, 37.559526897773694 ], [ 26.50017605567184, 37.559493942226283 ], [ 26.500213588040282, 37.559468316712874 ], [ 26.500232386231591, 37.559456457417546 ], [ 26.50023446389665, 37.559446862756168 ], [ 26.500231301552347, 37.559424009746117 ], [ 26.50021861119323, 37.559403268570598 ] ] ] ] } },
{ "type": "Feature", "properties": { "datasetID": 583.0, "BIO_CLASS": "Posidonia beds (posidonion oceanicae) (Posidonia oceanica meadows (= association with Posidonia oceanica))", "fieldNotes": "Not reported", "habitat": "Posidonia beds", "AREA_SQKM": 8.330865e-05, "vernacular": "Neptune grass", "FAMILY": "Posidoniaceae", "GENUS": "Posidonia", "scientific": "Posidonia oceanica", "habitatID": "EUNIS:A5.535", "nameAccord": "urn:lsid:marinespecies.org:taxname:145794", "eventDate": "2018-01-17", "verif": "Panayotidis Panayotis", "Shape_Leng": 54.837938776500003, "Shape_Area": 83.453361487099997, "Pres_UNEP": 1 }, "geometry": { "type": "MultiPolygon", "coordinates": [ [ [ [ 26.499962309201365, 37.559559592770064 ], [ 26.499973659768809, 37.559540252403288 ], [ 26.499984207833165, 37.559568678688983 ], [ 26.499985036177335, 37.55959349251502 ], [ 26.5000044087503, 37.559598813170645 ], [ 26.500018539574224, 37.559590872816415 ], [ 26.500037211271039, 37.55957519613802 ], [ 26.500036508484818, 37.559554200572769 ], [ 26.500024137885273, 37.559543002821115 ], [ 26.500004446521316, 37.559528137846499 ], [ 26.50000374374844, 37.559507142286222 ], [ 26.499947957674134, 37.559512441741759 ], [ 26.499918859019768, 37.559572483699256 ], [ 26.499932539865817, 37.559632590151608 ], [ 26.499940949403001, 37.559638356846058 ], [ 26.499967323560757, 37.559637798636388 ], [ 26.499969147041654, 37.559620569212953 ], [ 26.499960676645131, 37.559582548251889 ], [ 26.499962309201365, 37.559559592770064 ] ] ] ] } },
{ "type": "Feature", "properties": { "datasetID": 583.0, "BIO_CLASS": "Posidonia beds (posidonion oceanicae) (Posidonia oceanica meadows (= association with Posidonia oceanica))", "fieldNotes": "Not reported", "habitat": "Posidonia beds", "AREA_SQKM": 9.74647e-06, "vernacular": "Neptune grass", "FAMILY": "Posidoniaceae", "GENUS": "Posidonia", "scientific": "Posidonia oceanica", "habitatID": "EUNIS:A5.535", "nameAccord": "urn:lsid:marinespecies.org:taxname:145794", "eventDate": "2018-01-17", "verif": "Panayotidis Panayotis", "Shape_Leng": 12.6018336596, "Shape_Area": 9.7634040020999997, "Pres_UNEP": 1 }, "geometry": { "type": "MultiPolygon", "coordinates": [ [ [ [ 26.499848233888013, 37.559692832641737 ], [ 26.499848993795169, 37.559685373651398 ], [ 26.499827521973657, 37.559690422270528 ], [ 26.499820838991113, 37.55970584458391 ], [ 26.499840595554012, 37.559722616494597 ], [ 26.499857185944407, 37.559716533596479 ], [ 26.49986781308565, 37.559707612837315 ], [ 26.499848233888013, 37.559692832641737 ] ] ] ] } },
{ "type": "Feature", "properties": { "datasetID": 583.0, "BIO_CLASS": "Posidonia beds (posidonion oceanicae) (Posidonia oceanica meadows (= association with Posidonia oceanica))", "fieldNotes": "Not reported", "habitat": "Posidonia beds", "AREA_SQKM": 0.00039358744, "vernacular": "Neptune grass", "FAMILY": "Posidoniaceae", "GENUS": "Posidonia", "scientific": "Posidonia oceanica", "habitatID": "EUNIS:A5.535", "nameAccord": "urn:lsid:marinespecies.org:taxname:145794", "eventDate": "2018-01-17", "verif": "Panayotidis Panayotis", "Shape_Leng": 163.37018772299999, "Shape_Area": 394.27108784000001, "Pres_UNEP": 1 }, "geometry": { "type": "MultiPolygon", "coordinates": [ [ [ [ 26.499898395447175, 37.559772199142834 ], [ 26.499914996002559, 37.559751982577644 ], [ 26.499907220701346, 37.559749091721152 ], [ 26.499878346859671, 37.559746646902774 ], [ 26.499855329330899, 37.559747134453261 ], [ 26.49980031741535, 37.559766638240326 ], [ 26.499779219066689, 37.559767085161646 ], [ 26.499736815829728, 37.559761871374057 ], [ 26.499722877382947, 37.559746884495446 ], [ 26.499720120736736, 37.559664428419445 ], [ 26.499726876037112, 37.559636781140483 ], [ 26.499739587153496, 37.559615118720174 ], [ 26.499758361295989, 37.559602497177366 ], [ 26.499762400429574, 37.559608523544405 ], [ 26.499763369706944, 37.559637536313346 ], [ 26.499754288881316, 37.559653008084247 ], [ 26.499741527815647, 37.559673143380969 ], [ 26.499741730893273, 37.559679251008554 ], [ 26.499757128547802, 37.559680453102736 ], [ 26.499773675716277, 37.559658709419296 ], [ 26.499794111397055, 37.559638412490528 ], [ 26.499800814425061, 37.55960923808798 ], [ 26.499809435288661, 37.559580022177293 ], [ 26.49982552423528, 37.559544537013878 ], [ 26.499847877736524, 37.559524198584377 ], [ 26.499866190752979, 37.55951691536562 ], [ 26.49986697773177, 37.559509204657751 ], [ 26.499889362668661, 37.559434447903008 ], [ 26.499894535815681, 37.559423886975708 ], [ 26.499863740601505, 37.559424538808464 ], [ 26.499799648918415, 37.559459513436423 ], [ 26.499755043912696, 37.559503243653715 ], [ 26.499748747391887, 37.559544635053882 ], [ 26.499735729642332, 37.559557134705528 ], [ 26.499723917147499, 37.559548215719992 ], [ 26.499682635403612, 37.559576596078259 ], [ 26.499672350851348, 37.559613488253568 ], [ 26.499654037403797, 37.559639852176986 ], [ 26.499635420020457, 37.559657055104815 ], [ 26.499619380788268, 37.559694066532963 ], [ 26.499612117311369, 37.55970644518964 ], [ 26.499612678318144, 37.559723243597688 ], [ 26.499618839319112, 37.559735335202042 ], [ 26.499663264133261, 37.559743563499431 ], [ 26.499684668726047, 37.559752277581197 ], [ 26.499692799465759, 37.55976585833622 ], [ 26.49969916645497, 37.559784060223677 ], [ 26.499770647786253, 37.559797826462038 ], [ 26.499818755179088, 37.559801391234281 ], [ 26.49984550791272, 37.559797769051123 ], [ 26.499877911565402, 37.559790971606411 ], [ 26.499898395447175, 37.559772199142834 ] ] ] ] } },
{ "type": "Feature", "properties": { "datasetID": 583.0, "BIO_CLASS": "Posidonia beds (posidonion oceanicae) (Posidonia oceanica meadows (= association with Posidonia oceanica))", "fieldNotes": "Not reported", "habitat": "Posidonia beds", "AREA_SQKM": 0.00108429896, "vernacular": "Neptune grass", "FAMILY": "Posidoniaceae", "GENUS": "Posidonia", "scientific": "Posidonia oceanica", "habitatID": "EUNIS:A5.535", "nameAccord": "urn:lsid:marinespecies.org:taxname:145794", "eventDate": "2018-01-17", "verif": "Panayotidis Panayotis", "Shape_Leng": 137.55745644699999, "Shape_Area": 1086.1823012, "Pres_UNEP": 1 }, "geometry": { "type": "MultiPolygon", "coordinates": [ [ [ [ 26.488265623094865, 37.559969964592376 ], [ 26.488258651442877, 37.559952322664884 ], [ 26.488256102617786, 37.559970165088906 ], [ 26.488179939192285, 37.559971770827701 ], [ 26.488128301358074, 37.559851510923828 ], [ 26.487982469961846, 37.559763574277184 ], [ 26.487993125969098, 37.559734136649645 ], [ 26.487896030703943, 37.559742643168832 ], [ 26.487820874734915, 37.559774567128841 ], [ 26.487785567602891, 37.559858737627501 ], [ 26.487827683666261, 37.559979198915542 ], [ 26.487926418169089, 37.56008329639338 ], [ 26.488108817622148, 37.560124957304168 ], [ 26.488220291929434, 37.560039178303519 ], [ 26.488265623094865, 37.559969964592376 ] ] ] ] } },
{ "type": "Feature", "properties": { "datasetID": 583.0, "BIO_CLASS": "Posidonia beds (posidonion oceanicae) (Posidonia oceanica meadows (= association with Posidonia oceanica))", "fieldNotes": "Not reported", "habitat": "Posidonia beds", "AREA_SQKM": 0.00035487073, "vernacular": "Neptune grass", "FAMILY": "Posidoniaceae", "GENUS": "Posidonia", "scientific": "Posidonia oceanica", "habitatID": "EUNIS:A5.535", "nameAccord": "urn:lsid:marinespecies.org:taxname:145794", "eventDate": "2018-01-17", "verif": "Panayotidis Panayotis", "Shape_Leng": 105.657536396, "Shape_Area": 355.48712546899998, "Pres_UNEP": 1 }, "geometry": { "type": "MultiPolygon", "coordinates": [ [ [ [ 26.499967277922959, 37.559851726426061 ], [ 26.499986138473279, 37.559841776681473 ], [ 26.500017309865825, 37.55984111601488 ], [ 26.500023798803458, 37.559819969386766 ], [ 26.500029843151321, 37.559785459281635 ], [ 26.500050976908899, 37.559771640932652 ], [ 26.500072364873436, 37.559765457343268 ], [ 26.500086747805145, 37.559765152624188 ], [ 26.500093304220616, 37.559745912927127 ], [ 26.500092730230499, 37.559728734722441 ], [ 26.50010200271478, 37.559718987246775 ], [ 26.500113479584076, 37.559703463359341 ], [ 26.500125276427521, 37.55969748380133 ], [ 26.500142059096113, 37.559697127854207 ], [ 26.50015139523326, 37.559689290835522 ], [ 26.500150821438488, 37.559672113518971 ], [ 26.500140911117114, 37.559662771454718 ], [ 26.500145386217564, 37.559653125555279 ], [ 26.500151750929334, 37.559628161570458 ], [ 26.500163036654104, 37.559606910742346 ], [ 26.500122278634741, 37.559607774554067 ], [ 26.500098556518175, 37.559615918054845 ], [ 26.500080622266605, 37.559581916733109 ], [ 26.50004958111769, 37.559586395657966 ], [ 26.500009779696271, 37.559615888024666 ], [ 26.499980077395019, 37.559660449408334 ], [ 26.499981417418375, 37.559700531874483 ], [ 26.499970588999943, 37.559705132689594 ], [ 26.49997322372143, 37.559709994061599 ], [ 26.499943463264472, 37.55975024170435 ], [ 26.49993494213496, 37.559745757476385 ], [ 26.499935122983995, 37.559751173526415 ], [ 26.499907883871646, 37.559797593285538 ], [ 26.499903663523369, 37.559814871302791 ], [ 26.499920699848939, 37.559822152765932 ], [ 26.499926645194503, 37.559856407619925 ], [ 26.499923061343093, 37.559892774316886 ], [ 26.499954870201861, 37.559911201443271 ], [ 26.499959283392947, 37.559899647724016 ], [ 26.499958261941291, 37.559869108670831 ], [ 26.499967277922959, 37.559851726426061 ] ] ] ] } },
{ "type": "Feature", "properties": { "datasetID": 583.0, "BIO_CLASS": "Posidonia beds (posidonion oceanicae) (Posidonia oceanica meadows (= association with Posidonia oceanica))", "fieldNotes": "Not reported", "habitat": "Posidonia beds", "AREA_SQKM": 0.00020498357, "vernacular": "Neptune grass", "FAMILY": "Posidoniaceae", "GENUS": "Posidonia", "scientific": "Posidonia oceanica", "habitatID": "EUNIS:A5.535", "nameAccord": "urn:lsid:marinespecies.org:taxname:145794", "eventDate": "2018-01-17", "verif": "Panayotidis Panayotis", "Shape_Leng": 81.314222794800003, "Shape_Area": 205.33961529800001, "Pres_UNEP": 1 }, "geometry": { "type": "MultiPolygon", "coordinates": [ [ [ [ 26.500113271163428, 37.559952247579751 ], [ 26.500104420574147, 37.559910834896769 ], [ 26.500099796711471, 37.559884189182448 ], [ 26.500099002242351, 37.55986043609628 ], [ 26.500109497225171, 37.559839413120294 ], [ 26.500143893653458, 37.559841062136904 ], [ 26.500133828823753, 37.559807994365372 ], [ 26.500145208503252, 37.55979111469172 ], [ 26.500159730371852, 37.559778921510961 ], [ 26.500152809291407, 37.559750542007045 ], [ 26.500131763099521, 37.559746232661311 ], [ 26.500114018618422, 37.559751364306905 ], [ 26.500099335899453, 37.559758807401394 ], [ 26.500093926005309, 37.559775560768408 ], [ 26.500106417621069, 37.55979193610851 ], [ 26.500107209970245, 37.559815690069748 ], [ 26.500078403469825, 37.559847204216204 ], [ 26.5000431517051, 37.559864589993566 ], [ 26.499986932425088, 37.559880044117342 ], [ 26.499973147598048, 37.559937496513164 ], [ 26.499973760886313, 37.55993711318505 ], [ 26.499976282094075, 37.559955315971465 ], [ 26.499996446602246, 37.559986837206033 ], [ 26.500063368281221, 37.560013167615686 ], [ 26.500088550393322, 37.559994371283452 ], [ 26.500113271163428, 37.559952247579751 ] ] ] ] } },
{ "type": "Feature", "properties": { "datasetID": 583.0, "BIO_CLASS": "Posidonia beds (posidonion oceanicae) (Posidonia oceanica meadows (= association with Posidonia oceanica))", "fieldNotes": "Not reported", "habitat": "Posidonia beds", "AREA_SQKM": 0.01132735204, "vernacular": "Neptune grass", "FAMILY": "Posidoniaceae", "GENUS": "Posidonia", "scientific": "Posidonia oceanica", "habitatID": "EUNIS:A5.535", "nameAccord": "urn:lsid:marinespecies.org:taxname:145794", "eventDate": "2018-01-17", "verif": "Panayotidis Panayotis", "Shape_Leng": 689.38085618499997, "Shape_Area": 11347.030296299999, "Pres_UNEP": 1 }, "geometry": { "type": "MultiPolygon", "coordinates": [ [ [ [ 26.486813993473866, 37.560686303779562 ], [ 26.486858997436972, 37.560582496573737 ], [ 26.486915699878463, 37.560587729814344 ], [ 26.486946483885578, 37.560542080061964 ], [ 26.487008051875573, 37.560450780588688 ], [ 26.486998058216408, 37.560393133730052 ], [ 26.486900578810822, 37.560375900708159 ], [ 26.486819879102455, 37.560377601840869 ], [ 26.486745113879554, 37.560314891353201 ], [ 26.486751474781713, 37.560263326565476 ], [ 26.48673763714925, 37.56009004350404 ], [ 26.48660446106965, 37.559970706519181 ], [ 26.486585757520132, 37.559893955224993 ], [ 26.486527133584129, 37.559830903957973 ], [ 26.486404589079541, 37.559788484402425 ], [ 26.486266762022424, 37.559772102879982 ], [ 26.48620156399749, 37.559754190697589 ], [ 26.485916723295354, 37.559445184607057 ], [ 26.485826247301713, 37.559395661217771 ], [ 26.485269815654313, 37.559175949574069 ], [ 26.485085662921907, 37.558980536993715 ], [ 26.484840152989516, 37.55888284888222 ], [ 26.484632646970812, 37.558713643174286 ], [ 26.484517109403829, 37.55863893176447 ], [ 26.484344016480438, 37.558533288494083 ], [ 26.484279246690612, 37.55852822312292 ], [ 26.484256318085507, 37.558567278154193 ], [ 26.484241458563798, 37.558606162728104 ], [ 26.484245216816362, 37.558639761125839 ], [ 26.484279702634403, 37.558665799887997 ], [ 26.484575420078013, 37.558889085438707 ], [ 26.485144148596028, 37.559330118484432 ], [ 26.485223325527784, 37.559459584107273 ], [ 26.485323122974926, 37.559553174256237 ], [ 26.485795228476796, 37.559995915206514 ], [ 26.486316303587515, 37.560354496998826 ], [ 26.486290732373515, 37.560486168757571 ], [ 26.486487651484264, 37.560553548144007 ], [ 26.486566433513801, 37.560671098669154 ], [ 26.486810843463491, 37.560696565352998 ], [ 26.486813993473866, 37.560686303779562 ] ] ] ] } },
{ "type": "Feature", "properties": { "datasetID": 583.0, "BIO_CLASS": "Posidonia beds (posidonion oceanicae) (Posidonia oceanica meadows (= association with Posidonia oceanica))", "fieldNotes": "Not reported", "habitat": "Posidonia beds", "AREA_SQKM": 0.00066919151, "vernacular": "Neptune grass", "FAMILY": "Posidoniaceae", "GENUS": "Posidonia", "scientific": "Posidonia oceanica", "habitatID": "EUNIS:A5.535", "nameAccord": "urn:lsid:marinespecies.org:taxname:145794", "eventDate": "2018-01-17", "verif": "Panayotidis Panayotis", "Shape_Leng": 106.786579817, "Shape_Area": 670.35142482499998, "Pres_UNEP": 1 }, "geometry": { "type": "MultiPolygon", "coordinates": [ [ [ [ 26.478660489413837, 37.576226123430175 ], [ 26.478295945827394, 37.576224714539862 ], [ 26.478244314316626, 37.576371978553418 ], [ 26.478390270831724, 37.576472117650297 ], [ 26.478651885302046, 37.576307194280808 ], [ 26.478660489413837, 37.576226123430175 ] ] ] ] } },
{ "type": "Feature", "properties": { "datasetID": 583.0, "BIO_CLASS": "Posidonia beds (posidonion oceanicae) (Posidonia oceanica meadows (= association with Posidonia oceanica))", "fieldNotes": "Not reported", "habitat": "Posidonia beds", "AREA_SQKM": 0.00028138695, "vernacular": "Neptune grass", "FAMILY": "Posidoniaceae", "GENUS": "Posidonia", "scientific": "Posidonia oceanica", "habitatID": "EUNIS:A5.535", "nameAccord": "urn:lsid:marinespecies.org:taxname:145794", "eventDate": "2018-01-17", "verif": "Panayotidis Panayotis", "Shape_Leng": 118.106921468, "Shape_Area": 281.87566730100002, "Pres_UNEP": 1 }, "geometry": { "type": "MultiPolygon", "coordinates": [ [ [ [ 26.500275776948612, 37.560414127607139 ], [ 26.500274745054149, 37.56038324665839 ], [ 26.500231300324359, 37.560334248566519 ], [ 26.500200826546727, 37.560315876162079 ], [ 26.500160366706734, 37.560266814493119 ], [ 26.500145253489624, 37.560172049291047 ], [ 26.500133600072935, 37.560091472584141 ], [ 26.500124204209314, 37.560056015593148 ], [ 26.500104760229195, 37.560032656413654 ], [ 26.500089541834939, 37.560024064207347 ], [ 26.500076220641358, 37.56002755567436 ], [ 26.500072320817704, 37.560084118685026 ], [ 26.500114964814973, 37.560159282860589 ], [ 26.500112593454464, 37.560231218801228 ], [ 26.500092188144013, 37.560263979273714 ], [ 26.500057268727097, 37.560291344001357 ], [ 26.500102208367316, 37.560349344128888 ], [ 26.500115560088346, 37.560355717634415 ], [ 26.50014532049553, 37.560352710180595 ], [ 26.500162986911654, 37.560345203470114 ], [ 26.500181288964367, 37.56035670333727 ], [ 26.500157733726137, 37.560366708752248 ], [ 26.500143767409469, 37.560395529967529 ], [ 26.500144481941742, 37.560416909834032 ], [ 26.500174321842561, 37.560416278312687 ], [ 26.500189003448895, 37.560408835193577 ], [ 26.500219319646895, 37.560422456622845 ], [ 26.500243588654751, 37.560433827540443 ], [ 26.500275776948612, 37.560414127607139 ] ] ] ] } },
{ "type": "Feature", "properties": { "datasetID": 583.0, "BIO_CLASS": "Posidonia beds (posidonion oceanicae) (Posidonia oceanica meadows (= association with Posidonia oceanica))", "fieldNotes": "Not reported", "habitat": "Posidonia beds", "AREA_SQKM": 8.65066e-05, "vernacular": "Neptune grass", "FAMILY": "Posidoniaceae", "GENUS": "Posidonia", "scientific": "Posidonia oceanica", "habitatID": "EUNIS:A5.535", "nameAccord": "urn:lsid:marinespecies.org:taxname:145794", "eventDate": "2018-01-17", "verif": "Panayotidis Panayotis", "Shape_Leng": 44.032076500099997, "Shape_Area": 86.656841906799997, "Pres_UNEP": 1 }, "geometry": { "type": "MultiPolygon", "coordinates": [ [ [ [ 26.500157955505117, 37.560551904410161 ], [ 26.500181595089348, 37.560544488666615 ], [ 26.500175229978787, 37.560532739712855 ], [ 26.500165562885595, 37.560511548848716 ], [ 26.500164292552221, 37.560473540082441 ], [ 26.500161070078136, 37.560466479407076 ], [ 26.500137356255532, 37.56047173472583 ], [ 26.500125897703214, 37.560486241172903 ], [ 26.500114277686837, 37.56049599486898 ], [ 26.500110579680239, 37.560474679470929 ], [ 26.500099681649807, 37.560468824427502 ], [ 26.500099431507916, 37.560480621956046 ], [ 26.500056588511505, 37.560485331428609 ], [ 26.50003430508988, 37.560533347387029 ], [ 26.500049263237127, 37.560552046613054 ], [ 26.500096945194962, 37.560549134546918 ], [ 26.500156688485788, 37.560549770484911 ], [ 26.500157955505117, 37.560551904410161 ] ] ] ] } },
{ "type": "Feature", "properties": { "datasetID": 583.0, "BIO_CLASS": "Posidonia beds (posidonion oceanicae) (Posidonia oceanica meadows (= association with Posidonia oceanica))", "fieldNotes": "Not reported", "habitat": "Posidonia beds", "AREA_SQKM": 0.00136936405, "vernacular": "Neptune grass", "FAMILY": "Posidoniaceae", "GENUS": "Posidonia", "scientific": "Posidonia oceanica", "habitatID": "EUNIS:A5.535", "nameAccord": "urn:lsid:marinespecies.org:taxname:145794", "eventDate": "2018-01-17", "verif": "Panayotidis Panayotis", "Shape_Leng": 201.451784699, "Shape_Area": 1371.74176083, "Pres_UNEP": 1 }, "geometry": { "type": "MultiPolygon", "coordinates": [ [ [ [ 26.477769268867704, 37.560579853904819 ], [ 26.477667759692451, 37.560536936921025 ], [ 26.477695975332271, 37.560608364247976 ], [ 26.477787748569394, 37.560693000571753 ], [ 26.477919296562646, 37.56078467200382 ], [ 26.478071122861834, 37.560891655477661 ], [ 26.478162636703768, 37.560968427472311 ], [ 26.478254670843938, 37.561060928402924 ], [ 26.478325646806965, 37.561114523988934 ], [ 26.478465509827231, 37.561158803068963 ], [ 26.47855441737676, 37.561156934995317 ], [ 26.478532053498423, 37.561078710865395 ], [ 26.478509688365779, 37.561036276027814 ], [ 26.478280613326731, 37.560826613934694 ], [ 26.477769268867704, 37.560579853904819 ] ] ] ] } },
{ "type": "Feature", "properties": { "datasetID": 583.0, "BIO_CLASS": "Posidonia beds (posidonion oceanicae) (Posidonia oceanica meadows (= association with Posidonia oceanica))", "fieldNotes": "Not reported", "habitat": "Posidonia beds", "AREA_SQKM": 0.00016957404, "vernacular": "Neptune grass", "FAMILY": "Posidoniaceae", "GENUS": "Posidonia", "scientific": "Posidonia oceanica", "habitatID": "EUNIS:A5.535", "nameAccord": "urn:lsid:marinespecies.org:taxname:145794", "eventDate": "2018-01-17", "verif": "Panayotidis Panayotis", "Shape_Leng": 55.167861282099999, "Shape_Area": 169.86854957899999, "Pres_UNEP": 1 }, "geometry": { "type": "MultiPolygon", "coordinates": [ [ [ [ 26.500376029894753, 37.560554631877423 ], [ 26.500340221478982, 37.560555390586842 ], [ 26.500316508998857, 37.560560646791238 ], [ 26.50026076448016, 37.560590353048568 ], [ 26.500252848878738, 37.560621424811039 ], [ 26.500248389623447, 37.560666685069407 ], [ 26.50024263019148, 37.560694492359701 ], [ 26.500252881385929, 37.560711754556536 ], [ 26.500282187475399, 37.56072492201713 ], [ 26.500300782739508, 37.560715495111516 ], [ 26.500330304756982, 37.560705359841535 ], [ 26.500344591062202, 37.560686041444328 ], [ 26.50034371766921, 37.560659910559345 ], [ 26.500369621079685, 37.560630835813583 ], [ 26.500404157160315, 37.560592070081412 ], [ 26.500406505901889, 37.560573003420721 ], [ 26.500391108345674, 37.560559065778584 ], [ 26.500376029894753, 37.560554631877423 ] ] ] ] } },
{ "type": "Feature", "properties": { "datasetID": 583.0, "BIO_CLASS": "Posidonia beds (posidonion oceanicae) (Posidonia oceanica meadows (= association with Posidonia oceanica))", "fieldNotes": "Not reported", "habitat": "Posidonia beds", "AREA_SQKM": 0.02703307862, "vernacular": "Neptune grass", "FAMILY": "Posidoniaceae", "GENUS": "Posidonia", "scientific": "Posidonia oceanica", "habitatID": "EUNIS:A5.535", "nameAccord": "urn:lsid:marinespecies.org:taxname:145794", "eventDate": "2018-01-17", "verif": "Panayotidis Panayotis", "Shape_Leng": 1051.1077662099999, "Shape_Area": 27080.020136, "Pres_UNEP": 1 }, "geometry": { "type": "MultiPolygon", "coordinates": [ [ [ [ 26.481370515250308, 37.562906147612509 ], [ 26.481479279562965, 37.5628472007689 ], [ 26.481827013156213, 37.562839887397161 ], [ 26.482040396641359, 37.562835397799695 ], [ 26.482197830378432, 37.562813199776222 ], [ 26.482353385634184, 37.562734382327925 ], [ 26.482351921618243, 37.562690344025341 ], [ 26.482294094369692, 37.562616014451756 ], [ 26.482173880841387, 37.562568176407332 ], [ 26.48220235986701, 37.562473145129616 ], [ 26.482261615121107, 37.562352283096345 ], [ 26.48232191486829, 37.562262876488717 ], [ 26.482312340864901, 37.56221271468641 ], [ 26.482294029459489, 37.5621375523829 ], [ 26.482316903044442, 37.562111890314775 ], [ 26.48239467856197, 37.562072478634576 ], [ 26.482502813163332, 37.561994658673846 ], [ 26.482571851928359, 37.561930250062161 ], [ 26.482648583187739, 37.561859384891584 ], [ 26.482591174397268, 37.561797636681192 ], [ 26.482478652693935, 37.561743344907768 ], [ 26.482082202504749, 37.561712336564149 ], [ 26.481963395806812, 37.561706967273039 ], [ 26.481430212002543, 37.561726049941676 ], [ 26.481251348999358, 37.561698332598709 ], [ 26.481032976275767, 37.561671446399998 ], [ 26.480825263131123, 37.561667946071701 ], [ 26.480715554953456, 37.561638773137418 ], [ 26.480547878514557, 37.56165016797268 ], [ 26.480153513645181, 37.561682066625472 ], [ 26.480072658037255, 37.561628680216934 ], [ 26.479882615826739, 37.561561848081489 ], [ 26.479779976754021, 37.561527281145437 ], [ 26.479765485119199, 37.561524963493355 ], [ 26.479693616931051, 37.561526473853597 ], [ 26.479676067934271, 37.561526842169513 ], [ 26.479515802280872, 37.561530209124591 ], [ 26.47929743105027, 37.561503321182151 ], [ 26.479147946410855, 37.561467114058658 ], [ 26.478880574674818, 37.561423338363042 ], [ 26.47883440925683, 37.561429846157296 ], [ 26.478816749473669, 37.561386324846012 ], [ 26.478672567562075, 37.561410998462499 ], [ 26.47864163012267, 37.561372299705056 ], [ 26.478598986251065, 37.561278761693252 ], [ 26.478537630071664, 37.561217095805802 ], [ 26.478447680008124, 37.561187506927034 ], [ 26.478389710638744, 37.561228072839477 ], [ 26.478367112574688, 37.561441021934506 ], [ 26.478452395621215, 37.561628097271878 ], [ 26.478591742858182, 37.561656648395051 ], [ 26.478851714275571, 37.561745620169113 ], [ 26.479070348956949, 37.561780375275916 ], [ 26.479208131280217, 37.561761741294752 ], [ 26.479328242691032, 37.561767894915626 ], [ 26.479425983028229, 37.561772902074786 ], [ 26.479497480227632, 37.561842225054718 ], [ 26.479532070453455, 37.561991017021469 ], [ 26.479544296981185, 37.562061585465671 ], [ 26.479604090308143, 37.562076067297738 ], [ 26.479809197268583, 37.562000933309953 ], [ 26.479966734365519, 37.561981882412333 ], [ 26.480075401007589, 37.561979599201742 ], [ 26.480202634047512, 37.562030436634174 ], [ 26.480255267764704, 37.562186720506489 ], [ 26.480306442695404, 37.562298963636366 ], [ 26.480389229670177, 37.562410543504839 ], [ 26.480494681087116, 37.562490169003404 ], [ 26.480579945612444, 37.562438011869162 ], [ 26.480687455445889, 37.562341319250692 ], [ 26.480964688269111, 37.562354377295549 ], [ 26.481053709353102, 37.562415460587715 ], [ 26.481092836340387, 37.562641278237329 ], [ 26.481095132232014, 37.562710480514461 ], [ 26.481077684413417, 37.562899713963766 ], [ 26.481120749481821, 37.56300583298485 ], [ 26.481222862460484, 37.562984799076496 ], [ 26.481370515250308, 37.562906147612509 ] ] ] ] } },
{ "type": "Feature", "properties": { "datasetID": 583.0, "BIO_CLASS": "Posidonia beds (posidonion oceanicae) (Posidonia oceanica meadows (= association with Posidonia oceanica))", "fieldNotes": "Not reported", "habitat": "Posidonia beds", "AREA_SQKM": 0.00145030856, "vernacular": "Neptune grass", "FAMILY": "Posidoniaceae", "GENUS": "Posidonia", "scientific": "Posidonia oceanica", "habitatID": "EUNIS:A5.535", "nameAccord": "urn:lsid:marinespecies.org:taxname:145794", "eventDate": "2018-01-17", "verif": "Panayotidis Panayotis", "Shape_Leng": 182.14948206599999, "Shape_Area": 1452.82656518, "Pres_UNEP": 1 }, "geometry": { "type": "MultiPolygon", "coordinates": [ [ [ [ 26.481352085164886, 37.563345657130057 ], [ 26.481366485642365, 37.563228997995651 ], [ 26.481354944030667, 37.563156517764227 ], [ 26.481279500019077, 37.563085381878764 ], [ 26.481232889175192, 37.563057273062384 ], [ 26.481032527365731, 37.563076029938209 ], [ 26.48085331774551, 37.563181609382582 ], [ 26.48081921337559, 37.563255049725988 ], [ 26.480860309924889, 37.563392358606919 ], [ 26.480877007378538, 37.563447268230377 ], [ 26.480900407858485, 37.563432725353238 ], [ 26.480981401076203, 37.563270593322784 ], [ 26.481113529746512, 37.563348029565688 ], [ 26.4811990538741, 37.563475650029176 ], [ 26.481228132882574, 37.563464620758936 ], [ 26.481353773839018, 37.563396527593142 ], [ 26.481352085164886, 37.563345657130057 ] ] ] ] } },
{ "type": "Feature", "properties": { "datasetID": 583.0, "BIO_CLASS": "Posidonia beds (posidonion oceanicae) (Posidonia oceanica meadows (= association with Posidonia oceanica))", "fieldNotes": "Not reported", "habitat": "Posidonia beds", "AREA_SQKM": 0.00306266055, "vernacular": "Neptune grass", "FAMILY": "Posidoniaceae", "GENUS": "Posidonia", "scientific": "Posidonia oceanica", "habitatID": "EUNIS:A5.535", "nameAccord": "urn:lsid:marinespecies.org:taxname:145794", "eventDate": "2018-01-17", "verif": "Panayotidis Panayotis", "Shape_Leng": 256.14692414500001, "Shape_Area": 3067.9780787700001, "Pres_UNEP": 1 }, "geometry": { "type": "MultiPolygon", "coordinates": [ [ [ [ 26.502199883060143, 37.56252301904054 ], [ 26.502165613219187, 37.562476854788166 ], [ 26.502127327284246, 37.562611670581191 ], [ 26.502100760011938, 37.562628854334953 ], [ 26.502108163250014, 37.562652395770904 ], [ 26.502120248320981, 37.562694617205942 ], [ 26.502057397962101, 37.562729930697515 ], [ 26.501941508086073, 37.56277486551496 ], [ 26.501836568419222, 37.562828062331633 ], [ 26.50175267437864, 37.562872319712731 ], [ 26.501796751360494, 37.562913861086059 ], [ 26.501935957790383, 37.562927900468111 ], [ 26.502118105961131, 37.562949524386504 ], [ 26.502175123175586, 37.563058755153456 ], [ 26.50230480122864, 37.563106977533621 ], [ 26.502423532292291, 37.563146937039541 ], [ 26.502584069466725, 37.563160523326282 ], [ 26.502700525536621, 37.563132567302887 ], [ 26.50269853686785, 37.563073140782784 ], [ 26.502694558854991, 37.562954289562448 ], [ 26.502713617051828, 37.562885923645226 ], [ 26.502711627337014, 37.562826497198955 ], [ 26.502613370884578, 37.562760616811175 ], [ 26.502505022743424, 37.562711943170925 ], [ 26.502321736986211, 37.562656361592801 ], [ 26.502245382307382, 37.562607008753929 ], [ 26.502199883060143, 37.56252301904054 ] ] ] ] } },
{ "type": "Feature", "properties": { "datasetID": 583.0, "BIO_CLASS": "Posidonia beds (posidonion oceanicae) (Posidonia oceanica meadows (= association with Posidonia oceanica))", "fieldNotes": "Not reported", "habitat": "Posidonia beds", "AREA_SQKM": 0.00163122093, "vernacular": "Neptune grass", "FAMILY": "Posidoniaceae", "GENUS": "Posidonia", "scientific": "Posidonia oceanica", "habitatID": "EUNIS:A5.535", "nameAccord": "urn:lsid:marinespecies.org:taxname:145794", "eventDate": "2018-01-17", "verif": "Panayotidis Panayotis", "Shape_Leng": 280.48092641599999, "Shape_Area": 1634.0529848000001, "Pres_UNEP": 1 }, "geometry": { "type": "MultiPolygon", "coordinates": [ [ [ [ 26.499216649305854, 37.563368165223032 ], [ 26.499262562078371, 37.563289936688463 ], [ 26.499277482285663, 37.563289620481562 ], [ 26.499279864427912, 37.563360884512932 ], [ 26.499281154046514, 37.563399486499627 ], [ 26.499244250096993, 37.563412152446951 ], [ 26.499252406161194, 37.563432780984144 ], [ 26.49933103543275, 37.563440029016135 ], [ 26.499476910327047, 37.56344882540332 ], [ 26.499607859057299, 37.563457937114769 ], [ 26.499640834966673, 37.563439408967334 ], [ 26.499598612578669, 37.563404646503756 ], [ 26.499530574686588, 37.563379346408361 ], [ 26.499500140159849, 37.563362161706358 ], [ 26.499465575796403, 37.563333179307051 ], [ 26.499445338180546, 37.563286066245617 ], [ 26.499464741649607, 37.563196513479561 ], [ 26.499506168318153, 37.563207519770131 ], [ 26.499546704090456, 37.563191803942615 ], [ 26.499649658531688, 37.563145053050761 ], [ 26.499720728131845, 37.563149490542784 ], [ 26.499734061400737, 37.563101665618525 ], [ 26.499683313684326, 37.56306336046466 ], [ 26.499660507154989, 37.56306756565796 ], [ 26.49953501462382, 37.563065470569107 ], [ 26.499443541550921, 37.563098310119472 ], [ 26.499372319232293, 37.563111705619249 ], [ 26.499282718215323, 37.563111225126612 ], [ 26.499170434410612, 37.563146883163306 ], [ 26.49911611799682, 37.563219347492591 ], [ 26.499140863229471, 37.563244972607023 ], [ 26.499138389219087, 37.563349619418887 ], [ 26.4990752465947, 37.563336692914071 ], [ 26.498969328358619, 37.563384101879628 ], [ 26.498970359281135, 37.563414982412056 ], [ 26.49899180432006, 37.563431169034814 ], [ 26.498996295485444, 37.563476239149736 ], [ 26.498965217627472, 37.563529193257779 ], [ 26.498988612567672, 37.563539983167956 ], [ 26.499024610710009, 37.563541604834242 ], [ 26.499109709508708, 37.563519002198582 ], [ 26.499194014088275, 37.563472644280459 ], [ 26.499223061901073, 37.563448258350512 ], [ 26.499216649305854, 37.563368165223032 ] ] ] ] } },
{ "type": "Feature", "properties": { "datasetID": 583.0, "BIO_CLASS": "Posidonia beds (posidonion oceanicae) (Posidonia oceanica meadows (= association with Posidonia oceanica))", "fieldNotes": "Not reported", "habitat": "Posidonia beds", "AREA_SQKM": 6.048824e-05, "vernacular": "Neptune grass", "FAMILY": "Posidoniaceae", "GENUS": "Posidonia", "scientific": "Posidonia oceanica", "habitatID": "EUNIS:A5.535", "nameAccord": "urn:lsid:marinespecies.org:taxname:145794", "eventDate": "2018-01-17", "verif": "Panayotidis Panayotis", "Shape_Leng": 32.096964293699997, "Shape_Area": 60.593246257200001, "Pres_UNEP": 1 }, "geometry": { "type": "MultiPolygon", "coordinates": [ [ [ [ 26.49889270762942, 37.563569176696852 ], [ 26.498832725832273, 37.563496343037123 ], [ 26.498778924954998, 37.563522139539899 ], [ 26.49878528536663, 37.563528844370026 ], [ 26.498786675409836, 37.563570415028394 ], [ 26.498791000919116, 37.563588151786384 ], [ 26.498887490957625, 37.563571251476148 ], [ 26.49889270762942, 37.563569176696852 ] ] ] ] } },
{ "type": "Feature", "properties": { "datasetID": 583.0, "BIO_CLASS": "Posidonia beds (posidonion oceanicae) (Posidonia oceanica meadows (= association with Posidonia oceanica))", "fieldNotes": "Not reported", "habitat": "Posidonia beds", "AREA_SQKM": 0.00038424938, "vernacular": "Neptune grass", "FAMILY": "Posidoniaceae", "GENUS": "Posidonia", "scientific": "Posidonia oceanica", "habitatID": "EUNIS:A5.535", "nameAccord": "urn:lsid:marinespecies.org:taxname:145794", "eventDate": "2018-01-17", "verif": "Panayotidis Panayotis", "Shape_Leng": 112.57852641300001, "Shape_Area": 384.91647851, "Pres_UNEP": 1 }, "geometry": { "type": "MultiPolygon", "coordinates": [ [ [ [ 26.49904250925362, 37.563630369003995 ], [ 26.499056736053987, 37.563609267018421 ], [ 26.499086872806846, 37.563617542289265 ], [ 26.499129987823544, 37.563679029620602 ], [ 26.499188380521645, 37.563639163633084 ], [ 26.499277903567634, 37.563637268154963 ], [ 26.499292130326097, 37.563616166168671 ], [ 26.499283676029521, 37.563586631694292 ], [ 26.499330382743075, 37.563532157479628 ], [ 26.49932123479023, 37.563481836369668 ], [ 26.499309648087376, 37.563470195883056 ], [ 26.499279507907584, 37.563461920618344 ], [ 26.499187744204285, 37.563508435754308 ], [ 26.499170781973781, 37.563559308908928 ], [ 26.499133976412569, 37.563574944388805 ], [ 26.499096474524578, 37.563569796745668 ], [ 26.499010584025367, 37.56356864497387 ], [ 26.498987904912344, 37.563560210718144 ], [ 26.49898412003412, 37.563559474962055 ], [ 26.498975360938637, 37.563564634087328 ], [ 26.498938871346386, 37.563624320433384 ], [ 26.498934731054664, 37.563644536509798 ], [ 26.498958502724705, 37.563685632881111 ], [ 26.499002668675409, 37.563666868881725 ], [ 26.49904250925362, 37.563630369003995 ] ] ] ] } },
{ "type": "Feature", "properties": { "datasetID": 583.0, "BIO_CLASS": "Posidonia beds (posidonion oceanicae) (Posidonia oceanica meadows (= association with Posidonia oceanica))", "fieldNotes": "Not reported", "habitat": "Posidonia beds", "AREA_SQKM": 0.00041782665, "vernacular": "Neptune grass", "FAMILY": "Posidoniaceae", "GENUS": "Posidonia", "scientific": "Posidonia oceanica", "habitatID": "EUNIS:A5.535", "nameAccord": "urn:lsid:marinespecies.org:taxname:145794", "eventDate": "2018-01-17", "verif": "Panayotidis Panayotis", "Shape_Leng": 152.98242454800001, "Shape_Area": 418.55205079000001, "Pres_UNEP": 1 }, "geometry": { "type": "MultiPolygon", "coordinates": [ [ [ [ 26.498823224595093, 37.563658783510057 ], [ 26.49876588290342, 37.563618398169297 ], [ 26.498681636253398, 37.563554811346343 ], [ 26.498679755589325, 37.563550372078723 ], [ 26.498670347171696, 37.563552079421385 ], [ 26.498557292540493, 37.563631729226195 ], [ 26.498563663608884, 37.56361653713882 ], [ 26.498553264626896, 37.563622901033433 ], [ 26.498550525779496, 37.563652673110447 ], [ 26.498569970477686, 37.563676031832777 ], [ 26.498629355667045, 37.563665861081112 ], [ 26.498676757974387, 37.563632170856579 ], [ 26.498699436127229, 37.563640605998607 ], [ 26.49870385986485, 37.563661311403294 ], [ 26.498853800024186, 37.563791850364645 ], [ 26.498896322345946, 37.563835521474708 ], [ 26.49893765004034, 37.563843560040809 ], [ 26.499110925901508, 37.563890403839522 ], [ 26.49915941633758, 37.563889376605673 ], [ 26.499214773187138, 37.563870375872781 ], [ 26.499143304973373, 37.563854061141321 ], [ 26.49907586360187, 37.563846574613486 ], [ 26.499052492280882, 37.563817355429265 ], [ 26.49899967398779, 37.563800645884136 ], [ 26.4989020949048, 37.563784884963383 ], [ 26.498882549171061, 37.563758555819874 ], [ 26.4988463998911, 37.563682062739602 ], [ 26.498823224595093, 37.563658783510057 ] ] ] ] } },
{ "type": "Feature", "properties": { "datasetID": 583.0, "BIO_CLASS": "Posidonia beds (posidonion oceanicae) (Posidonia oceanica meadows (= association with Posidonia oceanica))", "fieldNotes": "Not reported", "habitat": "Posidonia beds", "AREA_SQKM": 0.00045689015, "vernacular": "Neptune grass", "FAMILY": "Posidoniaceae", "GENUS": "Posidonia", "scientific": "Posidonia oceanica", "habitatID": "EUNIS:A5.535", "nameAccord": "urn:lsid:marinespecies.org:taxname:145794", "eventDate": "2018-01-17", "verif": "Panayotidis Panayotis", "Shape_Leng": 125.27696505199999, "Shape_Area": 457.68330806500001, "Pres_UNEP": 1 }, "geometry": { "type": "MultiPolygon", "coordinates": [ [ [ [ 26.499588071647821, 37.564094239633441 ], [ 26.499534559322111, 37.564056743356723 ], [ 26.499499300249123, 37.564006976802702 ], [ 26.499452948784182, 37.563960416503576 ], [ 26.499463346694995, 37.563936425331953 ], [ 26.499480506372461, 37.563891489368316 ], [ 26.499464594115938, 37.563862112956848 ], [ 26.499448383071528, 37.563823827971191 ], [ 26.499411082194136, 37.56382461760726 ], [ 26.499321854543599, 37.563835422549062 ], [ 26.499292013602727, 37.563836053198031 ], [ 26.499263264570647, 37.563869347755812 ], [ 26.499260923187997, 37.563910997979136 ], [ 26.499273107166722, 37.563940453891405 ], [ 26.499315330180533, 37.563975218215383 ], [ 26.499375211506049, 37.563979891557047 ], [ 26.49940977482543, 37.564008873167559 ], [ 26.499433248223419, 37.564041061909343 ], [ 26.499463882973465, 37.564064183962927 ], [ 26.499471969807296, 37.564087296303349 ], [ 26.499494222766561, 37.564078399195743 ], [ 26.499531920414483, 37.564089485028894 ], [ 26.499575323365988, 37.564162666912097 ], [ 26.499609401624717, 37.564174015962415 ], [ 26.499646803177924, 37.564176194973058 ], [ 26.499717178621129, 37.564159846652323 ], [ 26.499690274336704, 37.564136645093896 ], [ 26.499588071647821, 37.564094239633441 ] ] ] ] } },
{ "type": "Feature", "properties": { "datasetID": 583.0, "BIO_CLASS": "Posidonia beds (posidonion oceanicae) (Posidonia oceanica meadows (= association with Posidonia oceanica))", "fieldNotes": "Not reported", "habitat": "Posidonia beds", "AREA_SQKM": 0.00054995921, "vernacular": "Neptune grass", "FAMILY": "Posidoniaceae", "GENUS": "Posidonia", "scientific": "Posidonia oceanica", "habitatID": "EUNIS:A5.535", "nameAccord": "urn:lsid:marinespecies.org:taxname:145794", "eventDate": "2018-01-17", "verif": "Panayotidis Panayotis", "Shape_Leng": 94.504617637400003, "Shape_Area": 550.91379670900005, "Pres_UNEP": 1 }, "geometry": { "type": "MultiPolygon", "coordinates": [ [ [ [ 26.481770784264743, 37.564724119330961 ], [ 26.481698696533691, 37.564705556618073 ], [ 26.481536056613358, 37.564759882766211 ], [ 26.481556243901093, 37.56481763688523 ], [ 26.481649950644357, 37.564888389170733 ], [ 26.481651638701631, 37.564939259145994 ], [ 26.481702045884003, 37.565008411878203 ], [ 26.481814850415965, 37.56496050877842 ], [ 26.481855727262655, 37.564890892347897 ], [ 26.481770784264743, 37.564724119330961 ] ] ] ] } },
{ "type": "Feature", "properties": { "datasetID": 583.0, "BIO_CLASS": "Posidonia beds (posidonion oceanicae) (Posidonia oceanica meadows (= association with Posidonia oceanica))", "fieldNotes": "Not reported", "habitat": "Posidonia beds", "AREA_SQKM": 0.00543495936, "vernacular": "Neptune grass", "FAMILY": "Posidoniaceae", "GENUS": "Posidonia", "scientific": "Posidonia oceanica", "habitatID": "EUNIS:A5.535", "nameAccord": "urn:lsid:marinespecies.org:taxname:145794", "eventDate": "2018-01-17", "verif": "Panayotidis Panayotis", "Shape_Leng": 507.27932453800003, "Shape_Area": 5444.3936816799996, "Pres_UNEP": 1 }, "geometry": { "type": "MultiPolygon", "coordinates": [ [ [ [ 26.48120980982619, 37.564839466811009 ], [ 26.481041860410254, 37.564733913866156 ], [ 26.481022155130791, 37.56469069479035 ], [ 26.481019504230815, 37.564610755732822 ], [ 26.481025014206978, 37.564501555909082 ], [ 26.48113577319716, 37.564535587221378 ], [ 26.481219625044073, 37.564584730322736 ], [ 26.481248220411654, 37.564620490199601 ], [ 26.481259761735792, 37.56469297096573 ], [ 26.48129820823296, 37.56475034084459 ], [ 26.481344096514125, 37.564756648246487 ], [ 26.481342408659557, 37.564705778318014 ], [ 26.481322461064686, 37.56465529085655 ], [ 26.481293625942541, 37.564612263466486 ], [ 26.481375067490745, 37.564588734163685 ], [ 26.481458919492994, 37.564637877278194 ], [ 26.481541083278117, 37.564636148727743 ], [ 26.481603542967825, 37.564591202006461 ], [ 26.481601405078681, 37.564526786369235 ], [ 26.481524039090477, 37.564439495083789 ], [ 26.481739443177357, 37.564423505346589 ], [ 26.481795085770891, 37.564365038548019 ], [ 26.481691343777019, 37.564275545357091 ], [ 26.481345328109921, 37.564259903639474 ], [ 26.481098872313815, 37.56420778932025 ], [ 26.480983408365564, 37.564198757068091 ], [ 26.480743341962345, 37.56421507094489 ], [ 26.480732599982471, 37.564224083766121 ], [ 26.480734529551128, 37.56428222194895 ], [ 26.480756404778017, 37.564390845763704 ], [ 26.480731669907485, 37.564471361504438 ], [ 26.480652398374581, 37.564560294793779 ], [ 26.480529167091781, 37.564701059030043 ], [ 26.480512837191817, 37.564759580690072 ], [ 26.480496265514919, 37.564810835736374 ], [ 26.4804251604854, 37.564870508325008 ], [ 26.480463363770927, 37.564920611620252 ], [ 26.480598136912338, 37.564852326286022 ], [ 26.48065170708611, 37.564814839581878 ], [ 26.480807389713224, 37.564826111825248 ], [ 26.480861201427992, 37.564795890872958 ], [ 26.480980367176066, 37.564807929790319 ], [ 26.480936649677268, 37.564867028254881 ], [ 26.480930654515877, 37.564961692356682 ], [ 26.480951082500436, 37.565026714056309 ], [ 26.48102580843906, 37.565076048948328 ], [ 26.481117342266931, 37.565081397132168 ], [ 26.481236748850222, 37.565100701824889 ], [ 26.48127230128317, 37.565070865935354 ], [ 26.481315779255034, 37.565004501655324 ], [ 26.481305202201526, 37.564961089968385 ], [ 26.481248014572369, 37.564889570098387 ], [ 26.48120980982619, 37.564839466811009 ] ] ] ] } },
{ "type": "Feature", "properties": { "datasetID": 583.0, "BIO_CLASS": "Posidonia beds (posidonion oceanicae) (Posidonia oceanica meadows (= association with Posidonia oceanica))", "fieldNotes": "Not reported", "habitat": "Posidonia beds", "AREA_SQKM": 0.00033316271, "vernacular": "Neptune grass", "FAMILY": "Posidoniaceae", "GENUS": "Posidonia", "scientific": "Posidonia oceanica", "habitatID": "EUNIS:A5.535", "nameAccord": "urn:lsid:marinespecies.org:taxname:145794", "eventDate": "2018-01-17", "verif": "Panayotidis Panayotis", "Shape_Leng": 79.23124796, "Shape_Area": 333.74098811300001, "Pres_UNEP": 1 }, "geometry": { "type": "MultiPolygon", "coordinates": [ [ [ [ 26.481298037760478, 37.56529576447452 ], [ 26.481360979677881, 37.565265353548028 ], [ 26.481507051138941, 37.565262281541159 ], [ 26.48152949430326, 37.565267715407074 ], [ 26.481565028401306, 37.565240787210975 ], [ 26.481606731891691, 37.565169764519801 ], [ 26.481575745772481, 37.565129935330106 ], [ 26.481474839051646, 37.565117512171831 ], [ 26.481403011186114, 37.565155384921141 ], [ 26.481322048656175, 37.565193448463532 ], [ 26.481287219887403, 37.565245086077034 ], [ 26.481298037760478, 37.56529576447452 ] ] ] ] } },
{ "type": "Feature", "properties": { "datasetID": 583.0, "BIO_CLASS": "Posidonia beds (posidonion oceanicae) (Posidonia oceanica meadows (= association with Posidonia oceanica))", "fieldNotes": "Not reported", "habitat": "Posidonia beds", "AREA_SQKM": 0.00079056416, "vernacular": "Neptune grass", "FAMILY": "Posidoniaceae", "GENUS": "Posidonia", "scientific": "Posidonia oceanica", "habitatID": "EUNIS:A5.535", "nameAccord": "urn:lsid:marinespecies.org:taxname:145794", "eventDate": "2018-01-17", "verif": "Panayotidis Panayotis", "Shape_Leng": 165.71557133300001, "Shape_Area": 791.93626426699996, "Pres_UNEP": 1 }, "geometry": { "type": "MultiPolygon", "coordinates": [ [ [ [ 26.480048262203947, 37.565351128625721 ], [ 26.479983632798199, 37.565330671243224 ], [ 26.47992117235761, 37.565375618131988 ], [ 26.479915416401116, 37.565477550014833 ], [ 26.479927921372834, 37.565579098610968 ], [ 26.479901981250734, 37.565623277994561 ], [ 26.479850818513917, 37.565733437667127 ], [ 26.479789080274774, 37.565800186413668 ], [ 26.479773473634083, 37.565880509289983 ], [ 26.479783269071866, 37.565904210100413 ], [ 26.47986372829968, 37.565937264755355 ], [ 26.47987738087911, 37.565961834711565 ], [ 26.479930603364235, 37.565935384270965 ], [ 26.479973117786162, 37.565839951259036 ], [ 26.479978631434019, 37.565730751642143 ], [ 26.480003127975735, 37.565642968728945 ], [ 26.480043954439729, 37.565496663959912 ], [ 26.480060284742482, 37.56543814384905 ], [ 26.480048262203947, 37.565351128625721 ] ] ] ] } },
{ "type": "Feature", "properties": { "datasetID": 583.0, "BIO_CLASS": "Posidonia beds (posidonion oceanicae) (Posidonia oceanica meadows (= association with Posidonia oceanica))", "fieldNotes": "Not reported", "habitat": "Posidonia beds", "AREA_SQKM": 0.00024618834, "vernacular": "Neptune grass", "FAMILY": "Posidoniaceae", "GENUS": "Posidonia", "scientific": "Posidonia oceanica", "habitatID": "EUNIS:A5.535", "nameAccord": "urn:lsid:marinespecies.org:taxname:145794", "eventDate": "2018-01-17", "verif": "Panayotidis Panayotis", "Shape_Leng": 66.433202871000006, "Shape_Area": 246.61561420300001, "Pres_UNEP": 1 }, "geometry": { "type": "MultiPolygon", "coordinates": [ [ [ [ 26.480494708961764, 37.565865348827607 ], [ 26.480403411758004, 37.56586726729202 ], [ 26.480350082600985, 37.565912023515786 ], [ 26.480398863119223, 37.566005536330053 ], [ 26.480394052002282, 37.566065088269646 ], [ 26.480445121593117, 37.566053568639695 ], [ 26.480534122766965, 37.566022039375227 ], [ 26.480555061090477, 37.566006170518861 ], [ 26.480534841845863, 37.565973590169122 ], [ 26.480496395756742, 37.565916219053328 ], [ 26.480494708961764, 37.565865348827607 ] ] ] ] } },
{ "type": "Feature", "properties": { "datasetID": 583.0, "BIO_CLASS": "Posidonia beds (posidonion oceanicae) (Posidonia oceanica meadows (= association with Posidonia oceanica))", "fieldNotes": "Not reported", "habitat": "Posidonia beds", "AREA_SQKM": 0.00060584771, "vernacular": "Neptune grass", "FAMILY": "Posidoniaceae", "GENUS": "Posidonia", "scientific": "Posidonia oceanica", "habitatID": "EUNIS:A5.535", "nameAccord": "urn:lsid:marinespecies.org:taxname:145794", "eventDate": "2018-01-17", "verif": "Panayotidis Panayotis", "Shape_Leng": 119.79566034, "Shape_Area": 606.89921218899997, "Pres_UNEP": 1 }, "geometry": { "type": "MultiPolygon", "coordinates": [ [ [ [ 26.480046667494829, 37.56612929683758 ], [ 26.480072127302524, 37.566070583986871 ], [ 26.480089181755535, 37.5660338637324 ], [ 26.480233326761773, 37.565972654784993 ], [ 26.480241250537084, 37.565936127985061 ], [ 26.480256857793336, 37.565855804203004 ], [ 26.480273911064771, 37.565819083988281 ], [ 26.480217687410889, 37.565776632238219 ], [ 26.480172039220658, 37.565777590586691 ], [ 26.480127598799424, 37.565814886686248 ], [ 26.480046877614679, 37.565860217907563 ], [ 26.479967603260331, 37.565949151819297 ], [ 26.479981073872541, 37.566079768247171 ], [ 26.479943354561932, 37.566080561425288 ], [ 26.479985908285116, 37.56615714464062 ], [ 26.48004868873678, 37.566142984021646 ], [ 26.480046667494829, 37.56612929683758 ] ] ] ] } },
{ "type": "Feature", "properties": { "datasetID": 583.0, "BIO_CLASS": "Posidonia beds (posidonion oceanicae) (Posidonia oceanica meadows (= association with Posidonia oceanica))", "fieldNotes": "Not reported", "habitat": "Posidonia beds", "AREA_SQKM": 0.00377827778, "vernacular": "Neptune grass", "FAMILY": "Posidoniaceae", "GENUS": "Posidonia", "scientific": "Posidonia oceanica", "habitatID": "EUNIS:A5.535", "nameAccord": "urn:lsid:marinespecies.org:taxname:145794", "eventDate": "2018-01-17", "verif": "Panayotidis Panayotis", "Shape_Leng": 334.39402981400002, "Shape_Area": 3784.8351231500001, "Pres_UNEP": 1 }, "geometry": { "type": "MultiPolygon", "coordinates": [ [ [ [ 26.479328854815243, 37.565963897150482 ], [ 26.479302328892789, 37.565706618933788 ], [ 26.479390553168507, 37.565742867461289 ], [ 26.479393136345472, 37.565706694894942 ], [ 26.479453667680655, 37.565603610227434 ], [ 26.479533424038447, 37.565529211550796 ], [ 26.479692935622364, 37.565380415164491 ], [ 26.479710230701333, 37.56535096080497 ], [ 26.47963502573052, 37.565287090780963 ], [ 26.47958913596208, 37.565280782478936 ], [ 26.479461323702559, 37.56528346938115 ], [ 26.479288104967555, 37.565294380394604 ], [ 26.47923573569706, 37.565368203975325 ], [ 26.479132446981087, 37.565559453813492 ], [ 26.479134134423781, 37.565610324844087 ], [ 26.47909113861849, 37.565691221769079 ], [ 26.478956121758269, 37.565752238076726 ], [ 26.478856178224678, 37.565768881541025 ], [ 26.478811976827, 37.565813444306293 ], [ 26.478823997460285, 37.565900458849121 ], [ 26.478825925500928, 37.565958596639845 ], [ 26.478865575572449, 37.566052303795828 ], [ 26.47895783481567, 37.566079454686459 ], [ 26.479058742569187, 37.566091879671504 ], [ 26.479106076784586, 37.566141789838511 ], [ 26.479145488939043, 37.566228230398124 ], [ 26.479219971228336, 37.566270298904456 ], [ 26.479327293950849, 37.566296290971025 ], [ 26.479321317075918, 37.56627918816077 ], [ 26.479391346403979, 37.566220418736229 ], [ 26.479328854815243, 37.565963897150482 ] ] ] ] } },
{ "type": "Feature", "properties": { "datasetID": 583.0, "BIO_CLASS": "Posidonia beds (posidonion oceanicae) (Posidonia oceanica meadows (= association with Posidonia oceanica))", "fieldNotes": "Not reported", "habitat": "Posidonia beds", "AREA_SQKM": 0.01051963024, "vernacular": "Neptune grass", "FAMILY": "Posidoniaceae", "GENUS": "Posidonia", "scientific": "Posidonia oceanica", "habitatID": "EUNIS:A5.535", "nameAccord": "urn:lsid:marinespecies.org:taxname:145794", "eventDate": "2018-01-17", "verif": "Panayotidis Panayotis", "Shape_Leng": 560.66506995099996, "Shape_Area": 10537.888508800001, "Pres_UNEP": 1 }, "geometry": { "type": "MultiPolygon", "coordinates": [ [ [ [ 26.477150394390183, 37.56450535748386 ], [ 26.477014555827974, 37.564508208662836 ], [ 26.476943392824939, 37.56459823456774 ], [ 26.476834036475346, 37.564718188205156 ], [ 26.476875361842286, 37.564798758841214 ], [ 26.476860852889974, 37.564886658855372 ], [ 26.477128977587562, 37.564977973618163 ], [ 26.477096664025368, 37.565114129260628 ], [ 26.477147516408124, 37.565164484348621 ], [ 26.477237217173258, 37.565260969008015 ], [ 26.477403614907232, 37.565434538347219 ], [ 26.477480639365883, 37.565521452031128 ], [ 26.477476154577349, 37.565672423133819 ], [ 26.477593297533623, 37.565843222012568 ], [ 26.477702300930758, 37.565870921385795 ], [ 26.477716605619694, 37.565929643010108 ], [ 26.477846611576098, 37.56612364919792 ], [ 26.477893689732984, 37.566159195600228 ], [ 26.477912145058912, 37.566164406906125 ], [ 26.478049149334097, 37.566203081866377 ], [ 26.47806890418325, 37.566262796387427 ], [ 26.478186226085644, 37.566303415450342 ], [ 26.478286647989236, 37.566350490364066 ], [ 26.478409814516276, 37.56633806624594 ], [ 26.478495605816082, 37.56631659034791 ], [ 26.478530047390354, 37.566237173532734 ], [ 26.478538486844535, 37.566118953723397 ], [ 26.478657089127235, 37.565968910599054 ], [ 26.478652851807141, 37.56584112071058 ], [ 26.478669387989566, 37.565795268364063 ], [ 26.478451031419809, 37.565717482274522 ], [ 26.478189095107854, 37.565644290102114 ], [ 26.478075021752023, 37.565558154524908 ], [ 26.477985646318725, 37.56547149873952 ], [ 26.477844920380399, 37.565326903221568 ], [ 26.4776030169823, 37.565175337942698 ], [ 26.477426329771099, 37.565001241519774 ], [ 26.47734442017833, 37.564766878235964 ], [ 26.47732783734266, 37.564639347035097 ], [ 26.477323064936108, 37.564576921378624 ], [ 26.477150394390183, 37.56450535748386 ] ] ] ] } },
{ "type": "Feature", "properties": { "datasetID": 583.0, "BIO_CLASS": "Posidonia beds (posidonion oceanicae) (Posidonia oceanica meadows (= association with Posidonia oceanica))", "fieldNotes": "Not reported", "habitat": "Posidonia beds", "AREA_SQKM": 0.00194870397, "vernacular": "Neptune grass", "FAMILY": "Posidoniaceae", "GENUS": "Posidonia", "scientific": "Posidonia oceanica", "habitatID": "EUNIS:A5.535", "nameAccord": "urn:lsid:marinespecies.org:taxname:145794", "eventDate": "2018-01-17", "verif": "Panayotidis Panayotis", "Shape_Leng": 282.38057446900001, "Shape_Area": 1952.0861880299999, "Pres_UNEP": 1 }, "geometry": { "type": "MultiPolygon", "coordinates": [ [ [ [ 26.49956305240114, 37.565881563899907 ], [ 26.499588061780685, 37.565867511942947 ], [ 26.499677244002903, 37.565825055766034 ], [ 26.499688182076127, 37.565813554698728 ], [ 26.499685848384697, 37.565743739233113 ], [ 26.499659181476687, 37.565708245901419 ], [ 26.499604673960221, 37.565686864581615 ], [ 26.499584415678257, 37.565673770986471 ], [ 26.499643303734931, 37.565656747724084 ], [ 26.499689970347113, 37.565612940189595 ], [ 26.499774889803682, 37.56552775414039 ], [ 26.499815369921919, 37.56546829952164 ], [ 26.49982868803389, 37.565443227929727 ], [ 26.499793306402335, 37.565401156948894 ], [ 26.499747359743782, 37.565381846927295 ], [ 26.499693983311865, 37.565394247137228 ], [ 26.499612688436223, 37.565418505232373 ], [ 26.499512566930949, 37.565472461485911 ], [ 26.499394267851883, 37.565490744274399 ], [ 26.499265025428798, 37.56552052546445 ], [ 26.499240392666664, 37.565545838198659 ], [ 26.499204892867713, 37.565584901677141 ], [ 26.499191198407665, 37.565598714247983 ], [ 26.499205869963035, 37.565614178534176 ], [ 26.499234765179608, 37.565631595731162 ], [ 26.499257701160172, 37.565640125468086 ], [ 26.499291800660608, 37.565643911162702 ], [ 26.499325752956722, 37.565643190414455 ], [ 26.49935649812004, 37.565631272454318 ], [ 26.499389920236748, 37.565614787106909 ], [ 26.499355850959148, 37.565696642381788 ], [ 26.499348267400745, 37.565723847986568 ], [ 26.499303376188557, 37.565736066264215 ], [ 26.499269727674278, 37.56574579548677 ], [ 26.499242112005074, 37.565766662749617 ], [ 26.49923988488132, 37.565784739763082 ], [ 26.499248824547731, 37.565798071848612 ], [ 26.499263799014379, 37.565822545511089 ], [ 26.499280848216745, 37.565824438360139 ], [ 26.499305409491232, 37.56579687413366 ], [ 26.499325212332799, 37.565796453696898 ], [ 26.499331851115585, 37.565825611343563 ], [ 26.499307065778538, 37.56584641943568 ], [ 26.499268134388288, 37.565867527842059 ], [ 26.499214076883593, 37.565859657015466 ], [ 26.499163528052968, 37.565871997192858 ], [ 26.499172691985333, 37.565892086307187 ], [ 26.499190946078759, 37.565930013083815 ], [ 26.499253341237083, 37.565933198159577 ], [ 26.49926396724555, 37.56593465644027 ], [ 26.499327595175156, 37.565914698045717 ], [ 26.499378957854198, 37.5658801665654 ], [ 26.499452711238728, 37.565886964218592 ], [ 26.499507338380546, 37.566006696933769 ], [ 26.499521924125887, 37.566006388671987 ], [ 26.499557198950274, 37.565960565435212 ], [ 26.499562030138357, 37.565935673968461 ], [ 26.49956305240114, 37.565881563899907 ] ] ] ] } },
{ "type": "Feature", "properties": { "datasetID": 583.0, "BIO_CLASS": "Posidonia beds (posidonion oceanicae) (Posidonia oceanica meadows (= association with Posidonia oceanica))", "fieldNotes": "Not reported", "habitat": "Posidonia beds", "AREA_SQKM": 0.00050744742, "vernacular": "Neptune grass", "FAMILY": "Posidoniaceae", "GENUS": "Posidonia", "scientific": "Posidonia oceanica", "habitatID": "EUNIS:A5.535", "nameAccord": "urn:lsid:marinespecies.org:taxname:145794", "eventDate": "2018-01-17", "verif": "Panayotidis Panayotis", "Shape_Leng": 125.74130043300001, "Shape_Area": 508.32813025500002, "Pres_UNEP": 1 }, "geometry": { "type": "MultiPolygon", "coordinates": [ [ [ [ 26.499965393682398, 37.566060096002325 ], [ 26.499934692225402, 37.56598862784918 ], [ 26.499927527967237, 37.565943707319725 ], [ 26.499903991039428, 37.565917160605061 ], [ 26.499847103531284, 37.565909350722194 ], [ 26.499801234246018, 37.565892293875393 ], [ 26.49976370046388, 37.565870552161194 ], [ 26.499726618538499, 37.56586232360975 ], [ 26.499665127442444, 37.565886161325118 ], [ 26.499610954985357, 37.565959427781742 ], [ 26.499593287335699, 37.566009400627777 ], [ 26.499624840254729, 37.566008732874472 ], [ 26.49967815944963, 37.566032686315921 ], [ 26.499717351671549, 37.565948247334013 ], [ 26.499749397024495, 37.565964289306869 ], [ 26.49974253392525, 37.566073127794134 ], [ 26.499784796763986, 37.566080593207445 ], [ 26.499846657191327, 37.566045838230551 ], [ 26.499923749135991, 37.56613120468954 ], [ 26.499964220011297, 37.566109700549255 ], [ 26.499986327925129, 37.566093458061872 ], [ 26.500005380033667, 37.566070517725805 ], [ 26.499965393682398, 37.566060096002325 ] ] ] ] } },
{ "type": "Feature", "properties": { "datasetID": 583.0, "BIO_CLASS": "Posidonia beds (posidonion oceanicae) (Posidonia oceanica meadows (= association with Posidonia oceanica))", "fieldNotes": "Not reported", "habitat": "Posidonia beds", "AREA_SQKM": 0.00148373975, "vernacular": "Neptune grass", "FAMILY": "Posidoniaceae", "GENUS": "Posidonia", "scientific": "Posidonia oceanica", "habitatID": "EUNIS:A5.535", "nameAccord": "urn:lsid:marinespecies.org:taxname:145794", "eventDate": "2018-01-17", "verif": "Panayotidis Panayotis", "Shape_Leng": 186.22007927000001, "Shape_Area": 1486.31473097, "Pres_UNEP": 1 }, "geometry": { "type": "MultiPolygon", "coordinates": [ [ [ [ 26.500074452946965, 37.566525611668112 ], [ 26.500126942171331, 37.566487041754399 ], [ 26.500139934595317, 37.566499019828541 ], [ 26.500140442239104, 37.566468811870628 ], [ 26.500135430420471, 37.566403560930659 ], [ 26.500143165185964, 37.566380859925744 ], [ 26.500163270127118, 37.566389449757438 ], [ 26.500200501457421, 37.566402183024323 ], [ 26.500242188706693, 37.566378761268666 ], [ 26.500267575999228, 37.566375970125463 ], [ 26.500324763106718, 37.566392788530074 ], [ 26.500348224950894, 37.566417082078104 ], [ 26.500380402162918, 37.566447949833403 ], [ 26.500428649610758, 37.566451436997028 ], [ 26.500501080656704, 37.566416096344959 ], [ 26.500507008014885, 37.566339345207794 ], [ 26.500483169364475, 37.566303790823753 ], [ 26.500457746868843, 37.566220944266789 ], [ 26.500431607183241, 37.566201213727695 ], [ 26.500402635458098, 37.566181545019695 ], [ 26.500401507610761, 37.566147763391058 ], [ 26.500388984061019, 37.566111969674608 ], [ 26.500306709570609, 37.566106952689971 ], [ 26.500219455087969, 37.566122323389045 ], [ 26.500029251165536, 37.566191710600883 ], [ 26.499992474590446, 37.566215212712265 ], [ 26.499922829244287, 37.566313448529463 ], [ 26.49995842704735, 37.566372891918846 ], [ 26.499961555953561, 37.56646646766275 ], [ 26.50003802204861, 37.566491602979582 ], [ 26.500048654118935, 37.566558265420255 ], [ 26.500073845581412, 37.566557731039509 ], [ 26.500074452946965, 37.566525611668112 ] ] ] ] } },
{ "type": "Feature", "properties": { "datasetID": 583.0, "BIO_CLASS": "Posidonia beds (posidonion oceanicae) (Posidonia oceanica meadows (= association with Posidonia oceanica))", "fieldNotes": "Not reported", "habitat": "Posidonia beds", "AREA_SQKM": 0.00020668658, "vernacular": "Neptune grass", "FAMILY": "Posidoniaceae", "GENUS": "Posidonia", "scientific": "Posidonia oceanica", "habitatID": "EUNIS:A5.535", "nameAccord": "urn:lsid:marinespecies.org:taxname:145794", "eventDate": "2018-01-17", "verif": "Panayotidis Panayotis", "Shape_Leng": 81.610133788100001, "Shape_Area": 207.04526976400001, "Pres_UNEP": 1 }, "geometry": { "type": "MultiPolygon", "coordinates": [ [ [ [ 26.500598354608741, 37.56670025264205 ], [ 26.500589340805398, 37.566684669029137 ], [ 26.500554784700274, 37.566667371865037 ], [ 26.500542714837973, 37.566645089502025 ], [ 26.500573234519283, 37.566626414433479 ], [ 26.500601301646256, 37.566619058525596 ], [ 26.50061446895727, 37.566589481207075 ], [ 26.500602096487825, 37.566558191224793 ], [ 26.500567467564043, 37.566538641723376 ], [ 26.500558452643102, 37.56652305812316 ], [ 26.50056343119153, 37.566502669515138 ], [ 26.500557247183469, 37.566487024088566 ], [ 26.500520693098657, 37.566494560179436 ], [ 26.500487194281465, 37.566508791485347 ], [ 26.500499941984241, 37.566551340552209 ], [ 26.50051721934512, 37.566559991337179 ], [ 26.500529063262618, 37.566575514877684 ], [ 26.500484247494974, 37.566589987323233 ], [ 26.500450823830626, 37.566606470985121 ], [ 26.500466174273665, 37.566642204728119 ], [ 26.50048390172228, 37.566664365198953 ], [ 26.500478998550115, 37.566687007056871 ], [ 26.500482730225176, 37.566713972546744 ], [ 26.500491506258442, 37.566716747795716 ], [ 26.500497023616411, 37.566698592085906 ], [ 26.500524073412969, 37.566703370601402 ], [ 26.500560635529038, 37.566726339275434 ], [ 26.500579453174137, 37.566727698635184 ], [ 26.500598354608741, 37.56670025264205 ] ] ] ] } },
{ "type": "Feature", "properties": { "datasetID": 583.0, "BIO_CLASS": "Posidonia beds (posidonion oceanicae) (Posidonia oceanica meadows (= association with Posidonia oceanica))", "fieldNotes": "Not reported", "habitat": "Posidonia beds", "AREA_SQKM": 0.00059232853, "vernacular": "Neptune grass", "FAMILY": "Posidoniaceae", "GENUS": "Posidonia", "scientific": "Posidonia oceanica", "habitatID": "EUNIS:A5.535", "nameAccord": "urn:lsid:marinespecies.org:taxname:145794", "eventDate": "2018-01-17", "verif": "Panayotidis Panayotis", "Shape_Leng": 142.63411299099999, "Shape_Area": 593.35646384500001, "Pres_UNEP": 1 }, "geometry": { "type": "MultiPolygon", "coordinates": [ [ [ [ 26.50028764022381, 37.566467947145682 ], [ 26.500261648702313, 37.566452722160079 ], [ 26.500216607434048, 37.566460437554149 ], [ 26.500180737258948, 37.566536627859264 ], [ 26.50018936614282, 37.566544581740516 ], [ 26.500198767354775, 37.56662464788527 ], [ 26.500125588474816, 37.566647603301149 ], [ 26.500133737777109, 37.566690238075395 ], [ 26.500294959941368, 37.56668682156937 ], [ 26.500310002690583, 37.566734662373321 ], [ 26.50036714212278, 37.566835119884658 ], [ 26.50037600592772, 37.566899144980141 ], [ 26.500436465108031, 37.566897863347414 ], [ 26.500450914208113, 37.566850313101646 ], [ 26.50044142056128, 37.566748653445565 ], [ 26.500409696907237, 37.566731296213227 ], [ 26.500405588611251, 37.566693070736683 ], [ 26.500373862679158, 37.566675713509213 ], [ 26.500344364766722, 37.566640279190175 ], [ 26.500334973995713, 37.56661343383562 ], [ 26.500385072505335, 37.566587582167976 ], [ 26.500394807591249, 37.566540047895522 ], [ 26.500391224969867, 37.566517586242206 ], [ 26.500314231170758, 37.56650118738203 ], [ 26.50028764022381, 37.566467947145682 ] ] ] ] } },
{ "type": "Feature", "properties": { "datasetID": 583.0, "BIO_CLASS": "Posidonia beds (posidonion oceanicae) (Posidonia oceanica meadows (= association with Posidonia oceanica))", "fieldNotes": "Not reported", "habitat": "Posidonia beds", "AREA_SQKM": 0.00030230367, "vernacular": "Neptune grass", "FAMILY": "Posidoniaceae", "GENUS": "Posidonia", "scientific": "Posidonia oceanica", "habitatID": "EUNIS:A5.535", "nameAccord": "urn:lsid:marinespecies.org:taxname:145794", "eventDate": "2018-01-17", "verif": "Panayotidis Panayotis", "Shape_Leng": 74.307498229299995, "Shape_Area": 302.82826520600003, "Pres_UNEP": 1 }, "geometry": { "type": "MultiPolygon", "coordinates": [ [ [ [ 26.500853648747125, 37.567053178565821 ], [ 26.500870022051704, 37.567034802889452 ], [ 26.500884318610428, 37.567039007283618 ], [ 26.500917818429397, 37.567024775056403 ], [ 26.500958750116077, 37.566978834108745 ], [ 26.500934911034147, 37.566943279610115 ], [ 26.500903636815007, 37.566939434711195 ], [ 26.500843847005953, 37.566929433381318 ], [ 26.500806314084866, 37.566907693320019 ], [ 26.500805635501038, 37.566887423914643 ], [ 26.500804279888367, 37.566846886876711 ], [ 26.500778740040328, 37.566845174206016 ], [ 26.500733293052242, 37.566875728465213 ], [ 26.500698005998551, 37.566970838696356 ], [ 26.500729257196571, 37.56700937955592 ], [ 26.50075720199175, 37.567040893961469 ], [ 26.500803011768667, 37.567057928825079 ], [ 26.500853648747125, 37.567053178565821 ] ] ] ] } },
{ "type": "Feature", "properties": { "datasetID": 583.0, "BIO_CLASS": "Posidonia beds (posidonion oceanicae) (Posidonia oceanica meadows (= association with Posidonia oceanica))", "fieldNotes": "Not reported", "habitat": "Posidonia beds", "AREA_SQKM": 0.01796845727, "vernacular": "Neptune grass", "FAMILY": "Posidoniaceae", "GENUS": "Posidonia", "scientific": "Posidonia oceanica", "habitatID": "EUNIS:A5.535", "nameAccord": "urn:lsid:marinespecies.org:taxname:145794", "eventDate": "2018-01-17", "verif": "Panayotidis Panayotis", "Shape_Leng": 823.76459959900001, "Shape_Area": 17999.6330762, "Pres_UNEP": 1 }, "geometry": { "type": "MultiPolygon", "coordinates": [ [ [ [ 26.476522443425655, 37.568435462889099 ], [ 26.476393383865815, 37.568137722778175 ], [ 26.476189628262492, 37.567983868539564 ], [ 26.475967590982997, 37.56787783783426 ], [ 26.475668762558058, 37.56785248063877 ], [ 26.47542949009766, 37.567825876255732 ], [ 26.474972892665999, 37.567835453656983 ], [ 26.474600407115918, 37.567985584754425 ], [ 26.474442636349981, 37.568020519377107 ], [ 26.474196564906766, 37.567788482618489 ], [ 26.474010051492392, 37.567555198058798 ], [ 26.473965117609598, 37.567398009898419 ], [ 26.474018398967761, 37.567207136330715 ], [ 26.473777561828005, 37.567133121278395 ], [ 26.473499633371265, 37.56713894648729 ], [ 26.473466725442563, 37.567345207565403 ], [ 26.473511659347352, 37.567502393917387 ], [ 26.473638091897314, 37.567721128157395 ], [ 26.473760339880879, 37.567813443213836 ], [ 26.474082158355738, 37.567933199173254 ], [ 26.474386217149487, 37.568116579683945 ], [ 26.474507945741209, 37.568193092139218 ], [ 26.474670948344919, 37.568316178300179 ], [ 26.475065378689951, 37.568228839416712 ], [ 26.475222103601698, 37.568162300074022 ], [ 26.475326072537779, 37.56830243531892 ], [ 26.475411761888388, 37.568490395107773 ], [ 26.475417516538766, 37.568664217241221 ], [ 26.475424841850771, 37.568885447157001 ], [ 26.475488063057369, 37.568994811034401 ], [ 26.475647407019675, 37.56900728213278 ], [ 26.476022508317005, 37.568936159165318 ], [ 26.476337531142139, 37.568850482349802 ], [ 26.476513584776754, 37.568767721291138 ], [ 26.476522443425655, 37.568435462889099 ] ] ] ] } },
{ "type": "Feature", "properties": { "datasetID": 583.0, "BIO_CLASS": "Posidonia beds (posidonion oceanicae) (Posidonia oceanica meadows (= association with Posidonia oceanica))", "fieldNotes": "Not reported", "habitat": "Posidonia beds", "AREA_SQKM": 0.00969523269, "vernacular": "Neptune grass", "FAMILY": "Posidoniaceae", "GENUS": "Posidonia", "scientific": "Posidonia oceanica", "habitatID": "EUNIS:A5.535", "nameAccord": "urn:lsid:marinespecies.org:taxname:145794", "eventDate": "2018-01-17", "verif": "Panayotidis Panayotis", "Shape_Leng": 447.24958684000001, "Shape_Area": 9712.0502688399993, "Pres_UNEP": 1 }, "geometry": { "type": "MultiPolygon", "coordinates": [ [ [ [ 26.46835866706509, 37.570302436351078 ], [ 26.468381066596628, 37.570222217679557 ], [ 26.468291156109213, 37.570154318285262 ], [ 26.468289511617517, 37.57010450957052 ], [ 26.468336613578856, 37.570013806334288 ], [ 26.468307634593565, 37.569894788431554 ], [ 26.468303359197314, 37.569765285968622 ], [ 26.468300399385956, 37.569675630466875 ], [ 26.468274380721308, 37.569646269098271 ], [ 26.468208845187874, 37.569557921798847 ], [ 26.468206214431724, 37.56947822810082 ], [ 26.468278674035613, 37.569396963067874 ], [ 26.468321892141759, 37.569367928556446 ], [ 26.468159882343429, 37.568884518830906 ], [ 26.467874549912278, 37.568933313228953 ], [ 26.467511376829869, 37.569340611158523 ], [ 26.467445810874274, 37.569527557917283 ], [ 26.467423151012294, 37.569927734224208 ], [ 26.467372874210831, 37.57010778039318 ], [ 26.467367485561617, 37.570127082925168 ], [ 26.467401251356762, 37.570133055731127 ], [ 26.467513888583284, 37.570130700880242 ], [ 26.467588981659489, 37.570129129507549 ], [ 26.467650571451642, 37.570097937012164 ], [ 26.467716108375235, 37.570186284552051 ], [ 26.467792843492163, 37.570234521913761 ], [ 26.46790712614186, 37.570281974925216 ], [ 26.468019765409625, 37.570279618305989 ], [ 26.46818213711822, 37.570266254120746 ], [ 26.468245370924862, 37.570284868584764 ], [ 26.46835866706509, 37.570302436351078 ] ] ] ] } },
{ "type": "Feature", "properties": { "datasetID": 583.0, "BIO_CLASS": "Posidonia beds (posidonion oceanicae) (Posidonia oceanica meadows (= association with Posidonia oceanica))", "fieldNotes": "Not reported", "habitat": "Posidonia beds", "AREA_SQKM": 0.00411393341, "vernacular": "Neptune grass", "FAMILY": "Posidoniaceae", "GENUS": "Posidonia", "scientific": "Posidonia oceanica", "habitatID": "EUNIS:A5.535", "nameAccord": "urn:lsid:marinespecies.org:taxname:145794", "eventDate": "2018-01-17", "verif": "Panayotidis Panayotis", "Shape_Leng": 506.843097543, "Shape_Area": 4121.0699079400001, "Pres_UNEP": 1 }, "geometry": { "type": "MultiPolygon", "coordinates": [ [ [ [ 26.476691440192425, 37.570028823130279 ], [ 26.47677925365447, 37.569955140025137 ], [ 26.476897649514196, 37.570003364964585 ], [ 26.476902535683102, 37.569990584652231 ], [ 26.476953630036419, 37.569930350518604 ], [ 26.476977778893854, 37.569858004749044 ], [ 26.476981265137844, 37.569802996189814 ], [ 26.476852119272589, 37.569750770886941 ], [ 26.476909497589475, 37.569719985646813 ], [ 26.476942590589132, 37.569757324001856 ], [ 26.477028594495849, 37.569789325535702 ], [ 26.477031812183498, 37.569886451061805 ], [ 26.477094636986795, 37.569859778392583 ], [ 26.477148236996765, 37.569714973870397 ], [ 26.477165402632554, 37.569592063499037 ], [ 26.477174333062575, 37.569541167598857 ], [ 26.477235757421568, 37.569472265023578 ], [ 26.477334319113233, 37.569402580763537 ], [ 26.477385974534364, 37.569359238777274 ], [ 26.477460247721719, 37.56935767889339 ], [ 26.477468481200244, 37.569285667214785 ], [ 26.477552106715333, 37.569245878713254 ], [ 26.477522361369182, 37.569149309970619 ], [ 26.477436074632756, 37.569108863448989 ], [ 26.477382181784993, 37.569084640234216 ], [ 26.477276356019047, 37.569095313852941 ], [ 26.477185046480333, 37.569063423724984 ], [ 26.477175976286922, 37.56911009828206 ], [ 26.477219257989475, 37.569134544971178 ], [ 26.477354547947421, 37.569211994985196 ], [ 26.477397270590746, 37.569219548845183 ], [ 26.477443898634444, 37.56918476417006 ], [ 26.477419332054133, 37.569244440723914 ], [ 26.477309458998395, 37.569293232560483 ], [ 26.47729996748625, 37.569327237312805 ], [ 26.477129499723432, 37.569309688181896 ], [ 26.476962935622968, 37.569249796970112 ], [ 26.476886014721075, 37.569331702325329 ], [ 26.476891331242012, 37.569492173428863 ], [ 26.476836330387126, 37.569594746926633 ], [ 26.476706355068032, 37.569677766250258 ], [ 26.47669714233384, 37.569720217068443 ], [ 26.476586149746883, 37.569735225016004 ], [ 26.476595233372699, 37.569849131231827 ], [ 26.476489126691916, 37.569851358002488 ], [ 26.476446683675103, 37.569852249240732 ], [ 26.476400753210019, 37.569908149935443 ], [ 26.476343093536357, 37.569930489195436 ], [ 26.476224007586378, 37.570021730316874 ], [ 26.476224402480081, 37.570025097416007 ], [ 26.476234619937738, 37.570021506844668 ], [ 26.47631615792444, 37.570078958643514 ], [ 26.476446005109199, 37.570152298194721 ], [ 26.476682575178845, 37.570143321318916 ], [ 26.476708756608517, 37.570070717551154 ], [ 26.476691440192425, 37.570028823130279 ] ] ] ] } },
{ "type": "Feature", "properties": { "datasetID": 583.0, "BIO_CLASS": "Posidonia beds (posidonion oceanicae) (Posidonia oceanica meadows (= association with Posidonia oceanica))", "fieldNotes": "Not reported", "habitat": "Posidonia beds", "AREA_SQKM": 0.00193035366, "vernacular": "Neptune grass", "FAMILY": "Posidoniaceae", "GENUS": "Posidonia", "scientific": "Posidonia oceanica", "habitatID": "EUNIS:A5.535", "nameAccord": "urn:lsid:marinespecies.org:taxname:145794", "eventDate": "2018-01-17", "verif": "Panayotidis Panayotis", "Shape_Leng": 315.891300962, "Shape_Area": 1933.70208443, "Pres_UNEP": 1 }, "geometry": { "type": "MultiPolygon", "coordinates": [ [ [ [ 26.473834355526009, 37.570164825015318 ], [ 26.47385934462589, 37.570117817209805 ], [ 26.473891456603202, 37.570125596343232 ], [ 26.473945628312755, 37.570158266587001 ], [ 26.474078261542243, 37.57015548599005 ], [ 26.474156167637954, 37.570103142233386 ], [ 26.474162728387679, 37.570141036249943 ], [ 26.474216623946422, 37.570165261360266 ], [ 26.47424817598279, 37.570156147574103 ], [ 26.474295365051198, 37.570138255653227 ], [ 26.474294385623729, 37.570108695475902 ], [ 26.47426101682991, 37.57006291103982 ], [ 26.474191487944669, 37.570047464956019 ], [ 26.474127542924982, 37.570040353592546 ], [ 26.474152673212394, 37.569997569705791 ], [ 26.474140943675305, 37.569964009133002 ], [ 26.47411916345488, 37.56994756229038 ], [ 26.474034138147186, 37.569945119996248 ], [ 26.473936969988163, 37.570057028331718 ], [ 26.473889359944426, 37.570062251222822 ], [ 26.473845378979487, 37.570016690269689 ], [ 26.473801959869107, 37.569988020466042 ], [ 26.473827228658038, 37.569949457828905 ], [ 26.473886285764049, 37.569969348615999 ], [ 26.473884051000653, 37.569901783191384 ], [ 26.473850679991259, 37.569855997919724 ], [ 26.473814020639438, 37.569853128998297 ], [ 26.473812286510913, 37.569858915422124 ], [ 26.473755325573606, 37.569902367928698 ], [ 26.473596441086421, 37.56991415100228 ], [ 26.47342722941011, 37.569934601791232 ], [ 26.473379194655909, 37.570012519377777 ], [ 26.473378226363462, 37.570018032869832 ], [ 26.473395680566416, 37.570064151179039 ], [ 26.473370408948998, 37.570102712071922 ], [ 26.473371388342152, 37.570132273131598 ], [ 26.473351284439314, 37.570166500616835 ], [ 26.473336624623599, 37.570204840707042 ], [ 26.473310657076869, 37.570222287455593 ], [ 26.473306468958732, 37.570256182839124 ], [ 26.473328110396999, 37.570268406695583 ], [ 26.473421371815967, 37.570198838750237 ], [ 26.473430584449705, 37.570156387829627 ], [ 26.473473028944021, 37.570155497473301 ], [ 26.473558056895435, 37.570157940653289 ], [ 26.473569644304046, 37.570187279132107 ], [ 26.473581233637827, 37.570216615848665 ], [ 26.473582629426794, 37.570258845959529 ], [ 26.473577743677001, 37.570271624522583 ], [ 26.473547029573322, 37.570306074621101 ], [ 26.47354772824697, 37.5703271905682 ], [ 26.473620467304578, 37.570279181956067 ], [ 26.473692227585698, 37.570201610514559 ], [ 26.473787164272256, 37.570182717821858 ], [ 26.473834355526009, 37.570164825015318 ] ] ] ] } },
{ "type": "Feature", "properties": { "datasetID": 583.0, "BIO_CLASS": "Posidonia beds (posidonion oceanicae) (Posidonia oceanica meadows (= association with Posidonia oceanica))", "fieldNotes": "Not reported", "habitat": "Posidonia beds", "AREA_SQKM": 0.00097510337, "vernacular": "Neptune grass", "FAMILY": "Posidoniaceae", "GENUS": "Posidonia", "scientific": "Posidonia oceanica", "habitatID": "EUNIS:A5.535", "nameAccord": "urn:lsid:marinespecies.org:taxname:145794", "eventDate": "2018-01-17", "verif": "Panayotidis Panayotis", "Shape_Leng": 190.87436085100001, "Shape_Area": 976.79351741599999, "Pres_UNEP": 1 }, "geometry": { "type": "MultiPolygon", "coordinates": [ [ [ [ 26.497075124127257, 37.575934079598255 ], [ 26.497073442140533, 37.57588370322712 ], [ 26.497016165396403, 37.575828202757137 ], [ 26.496950040138181, 37.575774463632776 ], [ 26.496895383021567, 37.57576774425582 ], [ 26.496762563741814, 37.57582096575581 ], [ 26.496624146812874, 37.575943623824941 ], [ 26.496628353608543, 37.576069564373142 ], [ 26.496669176210826, 37.576106510847474 ], [ 26.496721405013549, 37.576010882146633 ], [ 26.496766142200347, 37.57592801651964 ], [ 26.496869416842312, 37.575938433461538 ], [ 26.496770558150352, 37.576060255102767 ], [ 26.496700402490578, 37.576093246967851 ], [ 26.496748498343713, 37.576176387375291 ], [ 26.496782678118805, 37.576186027894828 ], [ 26.496936077735612, 37.576037847137037 ], [ 26.497021424723687, 37.575985629025759 ], [ 26.497075124127257, 37.575934079598255 ] ] ] ] } },
{ "type": "Feature", "properties": { "datasetID": 583.0, "BIO_CLASS": "Posidonia beds (posidonion oceanicae) (Posidonia oceanica meadows (= association with Posidonia oceanica))", "fieldNotes": "Not reported", "habitat": "Posidonia beds", "AREA_SQKM": 0.00023755167, "vernacular": "Neptune grass", "FAMILY": "Posidoniaceae", "GENUS": "Posidonia", "scientific": "Posidonia oceanica", "habitatID": "EUNIS:A5.535", "nameAccord": "urn:lsid:marinespecies.org:taxname:145794", "eventDate": "2018-01-17", "verif": "Panayotidis Panayotis", "Shape_Leng": 67.825720116, "Shape_Area": 237.96338783900001, "Pres_UNEP": 1 }, "geometry": { "type": "MultiPolygon", "coordinates": [ [ [ [ 26.49656493044759, 37.576304063789991 ], [ 26.49656138247575, 37.576197835191266 ], [ 26.496387925821338, 37.576219587753876 ], [ 26.496359011398727, 37.576302120492024 ], [ 26.49633014863284, 37.576296876237087 ], [ 26.496344871435475, 37.576352829980124 ], [ 26.496423781233002, 37.576344858922575 ], [ 26.49650975827166, 37.576311531355017 ], [ 26.49656493044759, 37.576304063789991 ] ] ] ] } },
{ "type": "Feature", "properties": { "datasetID": 583.0, "BIO_CLASS": "Posidonia beds (posidonion oceanicae) (Posidonia oceanica meadows (= association with Posidonia oceanica))", "fieldNotes": "Not reported", "habitat": "Posidonia beds", "AREA_SQKM": 0.00069177941, "vernacular": "Neptune grass", "FAMILY": "Posidoniaceae", "GENUS": "Posidonia", "scientific": "Posidonia oceanica", "habitatID": "EUNIS:A5.535", "nameAccord": "urn:lsid:marinespecies.org:taxname:145794", "eventDate": "2018-01-17", "verif": "Panayotidis Panayotis", "Shape_Leng": 104.062208371, "Shape_Area": 692.978327519, "Pres_UNEP": 1 }, "geometry": { "type": "MultiPolygon", "coordinates": [ [ [ [ 26.478900467868314, 37.576560596993069 ], [ 26.47878640273295, 37.57652926038898 ], [ 26.478617727810533, 37.576555291782526 ], [ 26.478615317643634, 37.576563450995337 ], [ 26.478579734093294, 37.576683895925974 ], [ 26.478570271602738, 37.576715923310203 ], [ 26.478696195421954, 37.576837991874939 ], [ 26.478736595954516, 37.576841890848186 ], [ 26.478796465115916, 37.576832651323897 ], [ 26.478900467868314, 37.576560596993069 ] ] ] ] } },
{ "type": "Feature", "properties": { "datasetID": 583.0, "BIO_CLASS": "Posidonia beds (posidonion oceanicae) (Posidonia oceanica meadows (= association with Posidonia oceanica))", "fieldNotes": "Not reported", "habitat": "Posidonia beds", "AREA_SQKM": 0.00522870631, "vernacular": "Neptune grass", "FAMILY": "Posidoniaceae", "GENUS": "Posidonia", "scientific": "Posidonia oceanica", "habitatID": "EUNIS:A5.535", "nameAccord": "urn:lsid:marinespecies.org:taxname:145794", "eventDate": "2018-01-17", "verif": "Panayotidis Panayotis", "Shape_Leng": 742.82785557900002, "Shape_Area": 5237.7755361299996, "Pres_UNEP": 1 }, "geometry": { "type": "MultiPolygon", "coordinates": [ [ [ [ 26.474811325635898, 37.570816041358995 ], [ 26.474845717118797, 37.570787185948326 ], [ 26.474881599917847, 37.570803313991853 ], [ 26.474942389516098, 37.570717632837038 ], [ 26.474931201713265, 37.570682013188069 ], [ 26.474888029802155, 37.570647035698919 ], [ 26.474909884223734, 37.570566905217255 ], [ 26.474907577983704, 37.570563054065047 ], [ 26.474877532628032, 37.570509662617155 ], [ 26.474873660960171, 37.570392702485009 ], [ 26.474866371493711, 37.570343335355837 ], [ 26.474804203740494, 37.570344639976447 ], [ 26.474742331665521, 37.57035493914757 ], [ 26.474673167728522, 37.570315875613389 ], [ 26.474671977125265, 37.57027988770438 ], [ 26.474659185799865, 37.570235139328318 ], [ 26.474614417071628, 37.570249582892217 ], [ 26.474593003490789, 37.570286045122778 ], [ 26.474509865185599, 37.570337306896498 ], [ 26.474469855122006, 37.570324642273761 ], [ 26.474484577915597, 37.57025680820783 ], [ 26.474432519925514, 37.570221884674361 ], [ 26.47438581664569, 37.570177847359915 ], [ 26.474339709515128, 37.57015180532057 ], [ 26.474278136206866, 37.570171102557147 ], [ 26.474245266471897, 37.570203302898108 ], [ 26.47425315363817, 37.570270663502022 ], [ 26.474254642646148, 37.570315648608009 ], [ 26.474226681888339, 37.57032523849518 ], [ 26.474131346034802, 37.570349747164485 ], [ 26.474049100977833, 37.570428001448015 ], [ 26.473975776587004, 37.570434040509944 ], [ 26.473923868076156, 37.570403616429992 ], [ 26.473894120817349, 37.570359223108937 ], [ 26.473826151731622, 37.570356145723615 ], [ 26.473793878117231, 37.570406342266331 ], [ 26.473778711639071, 37.570460679691458 ], [ 26.47374643647051, 37.570510874494062 ], [ 26.473667013934463, 37.57050353699136 ], [ 26.473603952703932, 37.570477849109182 ], [ 26.47355903453597, 37.570487794087342 ], [ 26.473497907363289, 37.57052058628507 ], [ 26.473413577262193, 37.57053586104729 ], [ 26.473345013233683, 37.57051478835929 ], [ 26.473298607465242, 37.570479748185939 ], [ 26.473213831378629, 37.570481524485025 ], [ 26.473169213946932, 37.57050046667046 ], [ 26.473205208682153, 37.570562736964632 ], [ 26.47324030650482, 37.570598013874907 ], [ 26.473230492074421, 37.5706432366607 ], [ 26.473276450397758, 37.570664781923689 ], [ 26.473326720882479, 37.57064572224472 ], [ 26.473378183771608, 37.570662649656171 ], [ 26.473369113342493, 37.570730365499642 ], [ 26.473425183221313, 37.570715684295052 ], [ 26.473481254436656, 37.57070100397484 ], [ 26.473487800284598, 37.57072787638122 ], [ 26.473516953088264, 37.570754276229707 ], [ 26.473577485210765, 37.570703487793011 ], [ 26.473616153582057, 37.570675666733955 ], [ 26.473689626430314, 37.570674127155428 ], [ 26.473762951168649, 37.570668088969477 ], [ 26.473786452886472, 37.570694604521286 ], [ 26.473820361842183, 37.570693894354186 ], [ 26.473847725832375, 37.570666310902105 ], [ 26.473845940637599, 37.570612328504104 ], [ 26.473913465148506, 37.570601908308568 ], [ 26.47395942222396, 37.570623452683776 ], [ 26.474049851036153, 37.570621557138963 ], [ 26.474111425702024, 37.570602259858603 ], [ 26.474173147318698, 37.570587461185639 ], [ 26.474206315438305, 37.570564257109005 ], [ 26.474296891738792, 37.570566857519978 ], [ 26.474348758198335, 37.570510624522065 ], [ 26.474397467706211, 37.570487094519855 ], [ 26.474453985407258, 37.570485910026001 ], [ 26.474616658539148, 37.5704881253208 ], [ 26.474708687292679, 37.570491821895466 ], [ 26.474764271679746, 37.5704625213531 ], [ 26.474807219401605, 37.570478500977273 ], [ 26.474787887382277, 37.570535178261729 ], [ 26.474688982480057, 37.570537252230615 ], [ 26.47462484048312, 37.570521716897439 ], [ 26.474492100560141, 37.570569517994734 ], [ 26.474458637863535, 37.57062649032477 ], [ 26.474415134003348, 37.570593640695634 ], [ 26.474371627673744, 37.570560790188622 ], [ 26.474322546773831, 37.570573074127758 ], [ 26.474239074258474, 37.570614213448906 ], [ 26.474191110874337, 37.570660235617908 ], [ 26.474141098067136, 37.570644404372196 ], [ 26.474063388308053, 37.570646033162966 ], [ 26.474050003348864, 37.570668822985134 ], [ 26.474022859180394, 37.570703153908092 ], [ 26.473982332343521, 37.570760274669688 ], [ 26.474019143609045, 37.570804518803961 ], [ 26.474090164554418, 37.570814285373288 ], [ 26.474174382056294, 37.570795637294353 ], [ 26.474223835770093, 37.570794600308552 ], [ 26.474263805422584, 37.570720610416508 ], [ 26.474363083216353, 37.570729783409107 ], [ 26.474384834208131, 37.570746206467675 ], [ 26.474408263233013, 37.57081324132082 ], [ 26.474444143874663, 37.570829370249704 ], [ 26.474507728934764, 37.570828036477309 ], [ 26.474550116611358, 37.570827148767869 ], [ 26.47461369821113, 37.570825814995445 ], [ 26.474655528165254, 37.570808055508095 ], [ 26.474625779247145, 37.570763662096581 ], [ 26.474617412869506, 37.570724448322132 ], [ 26.474616296142219, 37.57069070920133 ], [ 26.474580040675814, 37.570663334206706 ], [ 26.474643251739387, 37.570650753475832 ], [ 26.474677272800839, 37.570610651131908 ], [ 26.474718731094459, 37.570581644708213 ], [ 26.474761862464536, 37.570603248261783 ], [ 26.474784732166018, 37.570653413951781 ], [ 26.474780461217929, 37.570737909700156 ], [ 26.474732682987977, 37.570789556706266 ], [ 26.474699034723635, 37.570840906056027 ], [ 26.474714654481986, 37.570885595388084 ], [ 26.474743284185749, 37.570896248787854 ], [ 26.474785114528192, 37.570878491060789 ], [ 26.474811325635898, 37.570816041358995 ] ] ] ] } },
{ "type": "Feature", "properties": { "datasetID": 583.0, "BIO_CLASS": "Posidonia beds (posidonion oceanicae) (Posidonia oceanica meadows (= association with Posidonia oceanica))", "fieldNotes": "Not reported", "habitat": "Posidonia beds", "AREA_SQKM": 0.00538468442, "vernacular": "Neptune grass", "FAMILY": "Posidoniaceae", "GENUS": "Posidonia", "scientific": "Posidonia oceanica", "habitatID": "EUNIS:A5.535", "nameAccord": "urn:lsid:marinespecies.org:taxname:145794", "eventDate": "2018-01-17", "verif": "Panayotidis Panayotis", "Shape_Leng": 685.30917740899997, "Shape_Area": 5394.0246298900001, "Pres_UNEP": 1 }, "geometry": { "type": "MultiPolygon", "coordinates": [ [ [ [ 26.472981317599988, 37.570858839556358 ], [ 26.473070250433455, 37.570818944744197 ], [ 26.473144805970843, 37.57082583266245 ], [ 26.473137685607789, 37.570771046424639 ], [ 26.473037022352703, 37.570777381400134 ], [ 26.472861243924584, 37.570759936369505 ], [ 26.472732376535262, 37.570716154207197 ], [ 26.472704592540758, 37.570678702610259 ], [ 26.472687138304615, 37.570632584158204 ], [ 26.472695655424413, 37.570569019819587 ], [ 26.472715061116954, 37.570513677178965 ], [ 26.472758341712765, 37.570538124924326 ], [ 26.472759599321368, 37.570576130318727 ], [ 26.472796458243, 37.570566906985491 ], [ 26.472811536742373, 37.570541235877535 ], [ 26.47280371694465, 37.570465333754278 ], [ 26.472770486294813, 37.570423773134181 ], [ 26.472812090512573, 37.570397545571382 ], [ 26.472886367484183, 37.570395989212528 ], [ 26.472906611405648, 37.570365984701489 ], [ 26.472931601995828, 37.570318976848355 ], [ 26.473010623275034, 37.57030041714507 ], [ 26.473048320970136, 37.570316529249745 ], [ 26.472958967115407, 37.570343758453646 ], [ 26.472933837589366, 37.570386542415058 ], [ 26.472866962798449, 37.570451330937018 ], [ 26.472935653689511, 37.570441439841389 ], [ 26.473025846113295, 37.570439549598071 ], [ 26.473104588766525, 37.570412543853692 ], [ 26.473153594473885, 37.570449550221561 ], [ 26.473222843666811, 37.570456550304982 ], [ 26.473254257265364, 37.570443214373228 ], [ 26.473274500895702, 37.570413208971772 ], [ 26.473199807822553, 37.570402097169911 ], [ 26.473186819379851, 37.570330530290789 ], [ 26.473196034174951, 37.570288078458738 ], [ 26.473221864136558, 37.570266408692611 ], [ 26.473236103090816, 37.5702153995583 ], [ 26.473256065958612, 37.570176949054805 ], [ 26.473297530315875, 37.57014649939876 ], [ 26.473274354517741, 37.570087822457516 ], [ 26.473304789078426, 37.570044927266039 ], [ 26.473276027254684, 37.569977915638006 ], [ 26.47322087654079, 37.569915684392107 ], [ 26.473217462986582, 37.569885132314695 ], [ 26.473116303845284, 37.569843925131622 ], [ 26.47295686307012, 37.569838815307378 ], [ 26.47288342596072, 37.56986571056256 ], [ 26.472927405298691, 37.569911271481047 ], [ 26.472924196815011, 37.569974725197795 ], [ 26.472879799684208, 37.570077077239318 ], [ 26.472918055894777, 37.570110082241939 ], [ 26.472929503992958, 37.570135195938114 ], [ 26.472973205477736, 37.570172313548802 ], [ 26.472952820508873, 37.570198095020288 ], [ 26.472910516852028, 37.570203207503823 ], [ 26.472856904787051, 37.570187428408715 ], [ 26.472823676391098, 37.570145866963514 ], [ 26.472875891964019, 37.570119416848442 ], [ 26.47287477299793, 37.570085633666025 ], [ 26.472842801189472, 37.57008207842523 ], [ 26.472800077888962, 37.570074521882532 ], [ 26.472725383947498, 37.570063410099635 ], [ 26.472628908826415, 37.570035851467424 ], [ 26.472606849983315, 37.570010957722829 ], [ 26.472600008856826, 37.569964617720409 ], [ 26.472652084749711, 37.569933945508105 ], [ 26.472704858885532, 37.569924388321532 ], [ 26.472751908044053, 37.569902272534264 ], [ 26.472727893773101, 37.569818259417268 ], [ 26.472646358565157, 37.569760805927359 ], [ 26.4725990271684, 37.569774474812931 ], [ 26.472451175631072, 37.569798702528509 ], [ 26.472378855833139, 37.56985938003308 ], [ 26.472246503237731, 37.570031186816273 ], [ 26.472330553440649, 37.570164651891631 ], [ 26.472437776661042, 37.570196211846088 ], [ 26.472554775497695, 37.570202211152761 ], [ 26.472555753558677, 37.570231772227281 ], [ 26.472459837450479, 37.570221103847345 ], [ 26.472328039542909, 37.570249220744984 ], [ 26.472291878908958, 37.570279559122191 ], [ 26.472324131675286, 37.570291560390807 ], [ 26.472435826816099, 37.570297671878315 ], [ 26.472479386253603, 37.570330567389568 ], [ 26.47255422120983, 37.570345901317459 ], [ 26.472615515144675, 37.570433358610231 ], [ 26.472627520950756, 37.570475366177796 ], [ 26.472614258604185, 37.570555935618501 ], [ 26.472591920679733, 37.570683177369183 ], [ 26.472630316103722, 37.570720406377241 ], [ 26.472695239453802, 37.570757078034603 ], [ 26.472740617140929, 37.570844868510108 ], [ 26.472753180477227, 37.570935859196609 ], [ 26.472766445772589, 37.57094363394561 ], [ 26.472810148682328, 37.570980750824255 ], [ 26.472889590099587, 37.570974860138975 ], [ 26.472908715951668, 37.570911072217449 ], [ 26.472981317599988, 37.570858839556358 ] ] ] ] } },
{ "type": "Feature", "properties": { "datasetID": 583.0, "BIO_CLASS": "Posidonia beds (posidonion oceanicae) (Posidonia oceanica meadows (= association with Posidonia oceanica))", "fieldNotes": "Not reported", "habitat": "Posidonia beds", "AREA_SQKM": 0.00047361621, "vernacular": "Neptune grass", "FAMILY": "Posidoniaceae", "GENUS": "Posidonia", "scientific": "Posidonia oceanica", "habitatID": "EUNIS:A5.535", "nameAccord": "urn:lsid:marinespecies.org:taxname:145794", "eventDate": "2018-01-17", "verif": "Panayotidis Panayotis", "Shape_Leng": 98.520271565300007, "Shape_Area": 474.43761452199999, "Pres_UNEP": 1 }, "geometry": { "type": "MultiPolygon", "coordinates": [ [ [ [ 26.471831431596804, 37.571406937815226 ], [ 26.471924977649046, 37.571345816423097 ], [ 26.471967977967005, 37.571361819967365 ], [ 26.472009863664368, 37.57134403923294 ], [ 26.47206277943496, 37.571338705012913 ], [ 26.472126166613293, 37.571328924284956 ], [ 26.472134959913124, 37.571273804906021 ], [ 26.47206431277414, 37.571224576234904 ], [ 26.472040109294994, 37.571188450367139 ], [ 26.472020055012649, 37.571210712041378 ], [ 26.471940473311204, 37.571212378818508 ], [ 26.471850979577855, 37.571235383346369 ], [ 26.471750859991644, 37.571319381164216 ], [ 26.471750033996067, 37.57135370778331 ], [ 26.471746263826443, 37.571400270700657 ], [ 26.471794014345498, 37.571399270810076 ], [ 26.471831431596804, 37.571406937815226 ] ] ] ] } },
{ "type": "Feature", "properties": { "datasetID": 583.0, "BIO_CLASS": "Posidonia beds (posidonion oceanicae) (Posidonia oceanica meadows (= association with Posidonia oceanica))", "fieldNotes": "Not reported", "habitat": "Posidonia beds", "AREA_SQKM": 0.0129050541, "vernacular": "Neptune grass", "FAMILY": "Posidoniaceae", "GENUS": "Posidonia", "scientific": "Posidonia oceanica", "habitatID": "EUNIS:A5.535", "nameAccord": "urn:lsid:marinespecies.org:taxname:145794", "eventDate": "2018-01-17", "verif": "Panayotidis Panayotis", "Shape_Leng": 424.441553328, "Shape_Area": 12927.4370877, "Pres_UNEP": 1 }, "geometry": { "type": "MultiPolygon", "coordinates": [ [ [ [ 26.468525476770925, 37.571718213176737 ], [ 26.468662883872586, 37.571667899706817 ], [ 26.468759540239635, 37.571586812202845 ], [ 26.468871873623801, 37.571378889652934 ], [ 26.468869264166642, 37.571299879777108 ], [ 26.468867699320775, 37.571252473336756 ], [ 26.468821730064438, 37.571063678868271 ], [ 26.468598648231218, 37.570926029027397 ], [ 26.468512454486369, 37.570722263061285 ], [ 26.468389683520765, 37.570614140140279 ], [ 26.468131071755494, 37.570603735844159 ], [ 26.467752300607998, 37.570564219132514 ], [ 26.467454505443129, 37.570570446339957 ], [ 26.467417929558511, 37.570666090967428 ], [ 26.467454475046409, 37.571171346255504 ], [ 26.467479021108105, 37.5713131495204 ], [ 26.467643063668081, 37.571467848121671 ], [ 26.467746503354338, 37.571592189711851 ], [ 26.467928835840109, 37.571699066833979 ], [ 26.46808766019906, 37.571695744754443 ], [ 26.468325898155928, 37.571690760310354 ], [ 26.468525476770925, 37.571718213176737 ] ] ] ] } },
{ "type": "Feature", "properties": { "datasetID": 583.0, "BIO_CLASS": "Posidonia beds (posidonion oceanicae) (Posidonia oceanica meadows (= association with Posidonia oceanica))", "fieldNotes": "Not reported", "habitat": "Posidonia beds", "AREA_SQKM": 0.00527519951, "vernacular": "Neptune grass", "FAMILY": "Posidoniaceae", "GENUS": "Posidonia", "scientific": "Posidonia oceanica", "habitatID": "EUNIS:A5.535", "nameAccord": "urn:lsid:marinespecies.org:taxname:145794", "eventDate": "2018-01-17", "verif": "Panayotidis Panayotis", "Shape_Leng": 289.07954049, "Shape_Area": 5284.3451731200003, "Pres_UNEP": 1 }, "geometry": { "type": "MultiPolygon", "coordinates": [ [ [ [ 26.466894755960482, 37.574076838447851 ], [ 26.46724465332575, 37.574030978014555 ], [ 26.467523847880351, 37.574025139353694 ], [ 26.467699897704357, 37.573791179680875 ], [ 26.467685289429607, 37.573348719754826 ], [ 26.467584979094202, 37.573319190898204 ], [ 26.467446523245901, 37.57333790104569 ], [ 26.46732740061335, 37.573340391963448 ], [ 26.467131472233675, 37.573423553299961 ], [ 26.466874416608078, 37.573460554929881 ], [ 26.466859257031881, 37.573603189254825 ], [ 26.466845140101235, 37.573777428371784 ], [ 26.46681273410249, 37.573999488114886 ], [ 26.466894755960482, 37.574076838447851 ] ] ] ] } },
{ "type": "Feature", "properties": { "datasetID": 583.0, "BIO_CLASS": "Posidonia beds (posidonion oceanicae) (Posidonia oceanica meadows (= association with Posidonia oceanica))", "fieldNotes": "Not reported", "habitat": "Posidonia beds", "AREA_SQKM": 0.00081722032, "vernacular": "Neptune grass", "FAMILY": "Posidoniaceae", "GENUS": "Posidonia", "scientific": "Posidonia oceanica", "habitatID": "EUNIS:A5.535", "nameAccord": "urn:lsid:marinespecies.org:taxname:145794", "eventDate": "2018-01-17", "verif": "Panayotidis Panayotis", "Shape_Leng": 193.606191564, "Shape_Area": 818.63729515299997, "Pres_UNEP": 1 }, "geometry": { "type": "MultiPolygon", "coordinates": [ [ [ [ 26.498032203522392, 37.573347844376542 ], [ 26.498204876664143, 37.573208075671815 ], [ 26.498213494452891, 37.573086903243272 ], [ 26.498167361307413, 37.573018104549668 ], [ 26.498167001862274, 37.573022353235771 ], [ 26.498086235556411, 37.573069434160338 ], [ 26.498044794051513, 37.573156012000389 ], [ 26.498029677894881, 37.573272280368109 ], [ 26.497962244921844, 37.573339243643971 ], [ 26.497759540159887, 37.5733384937189 ], [ 26.497709411911885, 37.573354678501346 ], [ 26.497619382739547, 37.573430251374241 ], [ 26.497618008189079, 37.573462478743309 ], [ 26.497606864216714, 37.57350808553641 ], [ 26.497658845859398, 37.573547313993927 ], [ 26.497698168752446, 37.573586811867315 ], [ 26.497742640735524, 37.573590911286942 ], [ 26.497758599051423, 37.5734998319355 ], [ 26.49778256745471, 37.573458995872812 ], [ 26.497900975120281, 37.573401035194927 ], [ 26.498032203522392, 37.573347844376542 ] ] ] ] } },
{ "type": "Feature", "properties": { "datasetID": 583.0, "BIO_CLASS": "Posidonia beds (posidonion oceanicae) (Posidonia oceanica meadows (= association with Posidonia oceanica))", "fieldNotes": "Not reported", "habitat": "Posidonia beds", "AREA_SQKM": 0.00866973415, "vernacular": "Neptune grass", "FAMILY": "Posidoniaceae", "GENUS": "Posidonia", "scientific": "Posidonia oceanica", "habitatID": "EUNIS:A5.535", "nameAccord": "urn:lsid:marinespecies.org:taxname:145794", "eventDate": "2018-01-17", "verif": "Panayotidis Panayotis", "Shape_Leng": 868.32443583500003, "Shape_Area": 8684.7637297700003, "Pres_UNEP": 1 }, "geometry": { "type": "MultiPolygon", "coordinates": [ [ [ [ 26.496906623631656, 37.575156258936552 ], [ 26.496931117210437, 37.574941488749694 ], [ 26.497006239486435, 37.574820170399349 ], [ 26.49712966945259, 37.574723035391195 ], [ 26.497189597679792, 37.574620942412416 ], [ 26.497192460195546, 37.57446964650908 ], [ 26.497314030407747, 37.574411617521143 ], [ 26.497377325824296, 37.574410280191408 ], [ 26.497418432562096, 37.574313626787145 ], [ 26.497453377211542, 37.574222145198718 ], [ 26.497451189769308, 37.574156655865593 ], [ 26.497516941627431, 37.574039316411103 ], [ 26.497554412026044, 37.574023399214887 ], [ 26.497788092509907, 37.574003328709757 ], [ 26.497929794197503, 37.573884380844618 ], [ 26.497970900683999, 37.573787727696605 ], [ 26.497982549275765, 37.573757234204386 ], [ 26.49795453760855, 37.573677167831121 ], [ 26.497941373598906, 37.57366232211367 ], [ 26.497929893770948, 37.57369785396719 ], [ 26.49791858349321, 37.573738422437351 ], [ 26.497873772157106, 37.573724248911098 ], [ 26.497847445098429, 37.573694556586965 ], [ 26.497776981885213, 37.573670844246251 ], [ 26.497718334414763, 37.573621674161757 ], [ 26.497667530421001, 37.573617708120601 ], [ 26.497590738173667, 37.573594126518252 ], [ 26.497553097944106, 37.573605005306369 ], [ 26.497535794403568, 37.573655784769485 ], [ 26.497525155211786, 37.573716504969077 ], [ 26.497539160710556, 37.573756537276296 ], [ 26.497596293311933, 37.573760369941027 ], [ 26.497635614968079, 37.573799866973538 ], [ 26.497636795046098, 37.573835129443225 ], [ 26.497713418912667, 37.57385367357756 ], [ 26.497796877895173, 37.573887195059477 ], [ 26.497797383868619, 37.573902308435692 ], [ 26.497556531901779, 37.573897323936514 ], [ 26.49750455214712, 37.573858094526486 ], [ 26.497402946463541, 37.573850163318085 ], [ 26.497309184373158, 37.573887437085872 ], [ 26.497242591507156, 37.573979588066706 ], [ 26.49722215556638, 37.57412621443202 ], [ 26.497295650272523, 37.57424060810505 ], [ 26.497298174846666, 37.574316172482305 ], [ 26.497178252942977, 37.574328792311256 ], [ 26.497106779621131, 37.574274852198769 ], [ 26.497054125444368, 37.574215472689943 ], [ 26.49699032787213, 37.574201697501522 ], [ 26.496927368371679, 37.574213114257596 ], [ 26.496896228535004, 37.574228897206183 ], [ 26.496854951424009, 37.57432051217733 ], [ 26.496895283664951, 37.574390235263635 ], [ 26.496955109396364, 37.574474669005326 ], [ 26.496958137726406, 37.574565347781743 ], [ 26.497008437133434, 37.574554199531541 ], [ 26.497104892296676, 37.574597530286304 ], [ 26.497038635196461, 37.574699755749592 ], [ 26.49698234547655, 37.57472111242479 ], [ 26.496797444458739, 37.574684696194737 ], [ 26.496695669100252, 37.574671725669205 ], [ 26.496367045983114, 37.574693804006046 ], [ 26.496247629116343, 37.574721535530998 ], [ 26.49618170862357, 37.574833836984183 ], [ 26.496234025782059, 37.574883141632384 ], [ 26.496242879823143, 37.574958572874365 ], [ 26.496288362017413, 37.574992900123128 ], [ 26.496227761693635, 37.575074840531947 ], [ 26.496140662827173, 37.575122054440477 ], [ 26.496118204652731, 37.575208230385869 ], [ 26.496179562692127, 37.575268909544882 ], [ 26.496213332426439, 37.575259149822678 ], [ 26.496328642733761, 37.575155885295935 ], [ 26.496385078338324, 37.575186199690677 ], [ 26.496418827907029, 37.575248500604992 ], [ 26.49665189837383, 37.575257431779164 ], [ 26.496721579471171, 37.575305109470257 ], [ 26.496647509996428, 37.57545791294384 ], [ 26.496635263279007, 37.575565298287749 ], [ 26.496638838714034, 37.57567234714697 ], [ 26.496814580672879, 37.575719041808405 ], [ 26.496916595124901, 37.575691674952964 ], [ 26.496976659135431, 37.575646294669617 ], [ 26.496993187359397, 37.575614437937745 ], [ 26.496944455357138, 37.575577658501466 ], [ 26.496926316814253, 37.575508726446962 ], [ 26.496931495834907, 37.57542669664425 ], [ 26.496897532851108, 37.575358100301166 ], [ 26.496911462300663, 37.57530109127979 ], [ 26.496906623631656, 37.575156258936552 ] ] ] ] } },
{ "type": "Feature", "properties": { "datasetID": 583.0, "BIO_CLASS": "Posidonia beds (posidonion oceanicae) (Posidonia oceanica meadows (= association with Posidonia oceanica))", "fieldNotes": "Not reported", "habitat": "Posidonia beds", "AREA_SQKM": 0.01826668762, "vernacular": "Neptune grass", "FAMILY": "Posidoniaceae", "GENUS": "Posidonia", "scientific": "Posidonia oceanica", "habitatID": "EUNIS:A5.535", "nameAccord": "urn:lsid:marinespecies.org:taxname:145794", "eventDate": "2018-01-17", "verif": "Panayotidis Panayotis", "Shape_Leng": 629.98396547899995, "Shape_Area": 18298.343075600002, "Pres_UNEP": 1 }, "geometry": { "type": "MultiPolygon", "coordinates": [ [ [ [ 26.478264792001074, 37.577882188067328 ], [ 26.478168262371437, 37.577670496844505 ], [ 26.478125376149777, 37.577534006638459 ], [ 26.478101317142134, 37.577386943159681 ], [ 26.478050860568739, 37.57721499132461 ], [ 26.477955004895833, 37.577023640151815 ], [ 26.47795549348497, 37.576845529242846 ], [ 26.47791781632576, 37.576673310231449 ], [ 26.477828537204307, 37.57668027255194 ], [ 26.477585753894388, 37.576685371069573 ], [ 26.477304630530316, 37.57669127517434 ], [ 26.477099337763811, 37.576670141766925 ], [ 26.476945830919867, 37.576668276197353 ], [ 26.476870175581197, 37.576700395444291 ], [ 26.476690115434195, 37.576861921892558 ], [ 26.476529053376428, 37.57701795951855 ], [ 26.47651443504855, 37.577155658636165 ], [ 26.476509323527083, 37.577256845748188 ], [ 26.476498989964902, 37.57746129593496 ], [ 26.47653037487607, 37.577573221760275 ], [ 26.476564243860352, 37.577694001200314 ], [ 26.476617209588209, 37.577748863549246 ], [ 26.476840677545315, 37.577932449231604 ], [ 26.477014534997032, 37.577969508235064 ], [ 26.477167032836832, 37.57794086289833 ], [ 26.477357021874514, 37.577885988129538 ], [ 26.47762233570857, 37.577788822470282 ], [ 26.477792817552078, 37.577724178183544 ], [ 26.477933043221121, 37.577711056410777 ], [ 26.47796650796683, 37.577756151852839 ], [ 26.477928526760753, 37.577960491255382 ], [ 26.477976961588077, 37.578071422738141 ], [ 26.478007744816829, 37.578228522189875 ], [ 26.478087279950863, 37.578313356828815 ], [ 26.47820783494598, 37.578285381887042 ], [ 26.478304832806149, 37.578125597964075 ], [ 26.478318940878005, 37.577972644920287 ], [ 26.478264792001074, 37.577882188067328 ] ] ] ] } },
{ "type": "Feature", "properties": { "datasetID": 583.0, "BIO_CLASS": "Posidonia beds (posidonion oceanicae) (Posidonia oceanica meadows (= association with Posidonia oceanica))", "fieldNotes": "Not reported", "habitat": "Posidonia beds", "AREA_SQKM": 0.01793767725, "vernacular": "Neptune grass", "FAMILY": "Posidoniaceae", "GENUS": "Posidonia", "scientific": "Posidonia oceanica", "habitatID": "EUNIS:A5.535", "nameAccord": "urn:lsid:marinespecies.org:taxname:145794", "eventDate": "2018-01-17", "verif": "Panayotidis Panayotis", "Shape_Leng": 558.67746908799995, "Shape_Area": 17968.760160599999, "Pres_UNEP": 1 }, "geometry": { "type": "MultiPolygon", "coordinates": [ [ [ [ 26.473501805015985, 37.577206120131564 ], [ 26.473188801441079, 37.577103169053814 ], [ 26.472949076379809, 37.577135571917331 ], [ 26.472749160718973, 37.57733140959035 ], [ 26.472420788374475, 37.577803719733467 ], [ 26.472320376266133, 37.577887959713536 ], [ 26.471912388362366, 37.57803339912936 ], [ 26.471777598564564, 37.578118357350583 ], [ 26.471818307617706, 37.578309150434009 ], [ 26.472030902241642, 37.578496345026153 ], [ 26.472238066739664, 37.578519381314948 ], [ 26.472649675726391, 37.578483377784138 ], [ 26.472957589684764, 37.578367410226051 ], [ 26.473600729466359, 37.578311151166609 ], [ 26.473963981699441, 37.577918527155411 ], [ 26.473829298203864, 37.577746816890276 ], [ 26.473819335692937, 37.577445866943613 ], [ 26.473501805015985, 37.577206120131564 ] ] ] ] } },
{ "type": "Feature", "properties": { "datasetID": 583.0, "BIO_CLASS": "Posidonia beds (posidonion oceanicae) (Posidonia oceanica meadows (= association with Posidonia oceanica))", "fieldNotes": "Not reported", "habitat": "Posidonia beds", "AREA_SQKM": 0.00061110665, "vernacular": "Neptune grass", "FAMILY": "Posidoniaceae", "GENUS": "Posidonia", "scientific": "Posidonia oceanica", "habitatID": "EUNIS:A5.535", "nameAccord": "urn:lsid:marinespecies.org:taxname:145794", "eventDate": "2018-01-17", "verif": "Panayotidis Panayotis", "Shape_Leng": 111.029730884, "Shape_Area": 612.16540433700004, "Pres_UNEP": 1 }, "geometry": { "type": "MultiPolygon", "coordinates": [ [ [ [ 26.477396188711808, 37.579223201780884 ], [ 26.477356244768792, 37.579224040061412 ], [ 26.477297029138917, 37.57924649255353 ], [ 26.477277936000789, 37.579273404984143 ], [ 26.477279340607261, 37.579315792489304 ], [ 26.477288985987446, 37.579405727947396 ], [ 26.477270943652428, 37.579464430611516 ], [ 26.477273401834168, 37.579538610147985 ], [ 26.477301965195498, 37.579596334119508 ], [ 26.477381854283088, 37.579594656671965 ], [ 26.477391388827346, 37.579598202366668 ], [ 26.477411652612066, 37.579551478525211 ], [ 26.477451287588032, 37.579490999455594 ], [ 26.477462178544567, 37.579487485562723 ], [ 26.477464188216477, 37.579465675225329 ], [ 26.477443161423707, 37.579434304595601 ], [ 26.477448413697623, 37.579391776615466 ], [ 26.477460325457898, 37.579349109078159 ], [ 26.47749851394801, 37.579295284200015 ], [ 26.477497283220188, 37.579258194915496 ], [ 26.477443318574196, 37.579238118580932 ], [ 26.477396188711808, 37.579223201780884 ] ] ] ] } },
{ "type": "Feature", "properties": { "datasetID": 583.0, "BIO_CLASS": "Posidonia beds (posidonion oceanicae) (Posidonia oceanica meadows (= association with Posidonia oceanica))", "fieldNotes": "Not reported", "habitat": "Posidonia beds", "AREA_SQKM": 0.00112047833, "vernacular": "Neptune grass", "FAMILY": "Posidoniaceae", "GENUS": "Posidonia", "scientific": "Posidonia oceanica", "habitatID": "EUNIS:A5.535", "nameAccord": "urn:lsid:marinespecies.org:taxname:145794", "eventDate": "2018-01-17", "verif": "Panayotidis Panayotis", "Shape_Leng": 167.38024479399999, "Shape_Area": 1122.4193700799999, "Pres_UNEP": 1 }, "geometry": { "type": "MultiPolygon", "coordinates": [ [ [ [ 26.477319520031582, 37.579763893438596 ], [ 26.477266938633743, 37.57974553071822 ], [ 26.47720176741278, 37.57978931664028 ], [ 26.477006781374577, 37.579936570050499 ], [ 26.476878372312271, 37.580082425252051 ], [ 26.476841061263642, 37.580162740661201 ], [ 26.476875577942213, 37.580199131397109 ], [ 26.476884519164027, 37.580267871631342 ], [ 26.476931298296318, 37.580272192906151 ], [ 26.477003334884195, 37.580194328706334 ], [ 26.477017133870046, 37.580187527912813 ], [ 26.477039402470329, 37.58012928348527 ], [ 26.477154372525153, 37.580080474849986 ], [ 26.477251382591373, 37.579992275720038 ], [ 26.477350150748684, 37.579957064272357 ], [ 26.477381023406213, 37.579883510862679 ], [ 26.477318816876586, 37.579765517887552 ], [ 26.477319520031582, 37.579763893438596 ] ] ] ] } },
{ "type": "Feature", "properties": { "datasetID": 583.0, "BIO_CLASS": "Posidonia beds (posidonion oceanicae) (Posidonia oceanica meadows (= association with Posidonia oceanica))", "fieldNotes": "Not reported", "habitat": "Posidonia beds", "AREA_SQKM": 0.00075017826, "vernacular": "Neptune grass", "FAMILY": "Posidoniaceae", "GENUS": "Posidonia", "scientific": "Posidonia oceanica", "habitatID": "EUNIS:A5.535", "nameAccord": "urn:lsid:marinespecies.org:taxname:145794", "eventDate": "2018-01-17", "verif": "Panayotidis Panayotis", "Shape_Leng": 122.29512248100001, "Shape_Area": 751.47775343900003, "Pres_UNEP": 1 }, "geometry": { "type": "MultiPolygon", "coordinates": [ [ [ [ 26.476781323263683, 37.580249889581715 ], [ 26.476722736305927, 37.580251120067302 ], [ 26.476656025461104, 37.580328871222505 ], [ 26.476609776492754, 37.580380744209663 ], [ 26.476521059080294, 37.580437749391088 ], [ 26.476491350187292, 37.58050624237395 ], [ 26.476482242889546, 37.58055309275742 ], [ 26.476483227470272, 37.580582763141521 ], [ 26.476536908425459, 37.58059436134873 ], [ 26.476563227113004, 37.580624561740976 ], [ 26.476571835065318, 37.580651036223536 ], [ 26.476573626541896, 37.580649396750623 ], [ 26.47663954513607, 37.58062812865407 ], [ 26.476736994835051, 37.580553178440823 ], [ 26.47683071330956, 37.580365633872994 ], [ 26.47683699311958, 37.58036115359571 ], [ 26.476832769736522, 37.580354854530995 ], [ 26.476799407621641, 37.58031313725521 ], [ 26.476787351573748, 37.580270973020632 ], [ 26.476781323263683, 37.580249889581715 ] ] ] ] } },
{ "type": "Feature", "properties": { "datasetID": 583.0, "BIO_CLASS": "Posidonia beds (posidonion oceanicae) (Posidonia oceanica meadows (= association with Posidonia oceanica))", "fieldNotes": "Not reported", "habitat": "Posidonia beds", "AREA_SQKM": 4.635208e-05, "vernacular": "Neptune grass", "FAMILY": "Posidoniaceae", "GENUS": "Posidonia", "scientific": "Posidonia oceanica", "habitatID": "EUNIS:A5.535", "nameAccord": "urn:lsid:marinespecies.org:taxname:145794", "eventDate": "2018-01-17", "verif": "Panayotidis Panayotis", "Shape_Leng": 31.936074969900002, "Shape_Area": 46.432356513199998, "Pres_UNEP": 1 }, "geometry": { "type": "MultiPolygon", "coordinates": [ [ [ [ 26.476287232736134, 37.581827987823623 ], [ 26.476298450940465, 37.581787797535853 ], [ 26.476248999129641, 37.581797638846751 ], [ 26.476204327723309, 37.581856900491026 ], [ 26.476235116297033, 37.581893900160601 ], [ 26.476287232736134, 37.581827987823623 ] ] ] ] } },
{ "type": "Feature", "properties": { "datasetID": 583.0, "BIO_CLASS": "Posidonia beds (posidonion oceanicae) (Posidonia oceanica meadows (= association with Posidonia oceanica))", "fieldNotes": "Not reported", "habitat": "Posidonia beds", "AREA_SQKM": 5.476264e-05, "vernacular": "Neptune grass", "FAMILY": "Posidoniaceae", "GENUS": "Posidonia", "scientific": "Posidonia oceanica", "habitatID": "EUNIS:A5.535", "nameAccord": "urn:lsid:marinespecies.org:taxname:145794", "eventDate": "2018-01-17", "verif": "Panayotidis Panayotis", "Shape_Leng": 33.721495611100003, "Shape_Area": 54.857484493599998, "Pres_UNEP": 1 }, "geometry": { "type": "MultiPolygon", "coordinates": [ [ [ [ 26.476188931804483, 37.581952312941524 ], [ 26.476133724975835, 37.581937917109379 ], [ 26.476135656267278, 37.581996198285168 ], [ 26.476183488592991, 37.582032311104456 ], [ 26.476209164523926, 37.58204610715363 ], [ 26.47620917477575, 37.582045956102014 ], [ 26.476234261717238, 37.58199876969568 ], [ 26.476174689842207, 37.581970327829303 ], [ 26.476188931804483, 37.581952312941524 ] ] ] ] } },
{ "type": "Feature", "properties": { "datasetID": 583.0, "BIO_CLASS": "Posidonia beds (posidonion oceanicae) (Posidonia oceanica meadows (= association with Posidonia oceanica))", "fieldNotes": "Not reported", "habitat": "Posidonia beds", "AREA_SQKM": 8.329622e-05, "vernacular": "Neptune grass", "FAMILY": "Posidoniaceae", "GENUS": "Posidonia", "scientific": "Posidonia oceanica", "habitatID": "EUNIS:A5.535", "nameAccord": "urn:lsid:marinespecies.org:taxname:145794", "eventDate": "2018-01-17", "verif": "Panayotidis Panayotis", "Shape_Leng": 39.808769723099999, "Shape_Area": 83.440478291900007, "Pres_UNEP": 1 }, "geometry": { "type": "MultiPolygon", "coordinates": [ [ [ [ 26.476151795740435, 37.582282178922235 ], [ 26.476089943531974, 37.582225152893884 ], [ 26.476078209373703, 37.582273119346745 ], [ 26.476099762858098, 37.582320387086 ], [ 26.476116706134853, 37.582357544077325 ], [ 26.476182146637576, 37.582356170476906 ], [ 26.476190833461935, 37.582296603046423 ], [ 26.476191124211716, 37.582292634181705 ], [ 26.476151795740435, 37.582282178922235 ] ] ] ] } },
{ "type": "Feature", "properties": { "datasetID": 583.0, "BIO_CLASS": "Posidonia beds (posidonion oceanicae) (Posidonia oceanica meadows (= association with Posidonia oceanica))", "fieldNotes": "Not reported", "habitat": "Posidonia beds", "AREA_SQKM": 8.241829e-05, "vernacular": "Neptune grass", "FAMILY": "Posidoniaceae", "GENUS": "Posidonia", "scientific": "Posidonia oceanica", "habitatID": "EUNIS:A5.535", "nameAccord": "urn:lsid:marinespecies.org:taxname:145794", "eventDate": "2018-01-17", "verif": "Panayotidis Panayotis", "Shape_Leng": 37.8570615016, "Shape_Area": 82.561019543100002, "Pres_UNEP": 1 }, "geometry": { "type": "MultiPolygon", "coordinates": [ [ [ [ 26.475969169866023, 37.582362838843288 ], [ 26.475940676887983, 37.582344934337939 ], [ 26.475888290913229, 37.582372544147717 ], [ 26.475894998168684, 37.582424099665332 ], [ 26.475917219557946, 37.582480342224066 ], [ 26.475972328427044, 37.582458134935656 ], [ 26.475969169866023, 37.582362838843288 ] ] ] ] } },
{ "type": "Feature", "properties": { "datasetID": 583.0, "BIO_CLASS": "Posidonia beds (posidonion oceanicae) (Posidonia oceanica meadows (= association with Posidonia oceanica))", "fieldNotes": "Not reported", "habitat": "Posidonia beds", "AREA_SQKM": 0.03989087912, "vernacular": "Neptune grass", "FAMILY": "Posidoniaceae", "GENUS": "Posidonia", "scientific": "Posidonia oceanica", "habitatID": "EUNIS:A5.535", "nameAccord": "urn:lsid:marinespecies.org:taxname:145794", "eventDate": "2018-01-17", "verif": "Panayotidis Panayotis", "Shape_Leng": 999.30358390399999, "Shape_Area": 39959.968011299999, "Pres_UNEP": 1 }, "geometry": { "type": "MultiPolygon", "coordinates": [ [ [ [ 26.475726610910748, 37.582884283869433 ], [ 26.475795983509322, 37.58276618045732 ], [ 26.475793001402685, 37.582676105673436 ], [ 26.47582102244947, 37.582516451598252 ], [ 26.475833965793058, 37.582511905904859 ], [ 26.475794470263164, 37.582406325889487 ], [ 26.475854905533918, 37.582219480944154 ], [ 26.475852710588573, 37.582153250495359 ], [ 26.475897597729123, 37.581999869457633 ], [ 26.475916637129934, 37.58182052181791 ], [ 26.476022632471047, 37.581752019547672 ], [ 26.476130600398594, 37.581743126947849 ], [ 26.476162571976609, 37.581702688458279 ], [ 26.476336461414803, 37.581672528535442 ], [ 26.476389078014222, 37.581665414105061 ], [ 26.476410103482884, 37.581595293607904 ], [ 26.476435153420969, 37.581547048183275 ], [ 26.476427618081985, 37.581520696365445 ], [ 26.476425334437803, 37.581451814362524 ], [ 26.476457570763671, 37.581419325110012 ], [ 26.476534477222224, 37.581327574358973 ], [ 26.47652606311549, 37.581274727684118 ], [ 26.476522199648844, 37.581158160473656 ], [ 26.476551977494218, 37.58105149202256 ], [ 26.476469800753009, 37.580984288525222 ], [ 26.476495027993579, 37.580941340627113 ], [ 26.476473122729267, 37.580883477580095 ], [ 26.476405666494252, 37.58085838195656 ], [ 26.476396275477356, 37.580814380264229 ], [ 26.476374723656814, 37.580816746725247 ], [ 26.476324358958049, 37.58082711622378 ], [ 26.476281318256586, 37.580732722802288 ], [ 26.476274409141489, 37.580524235930476 ], [ 26.476258092065539, 37.580417720637399 ], [ 26.476231017296172, 37.580372490323228 ], [ 26.476134333919163, 37.580349077518207 ], [ 26.476084061304455, 37.580375575814145 ], [ 26.475114112702091, 37.580771211569669 ], [ 26.474183874483543, 37.58115964360163 ], [ 26.474060293973558, 37.581289450305732 ], [ 26.473941131764779, 37.581552736016071 ], [ 26.473954170587106, 37.581705122065564 ], [ 26.473992851810227, 37.581907852553535 ], [ 26.474056337522203, 37.582135505895465 ], [ 26.474099641428435, 37.582236369594249 ], [ 26.474118981442597, 37.582337735083875 ], [ 26.474122137769534, 37.582433079748135 ], [ 26.474123823044152, 37.582483930372263 ], [ 26.474126559206763, 37.582566562001794 ], [ 26.474160822916598, 37.582635810980278 ], [ 26.474251203178866, 37.582710243456397 ], [ 26.474379206240432, 37.58271392170856 ], [ 26.474617344066722, 37.582664401343855 ], [ 26.474926941313342, 37.582600659130186 ], [ 26.475245158855163, 37.582555818756454 ], [ 26.475563375976279, 37.582510977509507 ], [ 26.47561801958274, 37.582471666894662 ], [ 26.475660828689307, 37.582444686012508 ], [ 26.475662195469059, 37.58248598326454 ], [ 26.475616650399637, 37.582619494704232 ], [ 26.475550950729854, 37.582647383689491 ], [ 26.475436632405028, 37.582716060288163 ], [ 26.475329319072003, 37.582744822032879 ], [ 26.475248947468554, 37.582832669931719 ], [ 26.475292314149165, 37.582884782077301 ], [ 26.475433357106578, 37.582868566483313 ], [ 26.475517456915959, 37.582893313439278 ], [ 26.475574023720519, 37.582959440783554 ], [ 26.47568876955361, 37.582948704584503 ], [ 26.475726610910748, 37.582884283869433 ] ] ] ] } },
{ "type": "Feature", "properties": { "datasetID": 583.0, "BIO_CLASS": "Posidonia beds (posidonion oceanicae) (Posidonia oceanica meadows (= association with Posidonia oceanica))", "fieldNotes": "Not reported", "habitat": "Posidonia beds", "AREA_SQKM": 0.00492876498, "vernacular": "Neptune grass", "FAMILY": "Posidoniaceae", "GENUS": "Posidonia", "scientific": "Posidonia oceanica", "habitatID": "EUNIS:A5.535", "nameAccord": "urn:lsid:marinespecies.org:taxname:145794", "eventDate": "2018-01-17", "verif": "Panayotidis Panayotis", "Shape_Leng": 505.83329911700002, "Shape_Area": 4937.3007245700001, "Pres_UNEP": 1 }, "geometry": { "type": "MultiPolygon", "coordinates": [ [ [ [ 26.497574391075027, 37.582915571993091 ], [ 26.497639789265175, 37.582848834270933 ], [ 26.497639962755116, 37.582847716837598 ], [ 26.497616294728115, 37.582868554099022 ], [ 26.497607486943416, 37.582749564700222 ], [ 26.497533282821756, 37.582697315671616 ], [ 26.497517773612071, 37.582666888827248 ], [ 26.497355907975525, 37.582593428930686 ], [ 26.497330616073281, 37.58255936537001 ], [ 26.497245344596138, 37.582465062991943 ], [ 26.497242133739633, 37.582369022236939 ], [ 26.497211244662829, 37.582312010317082 ], [ 26.497087742385858, 37.582230050134982 ], [ 26.496971120738451, 37.582209453210211 ], [ 26.496907210683869, 37.582176205041598 ], [ 26.496844201457812, 37.582169851151974 ], [ 26.496689604192799, 37.582169279628879 ], [ 26.496664827779405, 37.582150580131945 ], [ 26.496595962633862, 37.582113595431331 ], [ 26.496475540434986, 37.582123831612932 ], [ 26.496382284612032, 37.582079672404809 ], [ 26.49628001482305, 37.58205492555043 ], [ 26.496216364437043, 37.582029362490289 ], [ 26.496133660286517, 37.582011889969671 ], [ 26.496067879400638, 37.582067103316952 ], [ 26.495977444169981, 37.582107458846586 ], [ 26.495941266392879, 37.58218126925069 ], [ 26.495875352839494, 37.582232640099782 ], [ 26.495706915990571, 37.582251579874118 ], [ 26.495544786238867, 37.582314761051954 ], [ 26.495545486765195, 37.582335725458925 ], [ 26.495562278334983, 37.58240456801834 ], [ 26.495655277569856, 37.582441043966654 ], [ 26.495694023458242, 37.582444068538805 ], [ 26.495759807268865, 37.582388856853278 ], [ 26.495821406144305, 37.58235295508824 ], [ 26.495873091841144, 37.582309573171791 ], [ 26.495984246028911, 37.582311066906556 ], [ 26.496029693919255, 37.582225530065962 ], [ 26.496066387442042, 37.58216708717088 ], [ 26.496104876784397, 37.582162429300851 ], [ 26.496170452805075, 37.582245617302988 ], [ 26.496233719862872, 37.582259654519873 ], [ 26.496301941033998, 37.582277433582647 ], [ 26.496341842717591, 37.582315034004658 ], [ 26.496352650820569, 37.582349403160464 ], [ 26.4963536787149, 37.582380136476637 ], [ 26.496417842769194, 37.582421066243867 ], [ 26.49645304485502, 37.582462608177451 ], [ 26.496546173352861, 37.582502925803574 ], [ 26.49670231250882, 37.582549597339508 ], [ 26.496793258640462, 37.582524607506414 ], [ 26.496880147426427, 37.582522767498638 ], [ 26.497020779057895, 37.582539013097815 ], [ 26.497141587097239, 37.582540301014916 ], [ 26.49723117199591, 37.58261913428229 ], [ 26.497217973895136, 37.582657858384806 ], [ 26.497233483025074, 37.582688285227775 ], [ 26.497296108195112, 37.582683115004933 ], [ 26.497350106019688, 37.582708880435575 ], [ 26.497384664376074, 37.582731216720454 ], [ 26.497391163214303, 37.582781055989642 ], [ 26.497435762913753, 37.582814709715663 ], [ 26.497466523471395, 37.582867880105709 ], [ 26.497482803871151, 37.582921355264695 ], [ 26.49753133374978, 37.582928015699764 ], [ 26.497574391075027, 37.582915571993091 ] ] ] ] } },
{ "type": "Feature", "properties": { "datasetID": 583.0, "BIO_CLASS": "Posidonia beds (posidonion oceanicae) (Posidonia oceanica meadows (= association with Posidonia oceanica))", "fieldNotes": "Not reported", "habitat": "Posidonia beds", "AREA_SQKM": 0.00277349153, "vernacular": "Neptune grass", "FAMILY": "Posidoniaceae", "GENUS": "Posidonia", "scientific": "Posidonia oceanica", "habitatID": "EUNIS:A5.535", "nameAccord": "urn:lsid:marinespecies.org:taxname:145794", "eventDate": "2018-01-17", "verif": "Panayotidis Panayotis", "Shape_Leng": 262.36508673899999, "Shape_Area": 2778.2923476800001, "Pres_UNEP": 1 }, "geometry": { "type": "MultiPolygon", "coordinates": [ [ [ [ 26.475098642912645, 37.586139087000319 ], [ 26.475053738126448, 37.586040612573939 ], [ 26.474910935251351, 37.586003842687838 ], [ 26.47475280458066, 37.586007158823499 ], [ 26.474571240326359, 37.586057362860807 ], [ 26.474289364662802, 37.586096413595143 ], [ 26.47420416435526, 37.586038550810713 ], [ 26.473927760792439, 37.58599132635343 ], [ 26.473846945979489, 37.586065924394312 ], [ 26.47382694671278, 37.586068428722278 ], [ 26.473856583307381, 37.58610548836284 ], [ 26.473908495017973, 37.586164050788923 ], [ 26.474060278522099, 37.586220516131988 ], [ 26.474285647940938, 37.586235674615949 ], [ 26.47440370084621, 37.586279592708387 ], [ 26.474487368781148, 37.58629109142889 ], [ 26.474695655569171, 37.586293351951653 ], [ 26.474787863330562, 37.586311300098181 ], [ 26.474855982723902, 37.586356265874905 ], [ 26.474946871937966, 37.586334475982667 ], [ 26.475053095392834, 37.586272598249458 ], [ 26.475101714919585, 37.586231811675148 ], [ 26.475116886632648, 37.586161901570023 ], [ 26.475098642912645, 37.586139087000319 ] ] ] ] } },
{ "type": "Feature", "properties": { "datasetID": 583.0, "BIO_CLASS": "Posidonia beds (posidonion oceanicae) (Posidonia oceanica meadows (= association with Posidonia oceanica))", "fieldNotes": "Not reported", "habitat": "Posidonia beds", "AREA_SQKM": 0.00588416063, "vernacular": "Neptune grass", "FAMILY": "Posidoniaceae", "GENUS": "Posidonia", "scientific": "Posidonia oceanica", "habitatID": "EUNIS:A5.535", "nameAccord": "urn:lsid:marinespecies.org:taxname:145794", "eventDate": "2018-01-17", "verif": "Panayotidis Panayotis", "Shape_Leng": 469.67984883499997, "Shape_Area": 5894.3498370300003, "Pres_UNEP": 1 }, "geometry": { "type": "MultiPolygon", "coordinates": [ [ [ [ 26.475091516852487, 37.583422528031761 ], [ 26.475172984154153, 37.583367796615562 ], [ 26.475220505653279, 37.58329389478493 ], [ 26.475221183875671, 37.583293605929995 ], [ 26.475206793666576, 37.583282250485702 ], [ 26.475310864910522, 37.583205839094987 ], [ 26.47538287263529, 37.583167212053716 ], [ 26.475448572327036, 37.583139322112011 ], [ 26.475451544433771, 37.583027913437064 ], [ 26.475469585889552, 37.58296921148488 ], [ 26.475474332089679, 37.582968766277993 ], [ 26.475427667515795, 37.582948218743908 ], [ 26.475361089391605, 37.582949615315442 ], [ 26.475278960837272, 37.582984476605638 ], [ 26.475203401755266, 37.582966179838095 ], [ 26.47512017923135, 37.582967926215247 ], [ 26.475037173520896, 37.582976295045178 ], [ 26.474881025007694, 37.583039220283169 ], [ 26.4748464192024, 37.583000179867959 ], [ 26.474747208818425, 37.583022145179903 ], [ 26.474184358470001, 37.583126737940859 ], [ 26.473935124802697, 37.583145220226484 ], [ 26.473850585623421, 37.583107227440742 ], [ 26.473692461760987, 37.583110541761251 ], [ 26.473582735493512, 37.583066449467879 ], [ 26.473415192358914, 37.583036822879635 ], [ 26.473266266517694, 37.58306645565154 ], [ 26.473209763891948, 37.583120662276016 ], [ 26.473243930972888, 37.583146456913958 ], [ 26.473377527303018, 37.583156911335571 ], [ 26.473503458783682, 37.583187408922868 ], [ 26.473630704896863, 37.58325764746818 ], [ 26.473713492018902, 37.583242657047784 ], [ 26.47378204445074, 37.583300868822434 ], [ 26.473831978153257, 37.583299821171082 ], [ 26.473881474860686, 37.583285528592768 ], [ 26.473908471976607, 37.583346266757324 ], [ 26.473992242214475, 37.583361080515651 ], [ 26.47414910979629, 37.583382645710323 ], [ 26.474202220359441, 37.583414671526178 ], [ 26.474291249163432, 37.583399548591593 ], [ 26.474346872973921, 37.583318848498308 ], [ 26.474406007057272, 37.583344118452878 ], [ 26.474516393059794, 37.583408080859073 ], [ 26.474607719195326, 37.58339953799117 ], [ 26.474675395892067, 37.583431255520885 ], [ 26.47477657954845, 37.583468901212434 ], [ 26.47502537579599, 37.583437170426201 ], [ 26.475091516852487, 37.583422528031761 ] ] ] ] } },
{ "type": "Feature", "properties": { "datasetID": 583.0, "BIO_CLASS": "Posidonia beds (posidonion oceanicae) (Posidonia oceanica meadows (= association with Posidonia oceanica))", "fieldNotes": "Not reported", "habitat": "Posidonia beds", "AREA_SQKM": 0.01547366283, "vernacular": "Neptune grass", "FAMILY": "Posidoniaceae", "GENUS": "Posidonia", "scientific": "Posidonia oceanica", "habitatID": "EUNIS:A5.535", "nameAccord": "urn:lsid:marinespecies.org:taxname:145794", "eventDate": "2018-01-17", "verif": "Panayotidis Panayotis", "Shape_Leng": 569.51458697099997, "Shape_Area": 15500.4589502, "Pres_UNEP": 1 }, "geometry": { "type": "MultiPolygon", "coordinates": [ [ [ [ 26.472891776018102, 37.583628386452673 ], [ 26.473036141391727, 37.583360249285221 ], [ 26.473038607012228, 37.583375123112376 ], [ 26.473048753590398, 37.583338776844442 ], [ 26.473006264999672, 37.583313155317775 ], [ 26.473007516218935, 37.583308673207242 ], [ 26.473063466929364, 37.58328852932808 ], [ 26.473102770370559, 37.583268623955036 ], [ 26.473163511242308, 37.583171939733532 ], [ 26.473283309136914, 37.582927721564332 ], [ 26.473265651854284, 37.582877205614778 ], [ 26.473236853852733, 37.582731512660331 ], [ 26.473184723023941, 37.582605392096205 ], [ 26.473125867500062, 37.582517576098596 ], [ 26.473089711125276, 37.582391119116245 ], [ 26.473031067712412, 37.582309659757485 ], [ 26.47260460242472, 37.582223189223541 ], [ 26.472268311151517, 37.582204793592005 ], [ 26.472023234851196, 37.582286256441279 ], [ 26.471789934319272, 37.582481967581813 ], [ 26.471707752808108, 37.582655426554325 ], [ 26.471703132041291, 37.582757295765404 ], [ 26.471763875865001, 37.582902318278613 ], [ 26.471880742893486, 37.583052527030333 ], [ 26.471991934971559, 37.583272823394076 ], [ 26.472084631219623, 37.583417175822326 ], [ 26.472174170529659, 37.583466185798912 ], [ 26.472302383867813, 37.583476220646453 ], [ 26.472476628991309, 37.583428044548697 ], [ 26.472666637489109, 37.583373175328482 ], [ 26.472800010115062, 37.583342652978637 ], [ 26.472799082624601, 37.583344009802246 ], [ 26.47283697449846, 37.583482397907716 ], [ 26.472816172063826, 37.583608761950856 ], [ 26.47277587542667, 37.583649373082331 ], [ 26.472770621400663, 37.583742270613051 ], [ 26.472806321982581, 37.583814427992849 ], [ 26.47285757230371, 37.583853119644729 ], [ 26.472963759731318, 37.583804704067425 ], [ 26.472895281638891, 37.58373435579287 ], [ 26.472891776018102, 37.583628386452673 ] ] ] ] } },
{ "type": "Feature", "properties": { "datasetID": 583.0, "BIO_CLASS": "Posidonia beds (posidonion oceanicae) (Posidonia oceanica meadows (= association with Posidonia oceanica))", "fieldNotes": "Not reported", "habitat": "Posidonia beds", "AREA_SQKM": 0.00345583632, "vernacular": "Neptune grass", "FAMILY": "Posidoniaceae", "GENUS": "Posidonia", "scientific": "Posidonia oceanica", "habitatID": "EUNIS:A5.535", "nameAccord": "urn:lsid:marinespecies.org:taxname:145794", "eventDate": "2018-01-17", "verif": "Panayotidis Panayotis", "Shape_Leng": 513.78791100499996, "Shape_Area": 3461.8208270199998, "Pres_UNEP": 1 }, "geometry": { "type": "MultiPolygon", "coordinates": [ [ [ [ 26.494120690934064, 37.583379088448773 ], [ 26.494197276448737, 37.583229044635651 ], [ 26.494242013983325, 37.583172438808539 ], [ 26.494283037092647, 37.583004594821844 ], [ 26.494408383366459, 37.582918456122869 ], [ 26.494441161802595, 37.582852826116273 ], [ 26.494590112332027, 37.582775463527177 ], [ 26.494683608405563, 37.582782763499957 ], [ 26.494808644750385, 37.582687355066554 ], [ 26.494901830055166, 37.58268538520543 ], [ 26.495074697817468, 37.582626069429388 ], [ 26.49520282815287, 37.58262335844195 ], [ 26.49529663236936, 37.582639927353917 ], [ 26.495363424979917, 37.582545749489107 ], [ 26.495247563128324, 37.582566753671074 ], [ 26.495096755381539, 37.582588495448697 ], [ 26.494922031312392, 37.582592191365769 ], [ 26.494764891124003, 37.582590305423572 ], [ 26.494752653106676, 37.582664778516609 ], [ 26.494549293997423, 37.582669080410241 ], [ 26.494407211276133, 37.582680180532662 ], [ 26.49438849619802, 37.582729162060083 ], [ 26.494440956816383, 37.582776641027756 ], [ 26.494369510862523, 37.582770051265463 ], [ 26.494237056417973, 37.582764755605524 ], [ 26.494136186339468, 37.582791180906483 ], [ 26.494108652737992, 37.582880837036356 ], [ 26.494072572733792, 37.583019262802608 ], [ 26.493967492049503, 37.583102461764412 ], [ 26.493818122577718, 37.583261094277425 ], [ 26.493799057634746, 37.583261497084308 ], [ 26.493813484359841, 37.583320646980702 ], [ 26.493966821622273, 37.583549318679793 ], [ 26.493973591639449, 37.58375210052067 ], [ 26.494002745869999, 37.583861643081747 ], [ 26.494075549749887, 37.583860103400902 ], [ 26.494176312023001, 37.583823186399371 ], [ 26.49420272443388, 37.583741457913753 ], [ 26.494144097729201, 37.583731102396534 ], [ 26.494141390732779, 37.58364998964386 ], [ 26.494093840621364, 37.583535038450336 ], [ 26.494120690934064, 37.583379088448773 ] ] ] ] } },
{ "type": "Feature", "properties": { "datasetID": 583.0, "BIO_CLASS": "Posidonia beds (posidonion oceanicae) (Posidonia oceanica meadows (= association with Posidonia oceanica))", "fieldNotes": "Not reported", "habitat": "Posidonia beds", "AREA_SQKM": 0.0008875617, "vernacular": "Neptune grass", "FAMILY": "Posidoniaceae", "GENUS": "Posidonia", "scientific": "Posidonia oceanica", "habitatID": "EUNIS:A5.535", "nameAccord": "urn:lsid:marinespecies.org:taxname:145794", "eventDate": "2018-01-17", "verif": "Panayotidis Panayotis", "Shape_Leng": 164.17927756, "Shape_Area": 889.09833616399999, "Pres_UNEP": 1 }, "geometry": { "type": "MultiPolygon", "coordinates": [ [ [ [ 26.473017763956712, 37.584012804829818 ], [ 26.473010463044687, 37.583981399030115 ], [ 26.472937953672449, 37.5840171288364 ], [ 26.472939927539247, 37.584076736534485 ], [ 26.472969499433514, 37.584215300055106 ], [ 26.472954607260526, 37.584268634240999 ], [ 26.472906644616355, 37.584329288788169 ], [ 26.472842038122142, 37.58439029139511 ], [ 26.472795829585088, 37.584503933070678 ], [ 26.472814447456845, 37.584563192873603 ], [ 26.472905996111855, 37.58456127334501 ], [ 26.472942509553718, 37.584518722181556 ], [ 26.472946992524538, 37.584491484848265 ], [ 26.472977826674494, 37.584416608260035 ], [ 26.473083304071295, 37.584382583253671 ], [ 26.473133761435591, 37.584296691295037 ], [ 26.473099061462417, 37.584053519396114 ], [ 26.473017763956712, 37.584012804829818 ] ] ] ] } },
{ "type": "Feature", "properties": { "datasetID": 583.0, "BIO_CLASS": "Posidonia beds (posidonion oceanicae) (Posidonia oceanica meadows (= association with Posidonia oceanica))", "fieldNotes": "Not reported", "habitat": "Posidonia beds", "AREA_SQKM": 0.0004773868, "vernacular": "Neptune grass", "FAMILY": "Posidoniaceae", "GENUS": "Posidonia", "scientific": "Posidonia oceanica", "habitatID": "EUNIS:A5.535", "nameAccord": "urn:lsid:marinespecies.org:taxname:145794", "eventDate": "2018-01-17", "verif": "Panayotidis Panayotis", "Shape_Leng": 161.886178444, "Shape_Area": 478.21333471100002, "Pres_UNEP": 1 }, "geometry": { "type": "MultiPolygon", "coordinates": [ [ [ [ 26.494036235821781, 37.584009171587866 ], [ 26.494010944209236, 37.583975107784035 ], [ 26.493982879042687, 37.584002610051861 ], [ 26.493955154152275, 37.584011159129176 ], [ 26.493956211231747, 37.58404101376783 ], [ 26.493890520216191, 37.584105666296914 ], [ 26.493890052245966, 37.584116058934541 ], [ 26.493873178878012, 37.58418945844398 ], [ 26.493722681162101, 37.584311814281769 ], [ 26.493643436111885, 37.584398063121775 ], [ 26.493612594813033, 37.584487136081286 ], [ 26.49361387759895, 37.584525551374625 ], [ 26.493652496613059, 37.584524735155561 ], [ 26.493690217003294, 37.584497027877191 ], [ 26.49371623279999, 37.584408059148977 ], [ 26.493771979066537, 37.584341524979095 ], [ 26.493838023371485, 37.584293997935653 ], [ 26.493923119309532, 37.584238379392822 ], [ 26.493965409549396, 37.584202884518454 ], [ 26.494015431833226, 37.584109564529619 ], [ 26.494033203947144, 37.584063056929871 ], [ 26.494036235821781, 37.584009171587866 ] ] ] ] } },
{ "type": "Feature", "properties": { "datasetID": 583.0, "BIO_CLASS": "Posidonia beds (posidonion oceanicae) (Posidonia oceanica meadows (= association with Posidonia oceanica))", "fieldNotes": "Not reported", "habitat": "Posidonia beds", "AREA_SQKM": 0.00049980019, "vernacular": "Neptune grass", "FAMILY": "Posidoniaceae", "GENUS": "Posidonia", "scientific": "Posidonia oceanica", "habitatID": "EUNIS:A5.535", "nameAccord": "urn:lsid:marinespecies.org:taxname:145794", "eventDate": "2018-01-17", "verif": "Panayotidis Panayotis", "Shape_Leng": 131.952724625, "Shape_Area": 500.66548996500001, "Pres_UNEP": 1 }, "geometry": { "type": "MultiPolygon", "coordinates": [ [ [ [ 26.493915080455839, 37.584789186772845 ], [ 26.493827471993715, 37.584754826027826 ], [ 26.493758413177652, 37.584730935693791 ], [ 26.493716399915357, 37.584699230323132 ], [ 26.493666015303447, 37.58468943038595 ], [ 26.493602352172058, 37.584690776618544 ], [ 26.493584202483515, 37.584726469451702 ], [ 26.493589033679182, 37.584733091079826 ], [ 26.493588812653805, 37.584729830616958 ], [ 26.49362490279557, 37.584769049810397 ], [ 26.493667177280471, 37.584762005054024 ], [ 26.493671345983213, 37.584771143361856 ], [ 26.493718914003605, 37.5847836693369 ], [ 26.493738436268099, 37.58481278119006 ], [ 26.49377340377567, 37.584841567089391 ], [ 26.493847963247848, 37.584852293673883 ], [ 26.493900728592632, 37.584858557547228 ], [ 26.494020101289056, 37.584915082586761 ], [ 26.49409947253401, 37.584977375073514 ], [ 26.494147679721149, 37.585004101010284 ], [ 26.494185717320391, 37.584989887811219 ], [ 26.494170020821624, 37.58492865534739 ], [ 26.494114969567597, 37.584915334343037 ], [ 26.494095933661082, 37.584890386613019 ], [ 26.494063255884981, 37.584865725093287 ], [ 26.49406228959484, 37.584836777536417 ], [ 26.494024703310277, 37.584801355873502 ], [ 26.493947152369667, 37.584795752751674 ], [ 26.493915080455839, 37.584789186772845 ] ] ] ] } },
{ "type": "Feature", "properties": { "datasetID": 583.0, "BIO_CLASS": "Posidonia beds (posidonion oceanicae) (Posidonia oceanica meadows (= association with Posidonia oceanica))", "fieldNotes": "Not reported", "habitat": "Posidonia beds", "AREA_SQKM": 0.00075326913, "vernacular": "Neptune grass", "FAMILY": "Posidoniaceae", "GENUS": "Posidonia", "scientific": "Posidonia oceanica", "habitatID": "EUNIS:A5.535", "nameAccord": "urn:lsid:marinespecies.org:taxname:145794", "eventDate": "2018-01-17", "verif": "Panayotidis Panayotis", "Shape_Leng": 111.477771632, "Shape_Area": 754.57311100300001, "Pres_UNEP": 1 }, "geometry": { "type": "MultiPolygon", "coordinates": [ [ [ [ 26.472792132282038, 37.585398755771664 ], [ 26.47282520300671, 37.585391435385276 ], [ 26.472880375601211, 37.585393650846662 ], [ 26.472869576659445, 37.585373272665962 ], [ 26.472880435585793, 37.585298813572805 ], [ 26.472643369769436, 37.585181831469541 ], [ 26.472626987187432, 37.585190128840949 ], [ 26.472545075771556, 37.585231612169785 ], [ 26.472546390759618, 37.585271349109853 ], [ 26.472540479137251, 37.585344379803416 ], [ 26.472508285209813, 37.585378192085564 ], [ 26.472484851674707, 37.585425078954287 ], [ 26.472527780678622, 37.585463945825339 ], [ 26.472636412224077, 37.585474923317193 ], [ 26.472769356031765, 37.585465509369072 ], [ 26.472792132282038, 37.585398755771664 ] ] ] ] } },
{ "type": "Feature", "properties": { "datasetID": 583.0, "BIO_CLASS": "Posidonia beds (posidonion oceanicae) (Posidonia oceanica meadows (= association with Posidonia oceanica))", "fieldNotes": "Not reported", "habitat": "Posidonia beds", "AREA_SQKM": 0.00788662447, "vernacular": "Neptune grass", "FAMILY": "Posidoniaceae", "GENUS": "Posidonia", "scientific": "Posidonia oceanica", "habitatID": "EUNIS:A5.535", "nameAccord": "urn:lsid:marinespecies.org:taxname:145794", "eventDate": "2018-01-17", "verif": "Panayotidis Panayotis", "Shape_Leng": 389.051104259, "Shape_Area": 7900.2789505500004, "Pres_UNEP": 1 }, "geometry": { "type": "MultiPolygon", "coordinates": [ [ [ [ 26.501899112613383, 37.583809640208742 ], [ 26.501695957065639, 37.583813947427309 ], [ 26.501479030141596, 37.583912925141718 ], [ 26.501298214030086, 37.584078549150426 ], [ 26.501136134362884, 37.584297704478828 ], [ 26.501189859747367, 37.584381156615933 ], [ 26.501218340323483, 37.584425394071665 ], [ 26.50125397181127, 37.584448900110104 ], [ 26.501329217244393, 37.584498543706395 ], [ 26.501466460512752, 37.584549565347366 ], [ 26.501497878172231, 37.584678330145046 ], [ 26.50150329046264, 37.584840005311023 ], [ 26.501535002055089, 37.584963667150127 ], [ 26.501543759130563, 37.584997812392544 ], [ 26.501577146511835, 37.585021800811283 ], [ 26.501649112560834, 37.585012607723762 ], [ 26.501779582802744, 37.584995934377382 ], [ 26.501787590104566, 37.584991714585527 ], [ 26.501752133636547, 37.584985731615205 ], [ 26.501942660759404, 37.584604183136598 ], [ 26.502139953782585, 37.584424726255726 ], [ 26.502266368631446, 37.584152394738119 ], [ 26.502187819171162, 37.583830481104386 ], [ 26.501899112613383, 37.583809640208742 ] ] ] ] } },
{ "type": "Feature", "properties": { "datasetID": 583.0, "BIO_CLASS": "Posidonia beds (posidonion oceanicae) (Posidonia oceanica meadows (= association with Posidonia oceanica))", "fieldNotes": "Not reported", "habitat": "Posidonia beds", "AREA_SQKM": 0.00446630606, "vernacular": "Neptune grass", "FAMILY": "Posidoniaceae", "GENUS": "Posidonia", "scientific": "Posidonia oceanica", "habitatID": "EUNIS:A5.535", "nameAccord": "urn:lsid:marinespecies.org:taxname:145794", "eventDate": "2018-01-17", "verif": "Panayotidis Panayotis", "Shape_Leng": 381.91169050799999, "Shape_Area": 4474.0387885, "Pres_UNEP": 1 }, "geometry": { "type": "MultiPolygon", "coordinates": [ [ [ [ 26.51028660966924, 37.585235382308255 ], [ 26.510511393733534, 37.584942886196309 ], [ 26.511038776007908, 37.584613342630526 ], [ 26.511220790332622, 37.584536010271989 ], [ 26.511079138869121, 37.584441081539651 ], [ 26.510550525795811, 37.584733922303442 ], [ 26.510275036311462, 37.584776513264266 ], [ 26.509964278461663, 37.584685182320477 ], [ 26.509839647376833, 37.584638860973627 ], [ 26.509701717612359, 37.584735418707282 ], [ 26.50964595610046, 37.584826627771463 ], [ 26.509749294481299, 37.585154991526572 ], [ 26.509830735502689, 37.585182385305053 ], [ 26.510052406836309, 37.585133238867144 ], [ 26.51028660966924, 37.585235382308255 ] ] ] ] } },
{ "type": "Feature", "properties": { "datasetID": 583.0, "BIO_CLASS": "Posidonia beds (posidonion oceanicae) (Posidonia oceanica meadows (= association with Posidonia oceanica))", "fieldNotes": "Not reported", "habitat": "Posidonia beds", "AREA_SQKM": 0.00497326787, "vernacular": "Neptune grass", "FAMILY": "Posidoniaceae", "GENUS": "Posidonia", "scientific": "Posidonia oceanica", "habitatID": "EUNIS:A5.535", "nameAccord": "urn:lsid:marinespecies.org:taxname:145794", "eventDate": "2018-01-17", "verif": "Panayotidis Panayotis", "Shape_Leng": 283.81042276099998, "Shape_Area": 4981.8777256399999, "Pres_UNEP": 1 }, "geometry": { "type": "MultiPolygon", "coordinates": [ [ [ [ 26.500552263706538, 37.584789554243365 ], [ 26.500317358182411, 37.584692119312422 ], [ 26.499704183091371, 37.584828009346985 ], [ 26.499501844051309, 37.58493471163036 ], [ 26.499558078635243, 37.585076900161788 ], [ 26.499871518240845, 37.585213637598692 ], [ 26.500137269680522, 37.585353645319891 ], [ 26.500234278105609, 37.585480764943284 ], [ 26.500342018032676, 37.585428977191128 ], [ 26.500491544135222, 37.585282429038578 ], [ 26.500511100857675, 37.585097666988169 ], [ 26.500606445815766, 37.584870337087139 ], [ 26.500552263706538, 37.584789554243365 ] ] ] ] } },
{ "type": "Feature", "properties": { "datasetID": 583.0, "BIO_CLASS": "Posidonia beds (posidonion oceanicae) (Posidonia oceanica meadows (= association with Posidonia oceanica))", "fieldNotes": "Not reported", "habitat": "Posidonia beds", "AREA_SQKM": 0.00538849142, "vernacular": "Neptune grass", "FAMILY": "Posidoniaceae", "GENUS": "Posidonia", "scientific": "Posidonia oceanica", "habitatID": "EUNIS:A5.535", "nameAccord": "urn:lsid:marinespecies.org:taxname:145794", "eventDate": "2018-01-17", "verif": "Panayotidis Panayotis", "Shape_Leng": 295.81070120599998, "Shape_Area": 5397.8197170399999, "Pres_UNEP": 1 }, "geometry": { "type": "MultiPolygon", "coordinates": [ [ [ [ 26.495228473515347, 37.584928419490559 ], [ 26.495164739993072, 37.584914276965449 ], [ 26.49493472409959, 37.584932250604744 ], [ 26.494852436778544, 37.584958053428643 ], [ 26.494755401144413, 37.584988478857923 ], [ 26.494665032942923, 37.585118522157693 ], [ 26.494598227247852, 37.585214655230125 ], [ 26.494606446079814, 37.585460802819725 ], [ 26.494610911357029, 37.58559454858554 ], [ 26.494649451471926, 37.585635206941681 ], [ 26.494651979897512, 37.585637873802227 ], [ 26.494741104157601, 37.585731897664211 ], [ 26.494811535915943, 37.585755980691175 ], [ 26.495079571832765, 37.585847637204608 ], [ 26.495208176250042, 37.585844917339529 ], [ 26.495252781776315, 37.585639144955231 ], [ 26.495274876444899, 37.585411343603774 ], [ 26.49527881974641, 37.585370678226653 ], [ 26.495296648776559, 37.585278839961866 ], [ 26.495335038187712, 37.585081091691343 ], [ 26.495348448741151, 37.58504599240981 ], [ 26.495380483578668, 37.584962149549519 ], [ 26.495228473515347, 37.584928419490559 ] ] ] ] } },
{ "type": "Feature", "properties": { "datasetID": 583.0, "BIO_CLASS": "Posidonia beds (posidonion oceanicae) (Posidonia oceanica meadows (= association with Posidonia oceanica))", "fieldNotes": "Not reported", "habitat": "Posidonia beds", "AREA_SQKM": 0.00083058659, "vernacular": "Neptune grass", "FAMILY": "Posidoniaceae", "GENUS": "Posidonia", "scientific": "Posidonia oceanica", "habitatID": "EUNIS:A5.535", "nameAccord": "urn:lsid:marinespecies.org:taxname:145794", "eventDate": "2018-01-17", "verif": "Panayotidis Panayotis", "Shape_Leng": 162.605984519, "Shape_Area": 832.023876266, "Pres_UNEP": 1 }, "geometry": { "type": "MultiPolygon", "coordinates": [ [ [ [ 26.505103390492035, 37.588473382554682 ], [ 26.50507010300241, 37.588392954241598 ], [ 26.504878150755651, 37.58844571094302 ], [ 26.504699113949819, 37.588479696894936 ], [ 26.504680137931061, 37.588500219384507 ], [ 26.504502555769491, 37.588555916859548 ], [ 26.504399202898629, 37.588636001607028 ], [ 26.504402247402645, 37.588726808764044 ], [ 26.504467671938023, 37.588731911124675 ], [ 26.504636668906702, 37.588663415300516 ], [ 26.504664537902421, 37.588660800518198 ], [ 26.504814314436327, 37.588560982113947 ], [ 26.505103390492035, 37.588473382554682 ] ] ] ] } },
{ "type": "Feature", "properties": { "datasetID": 583.0, "BIO_CLASS": "Posidonia beds (posidonion oceanicae) (Posidonia oceanica meadows (= association with Posidonia oceanica))", "fieldNotes": "Not reported", "habitat": "Posidonia beds", "AREA_SQKM": 0.00100817754, "vernacular": "Neptune grass", "FAMILY": "Posidoniaceae", "GENUS": "Posidonia", "scientific": "Posidonia oceanica", "habitatID": "EUNIS:A5.535", "nameAccord": "urn:lsid:marinespecies.org:taxname:145794", "eventDate": "2018-01-17", "verif": "Panayotidis Panayotis", "Shape_Leng": 201.25006696400001, "Shape_Area": 1009.92270985, "Pres_UNEP": 1 }, "geometry": { "type": "MultiPolygon", "coordinates": [ [ [ [ 26.494078358323616, 37.585683416260245 ], [ 26.494060740200364, 37.585679154052528 ], [ 26.494047117217598, 37.585707252824164 ], [ 26.494037175315533, 37.585758454098269 ], [ 26.494037406804566, 37.585765401720465 ], [ 26.494027724933538, 37.585780607871236 ], [ 26.494005891577235, 37.585873696322778 ], [ 26.494085009832876, 37.585926347233837 ], [ 26.494080747993266, 37.586071292562188 ], [ 26.494042842884745, 37.586162630328168 ], [ 26.494011249794308, 37.586170540828391 ], [ 26.493998452241307, 37.58619616095757 ], [ 26.493966982807851, 37.586207692357661 ], [ 26.493932051450951, 37.586251886936246 ], [ 26.493873176194633, 37.586260373391866 ], [ 26.493842093094898, 37.586283484785127 ], [ 26.493835589104322, 37.586306799354276 ], [ 26.493880116922277, 37.586331931885184 ], [ 26.493889460926603, 37.586362637550991 ], [ 26.493907320642048, 37.586383506099388 ], [ 26.493979405242978, 37.586361700303662 ], [ 26.494014529669197, 37.5863232952549 ], [ 26.494085743577045, 37.586275436475816 ], [ 26.49412354017424, 37.58620800330079 ], [ 26.494214512805733, 37.586097726253847 ], [ 26.494258526421852, 37.586020311164013 ], [ 26.494257134243099, 37.585978621847282 ], [ 26.494244642746914, 37.585953390424777 ], [ 26.494243716311775, 37.58592559814425 ], [ 26.494240920336942, 37.585920115127571 ], [ 26.494225014360069, 37.585888910431891 ], [ 26.494221254649887, 37.585863494398595 ], [ 26.494197431198412, 37.585847773242726 ], [ 26.494195509798949, 37.585835733931681 ], [ 26.494193745089504, 37.585824674267293 ], [ 26.494162709121643, 37.585767388395844 ], [ 26.494118976806991, 37.585765994454619 ], [ 26.494098061234681, 37.585750213238029 ], [ 26.494096592158179, 37.585706206926822 ], [ 26.494078358323616, 37.585683416260245 ] ] ] ] } },
{ "type": "Feature", "properties": { "datasetID": 583.0, "BIO_CLASS": "Posidonia beds (posidonion oceanicae) (Posidonia oceanica meadows (= association with Posidonia oceanica))", "fieldNotes": "Not reported", "habitat": "Posidonia beds", "AREA_SQKM": 0.00095142514, "vernacular": "Neptune grass", "FAMILY": "Posidoniaceae", "GENUS": "Posidonia", "scientific": "Posidonia oceanica", "habitatID": "EUNIS:A5.535", "nameAccord": "urn:lsid:marinespecies.org:taxname:145794", "eventDate": "2018-01-17", "verif": "Panayotidis Panayotis", "Shape_Leng": 144.89421325399999, "Shape_Area": 953.07208048400003, "Pres_UNEP": 1 }, "geometry": { "type": "MultiPolygon", "coordinates": [ [ [ [ 26.503373050138727, 37.585860218892833 ], [ 26.503299065144965, 37.585794284037014 ], [ 26.503203170022534, 37.585853437339061 ], [ 26.503224209381877, 37.586091855429864 ], [ 26.503338708927288, 37.586198472707018 ], [ 26.503380962903726, 37.586291043704634 ], [ 26.503532841822185, 37.586327782726293 ], [ 26.503589099118262, 37.586271050577238 ], [ 26.503513895710441, 37.586168791765559 ], [ 26.503404175836284, 37.586010147209734 ], [ 26.503393392930445, 37.585862092499191 ], [ 26.503373050138727, 37.585860218892833 ] ] ] ] } },
{ "type": "Feature", "properties": { "datasetID": 583.0, "BIO_CLASS": "Posidonia beds (posidonion oceanicae) (Posidonia oceanica meadows (= association with Posidonia oceanica))", "fieldNotes": "Not reported", "habitat": "Posidonia beds", "AREA_SQKM": 0.00028502928, "vernacular": "Neptune grass", "FAMILY": "Posidoniaceae", "GENUS": "Posidonia", "scientific": "Posidonia oceanica", "habitatID": "EUNIS:A5.535", "nameAccord": "urn:lsid:marinespecies.org:taxname:145794", "eventDate": "2018-01-17", "verif": "Panayotidis Panayotis", "Shape_Leng": 72.667502922400004, "Shape_Area": 285.52263510799997, "Pres_UNEP": 1 }, "geometry": { "type": "MultiPolygon", "coordinates": [ [ [ [ 26.493901108235594, 37.586415505899041 ], [ 26.493888201780891, 37.586387220637654 ], [ 26.493885880896784, 37.586395547210472 ], [ 26.493847566625568, 37.586338414879094 ], [ 26.493814534761164, 37.586330421336207 ], [ 26.493768065092439, 37.586334299295473 ], [ 26.493774258841796, 37.58643267228107 ], [ 26.493746604336522, 37.586476713204682 ], [ 26.493727681822502, 37.586520570398541 ], [ 26.493734507349629, 37.586550557036098 ], [ 26.493781957574598, 37.586554190308007 ], [ 26.493821975825117, 37.586553344046251 ], [ 26.49389415822964, 37.586534435662173 ], [ 26.49391041340327, 37.586476148735777 ], [ 26.493901108235594, 37.586415505899041 ] ] ] ] } },
{ "type": "Feature", "properties": { "datasetID": 583.0, "BIO_CLASS": "Posidonia beds (posidonion oceanicae) (Posidonia oceanica meadows (= association with Posidonia oceanica))", "fieldNotes": "Not reported", "habitat": "Posidonia beds", "AREA_SQKM": 0.00018632335, "vernacular": "Neptune grass", "FAMILY": "Posidoniaceae", "GENUS": "Posidonia", "scientific": "Posidonia oceanica", "habitatID": "EUNIS:A5.535", "nameAccord": "urn:lsid:marinespecies.org:taxname:145794", "eventDate": "2018-01-17", "verif": "Panayotidis Panayotis", "Shape_Leng": 66.954494916599998, "Shape_Area": 186.64585725000001, "Pres_UNEP": 1 }, "geometry": { "type": "MultiPolygon", "coordinates": [ [ [ [ 26.493701824712506, 37.586552986284339 ], [ 26.493711578290547, 37.58651801394651 ], [ 26.493711384249373, 37.586512225269907 ], [ 26.493610487623226, 37.586543329360381 ], [ 26.493544615717628, 37.586533131818797 ], [ 26.493446292120868, 37.586532313824847 ], [ 26.493423454642986, 37.586533706888169 ], [ 26.49341058809653, 37.586553349346794 ], [ 26.493415384429735, 37.586588012513708 ], [ 26.493457349321492, 37.586623628835696 ], [ 26.493518215795586, 37.58661481110331 ], [ 26.493569052335776, 37.586610839502058 ], [ 26.493655108426445, 37.58657135846876 ], [ 26.493701824712506, 37.586552986284339 ] ] ] ] } },
{ "type": "Feature", "properties": { "datasetID": 583.0, "BIO_CLASS": "Posidonia beds (posidonion oceanicae) (Posidonia oceanica meadows (= association with Posidonia oceanica))", "fieldNotes": "Not reported", "habitat": "Posidonia beds", "AREA_SQKM": 0.00013122564, "vernacular": "Neptune grass", "FAMILY": "Posidoniaceae", "GENUS": "Posidonia", "scientific": "Posidonia oceanica", "habitatID": "EUNIS:A5.535", "nameAccord": "urn:lsid:marinespecies.org:taxname:145794", "eventDate": "2018-01-17", "verif": "Panayotidis Panayotis", "Shape_Leng": 62.022026324099997, "Shape_Area": 131.45277426499999, "Pres_UNEP": 1 }, "geometry": { "type": "MultiPolygon", "coordinates": [ [ [ [ 26.493233420273249, 37.586699053059569 ], [ 26.493227462073161, 37.5866296471902 ], [ 26.493294845799198, 37.586576074744563 ], [ 26.493297459057437, 37.586570447721719 ], [ 26.493291112337673, 37.586573255932954 ], [ 26.493275495468996, 37.586541718106645 ], [ 26.493236445234366, 37.586571513940989 ], [ 26.493197005598038, 37.586589731538595 ], [ 26.493152417162793, 37.58667179245947 ], [ 26.493138444046025, 37.586689470331066 ], [ 26.49313739481051, 37.586687633818151 ], [ 26.493131940358786, 37.586712786714685 ], [ 26.493143725325989, 37.5867386100876 ], [ 26.493173021902368, 37.586743786599612 ], [ 26.493205572326929, 37.586737303592422 ], [ 26.493233420273249, 37.586699053059569 ] ] ] ] } },
{ "type": "Feature", "properties": { "datasetID": 583.0, "BIO_CLASS": "Posidonia beds (posidonion oceanicae) (Posidonia oceanica meadows (= association with Posidonia oceanica))", "fieldNotes": "Not reported", "habitat": "Posidonia beds", "AREA_SQKM": 0.00149359316, "vernacular": "Neptune grass", "FAMILY": "Posidoniaceae", "GENUS": "Posidonia", "scientific": "Posidonia oceanica", "habitatID": "EUNIS:A5.535", "nameAccord": "urn:lsid:marinespecies.org:taxname:145794", "eventDate": "2018-01-17", "verif": "Panayotidis Panayotis", "Shape_Leng": 185.94991862500001, "Shape_Area": 1496.17843027, "Pres_UNEP": 1 }, "geometry": { "type": "MultiPolygon", "coordinates": [ [ [ [ 26.516855560315317, 37.586255445982339 ], [ 26.5168104294894, 37.586057459113917 ], [ 26.516806719671273, 37.585947350872594 ], [ 26.516849954224643, 37.585860728580904 ], [ 26.51676360714411, 37.585580979295237 ], [ 26.516626892522396, 37.585632868673372 ], [ 26.516553322318472, 37.585732383494658 ], [ 26.51660480066554, 37.585890444810673 ], [ 26.516517916160097, 37.586051456677694 ], [ 26.516545901069918, 37.586137382964054 ], [ 26.516551549887051, 37.586136440417725 ], [ 26.516802473631255, 37.586278003507189 ], [ 26.516855560315317, 37.586255445982339 ] ] ] ] } },
{ "type": "Feature", "properties": { "datasetID": 583.0, "BIO_CLASS": "Posidonia beds (posidonion oceanicae) (Posidonia oceanica meadows (= association with Posidonia oceanica))", "fieldNotes": "Not reported", "habitat": "Posidonia beds", "AREA_SQKM": 0.00417716004, "vernacular": "Neptune grass", "FAMILY": "Posidoniaceae", "GENUS": "Posidonia", "scientific": "Posidonia oceanica", "habitatID": "EUNIS:A5.535", "nameAccord": "urn:lsid:marinespecies.org:taxname:145794", "eventDate": "2018-01-17", "verif": "Panayotidis Panayotis", "Shape_Leng": 260.83250916499998, "Shape_Area": 4184.3906074799997, "Pres_UNEP": 1 }, "geometry": { "type": "MultiPolygon", "coordinates": [ [ [ [ 26.517820091583733, 37.586219558533713 ], [ 26.517902369838879, 37.586046402086396 ], [ 26.517707991713504, 37.585756718278297 ], [ 26.517473677872175, 37.585651530513609 ], [ 26.51719530346567, 37.585608499452604 ], [ 26.517107595980995, 37.585745043800671 ], [ 26.517097169718419, 37.585892183262885 ], [ 26.517074253678203, 37.586125288866633 ], [ 26.517075489834326, 37.586161992523216 ], [ 26.517105824707013, 37.586149102516238 ], [ 26.517205487405459, 37.586367347619657 ], [ 26.517282769059548, 37.586377942665699 ], [ 26.517462305863585, 37.586227196077722 ], [ 26.517820091583733, 37.586219558533713 ] ] ] ] } },
{ "type": "Feature", "properties": { "datasetID": 583.0, "BIO_CLASS": "Posidonia beds (posidonion oceanicae) (Posidonia oceanica meadows (= association with Posidonia oceanica))", "fieldNotes": "Not reported", "habitat": "Posidonia beds", "AREA_SQKM": 0.00200386465, "vernacular": "Neptune grass", "FAMILY": "Posidoniaceae", "GENUS": "Posidonia", "scientific": "Posidonia oceanica", "habitatID": "EUNIS:A5.535", "nameAccord": "urn:lsid:marinespecies.org:taxname:145794", "eventDate": "2018-01-17", "verif": "Panayotidis Panayotis", "Shape_Leng": 295.76787208799999, "Shape_Area": 2007.3330863399999, "Pres_UNEP": 1 }, "geometry": { "type": "MultiPolygon", "coordinates": [ [ [ [ 26.519632697659521, 37.586396627542264 ], [ 26.519817778981366, 37.586274850786722 ], [ 26.519890931939891, 37.586163102022745 ], [ 26.519871432259773, 37.586041086903364 ], [ 26.519616683076187, 37.586242416395962 ], [ 26.519004623536102, 37.586341189499478 ], [ 26.518568385262721, 37.586179100580161 ], [ 26.518555928449111, 37.586207860177026 ], [ 26.518668876740893, 37.586421816620529 ], [ 26.519193232805595, 37.586459591850435 ], [ 26.519546003458515, 37.586427570842659 ], [ 26.519632697659521, 37.586396627542264 ] ] ] ] } },
{ "type": "Feature", "properties": { "datasetID": 583.0, "BIO_CLASS": "Posidonia beds (posidonion oceanicae) (Posidonia oceanica meadows (= association with Posidonia oceanica))", "fieldNotes": "Not reported", "habitat": "Posidonia beds", "AREA_SQKM": 0.0014641322, "vernacular": "Neptune grass", "FAMILY": "Posidoniaceae", "GENUS": "Posidonia", "scientific": "Posidonia oceanica", "habitatID": "EUNIS:A5.535", "nameAccord": "urn:lsid:marinespecies.org:taxname:145794", "eventDate": "2018-01-17", "verif": "Panayotidis Panayotis", "Shape_Leng": 150.62680084600001, "Shape_Area": 1466.6663794200001, "Pres_UNEP": 1 }, "geometry": { "type": "MultiPolygon", "coordinates": [ [ [ [ 26.501026139954437, 37.586643441786372 ], [ 26.501019974168003, 37.586459228802688 ], [ 26.500635532273467, 37.58650834288494 ], [ 26.500484632540402, 37.586613955118835 ], [ 26.500540869319487, 37.586756143087648 ], [ 26.500722972119711, 37.586813731355143 ], [ 26.500904388786289, 37.586850851203636 ], [ 26.501026139954437, 37.586643441786372 ] ] ] ] } },
{ "type": "Feature", "properties": { "datasetID": 583.0, "BIO_CLASS": "Posidonia beds (posidonion oceanicae) (Posidonia oceanica meadows (= association with Posidonia oceanica))", "fieldNotes": "Not reported", "habitat": "Posidonia beds", "AREA_SQKM": 0.00286941498, "vernacular": "Neptune grass", "FAMILY": "Posidoniaceae", "GENUS": "Posidonia", "scientific": "Posidonia oceanica", "habitatID": "EUNIS:A5.535", "nameAccord": "urn:lsid:marinespecies.org:taxname:145794", "eventDate": "2018-01-17", "verif": "Panayotidis Panayotis", "Shape_Leng": 369.91460845500001, "Shape_Area": 2874.38155267, "Pres_UNEP": 1 }, "geometry": { "type": "MultiPolygon", "coordinates": [ [ [ [ 26.503587623666483, 37.586811121011834 ], [ 26.5037994989402, 37.586707962657179 ], [ 26.503916869171992, 37.586705472454874 ], [ 26.504011722567217, 37.586615183874365 ], [ 26.504089098542867, 37.586587575240543 ], [ 26.504113442173743, 37.586535133510857 ], [ 26.504102573543619, 37.586405546863823 ], [ 26.503978681716394, 37.586408174866889 ], [ 26.503924431130486, 37.586347016167515 ], [ 26.503944773672959, 37.586175224402197 ], [ 26.503861135680765, 37.586016026857486 ], [ 26.503615528224547, 37.585891422700477 ], [ 26.503576761989152, 37.585882045833813 ], [ 26.503543801799317, 37.585892944729892 ], [ 26.503519458387743, 37.58594538893982 ], [ 26.503549539301385, 37.586064181500035 ], [ 26.503617007666655, 37.586130255133327 ], [ 26.503696644425293, 37.586170107090382 ], [ 26.503827056150186, 37.586167338636031 ], [ 26.503835664158785, 37.586229468977706 ], [ 26.503817666019984, 37.58627658483843 ], [ 26.50375715760045, 37.586418069408957 ], [ 26.503713425702468, 37.586476118693717 ], [ 26.503565537758991, 37.586541569693551 ], [ 26.503527980034441, 37.586589100809178 ], [ 26.503531285144376, 37.586687692111965 ], [ 26.503462686964621, 37.586782616619786 ], [ 26.503419129814244, 37.586845853126377 ], [ 26.503402176290152, 37.586924102434764 ], [ 26.50339087395367, 37.58697626865748 ], [ 26.50343860370074, 37.587037568889329 ], [ 26.503524068825392, 37.587056526789723 ], [ 26.503536131592579, 37.587043333730335 ], [ 26.503516853486541, 37.587035907279443 ], [ 26.503531545490869, 37.586890201552514 ], [ 26.503587623666483, 37.586811121011834 ] ] ] ] } },
{ "type": "Feature", "properties": { "datasetID": 583.0, "BIO_CLASS": "Posidonia beds (posidonion oceanicae) (Posidonia oceanica meadows (= association with Posidonia oceanica))", "fieldNotes": "Not reported", "habitat": "Posidonia beds", "AREA_SQKM": 0.00022678811, "vernacular": "Neptune grass", "FAMILY": "Posidoniaceae", "GENUS": "Posidonia", "scientific": "Posidonia oceanica", "habitatID": "EUNIS:A5.535", "nameAccord": "urn:lsid:marinespecies.org:taxname:145794", "eventDate": "2018-01-17", "verif": "Panayotidis Panayotis", "Shape_Leng": 58.496058391600002, "Shape_Area": 227.18060938100001, "Pres_UNEP": 1 }, "geometry": { "type": "MultiPolygon", "coordinates": [ [ [ [ 26.491398109372319, 37.587396463701062 ], [ 26.491450506795616, 37.587330172337623 ], [ 26.491449181451681, 37.58729036254892 ], [ 26.491434934315375, 37.587272556535666 ], [ 26.491433865635621, 37.587271550381566 ], [ 26.491407725140007, 37.58725795095949 ], [ 26.491343924720276, 37.587266251951299 ], [ 26.491309465676885, 37.587280884912474 ], [ 26.491274538042987, 37.587281622523292 ], [ 26.491239742114519, 37.587291675231391 ], [ 26.491226709702055, 37.587305926580193 ], [ 26.49122851901306, 37.58736020944967 ], [ 26.491265625335387, 37.587381153189227 ], [ 26.491324743102172, 37.587379904992076 ], [ 26.491357061, 37.587393709363617 ], [ 26.491398109372319, 37.587396463701062 ] ] ] ] } },
{ "type": "Feature", "properties": { "datasetID": 583.0, "BIO_CLASS": "Posidonia beds (posidonion oceanicae) (Posidonia oceanica meadows (= association with Posidonia oceanica))", "fieldNotes": "Not reported", "habitat": "Posidonia beds", "AREA_SQKM": 0.00024709924, "vernacular": "Neptune grass", "FAMILY": "Posidoniaceae", "GENUS": "Posidonia", "scientific": "Posidonia oceanica", "habitatID": "EUNIS:A5.535", "nameAccord": "urn:lsid:marinespecies.org:taxname:145794", "eventDate": "2018-01-17", "verif": "Panayotidis Panayotis", "Shape_Leng": 61.792736194, "Shape_Area": 247.52688817000001, "Pres_UNEP": 1 }, "geometry": { "type": "MultiPolygon", "coordinates": [ [ [ [ 26.490637611400459, 37.587308977728043 ], [ 26.49057350118256, 37.587308013092013 ], [ 26.490524411686074, 37.58732063904781 ], [ 26.490485272672242, 37.587339039571098 ], [ 26.490525814664963, 37.587358387948328 ], [ 26.490530514490683, 37.58739015646325 ], [ 26.490539140934828, 37.587430534276919 ], [ 26.490565380725005, 37.58745315818792 ], [ 26.490616604041932, 37.587460767511395 ], [ 26.490678065479752, 37.587447881836795 ], [ 26.490724782081269, 37.587429513104624 ], [ 26.490742584904535, 37.587417548783705 ], [ 26.490743710664706, 37.587413226469764 ], [ 26.49073329214194, 37.587383441109381 ], [ 26.49069162070078, 37.587356507260743 ], [ 26.490637611400459, 37.587308977728043 ] ] ] ] } },
{ "type": "Feature", "properties": { "datasetID": 583.0, "BIO_CLASS": "Posidonia beds (posidonion oceanicae) (Posidonia oceanica meadows (= association with Posidonia oceanica))", "fieldNotes": "Not reported", "habitat": "Posidonia beds", "AREA_SQKM": 0.00053421662, "vernacular": "Neptune grass", "FAMILY": "Posidoniaceae", "GENUS": "Posidonia", "scientific": "Posidonia oceanica", "habitatID": "EUNIS:A5.535", "nameAccord": "urn:lsid:marinespecies.org:taxname:145794", "eventDate": "2018-01-17", "verif": "Panayotidis Panayotis", "Shape_Leng": 155.780087874, "Shape_Area": 535.14119484699995, "Pres_UNEP": 1 }, "geometry": { "type": "MultiPolygon", "coordinates": [ [ [ [ 26.492555425241058, 37.587175762590498 ], [ 26.492715190199188, 37.587163116326437 ], [ 26.492707548021421, 37.587173548875768 ], [ 26.492718177021434, 37.587165371559088 ], [ 26.492727836112167, 37.587113861627181 ], [ 26.492688815588309, 37.587070965403569 ], [ 26.492621720212689, 37.587067747303834 ], [ 26.492567427120235, 37.587099025504436 ], [ 26.492499894993013, 37.587169983611773 ], [ 26.492414125156841, 37.587218150018167 ], [ 26.492385097608199, 37.587221081026449 ], [ 26.492350327328051, 37.587226451891645 ], [ 26.492304764439506, 37.587257543726992 ], [ 26.492305999408657, 37.587294601823068 ], [ 26.492295749679808, 37.587336537875743 ], [ 26.492276071736274, 37.587357811991964 ], [ 26.492190380885013, 37.5874082946317 ], [ 26.492188475164831, 37.587438464260444 ], [ 26.492218506284885, 37.587465643696241 ], [ 26.492259638898933, 37.58747636335579 ], [ 26.492317771911939, 37.587472816636826 ], [ 26.492342884264318, 37.587439838779297 ], [ 26.492352902474931, 37.58739095502532 ], [ 26.49237227189024, 37.587360416156564 ], [ 26.492425793423344, 37.58730597693112 ], [ 26.492464685708573, 37.587249530712839 ], [ 26.492505278059966, 37.587244037059129 ], [ 26.492555425241058, 37.587175762590498 ] ] ] ] } },
{ "type": "Feature", "properties": { "datasetID": 583.0, "BIO_CLASS": "Posidonia beds (posidonion oceanicae) (Posidonia oceanica meadows (= association with Posidonia oceanica))", "fieldNotes": "Not reported", "habitat": "Posidonia beds", "AREA_SQKM": 0.00037148429, "vernacular": "Neptune grass", "FAMILY": "Posidoniaceae", "GENUS": "Posidonia", "scientific": "Posidonia oceanica", "habitatID": "EUNIS:A5.535", "nameAccord": "urn:lsid:marinespecies.org:taxname:145794", "eventDate": "2018-01-17", "verif": "Panayotidis Panayotis", "Shape_Leng": 95.558017736400004, "Shape_Area": 372.12721746099999, "Pres_UNEP": 1 }, "geometry": { "type": "MultiPolygon", "coordinates": [ [ [ [ 26.490275076008864, 37.587372371642005 ], [ 26.490278135627921, 37.587354926034941 ], [ 26.490311167403625, 37.587362918735764 ], [ 26.490340754246155, 37.587376780524934 ], [ 26.490380871198475, 37.587378829935574 ], [ 26.490402313495988, 37.587366787881422 ], [ 26.490419055046278, 37.587322978202167 ], [ 26.490416951062933, 37.587318543702771 ], [ 26.490392898600714, 37.587307190678082 ], [ 26.490349242156505, 37.587308111145845 ], [ 26.490292631199164, 37.587269906437982 ], [ 26.49023787281271, 37.587287285785159 ], [ 26.490191526044697, 37.587297107051583 ], [ 26.49018887897325, 37.587320303368813 ], [ 26.490178007600022, 37.587343711696768 ], [ 26.490174732906244, 37.587420265137197 ], [ 26.490206000994874, 37.587484500935339 ], [ 26.490251278974707, 37.587532217784045 ], [ 26.490320018420501, 37.587519177515489 ], [ 26.490348832864452, 37.587509878308154 ], [ 26.490351504786737, 37.587480850862235 ], [ 26.490328132427717, 37.587434989979776 ], [ 26.490312711293239, 37.587409241602394 ], [ 26.490275076008864, 37.587372371642005 ] ] ] ] } },
{ "type": "Feature", "properties": { "datasetID": 583.0, "BIO_CLASS": "Posidonia beds (posidonion oceanicae) (Posidonia oceanica meadows (= association with Posidonia oceanica))", "fieldNotes": "Not reported", "habitat": "Posidonia beds", "AREA_SQKM": 0.00038198038, "vernacular": "Neptune grass", "FAMILY": "Posidoniaceae", "GENUS": "Posidonia", "scientific": "Posidonia oceanica", "habitatID": "EUNIS:A5.535", "nameAccord": "urn:lsid:marinespecies.org:taxname:145794", "eventDate": "2018-01-17", "verif": "Panayotidis Panayotis", "Shape_Leng": 116.821542413, "Shape_Area": 382.64146941400003, "Pres_UNEP": 1 }, "geometry": { "type": "MultiPolygon", "coordinates": [ [ [ [ 26.490804557844339, 37.587529227585151 ], [ 26.490840456243589, 37.587513985082175 ], [ 26.490876934958603, 37.587516112230588 ], [ 26.490905363937401, 37.587495231195781 ], [ 26.490922491261561, 37.587463000663021 ], [ 26.49096833935069, 37.587418576139164 ], [ 26.491007875998946, 37.587403255908441 ], [ 26.491029317082496, 37.587391213852833 ], [ 26.491100052646626, 37.587328879972802 ], [ 26.491121655515546, 37.587310751527312 ], [ 26.491106194160142, 37.58729908402465 ], [ 26.491042163062968, 37.587300435575173 ], [ 26.490998660644287, 37.587305990182728 ], [ 26.490941842866967, 37.58734890765809 ], [ 26.490928295555737, 37.587379325503846 ], [ 26.490902330955013, 37.587386825287091 ], [ 26.490887160404274, 37.587368604082826 ], [ 26.490906838792242, 37.58734733084885 ], [ 26.490926363160494, 37.587321423476865 ], [ 26.490894270794197, 37.58731978306546 ], [ 26.490833151972666, 37.58732107366383 ], [ 26.490799307333031, 37.587354236125215 ], [ 26.490795251093338, 37.587359273964815 ], [ 26.490796286866996, 37.587390340203328 ], [ 26.490816215228541, 37.587442068398673 ], [ 26.490780318188875, 37.587457311779445 ], [ 26.49073801164559, 37.587498765548077 ], [ 26.490749601227634, 37.587518800317326 ], [ 26.490804557844339, 37.587529227585151 ] ] ] ] } },
{ "type": "Feature", "properties": { "datasetID": 583.0, "BIO_CLASS": "Posidonia beds (posidonion oceanicae) (Posidonia oceanica meadows (= association with Posidonia oceanica))", "fieldNotes": "Not reported", "habitat": "Posidonia beds", "AREA_SQKM": 0.00228733092, "vernacular": "Neptune grass", "FAMILY": "Posidoniaceae", "GENUS": "Posidonia", "scientific": "Posidonia oceanica", "habitatID": "EUNIS:A5.535", "nameAccord": "urn:lsid:marinespecies.org:taxname:145794", "eventDate": "2018-01-17", "verif": "Panayotidis Panayotis", "Shape_Leng": 218.60247071699999, "Shape_Area": 2291.28961058, "Pres_UNEP": 1 }, "geometry": { "type": "MultiPolygon", "coordinates": [ [ [ [ 26.48986637880553, 37.587567116981553 ], [ 26.489884945075481, 37.58755153879607 ], [ 26.489917037493122, 37.587553179209401 ], [ 26.489946527109471, 37.587564145333204 ], [ 26.489967055413775, 37.587568346629048 ], [ 26.490006757656246, 37.587557442340696 ], [ 26.490021891883536, 37.587553283446674 ], [ 26.490035363197766, 37.58752055203523 ], [ 26.490065526633689, 37.587464288612871 ], [ 26.490073562156581, 37.587443260944646 ], [ 26.490099139176454, 37.587424179335862 ], [ 26.490145243316231, 37.587409299021374 ], [ 26.490145327071701, 37.58735667421746 ], [ 26.490073134690405, 37.587325527597962 ], [ 26.490023990311574, 37.587319148809065 ], [ 26.48997783820365, 37.587262644284941 ], [ 26.489939348478998, 37.587226374157332 ], [ 26.489915754181549, 37.58721760056649 ], [ 26.48988058456457, 37.587210927620212 ], [ 26.489870776034437, 37.587196300847772 ], [ 26.489844793139337, 37.587185722541925 ], [ 26.489826042003234, 37.587182410803528 ], [ 26.489746877214351, 37.587184080364956 ], [ 26.489697117681718, 37.587159172984315 ], [ 26.489672907431078, 37.587131872569437 ], [ 26.489660649027215, 37.587113588669702 ], [ 26.489660939040572, 37.587052394418087 ], [ 26.489661838764455, 37.587052344949626 ], [ 26.489651253771964, 37.587041475140943 ], [ 26.489617855690593, 37.587018074799005 ], [ 26.489587462379053, 37.587015006872171 ], [ 26.489546045139875, 37.587030714870188 ], [ 26.489547217683565, 37.587065919623484 ], [ 26.489553110159065, 37.587102878746819 ], [ 26.489528302573028, 37.58712750697692 ], [ 26.489486699638736, 37.587137655080703 ], [ 26.489465374454625, 37.587126979607753 ], [ 26.489370295641923, 37.587140574604121 ], [ 26.489351003374246, 37.587173429624023 ], [ 26.489361203250667, 37.58721725252073 ], [ 26.489391541311107, 37.587253694019715 ], [ 26.489432750755114, 37.587266731620581 ], [ 26.489482537353172, 37.587274952226331 ], [ 26.489497629924784, 37.587290858118934 ], [ 26.489501697794474, 37.587325536432061 ], [ 26.489517254351231, 37.587355338567704 ], [ 26.489569047232514, 37.587423777404325 ], [ 26.489570359142707, 37.587463150836513 ], [ 26.489572057510301, 37.587514106104493 ], [ 26.489602551873208, 37.587555180920312 ], [ 26.489658622414769, 37.587577175004441 ], [ 26.489679074115937, 37.587579060994187 ], [ 26.489714307863284, 37.587587588141446 ], [ 26.489810044318002, 37.587576296936994 ], [ 26.489865113501963, 37.587568182322784 ], [ 26.48986637880553, 37.587567116981553 ] ] ] ] } },
{ "type": "Feature", "properties": { "datasetID": 583.0, "BIO_CLASS": "Posidonia beds (posidonion oceanicae) (Posidonia oceanica meadows (= association with Posidonia oceanica))", "fieldNotes": "Not reported", "habitat": "Posidonia beds", "AREA_SQKM": 0.00081773758, "vernacular": "Neptune grass", "FAMILY": "Posidoniaceae", "GENUS": "Posidonia", "scientific": "Posidonia oceanica", "habitatID": "EUNIS:A5.535", "nameAccord": "urn:lsid:marinespecies.org:taxname:145794", "eventDate": "2018-01-17", "verif": "Panayotidis Panayotis", "Shape_Leng": 246.97325472, "Shape_Area": 819.15284246, "Pres_UNEP": 1 }, "geometry": { "type": "MultiPolygon", "coordinates": [ [ [ [ 26.488606550353314, 37.587475666381998 ], [ 26.488628563045118, 37.587453472668109 ], [ 26.488645429137708, 37.587413280356806 ], [ 26.488748696981265, 37.587371265668196 ], [ 26.488921025153843, 37.587353144285643 ], [ 26.489061478737177, 37.5873003869916 ], [ 26.489145240629064, 37.587253351273866 ], [ 26.489201935478892, 37.587247628828202 ], [ 26.48928554348813, 37.587196068523028 ], [ 26.489267284687426, 37.587160239207037 ], [ 26.489216124639636, 37.587161320446704 ], [ 26.489220151359696, 37.587111438558452 ], [ 26.489168388638497, 37.587094425823388 ], [ 26.489134732964306, 37.587108716909476 ], [ 26.489092120750868, 37.587195625073505 ], [ 26.488991306641232, 37.587243019424179 ], [ 26.488946733063809, 37.587271118417462 ], [ 26.488844413628193, 37.58727327913126 ], [ 26.488806096754665, 37.587272295061354 ], [ 26.488795877049526, 37.587284804410466 ], [ 26.488656708522438, 37.587342062452691 ], [ 26.488621291880886, 37.587371780671049 ], [ 26.488562655892736, 37.587387503714552 ], [ 26.488513715769599, 37.587421128187927 ], [ 26.488459627143566, 37.587436755831739 ], [ 26.488401111747699, 37.587456097151666 ], [ 26.488399323142897, 37.587457100656607 ], [ 26.488405971694263, 37.587465410490346 ], [ 26.488447745042901, 37.587489879759325 ], [ 26.48849261690567, 37.587470823763695 ], [ 26.488515598824602, 37.587477584172056 ], [ 26.488525053239055, 37.587488248180122 ], [ 26.488476115787449, 37.587521874437343 ], [ 26.488454101520428, 37.587544066392176 ], [ 26.488414258643743, 37.587577500968059 ], [ 26.488387693701, 37.587599789216171 ], [ 26.488379563101866, 37.587628932400705 ], [ 26.488461058769015, 37.587616348826913 ], [ 26.488513579807694, 37.587553676546371 ], [ 26.488580347582971, 37.587508810318539 ], [ 26.488606550353314, 37.587475666381998 ] ] ] ] } },
{ "type": "Feature", "properties": { "datasetID": 583.0, "BIO_CLASS": "Posidonia beds (posidonion oceanicae) (Posidonia oceanica meadows (= association with Posidonia oceanica))", "fieldNotes": "Not reported", "habitat": "Posidonia beds", "AREA_SQKM": 7.994478e-05, "vernacular": "Neptune grass", "FAMILY": "Posidoniaceae", "GENUS": "Posidonia", "scientific": "Posidonia oceanica", "habitatID": "EUNIS:A5.535", "nameAccord": "urn:lsid:marinespecies.org:taxname:145794", "eventDate": "2018-01-17", "verif": "Panayotidis Panayotis", "Shape_Leng": 39.383736894899997, "Shape_Area": 80.083136832600005, "Pres_UNEP": 1 }, "geometry": { "type": "MultiPolygon", "coordinates": [ [ [ [ 26.488214401159727, 37.587588959129143 ], [ 26.488218455923608, 37.587558666689397 ], [ 26.488213486001108, 37.587561456363922 ], [ 26.488158916273221, 37.587562607391796 ], [ 26.48813247076426, 37.587588513911925 ], [ 26.488083060995837, 37.5876079418167 ], [ 26.488083846679874, 37.587631548052983 ], [ 26.488080020405071, 37.587653356638377 ], [ 26.488125499219336, 37.587652398184176 ], [ 26.488179587005526, 37.587636771406764 ], [ 26.488201602282004, 37.587614578558195 ], [ 26.488214401159727, 37.587588959129143 ] ] ] ] } },
{ "type": "Feature", "properties": { "datasetID": 583.0, "BIO_CLASS": "Posidonia beds (posidonion oceanicae) (Posidonia oceanica meadows (= association with Posidonia oceanica))", "fieldNotes": "Not reported", "habitat": "Posidonia beds", "AREA_SQKM": 0.00704884289, "vernacular": "Neptune grass", "FAMILY": "Posidoniaceae", "GENUS": "Posidonia", "scientific": "Posidonia oceanica", "habitatID": "EUNIS:A5.535", "nameAccord": "urn:lsid:marinespecies.org:taxname:145794", "eventDate": "2018-01-17", "verif": "Panayotidis Panayotis", "Shape_Leng": 499.98942608599998, "Shape_Area": 7061.0423171399998, "Pres_UNEP": 1 }, "geometry": { "type": "MultiPolygon", "coordinates": [ [ [ [ 26.477787043007641, 37.587845628829143 ], [ 26.477752432700044, 37.587806589234397 ], [ 26.477741912679672, 37.587740532709823 ], [ 26.477841348843882, 37.587725190369994 ], [ 26.47797495545592, 37.587735638849423 ], [ 26.478083151819103, 37.58773336594281 ], [ 26.478149955923904, 37.587686632234245 ], [ 26.477986393176995, 37.58766817691005 ], [ 26.477948228616192, 37.587683179148762 ], [ 26.477747600053817, 37.587660882057762 ], [ 26.477685826119153, 37.587556135849908 ], [ 26.4776512158165, 37.587517095428773 ], [ 26.47758485299174, 37.587525117287321 ], [ 26.47741883595311, 37.587541859749052 ], [ 26.477259383223124, 37.58750544116478 ], [ 26.477217551805659, 37.587499690444147 ], [ 26.477157753768786, 37.587454553034952 ], [ 26.477106718366706, 37.587422485931782 ], [ 26.477111308258728, 37.58730971888302 ], [ 26.477218624860594, 37.587280953826117 ], [ 26.477224751752843, 37.587214548547124 ], [ 26.477139107923858, 37.587143442018551 ], [ 26.477055441171157, 37.587131942365232 ], [ 26.476997401170909, 37.587139790185191 ], [ 26.476947026841, 37.587127591789915 ], [ 26.476921398401444, 37.587108246968633 ], [ 26.47696081713303, 37.587041139472149 ], [ 26.477009654763968, 37.587006977093914 ], [ 26.477008556798562, 37.586973860625591 ], [ 26.476965407664252, 37.586928373523669 ], [ 26.476888964889973, 37.586883584290128 ], [ 26.476679358834797, 37.586841590914723 ], [ 26.476596129261662, 37.586843338209356 ], [ 26.47649713487678, 37.586871926529909 ], [ 26.476344051630178, 37.587027578051043 ], [ 26.476280543883874, 37.587121700625666 ], [ 26.476293038387475, 37.587247364711914 ], [ 26.476345609188055, 37.587325794385393 ], [ 26.476424244914504, 37.587436813260048 ], [ 26.476459512300707, 37.587495723242682 ], [ 26.4765510638682, 37.587493801918953 ], [ 26.476609983354347, 37.587512446267603 ], [ 26.476686644366893, 37.587563860899294 ], [ 26.476728916990435, 37.587582856834828 ], [ 26.476829232345288, 37.587594005817301 ], [ 26.4769383070469, 37.587618225992436 ], [ 26.477055925522134, 37.587648896522609 ], [ 26.477176616653335, 37.587772288035929 ], [ 26.477237732700342, 37.587857164742452 ], [ 26.477329503829754, 37.587861865147865 ], [ 26.477494645372115, 37.587818631315422 ], [ 26.477652778693297, 37.587815311615991 ], [ 26.47777193540772, 37.587892340490896 ], [ 26.477804786071943, 37.587878393862233 ], [ 26.477787043007641, 37.587845628829143 ] ] ] ] } },
{ "type": "Feature", "properties": { "datasetID": 583.0, "BIO_CLASS": "Posidonia beds (posidonion oceanicae) (Posidonia oceanica meadows (= association with Posidonia oceanica))", "fieldNotes": "Not reported", "habitat": "Posidonia beds", "AREA_SQKM": 9.88631e-05, "vernacular": "Neptune grass", "FAMILY": "Posidoniaceae", "GENUS": "Posidonia", "scientific": "Posidonia oceanica", "habitatID": "EUNIS:A5.535", "nameAccord": "urn:lsid:marinespecies.org:taxname:145794", "eventDate": "2018-01-17", "verif": "Panayotidis Panayotis", "Shape_Leng": 40.508165020299998, "Shape_Area": 99.034182005999995, "Pres_UNEP": 1 }, "geometry": { "type": "MultiPolygon", "coordinates": [ [ [ [ 26.478375510989622, 37.58789552768566 ], [ 26.478398662791101, 37.587792315764879 ], [ 26.47833290874809, 37.587763838616183 ], [ 26.478278755366063, 37.587840154592662 ], [ 26.478282111819464, 37.587848925560976 ], [ 26.478282749199536, 37.587846112914825 ], [ 26.478298928873301, 37.587875986681631 ], [ 26.478375510989622, 37.58789552768566 ] ] ] ] } },
{ "type": "Feature", "properties": { "datasetID": 583.0, "BIO_CLASS": "Posidonia beds (posidonion oceanicae) (Posidonia oceanica meadows (= association with Posidonia oceanica))", "fieldNotes": "Not reported", "habitat": "Posidonia beds", "AREA_SQKM": 0.00057450803, "vernacular": "Neptune grass", "FAMILY": "Posidoniaceae", "GENUS": "Posidonia", "scientific": "Posidonia oceanica", "habitatID": "EUNIS:A5.535", "nameAccord": "urn:lsid:marinespecies.org:taxname:145794", "eventDate": "2018-01-17", "verif": "Panayotidis Panayotis", "Shape_Leng": 112.631058142, "Shape_Area": 575.50224237999998, "Pres_UNEP": 1 }, "geometry": { "type": "MultiPolygon", "coordinates": [ [ [ [ 26.503475750111178, 37.587610572473587 ], [ 26.503404675744463, 37.587436829139413 ], [ 26.503463396951204, 37.587475566549841 ], [ 26.50343597504428, 37.587397218970182 ], [ 26.503355553981919, 37.587431379648955 ], [ 26.503276870893011, 37.587517430204805 ], [ 26.503214270836949, 37.587596649715906 ], [ 26.503217097674781, 37.587680969825463 ], [ 26.503259591650398, 37.587731995818842 ], [ 26.503365550800876, 37.587729747646598 ], [ 26.503439300292023, 37.587711747252797 ], [ 26.503475750111178, 37.587610572473587 ] ] ] ] } },
{ "type": "Feature", "properties": { "datasetID": 583.0, "BIO_CLASS": "Posidonia beds (posidonion oceanicae) (Posidonia oceanica meadows (= association with Posidonia oceanica))", "fieldNotes": "Not reported", "habitat": "Posidonia beds", "AREA_SQKM": 0.0019273157, "vernacular": "Neptune grass", "FAMILY": "Posidoniaceae", "GENUS": "Posidonia", "scientific": "Posidonia oceanica", "habitatID": "EUNIS:A5.535", "nameAccord": "urn:lsid:marinespecies.org:taxname:145794", "eventDate": "2018-01-17", "verif": "Panayotidis Panayotis", "Shape_Leng": 442.17777413099998, "Shape_Area": 1930.6508560100001, "Pres_UNEP": 1 }, "geometry": { "type": "MultiPolygon", "coordinates": [ [ [ [ 26.487988755854154, 37.588766337058132 ], [ 26.488119536964533, 37.588757784242233 ], [ 26.488160302895345, 37.58867001057186 ], [ 26.488114040306826, 37.588592762318505 ], [ 26.488068358461817, 37.588532886484572 ], [ 26.488070066811172, 37.588474908150765 ], [ 26.488082787570072, 37.588419593198374 ], [ 26.488088618835061, 37.588376013846343 ], [ 26.488069174144293, 37.588338760323175 ], [ 26.488003109259768, 37.588322770426338 ], [ 26.487995059892153, 37.588299762149816 ], [ 26.487992388621212, 37.588028213275962 ], [ 26.488004827106543, 37.58799173541648 ], [ 26.488020847299744, 37.587926213268524 ], [ 26.48803795288817, 37.587893259186551 ], [ 26.488148630667801, 37.587800387978874 ], [ 26.488202961328991, 37.587791999511261 ], [ 26.488229404523011, 37.587766092964536 ], [ 26.488310297241483, 37.587735413582386 ], [ 26.488355291766052, 37.587719979372679 ], [ 26.488381854219732, 37.587697690227671 ], [ 26.488409139407612, 37.587697116038406 ], [ 26.48845832204865, 37.587670728068524 ], [ 26.488462265438816, 37.587652537756064 ], [ 26.488443351567568, 37.587631207956065 ], [ 26.488416065634578, 37.587631783911924 ], [ 26.488371552951509, 37.587661692981165 ], [ 26.488367728278774, 37.587683503336621 ], [ 26.488276776786918, 37.587685422012086 ], [ 26.488240636355126, 37.587693426210066 ], [ 26.488195039390025, 37.587690767272214 ], [ 26.488140587934961, 37.587695536576483 ], [ 26.488094628673153, 37.587682021045275 ], [ 26.488054422994658, 37.587704597283164 ], [ 26.488013976993813, 37.587719936087915 ], [ 26.488001419548318, 37.587752792970562 ], [ 26.487951394637527, 37.587753847712413 ], [ 26.487945159120265, 37.587703280181394 ], [ 26.487944400244192, 37.587699305908281 ], [ 26.487936113303217, 37.587704920596011 ], [ 26.487876631517793, 37.587695310434441 ], [ 26.487869946283201, 37.587767879135725 ], [ 26.487922260017012, 37.587835583151964 ], [ 26.487890910900461, 37.587850730275804 ], [ 26.487887083466045, 37.587872538885343 ], [ 26.487864707941036, 37.587883874275036 ], [ 26.487842452678692, 37.587898831478221 ], [ 26.487825587151768, 37.587939022121219 ], [ 26.487839471815967, 37.58794597246991 ], [ 26.487871668689397, 37.587956157717045 ], [ 26.487914644183547, 37.588016816042206 ], [ 26.48792054941287, 37.588194141067824 ], [ 26.487890524850041, 37.58824909377541 ], [ 26.487888024227935, 37.588310712414319 ], [ 26.487924525622983, 37.588313563051933 ], [ 26.487925371335905, 37.588338896362458 ], [ 26.487885165514015, 37.588361472675125 ], [ 26.487850590856027, 37.588416524366657 ], [ 26.487871795166498, 37.588506613241954 ], [ 26.48792798905745, 37.588472111396541 ], [ 26.487964657463607, 37.588480028172434 ], [ 26.48800870129168, 37.588490686934179 ], [ 26.488025279495982, 37.588551177582211 ], [ 26.488016967166885, 37.588629576853492 ], [ 26.488014004770115, 37.588649919150591 ], [ 26.48797340745196, 37.588633393021645 ], [ 26.487965165116943, 37.588604595088015 ], [ 26.48797070701589, 37.58855232861584 ], [ 26.487966104576291, 37.588523454723997 ], [ 26.487935939885041, 37.588492223117498 ], [ 26.487905316183788, 37.588556605902689 ], [ 26.487856407047307, 37.588618476398295 ], [ 26.487854795114902, 37.588679352235737 ], [ 26.487875972168801, 37.588768715981338 ], [ 26.487948736243911, 37.588767180679234 ], [ 26.487945957533562, 37.588774455254843 ], [ 26.487988755854154, 37.588766337058132 ] ] ] ] } },
{ "type": "Feature", "properties": { "datasetID": 583.0, "BIO_CLASS": "Posidonia beds (posidonion oceanicae) (Posidonia oceanica meadows (= association with Posidonia oceanica))", "fieldNotes": "Not reported", "habitat": "Posidonia beds", "AREA_SQKM": 0.00149995558, "vernacular": "Neptune grass", "FAMILY": "Posidoniaceae", "GENUS": "Posidonia", "scientific": "Posidonia oceanica", "habitatID": "EUNIS:A5.535", "nameAccord": "urn:lsid:marinespecies.org:taxname:145794", "eventDate": "2018-01-17", "verif": "Panayotidis Panayotis", "Shape_Leng": 237.70157650600001, "Shape_Area": 1502.55125004, "Pres_UNEP": 1 }, "geometry": { "type": "MultiPolygon", "coordinates": [ [ [ [ 26.503648985221346, 37.587911966279719 ], [ 26.503587591329673, 37.587862089502856 ], [ 26.503558889688776, 37.587900897665946 ], [ 26.503487269664664, 37.587954343264329 ], [ 26.503538785116401, 37.588031142517238 ], [ 26.503599536973834, 37.588140197171796 ], [ 26.503691589372636, 37.588209641554784 ], [ 26.503816461043876, 37.588284883523926 ], [ 26.503909600052616, 37.588386760927186 ], [ 26.504015779897227, 37.588390996691885 ], [ 26.504286063493073, 37.588424203500537 ], [ 26.504416696460133, 37.588427923377147 ], [ 26.504513702257874, 37.588358678559437 ], [ 26.504485272208026, 37.588283667121942 ], [ 26.504341272056326, 37.588246156555414 ], [ 26.503994694810441, 37.588248645010481 ], [ 26.503896231729271, 37.588231262929078 ], [ 26.503754622594425, 37.588143395854694 ], [ 26.503669852445114, 37.588047832019306 ], [ 26.503648985221346, 37.587911966279719 ] ] ] ] } },
{ "type": "Feature", "properties": { "datasetID": 583.0, "BIO_CLASS": "Posidonia beds (posidonion oceanicae) (Posidonia oceanica meadows (= association with Posidonia oceanica))", "fieldNotes": "Not reported", "habitat": "Posidonia beds", "AREA_SQKM": 0.00505128473, "vernacular": "Neptune grass", "FAMILY": "Posidoniaceae", "GENUS": "Posidonia", "scientific": "Posidonia oceanica", "habitatID": "EUNIS:A5.535", "nameAccord": "urn:lsid:marinespecies.org:taxname:145794", "eventDate": "2018-01-17", "verif": "Panayotidis Panayotis", "Shape_Leng": 317.27020615599997, "Shape_Area": 5060.0256668000002, "Pres_UNEP": 1 }, "geometry": { "type": "MultiPolygon", "coordinates": [ [ [ [ 26.491845830966607, 37.588786134325119 ], [ 26.491866238062091, 37.588702661783216 ], [ 26.491851574616316, 37.588610703603379 ], [ 26.491835681927956, 37.588481863815552 ], [ 26.491717047856266, 37.588401329494566 ], [ 26.491506641598765, 37.588350411983662 ], [ 26.491366064050645, 37.588307246064488 ], [ 26.491077934411098, 37.588359465653589 ], [ 26.490766936085976, 37.588421393507005 ], [ 26.490616925341715, 37.588443014904676 ], [ 26.490420564381242, 37.588465612430248 ], [ 26.490463316776601, 37.588704606087383 ], [ 26.490512123459588, 37.588777391584351 ], [ 26.490708792360028, 37.588764012902033 ], [ 26.491171339507691, 37.588726565846969 ], [ 26.491845830966607, 37.588786134325119 ] ] ] ] } },
{ "type": "Feature", "properties": { "datasetID": 583.0, "BIO_CLASS": "Posidonia beds (posidonion oceanicae) (Posidonia oceanica meadows (= association with Posidonia oceanica))", "fieldNotes": "Not reported", "habitat": "Posidonia beds", "AREA_SQKM": 0.00014490357, "vernacular": "Neptune grass", "FAMILY": "Posidoniaceae", "GENUS": "Posidonia", "scientific": "Posidonia oceanica", "habitatID": "EUNIS:A5.535", "nameAccord": "urn:lsid:marinespecies.org:taxname:145794", "eventDate": "2018-01-17", "verif": "Panayotidis Panayotis", "Shape_Leng": 48.028029245600003, "Shape_Area": 145.15430469200001, "Pres_UNEP": 1 }, "geometry": { "type": "MultiPolygon", "coordinates": [ [ [ [ 26.505327683975878, 37.588776935752279 ], [ 26.505253371107635, 37.588689264544747 ], [ 26.50516167397593, 37.588691212381221 ], [ 26.505148939652596, 37.588695580658374 ], [ 26.505144638286559, 37.588730518045374 ], [ 26.505211804327342, 37.588787509726295 ], [ 26.505251848516949, 37.588832650972456 ], [ 26.505327683975878, 37.588776935752279 ] ] ] ] } },
{ "type": "Feature", "properties": { "datasetID": 583.0, "BIO_CLASS": "Posidonia beds (posidonion oceanicae) (Posidonia oceanica meadows (= association with Posidonia oceanica))", "fieldNotes": "Not reported", "habitat": "Posidonia beds", "AREA_SQKM": 0.02547804193, "vernacular": "Neptune grass", "FAMILY": "Posidoniaceae", "GENUS": "Posidonia", "scientific": "Posidonia oceanica", "habitatID": "EUNIS:A5.535", "nameAccord": "urn:lsid:marinespecies.org:taxname:145794", "eventDate": "2018-01-17", "verif": "Panayotidis Panayotis", "Shape_Leng": 785.16562266699998, "Shape_Area": 25522.129807400001, "Pres_UNEP": 1 }, "geometry": { "type": "MultiPolygon", "coordinates": [ [ [ [ 26.477317400490275, 37.589562087997486 ], [ 26.477333742600813, 37.589482435730275 ], [ 26.477387289747877, 37.589522853721888 ], [ 26.477427733165356, 37.589597537012096 ], [ 26.477480028137578, 37.589600214526413 ], [ 26.477573754147379, 37.589564257569727 ], [ 26.477610443641289, 37.589525722044336 ], [ 26.47762528321654, 37.589400780882158 ], [ 26.47758471261098, 37.589322323886613 ], [ 26.477669205677671, 37.58929411418071 ], [ 26.477687425753519, 37.589271071339788 ], [ 26.477659454661556, 37.589143254070585 ], [ 26.477637471661851, 37.589121713867186 ], [ 26.477691904892694, 37.589094143752831 ], [ 26.477763730608768, 37.58898521047908 ], [ 26.477728449299658, 37.588905284597885 ], [ 26.47783054630959, 37.588839446783759 ], [ 26.477806638453291, 37.588697368625915 ], [ 26.477794213009403, 37.588556043202736 ], [ 26.477806043607597, 37.588554799415057 ], [ 26.477897029330911, 37.58857932535426 ], [ 26.47791288607343, 37.588628088379181 ], [ 26.477919380570032, 37.58868082482546 ], [ 26.477934482996215, 37.588706944384441 ], [ 26.477963064732975, 37.588710118342178 ], [ 26.478003619529726, 37.588645065910875 ], [ 26.478105327531146, 37.588563620766941 ], [ 26.478241109744921, 37.58850789502187 ], [ 26.478225882581352, 37.588478002609087 ], [ 26.478215518189327, 37.588451784142649 ], [ 26.478138135012383, 37.588408089061943 ], [ 26.478081825503864, 37.588427400442029 ], [ 26.478050972849324, 37.588412942303776 ], [ 26.478050069866036, 37.588385769805093 ], [ 26.478023511437584, 37.588386326328937 ], [ 26.477986474712189, 37.588414296512028 ], [ 26.477906798082312, 37.588415970500684 ], [ 26.477842900243285, 37.588435440888361 ], [ 26.477772116673318, 37.588404387736716 ], [ 26.477791668262153, 37.588246074422827 ], [ 26.477364930942549, 37.587911559950619 ], [ 26.477268236849184, 37.587888148022259 ], [ 26.476763546900209, 37.587854219591236 ], [ 26.476372157754717, 37.58786243580488 ], [ 26.476227958340385, 37.587852741715693 ], [ 26.476165954811339, 37.587911289640623 ], [ 26.476130439798613, 37.588045609482926 ], [ 26.476033573154943, 37.588499252998417 ], [ 26.475963404754722, 37.589035023937022 ], [ 26.475989491862396, 37.589339789102304 ], [ 26.476046040619092, 37.589357684522099 ], [ 26.476149457547873, 37.589342792578577 ], [ 26.476275788876247, 37.589295615919639 ], [ 26.476520455453979, 37.589201429593331 ], [ 26.476623873358008, 37.589186537661547 ], [ 26.476783837697464, 37.589189541135497 ], [ 26.47683629439905, 37.589209052234295 ], [ 26.476828751488195, 37.589224145577191 ], [ 26.476793614237323, 37.589309478726932 ], [ 26.476785948124196, 37.589367667548167 ], [ 26.47707227168025, 37.589469043750093 ], [ 26.477130936380206, 37.589520685033456 ], [ 26.477285703645158, 37.589608073044687 ], [ 26.477317400490275, 37.589562087997486 ] ] ] ] } },
{ "type": "Feature", "properties": { "datasetID": 583.0, "BIO_CLASS": "Posidonia beds (posidonion oceanicae) (Posidonia oceanica meadows (= association with Posidonia oceanica))", "fieldNotes": "Not reported", "habitat": "Posidonia beds", "AREA_SQKM": 0.00033945914, "vernacular": "Neptune grass", "FAMILY": "Posidoniaceae", "GENUS": "Posidonia", "scientific": "Posidonia oceanica", "habitatID": "EUNIS:A5.535", "nameAccord": "urn:lsid:marinespecies.org:taxname:145794", "eventDate": "2018-01-17", "verif": "Panayotidis Panayotis", "Shape_Leng": 83.729531448800003, "Shape_Area": 340.04651701400002, "Pres_UNEP": 1 }, "geometry": { "type": "MultiPolygon", "coordinates": [ [ [ [ 26.504920109124132, 37.588845631258209 ], [ 26.504894133490605, 37.588800746187246 ], [ 26.504882086489854, 37.588787166977845 ], [ 26.504859275788391, 37.588794994545722 ], [ 26.504809962188546, 37.588844724033997 ], [ 26.504785430565697, 37.588838118169299 ], [ 26.504760569248244, 37.588952871911324 ], [ 26.504940760012598, 37.588975009256984 ], [ 26.504967171415878, 37.589032866714767 ], [ 26.50501607738412, 37.589031827866862 ], [ 26.505046505930043, 37.588966272690385 ], [ 26.505012597503004, 37.588928047345384 ], [ 26.504920109124132, 37.588845631258209 ] ] ] ] } },
{ "type": "Feature", "properties": { "datasetID": 583.0, "BIO_CLASS": "Posidonia beds (posidonion oceanicae) (Posidonia oceanica meadows (= association with Posidonia oceanica))", "fieldNotes": "Not reported", "habitat": "Posidonia beds", "AREA_SQKM": 0.00040219802, "vernacular": "Neptune grass", "FAMILY": "Posidoniaceae", "GENUS": "Posidonia", "scientific": "Posidonia oceanica", "habitatID": "EUNIS:A5.535", "nameAccord": "urn:lsid:marinespecies.org:taxname:145794", "eventDate": "2018-01-17", "verif": "Panayotidis Panayotis", "Shape_Leng": 96.063597071700002, "Shape_Area": 402.893983472, "Pres_UNEP": 1 }, "geometry": { "type": "MultiPolygon", "coordinates": [ [ [ [ 26.504609308654395, 37.588786894899194 ], [ 26.504567224068595, 37.588781724517439 ], [ 26.504458329116535, 37.588939817415671 ], [ 26.504451484321564, 37.588978905819182 ], [ 26.50455386219722, 37.589113040875972 ], [ 26.504642437119742, 37.589078706766074 ], [ 26.504664062874063, 37.588993865754894 ], [ 26.504588964188233, 37.588943533768479 ], [ 26.50461873910794, 37.588858520557316 ], [ 26.504654098657237, 37.58880275144417 ], [ 26.504614471736911, 37.588792081181836 ], [ 26.504609308654395, 37.588786894899194 ] ] ] ] } },
{ "type": "Feature", "properties": { "datasetID": 583.0, "BIO_CLASS": "Posidonia beds (posidonion oceanicae) (Posidonia oceanica meadows (= association with Posidonia oceanica))", "fieldNotes": "Not reported", "habitat": "Posidonia beds", "AREA_SQKM": 0.0008382753, "vernacular": "Neptune grass", "FAMILY": "Posidoniaceae", "GENUS": "Posidonia", "scientific": "Posidonia oceanica", "habitatID": "EUNIS:A5.535", "nameAccord": "urn:lsid:marinespecies.org:taxname:145794", "eventDate": "2018-01-17", "verif": "Panayotidis Panayotis", "Shape_Leng": 144.88123886599999, "Shape_Area": 839.72565609900005, "Pres_UNEP": 1 }, "geometry": { "type": "MultiPolygon", "coordinates": [ [ [ [ 26.476588158109436, 37.589611389241036 ], [ 26.476667782809187, 37.589579504647837 ], [ 26.476721578874745, 37.58962747199633 ], [ 26.476751149098256, 37.589517328204195 ], [ 26.476752706425316, 37.589489766868638 ], [ 26.476653741679417, 37.589442330462425 ], [ 26.47655240262208, 37.589477692884969 ], [ 26.47640444062397, 37.58959560860189 ], [ 26.476321278941452, 37.589721227437138 ], [ 26.476347246376964, 37.589817362741066 ], [ 26.476371613187158, 37.589865191456781 ], [ 26.476409263992121, 37.589867548308597 ], [ 26.476523023526617, 37.589794033624898 ], [ 26.476563456149851, 37.589725206167493 ], [ 26.476588158109436, 37.589611389241036 ] ] ] ] } },
{ "type": "Feature", "properties": { "datasetID": 583.0, "BIO_CLASS": "Posidonia beds (posidonion oceanicae) (Posidonia oceanica meadows (= association with Posidonia oceanica))", "fieldNotes": "Not reported", "habitat": "Posidonia beds", "AREA_SQKM": 0.00056860304, "vernacular": "Neptune grass", "FAMILY": "Posidoniaceae", "GENUS": "Posidonia", "scientific": "Posidonia oceanica", "habitatID": "EUNIS:A5.535", "nameAccord": "urn:lsid:marinespecies.org:taxname:145794", "eventDate": "2018-01-17", "verif": "Panayotidis Panayotis", "Shape_Leng": 154.76786753, "Shape_Area": 569.58671282299997, "Pres_UNEP": 1 }, "geometry": { "type": "MultiPolygon", "coordinates": [ [ [ [ 26.475989443096815, 37.590443509678693 ], [ 26.476222133512664, 37.590410722136994 ], [ 26.476244258860945, 37.590418950823533 ], [ 26.476264338025523, 37.590402104763491 ], [ 26.476297624395055, 37.590398453753366 ], [ 26.476323101283839, 37.590383149193251 ], [ 26.476247249562821, 37.590334527077502 ], [ 26.476080423291975, 37.590340982817608 ], [ 26.475822722343512, 37.590405467792053 ], [ 26.475735063466139, 37.590448660669637 ], [ 26.475622811429162, 37.590533721381846 ], [ 26.475597531193227, 37.590554928704179 ], [ 26.475598605897794, 37.590587399135721 ], [ 26.475621255392173, 37.59059873909753 ], [ 26.475680801658335, 37.59060339628229 ], [ 26.475688621086761, 37.590605049971565 ], [ 26.475735238784225, 37.590532557969361 ], [ 26.475792718699353, 37.590503447043091 ], [ 26.475989443096815, 37.590443509678693 ] ] ] ] } },
{ "type": "Feature", "properties": { "datasetID": 583.0, "BIO_CLASS": "Posidonia beds (posidonion oceanicae) (Posidonia oceanica meadows (= association with Posidonia oceanica))", "fieldNotes": "Not reported", "habitat": "Posidonia beds", "AREA_SQKM": 0.01464674262, "vernacular": "Neptune grass", "FAMILY": "Posidoniaceae", "GENUS": "Posidonia", "scientific": "Posidonia oceanica", "habitatID": "EUNIS:A5.535", "nameAccord": "urn:lsid:marinespecies.org:taxname:145794", "eventDate": "2018-01-17", "verif": "Panayotidis Panayotis", "Shape_Leng": 450.88557880500002, "Shape_Area": 14672.082751600001, "Pres_UNEP": 1 }, "geometry": { "type": "MultiPolygon", "coordinates": [ [ [ [ 26.475477408051962, 37.589444016827876 ], [ 26.475205134960603, 37.589352346284755 ], [ 26.474912272567458, 37.589377966825253 ], [ 26.474743637902563, 37.589459412303768 ], [ 26.474272509611914, 37.590014648429545 ], [ 26.474179185866081, 37.590152944019025 ], [ 26.474285403322291, 37.590403915694345 ], [ 26.474533220397444, 37.590496101734566 ], [ 26.474903980463399, 37.590605186012873 ], [ 26.475075839382537, 37.590621056837286 ], [ 26.475751026716189, 37.59031473583692 ], [ 26.475817308410672, 37.590099099422886 ], [ 26.475829510137718, 37.589728781195326 ], [ 26.475702700523787, 37.589595103311048 ], [ 26.475477408051962, 37.589444016827876 ] ] ] ] } },
{ "type": "Feature", "properties": { "datasetID": 583.0, "BIO_CLASS": "Posidonia beds (posidonion oceanicae) (Posidonia oceanica meadows (= association with Posidonia oceanica))", "fieldNotes": "Not reported", "habitat": "Posidonia beds", "AREA_SQKM": 0.00131324697, "vernacular": "Neptune grass", "FAMILY": "Posidoniaceae", "GENUS": "Posidonia", "scientific": "Posidonia oceanica", "habitatID": "EUNIS:A5.535", "nameAccord": "urn:lsid:marinespecies.org:taxname:145794", "eventDate": "2018-01-17", "verif": "Panayotidis Panayotis", "Shape_Leng": 264.70385406299999, "Shape_Area": 1315.5191675399999, "Pres_UNEP": 1 }, "geometry": { "type": "MultiPolygon", "coordinates": [ [ [ [ 26.50487459101975, 37.589774790992898 ], [ 26.504956934731027, 37.589685413543137 ], [ 26.504910373177669, 37.589710743495417 ], [ 26.505045405463903, 37.589480696341035 ], [ 26.505252027306241, 37.589257242081366 ], [ 26.505251406662122, 37.5891909827807 ], [ 26.505152584068146, 37.589210674088221 ], [ 26.505039990355279, 37.589258500890963 ], [ 26.504853719894914, 37.589541561842857 ], [ 26.504733999451414, 37.589668730086942 ], [ 26.504600541842692, 37.589775416424295 ], [ 26.504566808616467, 37.589937106346909 ], [ 26.504556727660177, 37.590025596114771 ], [ 26.504615414850083, 37.590024350551062 ], [ 26.504651579633933, 37.589935305138965 ], [ 26.504707137903637, 37.5898406591525 ], [ 26.504796516838887, 37.589781639817659 ], [ 26.50487459101975, 37.589774790992898 ] ] ] ] } },
{ "type": "Feature", "properties": { "datasetID": 583.0, "BIO_CLASS": "Posidonia beds (posidonion oceanicae) (Posidonia oceanica meadows (= association with Posidonia oceanica))", "fieldNotes": "Not reported", "habitat": "Posidonia beds", "AREA_SQKM": 0.0003827013, "vernacular": "Neptune grass", "FAMILY": "Posidoniaceae", "GENUS": "Posidonia", "scientific": "Posidonia oceanica", "habitatID": "EUNIS:A5.535", "nameAccord": "urn:lsid:marinespecies.org:taxname:145794", "eventDate": "2018-01-17", "verif": "Panayotidis Panayotis", "Shape_Leng": 73.849349340299995, "Shape_Area": 383.36334978899998, "Pres_UNEP": 1 }, "geometry": { "type": "MultiPolygon", "coordinates": [ [ [ [ 26.475462631274059, 37.590628652147963 ], [ 26.475424557212261, 37.590599912227688 ], [ 26.475298827725481, 37.590614366108611 ], [ 26.475258513491728, 37.590629981636766 ], [ 26.475235677758238, 37.590724982235997 ], [ 26.475236425424136, 37.590747622423841 ], [ 26.475374979569668, 37.59078408930629 ], [ 26.475507835352534, 37.590760624919021 ], [ 26.475521141581755, 37.59072917299806 ], [ 26.475490356439664, 37.590681238951511 ], [ 26.475462631274059, 37.590628652147963 ] ] ] ] } },
{ "type": "Feature", "properties": { "datasetID": 583.0, "BIO_CLASS": "Posidonia beds (posidonion oceanicae) (Posidonia oceanica meadows (= association with Posidonia oceanica))", "fieldNotes": "Not reported", "habitat": "Posidonia beds", "AREA_SQKM": 0.00091845684, "vernacular": "Neptune grass", "FAMILY": "Posidoniaceae", "GENUS": "Posidonia", "scientific": "Posidonia oceanica", "habitatID": "EUNIS:A5.535", "nameAccord": "urn:lsid:marinespecies.org:taxname:145794", "eventDate": "2018-01-17", "verif": "Panayotidis Panayotis", "Shape_Leng": 190.90060646200001, "Shape_Area": 920.04578484000001, "Pres_UNEP": 1 }, "geometry": { "type": "MultiPolygon", "coordinates": [ [ [ [ 26.488114006489042, 37.590434958547782 ], [ 26.488130542478583, 37.590394785949812 ], [ 26.488127411581164, 37.590360631827586 ], [ 26.488122681568139, 37.590309046861663 ], [ 26.488128134940865, 37.590217665666792 ], [ 26.488130022839108, 37.590186008004601 ], [ 26.488142569852965, 37.590133403664808 ], [ 26.488161967129603, 37.59011478910454 ], [ 26.488175498108944, 37.590091747934999 ], [ 26.488177751124301, 37.590073494680539 ], [ 26.488154737119345, 37.59006942937193 ], [ 26.488137743005737, 37.590074340073969 ], [ 26.488107367255825, 37.590106837811589 ], [ 26.488074513274427, 37.590150767362147 ], [ 26.488026084374372, 37.590156340600537 ], [ 26.488011795216195, 37.590156642716174 ], [ 26.487977620345784, 37.590194537030889 ], [ 26.487987536063862, 37.590286865198053 ], [ 26.487934521190727, 37.59030505133537 ], [ 26.487885552272104, 37.590337372434846 ], [ 26.487908028517829, 37.590368190026815 ], [ 26.487910584280709, 37.590444938095274 ], [ 26.487946304772116, 37.590444184571858 ], [ 26.487981648753053, 37.590432060177164 ], [ 26.488035610708323, 37.590442301204938 ], [ 26.488047651174405, 37.590481871346988 ], [ 26.487973298297245, 37.590503350745024 ], [ 26.487956099334042, 37.590523624330679 ], [ 26.487993714153067, 37.590579720778763 ], [ 26.48806348016263, 37.590635140572729 ], [ 26.488111054349961, 37.590668272670008 ], [ 26.488157682784973, 37.590672978442385 ], [ 26.488211265827751, 37.590671847714205 ], [ 26.488220633383676, 37.590679925353363 ], [ 26.488242467708915, 37.590642744717918 ], [ 26.488222996836804, 37.59059479832495 ], [ 26.488179186702041, 37.590567277475195 ], [ 26.48818162036639, 37.590533091521515 ], [ 26.488155763989017, 37.590508036195601 ], [ 26.488122572839785, 37.590477445610667 ], [ 26.488114006489042, 37.590434958547782 ] ] ] ] } },
{ "type": "Feature", "properties": { "datasetID": 583.0, "BIO_CLASS": "Posidonia beds (posidonion oceanicae) (Posidonia oceanica meadows (= association with Posidonia oceanica))", "fieldNotes": "Not reported", "habitat": "Posidonia beds", "AREA_SQKM": 0.00729449614, "vernacular": "Neptune grass", "FAMILY": "Posidoniaceae", "GENUS": "Posidonia", "scientific": "Posidonia oceanica", "habitatID": "EUNIS:A5.535", "nameAccord": "urn:lsid:marinespecies.org:taxname:145794", "eventDate": "2018-01-17", "verif": "Panayotidis Panayotis", "Shape_Leng": 491.10341989199998, "Shape_Area": 7307.1085230999997, "Pres_UNEP": 1 }, "geometry": { "type": "MultiPolygon", "coordinates": [ [ [ [ 26.489221471153385, 37.589016848506297 ], [ 26.489070534979472, 37.589010807995315 ], [ 26.488944615710825, 37.589059596744306 ], [ 26.488901034110992, 37.589143558825988 ], [ 26.488915384860523, 37.589226298352294 ], [ 26.488944396649735, 37.589400992883398 ], [ 26.488885320486784, 37.589715951899244 ], [ 26.48890243763752, 37.589881673509673 ], [ 26.488911346265269, 37.590149062439998 ], [ 26.488857712949631, 37.590279369721358 ], [ 26.488721124449174, 37.590356064752775 ], [ 26.488540647625307, 37.590507501750018 ], [ 26.4885424906617, 37.590562823468559 ], [ 26.488591603491148, 37.590644830380704 ], [ 26.488674863917513, 37.590707660880156 ], [ 26.488757201017947, 37.590742830067633 ], [ 26.489032833520866, 37.590663201177165 ], [ 26.489285597824985, 37.590593279792166 ], [ 26.489249341754075, 37.58950528247685 ], [ 26.489324918712828, 37.589337603621054 ], [ 26.489449302340546, 37.589242711458255 ], [ 26.489458738709416, 37.589177925631418 ], [ 26.48935076915815, 37.589069481701088 ], [ 26.489221471153385, 37.589016848506297 ] ] ] ] } },
{ "type": "Feature", "properties": { "datasetID": 583.0, "BIO_CLASS": "Posidonia beds (posidonion oceanicae) (Posidonia oceanica meadows (= association with Posidonia oceanica))", "fieldNotes": "Not reported", "habitat": "Posidonia beds", "AREA_SQKM": 0.00020792823, "vernacular": "Neptune grass", "FAMILY": "Posidoniaceae", "GENUS": "Posidonia", "scientific": "Posidonia oceanica", "habitatID": "EUNIS:A5.535", "nameAccord": "urn:lsid:marinespecies.org:taxname:145794", "eventDate": "2018-01-17", "verif": "Panayotidis Panayotis", "Shape_Leng": 62.694312227099999, "Shape_Area": 208.28791078200001, "Pres_UNEP": 1 }, "geometry": { "type": "MultiPolygon", "coordinates": [ [ [ [ 26.488365825819653, 37.591126559065287 ], [ 26.488390168374558, 37.59110613259265 ], [ 26.488429463490359, 37.591105303979091 ], [ 26.488468378532573, 37.591093104456412 ], [ 26.488484913340873, 37.59105293260847 ], [ 26.488473343447595, 37.591027574216518 ], [ 26.488457732046292, 37.59098808081982 ], [ 26.488474265918548, 37.590947909876554 ], [ 26.488466777091581, 37.590941318959302 ], [ 26.48833308165861, 37.591002088620741 ], [ 26.488288254550646, 37.5910513919886 ], [ 26.488329251433566, 37.591101728043711 ], [ 26.48836573185153, 37.59112371457082 ], [ 26.488356487053252, 37.591126135924661 ], [ 26.488365825819653, 37.591126559065287 ] ] ] ] } },
{ "type": "Feature", "properties": { "datasetID": 583.0, "BIO_CLASS": "Posidonia beds (posidonion oceanicae) (Posidonia oceanica meadows (= association with Posidonia oceanica))", "fieldNotes": "Not reported", "habitat": "Posidonia beds", "AREA_SQKM": 0.00125021331, "vernacular": "Neptune grass", "FAMILY": "Posidoniaceae", "GENUS": "Posidonia", "scientific": "Posidonia oceanica", "habitatID": "EUNIS:A5.535", "nameAccord": "urn:lsid:marinespecies.org:taxname:145794", "eventDate": "2018-01-17", "verif": "Panayotidis Panayotis", "Shape_Leng": 184.136587502, "Shape_Area": 1252.37620866, "Pres_UNEP": 1 }, "geometry": { "type": "MultiPolygon", "coordinates": [ [ [ [ 26.504378104996789, 37.590730853167152 ], [ 26.504298269988301, 37.590680723034126 ], [ 26.504273279463739, 37.590712347206839 ], [ 26.504309119398052, 37.5908100545278 ], [ 26.504364735358326, 37.590870471679352 ], [ 26.5043699495697, 37.590876135926287 ], [ 26.504397318044969, 37.590949849772173 ], [ 26.504398586509087, 37.590953266696033 ], [ 26.504395031700337, 37.591041443316449 ], [ 26.504416290851992, 37.591092817344311 ], [ 26.504523525596021, 37.591365214930924 ], [ 26.504583182798861, 37.591323460886635 ], [ 26.504678005180057, 37.591250496011277 ], [ 26.504671448102425, 37.591224413219308 ], [ 26.504696270178243, 37.591167139921858 ], [ 26.504692067105772, 37.591159517205334 ], [ 26.504579169853777, 37.591094542591641 ], [ 26.504628978155797, 37.591026113088411 ], [ 26.50459930075607, 37.59091791019393 ], [ 26.504576823476707, 37.590830284858875 ], [ 26.504508963125723, 37.590748805248914 ], [ 26.504378104996789, 37.590730853167152 ] ] ] ] } },
{ "type": "Feature", "properties": { "datasetID": 583.0, "BIO_CLASS": "Posidonia beds (posidonion oceanicae) (Posidonia oceanica meadows (= association with Posidonia oceanica))", "fieldNotes": "Not reported", "habitat": "Posidonia beds", "AREA_SQKM": 0.00721457638, "vernacular": "Neptune grass", "FAMILY": "Posidoniaceae", "GENUS": "Posidonia", "scientific": "Posidonia oceanica", "habitatID": "EUNIS:A5.535", "nameAccord": "urn:lsid:marinespecies.org:taxname:145794", "eventDate": "2018-01-17", "verif": "Panayotidis Panayotis", "Shape_Leng": 503.29023212099997, "Shape_Area": 7227.0578560200001, "Pres_UNEP": 1 }, "geometry": { "type": "MultiPolygon", "coordinates": [ [ [ [ 26.522357918287881, 37.589118139699067 ], [ 26.522283339230725, 37.58911973418995 ], [ 26.522144249529056, 37.589175498975465 ], [ 26.522129899323751, 37.589227020926828 ], [ 26.52214714363026, 37.589261222556047 ], [ 26.522166835255739, 37.58935318545452 ], [ 26.522066232180119, 37.589566498660673 ], [ 26.521960545888053, 37.589801036122211 ], [ 26.521754817712669, 37.589995480848252 ], [ 26.521804249937041, 37.59008416763556 ], [ 26.521824949042145, 37.590500770363683 ], [ 26.5216982387591, 37.590677688605396 ], [ 26.521612031943611, 37.590741864505624 ], [ 26.521618505888789, 37.590796852371206 ], [ 26.521671121225861, 37.590881512177134 ], [ 26.5217226223855, 37.590933202414462 ], [ 26.521782410715776, 37.590984713338592 ], [ 26.521849817019255, 37.59101626777246 ], [ 26.52190020609503, 37.591034987539892 ], [ 26.521988686829122, 37.590953908901334 ], [ 26.52211682094163, 37.590819193983712 ], [ 26.522218316140236, 37.590632256306307 ], [ 26.522296951760531, 37.590505197866847 ], [ 26.522282034047326, 37.59006339410216 ], [ 26.522274684453002, 37.589845790679448 ], [ 26.522334520932745, 37.589653145538882 ], [ 26.522435566580643, 37.589453021041436 ], [ 26.522406476058165, 37.589328263667184 ], [ 26.522392844511945, 37.589170183709918 ], [ 26.522357918287881, 37.589118139699067 ] ] ] ] } },
{ "type": "Feature", "properties": { "datasetID": 583.0, "BIO_CLASS": "Posidonia beds (posidonion oceanicae) (Posidonia oceanica meadows (= association with Posidonia oceanica))", "fieldNotes": "Not reported", "habitat": "Posidonia beds", "AREA_SQKM": 0.0115506591, "vernacular": "Neptune grass", "FAMILY": "Posidoniaceae", "GENUS": "Posidonia", "scientific": "Posidonia oceanica", "habitatID": "EUNIS:A5.535", "nameAccord": "urn:lsid:marinespecies.org:taxname:145794", "eventDate": "2018-01-17", "verif": "Panayotidis Panayotis", "Shape_Leng": 418.196452002, "Shape_Area": 11570.6400978, "Pres_UNEP": 1 }, "geometry": { "type": "MultiPolygon", "coordinates": [ [ [ [ 26.502950721267332, 37.590310003550272 ], [ 26.502690759316252, 37.5902335894516 ], [ 26.502486353740032, 37.59027889091891 ], [ 26.502283321113701, 37.590365129987248 ], [ 26.502191402105414, 37.590694802368752 ], [ 26.502223981777615, 37.590898938675394 ], [ 26.502231523457233, 37.591124089114487 ], [ 26.502160528547311, 37.59130994069308 ], [ 26.50218967710104, 37.591411736612635 ], [ 26.502269588404051, 37.591491971805603 ], [ 26.502554590975116, 37.591547373303293 ], [ 26.502603979611258, 37.591484878223923 ], [ 26.50320470684321, 37.591408123568698 ], [ 26.503282022144244, 37.590978905995087 ], [ 26.503271732228093, 37.590671883037608 ], [ 26.503162671352204, 37.590489851794658 ], [ 26.502950721267332, 37.590310003550272 ] ] ] ] } },
{ "type": "Feature", "properties": { "datasetID": 583.0, "BIO_CLASS": "Posidonia beds (posidonion oceanicae) (Posidonia oceanica meadows (= association with Posidonia oceanica))", "fieldNotes": "Not reported", "habitat": "Posidonia beds", "AREA_SQKM": 0.00047233535, "vernacular": "Neptune grass", "FAMILY": "Posidoniaceae", "GENUS": "Posidonia", "scientific": "Posidonia oceanica", "habitatID": "EUNIS:A5.535", "nameAccord": "urn:lsid:marinespecies.org:taxname:145794", "eventDate": "2018-01-17", "verif": "Panayotidis Panayotis", "Shape_Leng": 94.059169914099996, "Shape_Area": 473.15245724300001, "Pres_UNEP": 1 }, "geometry": { "type": "MultiPolygon", "coordinates": [ [ [ [ 26.521564729049476, 37.590923380084725 ], [ 26.52152129292169, 37.590864918725231 ], [ 26.521411387194554, 37.590898190435439 ], [ 26.521349295287248, 37.591149705451741 ], [ 26.521355078423166, 37.59117106213175 ], [ 26.521374306949784, 37.591178205171424 ], [ 26.521514958899452, 37.591168601025018 ], [ 26.521558891469095, 37.590996090425371 ], [ 26.521564729049476, 37.590923380084725 ] ] ] ] } },
{ "type": "Feature", "properties": { "datasetID": 583.0, "BIO_CLASS": "Posidonia beds (posidonion oceanicae) (Posidonia oceanica meadows (= association with Posidonia oceanica))", "fieldNotes": "Not reported", "habitat": "Posidonia beds", "AREA_SQKM": 0.00142315341, "vernacular": "Neptune grass", "FAMILY": "Posidoniaceae", "GENUS": "Posidonia", "scientific": "Posidonia oceanica", "habitatID": "EUNIS:A5.535", "nameAccord": "urn:lsid:marinespecies.org:taxname:145794", "eventDate": "2018-01-17", "verif": "Panayotidis Panayotis", "Shape_Leng": 185.881988326, "Shape_Area": 1425.61498196, "Pres_UNEP": 1 }, "geometry": { "type": "MultiPolygon", "coordinates": [ [ [ [ 26.505163108721444, 37.591926570313994 ], [ 26.505263988200262, 37.591900134078259 ], [ 26.50527687773857, 37.591914663141786 ], [ 26.505293952413385, 37.59188330290992 ], [ 26.505291781240491, 37.591818567456627 ], [ 26.505239035311945, 37.591763004223317 ], [ 26.505137343758655, 37.591765163219272 ], [ 26.505033211231584, 37.591694495868232 ], [ 26.504895312182665, 37.591527372577126 ], [ 26.504730164118026, 37.591458000353079 ], [ 26.504726113736929, 37.59144189094765 ], [ 26.504638097489313, 37.591443759306529 ], [ 26.504661691781628, 37.591540430777137 ], [ 26.504714709916843, 37.591604086642448 ], [ 26.50479741856487, 37.591642818683326 ], [ 26.504798775394949, 37.591683278634584 ], [ 26.504761356166995, 37.591781245266269 ], [ 26.504763524530834, 37.591845979823987 ], [ 26.504824813232357, 37.591852776600383 ], [ 26.504948743953115, 37.591906829267309 ], [ 26.505061417789658, 37.591928727544996 ], [ 26.505133958784203, 37.591967677845901 ], [ 26.505163108721444, 37.591926570313994 ] ] ] ] } },
{ "type": "Feature", "properties": { "datasetID": 583.0, "BIO_CLASS": "Posidonia beds (posidonion oceanicae) (Posidonia oceanica meadows (= association with Posidonia oceanica))", "fieldNotes": "Not reported", "habitat": "Posidonia beds", "AREA_SQKM": 0.00019631883, "vernacular": "Neptune grass", "FAMILY": "Posidoniaceae", "GENUS": "Posidonia", "scientific": "Posidonia oceanica", "habitatID": "EUNIS:A5.535", "nameAccord": "urn:lsid:marinespecies.org:taxname:145794", "eventDate": "2018-01-17", "verif": "Panayotidis Panayotis", "Shape_Leng": 53.623136699600003, "Shape_Area": 196.65839127199999, "Pres_UNEP": 1 }, "geometry": { "type": "MultiPolygon", "coordinates": [ [ [ [ 26.505601804359795, 37.591931975758371 ], [ 26.505466014401151, 37.591855356088764 ], [ 26.505416255844612, 37.591888802875751 ], [ 26.505428872230919, 37.591990930362769 ], [ 26.505492053442396, 37.592024854201725 ], [ 26.505562423817196, 37.591999066359151 ], [ 26.505601804359795, 37.591931975758371 ] ] ] ] } },
{ "type": "Feature", "properties": { "datasetID": 583.0, "BIO_CLASS": "Posidonia beds (posidonion oceanicae) (Posidonia oceanica meadows (= association with Posidonia oceanica))", "fieldNotes": "Not reported", "habitat": "Posidonia beds", "AREA_SQKM": 0.00014232046, "vernacular": "Neptune grass", "FAMILY": "Posidoniaceae", "GENUS": "Posidonia", "scientific": "Posidonia oceanica", "habitatID": "EUNIS:A5.535", "nameAccord": "urn:lsid:marinespecies.org:taxname:145794", "eventDate": "2018-01-17", "verif": "Panayotidis Panayotis", "Shape_Leng": 48.688415551200002, "Shape_Area": 142.566613942, "Pres_UNEP": 1 }, "geometry": { "type": "MultiPolygon", "coordinates": [ [ [ [ 26.480597436981665, 37.592561575497392 ], [ 26.48059538800916, 37.592499914018028 ], [ 26.480562959575437, 37.592457401786795 ], [ 26.480484032250004, 37.59241586747649 ], [ 26.480432646921113, 37.592440019336394 ], [ 26.480452224266084, 37.59245047424811 ], [ 26.480478338944359, 37.592536312318586 ], [ 26.480472494436569, 37.59253540684422 ], [ 26.480488332989712, 37.592545358228818 ], [ 26.480542988572587, 37.592556549893118 ], [ 26.480597436981665, 37.592561575497392 ] ] ] ] } },
{ "type": "Feature", "properties": { "datasetID": 583.0, "BIO_CLASS": "Posidonia beds (posidonion oceanicae) (Posidonia oceanica meadows (= association with Posidonia oceanica))", "fieldNotes": "Not reported", "habitat": "Posidonia beds", "AREA_SQKM": 0.0001007973, "vernacular": "Neptune grass", "FAMILY": "Posidoniaceae", "GENUS": "Posidonia", "scientific": "Posidonia oceanica", "habitatID": "EUNIS:A5.535", "nameAccord": "urn:lsid:marinespecies.org:taxname:145794", "eventDate": "2018-01-17", "verif": "Panayotidis Panayotis", "Shape_Leng": 39.655229395799999, "Shape_Area": 100.971627111, "Pres_UNEP": 1 }, "geometry": { "type": "MultiPolygon", "coordinates": [ [ [ [ 26.480255446420859, 37.592537913904216 ], [ 26.48025885406205, 37.592532113567792 ], [ 26.480184073720153, 37.592548671823813 ], [ 26.480148125096292, 37.592568357281053 ], [ 26.480164297181467, 37.592595366042474 ], [ 26.480242814841642, 37.592624568264981 ], [ 26.480297264424525, 37.592629593870988 ], [ 26.480319078414436, 37.592585941155583 ], [ 26.480255446420859, 37.592537913904216 ] ] ] ] } },
{ "type": "Feature", "properties": { "datasetID": 583.0, "BIO_CLASS": "Posidonia beds (posidonion oceanicae) (Posidonia oceanica meadows (= association with Posidonia oceanica))", "fieldNotes": "Not reported", "habitat": "Posidonia beds", "AREA_SQKM": 0.00030694738, "vernacular": "Neptune grass", "FAMILY": "Posidoniaceae", "GENUS": "Posidonia", "scientific": "Posidonia oceanica", "habitatID": "EUNIS:A5.535", "nameAccord": "urn:lsid:marinespecies.org:taxname:145794", "eventDate": "2018-01-17", "verif": "Panayotidis Panayotis", "Shape_Leng": 96.721198477599998, "Shape_Area": 307.47824983200002, "Pres_UNEP": 1 }, "geometry": { "type": "MultiPolygon", "coordinates": [ [ [ [ 26.479861899261397, 37.592423310030391 ], [ 26.47982839699096, 37.592346350066165 ], [ 26.479690956766948, 37.59241094523302 ], [ 26.47964794256146, 37.592516747889597 ], [ 26.479611241216155, 37.592579224743041 ], [ 26.479570846749127, 37.592596372224065 ], [ 26.47957617365503, 37.592632411885866 ], [ 26.479615534938041, 37.592650096472653 ], [ 26.479662030504596, 37.592649118559713 ], [ 26.479707094522819, 37.592604978208747 ], [ 26.479734403946573, 37.592493332767106 ], [ 26.479840847224011, 37.592429391281406 ], [ 26.479861899261397, 37.592423310030391 ] ] ] ] } },
{ "type": "Feature", "properties": { "datasetID": 583.0, "BIO_CLASS": "Posidonia beds (posidonion oceanicae) (Posidonia oceanica meadows (= association with Posidonia oceanica))", "fieldNotes": "Not reported", "habitat": "Posidonia beds", "AREA_SQKM": 0.00300498635, "vernacular": "Neptune grass", "FAMILY": "Posidoniaceae", "GENUS": "Posidonia", "scientific": "Posidonia oceanica", "habitatID": "EUNIS:A5.535", "nameAccord": "urn:lsid:marinespecies.org:taxname:145794", "eventDate": "2018-01-17", "verif": "Panayotidis Panayotis", "Shape_Leng": 268.97386827399998, "Shape_Area": 3010.1833272399999, "Pres_UNEP": 1 }, "geometry": { "type": "MultiPolygon", "coordinates": [ [ [ [ 26.477655612944826, 37.592769113899237 ], [ 26.477652114712264, 37.59266358319222 ], [ 26.477528306333774, 37.592437873586292 ], [ 26.477480174860617, 37.592389520400232 ], [ 26.477285421958491, 37.592362756365716 ], [ 26.477149615210049, 37.592476678228344 ], [ 26.4769512022371, 37.592573403206138 ], [ 26.476396798783053, 37.592591091321701 ], [ 26.476394072109475, 37.592609782969369 ], [ 26.476434659002717, 37.592664465700018 ], [ 26.476514400793086, 37.592730666090915 ], [ 26.476616573057111, 37.592771716369057 ], [ 26.476934090027495, 37.59275887893557 ], [ 26.477337666161009, 37.592768915136617 ], [ 26.47760950270505, 37.592781719001458 ], [ 26.477655612944826, 37.592769113899237 ] ] ] ] } },
{ "type": "Feature", "properties": { "datasetID": 583.0, "BIO_CLASS": "Posidonia beds (posidonion oceanicae) (Posidonia oceanica meadows (= association with Posidonia oceanica))", "fieldNotes": "Not reported", "habitat": "Posidonia beds", "AREA_SQKM": 0.00108637718, "vernacular": "Neptune grass", "FAMILY": "Posidoniaceae", "GENUS": "Posidonia", "scientific": "Posidonia oceanica", "habitatID": "EUNIS:A5.535", "nameAccord": "urn:lsid:marinespecies.org:taxname:145794", "eventDate": "2018-01-17", "verif": "Panayotidis Panayotis", "Shape_Leng": 138.426065102, "Shape_Area": 1088.2562007700001, "Pres_UNEP": 1 }, "geometry": { "type": "MultiPolygon", "coordinates": [ [ [ [ 26.506007423351136, 37.591916734683437 ], [ 26.505957339171506, 37.591882746375752 ], [ 26.505955493565818, 37.59188544688903 ], [ 26.505843089477501, 37.591871638671286 ], [ 26.505734673678312, 37.59197672107959 ], [ 26.505735842546375, 37.592011576889725 ], [ 26.505789674600486, 37.592099507515641 ], [ 26.505728931434327, 37.592108897043829 ], [ 26.505700051969225, 37.592158096447164 ], [ 26.50579184657737, 37.592164244827423 ], [ 26.505833338296306, 37.592187654610605 ], [ 26.505885812669131, 37.592235127892657 ], [ 26.505958354771785, 37.592274075603619 ], [ 26.506039707989995, 37.592272346812308 ], [ 26.506088654000113, 37.592214622684111 ], [ 26.506138415684905, 37.59218117495881 ], [ 26.506125800511956, 37.592108564006324 ], [ 26.506063429490482, 37.592069400781327 ], [ 26.506060442157946, 37.591980388902819 ], [ 26.506007423351136, 37.591916734683437 ] ] ] ] } },
{ "type": "Feature", "properties": { "datasetID": 583.0, "BIO_CLASS": "Posidonia beds (posidonion oceanicae) (Posidonia oceanica meadows (= association with Posidonia oceanica))", "fieldNotes": "Not reported", "habitat": "Posidonia beds", "AREA_SQKM": 0.00036778626, "vernacular": "Neptune grass", "FAMILY": "Posidoniaceae", "GENUS": "Posidonia", "scientific": "Posidonia oceanica", "habitatID": "EUNIS:A5.535", "nameAccord": "urn:lsid:marinespecies.org:taxname:145794", "eventDate": "2018-01-17", "verif": "Panayotidis Panayotis", "Shape_Leng": 99.920199640999996, "Shape_Area": 368.42233999199999, "Pres_UNEP": 1 }, "geometry": { "type": "MultiPolygon", "coordinates": [ [ [ [ 26.480064990913732, 37.592640646847983 ], [ 26.480050105868301, 37.592622038236073 ], [ 26.480031750935357, 37.592632090331541 ], [ 26.479937530342401, 37.592597048017076 ], [ 26.479928939641113, 37.59257731750413 ], [ 26.479915912206746, 37.592588246803473 ], [ 26.479911440034819, 37.592687069004199 ], [ 26.479929394686504, 37.592760738470524 ], [ 26.479930418960485, 37.592791568806696 ], [ 26.479893514102653, 37.59284787967718 ], [ 26.479887606725825, 37.592903538620895 ], [ 26.479919629111752, 37.592933719686521 ], [ 26.480002413660877, 37.592857931783996 ], [ 26.480023204575748, 37.592783448678631 ], [ 26.480059903171039, 37.592720970877423 ], [ 26.480105375611505, 37.592689162639111 ], [ 26.480064990913732, 37.592640646847983 ] ] ] ] } },
{ "type": "Feature", "properties": { "datasetID": 583.0, "BIO_CLASS": "Posidonia beds (posidonion oceanicae) (Posidonia oceanica meadows (= association with Posidonia oceanica))", "fieldNotes": "Not reported", "habitat": "Posidonia beds", "AREA_SQKM": 0.00088687778, "vernacular": "Neptune grass", "FAMILY": "Posidoniaceae", "GENUS": "Posidonia", "scientific": "Posidonia oceanica", "habitatID": "EUNIS:A5.535", "nameAccord": "urn:lsid:marinespecies.org:taxname:145794", "eventDate": "2018-01-17", "verif": "Panayotidis Panayotis", "Shape_Leng": 126.25704933199999, "Shape_Area": 888.41176062299996, "Pres_UNEP": 1 }, "geometry": { "type": "MultiPolygon", "coordinates": [ [ [ [ 26.521574868291861, 37.591715021327687 ], [ 26.521531876877901, 37.591669747800779 ], [ 26.521474097921516, 37.591679390840369 ], [ 26.52140838005278, 37.591825346551744 ], [ 26.521438222208207, 37.591843320817297 ], [ 26.521480770448193, 37.591875405419877 ], [ 26.521549512374101, 37.591946524246175 ], [ 26.521594063530223, 37.592037953940832 ], [ 26.521620259581145, 37.59207698818507 ], [ 26.52172036929716, 37.592094644453859 ], [ 26.521761802954195, 37.592093758415992 ], [ 26.521835494141374, 37.592065787713778 ], [ 26.52181491444696, 37.591947448268826 ], [ 26.521712132488812, 37.591850663526344 ], [ 26.521635102061936, 37.591779723178448 ], [ 26.521574868291861, 37.591715021327687 ] ] ] ] } },
{ "type": "Feature", "properties": { "datasetID": 583.0, "BIO_CLASS": "Posidonia beds (posidonion oceanicae) (Posidonia oceanica meadows (= association with Posidonia oceanica))", "fieldNotes": "Not reported", "habitat": "Posidonia beds", "AREA_SQKM": 3.926817e-05, "vernacular": "Neptune grass", "FAMILY": "Posidoniaceae", "GENUS": "Posidonia", "scientific": "Posidonia oceanica", "habitatID": "EUNIS:A5.535", "nameAccord": "urn:lsid:marinespecies.org:taxname:145794", "eventDate": "2018-01-17", "verif": "Panayotidis Panayotis", "Shape_Leng": 26.830940403900001, "Shape_Area": 39.336078577400002, "Pres_UNEP": 1 }, "geometry": { "type": "MultiPolygon", "coordinates": [ [ [ [ 26.48772516104497, 37.593025425448609 ], [ 26.487700031608711, 37.593011240826456 ], [ 26.487674659121858, 37.592989703736372 ], [ 26.487646775093175, 37.592985385717924 ], [ 26.487628784733946, 37.593000481998494 ], [ 26.487633228624425, 37.593013185171834 ], [ 26.487634973205868, 37.593012766444119 ], [ 26.487669680825238, 37.593042690459328 ], [ 26.487742250296446, 37.593052656887025 ], [ 26.487744115996605, 37.593055049112451 ], [ 26.487747212073412, 37.593039676326107 ], [ 26.48772516104497, 37.593025425448609 ] ] ] ] } },
{ "type": "Feature", "properties": { "datasetID": 583.0, "BIO_CLASS": "Posidonia beds (posidonion oceanicae) (Posidonia oceanica meadows (= association with Posidonia oceanica))", "fieldNotes": "Not reported", "habitat": "Posidonia beds", "AREA_SQKM": 0.00215622125, "vernacular": "Neptune grass", "FAMILY": "Posidoniaceae", "GENUS": "Posidonia", "scientific": "Posidonia oceanica", "habitatID": "EUNIS:A5.535", "nameAccord": "urn:lsid:marinespecies.org:taxname:145794", "eventDate": "2018-01-17", "verif": "Panayotidis Panayotis", "Shape_Leng": 285.95001350199999, "Shape_Area": 2159.9505121299999, "Pres_UNEP": 1 }, "geometry": { "type": "MultiPolygon", "coordinates": [ [ [ [ 26.503482699444735, 37.592616537347979 ], [ 26.503620351646564, 37.592594180514773 ], [ 26.503823735629609, 37.592589865154935 ], [ 26.504011285562704, 37.592598840396285 ], [ 26.504026912267328, 37.592606659280726 ], [ 26.504052775014422, 37.592500786788378 ], [ 26.50391894779208, 37.592455042235628 ], [ 26.503705933707057, 37.592475758599107 ], [ 26.503492379081141, 37.592480290386845 ], [ 26.503399498618439, 37.592441771962555 ], [ 26.50326756947231, 37.592452670335888 ], [ 26.503098760064766, 37.592577718544888 ], [ 26.503027574542983, 37.592579228258181 ], [ 26.502954490612499, 37.59252409678917 ], [ 26.502873409950709, 37.59253391389808 ], [ 26.502743648873313, 37.59260954443338 ], [ 26.502777137682028, 37.592697908185798 ], [ 26.502798699365858, 37.592843470654529 ], [ 26.502952052427542, 37.592815665040582 ], [ 26.503280181832071, 37.592646748405372 ], [ 26.503482699444735, 37.592616537347979 ] ] ] ] } },
{ "type": "Feature", "properties": { "datasetID": 583.0, "BIO_CLASS": "Posidonia beds (posidonion oceanicae) (Posidonia oceanica meadows (= association with Posidonia oceanica))", "fieldNotes": "Not reported", "habitat": "Posidonia beds", "AREA_SQKM": 0.00056832466, "vernacular": "Neptune grass", "FAMILY": "Posidoniaceae", "GENUS": "Posidonia", "scientific": "Posidonia oceanica", "habitatID": "EUNIS:A5.535", "nameAccord": "urn:lsid:marinespecies.org:taxname:145794", "eventDate": "2018-01-17", "verif": "Panayotidis Panayotis", "Shape_Leng": 102.74328531499999, "Shape_Area": 569.30756157200005, "Pres_UNEP": 1 }, "geometry": { "type": "MultiPolygon", "coordinates": [ [ [ [ 26.504547413236125, 37.592684630827549 ], [ 26.504401516156399, 37.59258245881378 ], [ 26.504168436223846, 37.592611699903777 ], [ 26.504170734747156, 37.592680279247205 ], [ 26.504226930530411, 37.592717347190714 ], [ 26.504490087207405, 37.592795976907446 ], [ 26.504524799650799, 37.592860020101234 ], [ 26.504576855930246, 37.592765537912584 ], [ 26.504547413236125, 37.592684630827549 ] ] ] ] } },
{ "type": "Feature", "properties": { "datasetID": 583.0, "BIO_CLASS": "Posidonia beds (posidonion oceanicae) (Posidonia oceanica meadows (= association with Posidonia oceanica))", "fieldNotes": "Not reported", "habitat": "Posidonia beds", "AREA_SQKM": 0.00202906941, "vernacular": "Neptune grass", "FAMILY": "Posidoniaceae", "GENUS": "Posidonia", "scientific": "Posidonia oceanica", "habitatID": "EUNIS:A5.535", "nameAccord": "urn:lsid:marinespecies.org:taxname:145794", "eventDate": "2018-01-17", "verif": "Panayotidis Panayotis", "Shape_Leng": 194.10268205899999, "Shape_Area": 2032.5786349099999, "Pres_UNEP": 1 }, "geometry": { "type": "MultiPolygon", "coordinates": [ [ [ [ 26.502204264133677, 37.592912505908515 ], [ 26.502282908415214, 37.592829861133353 ], [ 26.50228046813714, 37.592757032629201 ], [ 26.502227452549107, 37.592693376393647 ], [ 26.502104064902316, 37.592655504569606 ], [ 26.502070845328586, 37.592575231803316 ], [ 26.501998577526685, 37.592544374999186 ], [ 26.501845766582161, 37.592539518122877 ], [ 26.501673160728906, 37.592551276923182 ], [ 26.501675870345625, 37.592632196321325 ], [ 26.501566989048381, 37.592723577745808 ], [ 26.501510037854512, 37.592846251570499 ], [ 26.501559480044179, 37.592904007684623 ], [ 26.501636920634382, 37.592927777978822 ], [ 26.501726197183771, 37.59291940607865 ], [ 26.501894656066437, 37.592844573127238 ], [ 26.502016688788206, 37.592841984791427 ], [ 26.502075586845866, 37.592899040375045 ], [ 26.502150887660552, 37.59292075236678 ], [ 26.502204264133677, 37.592912505908515 ] ] ] ] } },
{ "type": "Feature", "properties": { "datasetID": 583.0, "BIO_CLASS": "Posidonia beds (posidonion oceanicae) (Posidonia oceanica meadows (= association with Posidonia oceanica))", "fieldNotes": "Not reported", "habitat": "Posidonia beds", "AREA_SQKM": 0.0007060517, "vernacular": "Neptune grass", "FAMILY": "Posidoniaceae", "GENUS": "Posidonia", "scientific": "Posidonia oceanica", "habitatID": "EUNIS:A5.535", "nameAccord": "urn:lsid:marinespecies.org:taxname:145794", "eventDate": "2018-01-17", "verif": "Panayotidis Panayotis", "Shape_Leng": 135.79374627799999, "Shape_Area": 707.27278465500001, "Pres_UNEP": 1 }, "geometry": { "type": "MultiPolygon", "coordinates": [ [ [ [ 26.502453724580004, 37.593007625092412 ], [ 26.502515555372959, 37.592909141954117 ], [ 26.502548313582341, 37.592914923750307 ], [ 26.502631620211016, 37.592971459920598 ], [ 26.502672080788923, 37.592964124236957 ], [ 26.502691118391496, 37.59292485041891 ], [ 26.502651445292681, 37.592894922004547 ], [ 26.502608327443955, 37.592822955666065 ], [ 26.502636395903707, 37.592749482289314 ], [ 26.502604259898838, 37.592701577789541 ], [ 26.502541887049464, 37.592662413563993 ], [ 26.502460805116822, 37.592672230679746 ], [ 26.502422297700161, 37.592737827717606 ], [ 26.502426092137537, 37.592851116404248 ], [ 26.50234690682543, 37.592917578341449 ], [ 26.502305621597159, 37.592965375119682 ], [ 26.50230576802387, 37.592965416639096 ], [ 26.502332776875424, 37.593042581790606 ], [ 26.502453724580004, 37.593007625092412 ] ] ] ] } },
{ "type": "Feature", "properties": { "datasetID": 583.0, "BIO_CLASS": "Posidonia beds (posidonion oceanicae) (Posidonia oceanica meadows (= association with Posidonia oceanica))", "fieldNotes": "Not reported", "habitat": "Posidonia beds", "AREA_SQKM": 0.00147892539, "vernacular": "Neptune grass", "FAMILY": "Posidoniaceae", "GENUS": "Posidonia", "scientific": "Posidonia oceanica", "habitatID": "EUNIS:A5.535", "nameAccord": "urn:lsid:marinespecies.org:taxname:145794", "eventDate": "2018-01-17", "verif": "Panayotidis Panayotis", "Shape_Leng": 182.959531201, "Shape_Area": 1481.4831294099999, "Pres_UNEP": 1 }, "geometry": { "type": "MultiPolygon", "coordinates": [ [ [ [ 26.505308083701891, 37.592911408734068 ], [ 26.505214659921904, 37.592856709150922 ], [ 26.505284488976901, 37.592814737478307 ], [ 26.505334521465677, 37.592789382394507 ], [ 26.50534306237283, 37.592740613929124 ], [ 26.505350244045172, 37.592651387085454 ], [ 26.505318651006078, 37.592619666313965 ], [ 26.50519219487169, 37.592616439290339 ], [ 26.505186721093054, 37.59263056646386 ], [ 26.504843409374939, 37.592710736779551 ], [ 26.504853886470876, 37.592691493886768 ], [ 26.504762868668124, 37.592736740261984 ], [ 26.504713379046606, 37.592778279939992 ], [ 26.504716634422596, 37.592875381389433 ], [ 26.504799616878177, 37.592922205543459 ], [ 26.504899953701187, 37.592879588098064 ], [ 26.504991477244424, 37.59287764375398 ], [ 26.505054666496846, 37.592941083617774 ], [ 26.505117310480852, 37.592988338882499 ], [ 26.505228901533094, 37.592977872458242 ], [ 26.505308083701891, 37.592911408734068 ] ] ] ] } },
{ "type": "Feature", "properties": { "datasetID": 583.0, "BIO_CLASS": "Posidonia beds (posidonion oceanicae) (Posidonia oceanica meadows (= association with Posidonia oceanica))", "fieldNotes": "Not reported", "habitat": "Posidonia beds", "AREA_SQKM": 0.00017445086, "vernacular": "Neptune grass", "FAMILY": "Posidoniaceae", "GENUS": "Posidonia", "scientific": "Posidonia oceanica", "habitatID": "EUNIS:A5.535", "nameAccord": "urn:lsid:marinespecies.org:taxname:145794", "eventDate": "2018-01-17", "verif": "Panayotidis Panayotis", "Shape_Leng": 63.997521786500002, "Shape_Area": 174.7525455, "Pres_UNEP": 1 }, "geometry": { "type": "MultiPolygon", "coordinates": [ [ [ [ 26.487968464839835, 37.593297429047041 ], [ 26.487928352535825, 37.593291219677475 ], [ 26.487933415079006, 37.593297708199266 ], [ 26.48790097258015, 37.593306821282148 ], [ 26.487874633640629, 37.593325772714941 ], [ 26.487879403547929, 37.59335326391227 ], [ 26.487884169611629, 37.593380753346665 ], [ 26.487934832337121, 37.593398077575657 ], [ 26.487935751307187, 37.593425650055202 ], [ 26.487925018271881, 37.593450401862469 ], [ 26.48794113159348, 37.593471521157397 ], [ 26.487980141404091, 37.593486025600996 ], [ 26.487985517916439, 37.593487641328423 ], [ 26.487996311110198, 37.593485686377733 ], [ 26.488011549781845, 37.593480459336185 ], [ 26.48801697559902, 37.593458272017251 ], [ 26.487991109569613, 37.593422029024779 ], [ 26.487990129487855, 37.59339262085409 ], [ 26.48799806197442, 37.593353213558757 ], [ 26.488022215302955, 37.593337986509148 ], [ 26.488031209042568, 37.59333044233118 ], [ 26.488021317933207, 37.593311029766767 ], [ 26.488011585312762, 37.593296520035558 ], [ 26.487968464839835, 37.593297429047041 ] ] ] ] } },
{ "type": "Feature", "properties": { "datasetID": 583.0, "BIO_CLASS": "Posidonia beds (posidonion oceanicae) (Posidonia oceanica meadows (= association with Posidonia oceanica))", "fieldNotes": "Not reported", "habitat": "Posidonia beds", "AREA_SQKM": 0.00133840817, "vernacular": "Neptune grass", "FAMILY": "Posidoniaceae", "GENUS": "Posidonia", "scientific": "Posidonia oceanica", "habitatID": "EUNIS:A5.535", "nameAccord": "urn:lsid:marinespecies.org:taxname:145794", "eventDate": "2018-01-17", "verif": "Panayotidis Panayotis", "Shape_Leng": 253.050457142, "Shape_Area": 1340.7226475499999, "Pres_UNEP": 1 }, "geometry": { "type": "MultiPolygon", "coordinates": [ [ [ [ 26.488934658805729, 37.593781038740893 ], [ 26.48892208689448, 37.593750648181583 ], [ 26.488898066765884, 37.593723565057623 ], [ 26.488885495643061, 37.593693172740373 ], [ 26.488842840399766, 37.593684875896528 ], [ 26.488796128249213, 37.593670533099591 ], [ 26.488787408537853, 37.593640061284979 ], [ 26.488740392509687, 37.593616526771655 ], [ 26.488692089245927, 37.593554394115095 ], [ 26.488656656813777, 37.593508544195238 ], [ 26.488652842985047, 37.593486552103236 ], [ 26.488633789169764, 37.593469786171397 ], [ 26.488583774860043, 37.593448767583581 ], [ 26.488522419980001, 37.593457421308671 ], [ 26.488488868281056, 37.59346793899504 ], [ 26.48842653259441, 37.593447181891982 ], [ 26.488397995979888, 37.593423257824959 ], [ 26.488363216168693, 37.593397013969536 ], [ 26.488338494684886, 37.593395082871389 ], [ 26.488282017184225, 37.59345758650349 ], [ 26.488258274893795, 37.593485064468226 ], [ 26.488246854597879, 37.593512283602337 ], [ 26.488223191746499, 37.593542213876745 ], [ 26.48818696722017, 37.593565050499876 ], [ 26.488171608422633, 37.593566599973357 ], [ 26.48817195507096, 37.593577016075159 ], [ 26.488149568911648, 37.593598947223022 ], [ 26.488122823756324, 37.593605643352589 ], [ 26.488181287704016, 37.593625869552177 ], [ 26.488240162141054, 37.593658349320627 ], [ 26.488281898818837, 37.593639076300413 ], [ 26.488313109024404, 37.593650679688345 ], [ 26.48832588204948, 37.593687197458422 ], [ 26.488352832166296, 37.593686629435545 ], [ 26.488399849310692, 37.593710163957191 ], [ 26.488422744447917, 37.593703548213021 ], [ 26.488453851348766, 37.593712088874604 ], [ 26.488468639038441, 37.593693383872029 ], [ 26.488448572002483, 37.593669281329582 ], [ 26.488443496285129, 37.5936326010182 ], [ 26.488462542176105, 37.593626069199111 ], [ 26.488470856681722, 37.593644285678103 ], [ 26.488513920464392, 37.593664837854242 ], [ 26.488526491286589, 37.593695229283774 ], [ 26.488527716071136, 37.59373199087905 ], [ 26.48856308006059, 37.593752704725624 ], [ 26.488597628409913, 37.593748909660377 ], [ 26.488611599469721, 37.593705696629144 ], [ 26.488621515738949, 37.593656436770914 ], [ 26.488682911779922, 37.593649010072234 ], [ 26.488710679459182, 37.593672949184217 ], [ 26.488685566407845, 37.593728661363265 ], [ 26.488663997921627, 37.593775099675248 ], [ 26.488690947859954, 37.593774530768748 ], [ 26.488714456389538, 37.593786297592729 ], [ 26.488737149628665, 37.593773557267234 ], [ 26.488751628941184, 37.593745661416662 ], [ 26.488770267364977, 37.593726874255204 ], [ 26.488816160583827, 37.593716709029664 ], [ 26.488839363078355, 37.593719285009215 ], [ 26.488789722429235, 37.593732595121011 ], [ 26.48877837599855, 37.593738963515541 ], [ 26.488787708191705, 37.593787818799257 ], [ 26.488833806023109, 37.593783779916279 ], [ 26.488867946527929, 37.593767733042888 ], [ 26.488877834612488, 37.593763843454127 ], [ 26.488896803905391, 37.593778159755978 ], [ 26.488927767580225, 37.59378241065361 ], [ 26.488929828832507, 37.593786454836916 ], [ 26.488934658805729, 37.593781038740893 ] ] ] ] } },
{ "type": "Feature", "properties": { "datasetID": 583.0, "BIO_CLASS": "Posidonia beds (posidonion oceanicae) (Posidonia oceanica meadows (= association with Posidonia oceanica))", "fieldNotes": "Not reported", "habitat": "Posidonia beds", "AREA_SQKM": 0.00282398384, "vernacular": "Neptune grass", "FAMILY": "Posidoniaceae", "GENUS": "Posidonia", "scientific": "Posidonia oceanica", "habitatID": "EUNIS:A5.535", "nameAccord": "urn:lsid:marinespecies.org:taxname:145794", "eventDate": "2018-01-17", "verif": "Panayotidis Panayotis", "Shape_Leng": 260.35083956900002, "Shape_Area": 2828.8676177000002, "Pres_UNEP": 1 }, "geometry": { "type": "MultiPolygon", "coordinates": [ [ [ [ 26.501382042390976, 37.592670816372795 ], [ 26.50118882748832, 37.592674913536968 ], [ 26.501089300760437, 37.592741807393104 ], [ 26.501050789901434, 37.592807402687207 ], [ 26.501074380621162, 37.592904076589512 ], [ 26.501148276792364, 37.592983485531882 ], [ 26.501150713806947, 37.593056312352424 ], [ 26.501145694401302, 37.593210276148334 ], [ 26.501148676405197, 37.593299287695665 ], [ 26.50108982635648, 37.593365316920327 ], [ 26.501020807273829, 37.593431560831696 ], [ 26.501064195701598, 37.593511618396562 ], [ 26.501157075396964, 37.593550137028728 ], [ 26.501203352060209, 37.593556487749495 ], [ 26.501371475909156, 37.593509962032584 ], [ 26.501434393476135, 37.593443846187128 ], [ 26.50142962149074, 37.59330142727341 ], [ 26.501507507591434, 37.593196126848412 ], [ 26.50148885370367, 37.593125262874132 ], [ 26.501499981914638, 37.593073907754182 ], [ 26.501435728871957, 37.593058368005337 ], [ 26.501413764230918, 37.593010247883356 ], [ 26.501432476792569, 37.592961264699468 ], [ 26.50146000549509, 37.5928716057782 ], [ 26.501425972663604, 37.592767057347046 ], [ 26.501382042390976, 37.592670816372795 ] ] ] ] } },
{ "type": "Feature", "properties": { "datasetID": 583.0, "BIO_CLASS": "Posidonia beds (posidonion oceanicae) (Posidonia oceanica meadows (= association with Posidonia oceanica))", "fieldNotes": "Not reported", "habitat": "Posidonia beds", "AREA_SQKM": 0.00060422287, "vernacular": "Neptune grass", "FAMILY": "Posidoniaceae", "GENUS": "Posidonia", "scientific": "Posidonia oceanica", "habitatID": "EUNIS:A5.535", "nameAccord": "urn:lsid:marinespecies.org:taxname:145794", "eventDate": "2018-01-17", "verif": "Panayotidis Panayotis", "Shape_Leng": 123.946934005, "Shape_Area": 605.26771848600004, "Pres_UNEP": 1 }, "geometry": { "type": "MultiPolygon", "coordinates": [ [ [ [ 26.489330621367493, 37.593847485971757 ], [ 26.489326396557644, 37.593813239381561 ], [ 26.48934956618913, 37.5937686058369 ], [ 26.489353517064071, 37.593777913288349 ], [ 26.489353901006705, 37.593759930896823 ], [ 26.489291688202798, 37.593742849569828 ], [ 26.489275471960323, 37.593718665749037 ], [ 26.489209816679878, 37.593713920151629 ], [ 26.489140515231988, 37.593715383053656 ], [ 26.489097452860936, 37.593694832639024 ], [ 26.489015683826295, 37.593668966840632 ], [ 26.48897231200651, 37.593639225593556 ], [ 26.488945463145651, 37.593642857228666 ], [ 26.488927130980905, 37.593670836103911 ], [ 26.488916909762231, 37.593710904241696 ], [ 26.488932819498029, 37.593725895453474 ], [ 26.488955918839341, 37.593725409586227 ], [ 26.488998269020467, 37.593724514707091 ], [ 26.488998781211311, 37.593739833659477 ], [ 26.488984093502584, 37.593761601397233 ], [ 26.488962527836712, 37.59380804148374 ], [ 26.488948151604134, 37.593822125455809 ], [ 26.488960527410448, 37.593840578702789 ], [ 26.488985494692724, 37.59384986318932 ], [ 26.489009807833348, 37.593839539829666 ], [ 26.489031531024672, 37.593843986842458 ], [ 26.489051155076755, 37.593877908348333 ], [ 26.489081954865515, 37.593877258169165 ], [ 26.489097027297721, 37.593867130038525 ], [ 26.489108367327276, 37.593837461200117 ], [ 26.489127012847096, 37.59384197270073 ], [ 26.489158385215639, 37.593858478945727 ], [ 26.489186839036368, 37.593879949875529 ], [ 26.489297719048906, 37.593877610643816 ], [ 26.489330621367493, 37.593847485971757 ] ] ] ] } },
{ "type": "Feature", "properties": { "datasetID": 583.0, "BIO_CLASS": "Posidonia beds (posidonion oceanicae) (Posidonia oceanica meadows (= association with Posidonia oceanica))", "fieldNotes": "Not reported", "habitat": "Posidonia beds", "AREA_SQKM": 0.00079696579, "vernacular": "Neptune grass", "FAMILY": "Posidoniaceae", "GENUS": "Posidonia", "scientific": "Posidonia oceanica", "habitatID": "EUNIS:A5.535", "nameAccord": "urn:lsid:marinespecies.org:taxname:145794", "eventDate": "2018-01-17", "verif": "Panayotidis Panayotis", "Shape_Leng": 114.159800426, "Shape_Area": 798.34396053600005, "Pres_UNEP": 1 }, "geometry": { "type": "MultiPolygon", "coordinates": [ [ [ [ 26.5011402589451, 37.593655763614358 ], [ 26.501058361352804, 37.593641304211481 ], [ 26.500949206435099, 37.593724596853441 ], [ 26.500985407004599, 37.593893880132583 ], [ 26.501049133552392, 37.593973506786867 ], [ 26.501141271438641, 37.593975408738515 ], [ 26.501255181254301, 37.593927030442245 ], [ 26.501317664245573, 37.593847967412856 ], [ 26.501314899834263, 37.593765430021968 ], [ 26.501215237860087, 37.593767542219823 ], [ 26.50115232640189, 37.593712192221815 ], [ 26.5011402589451, 37.593655763614358 ] ] ] ] } },
{ "type": "Feature", "properties": { "datasetID": 583.0, "BIO_CLASS": "Posidonia beds (posidonion oceanicae) (Posidonia oceanica meadows (= association with Posidonia oceanica))", "fieldNotes": "Not reported", "habitat": "Posidonia beds", "AREA_SQKM": 0.00140744098, "vernacular": "Neptune grass", "FAMILY": "Posidoniaceae", "GENUS": "Posidonia", "scientific": "Posidonia oceanica", "habitatID": "EUNIS:A5.535", "nameAccord": "urn:lsid:marinespecies.org:taxname:145794", "eventDate": "2018-01-17", "verif": "Panayotidis Panayotis", "Shape_Leng": 231.560442169, "Shape_Area": 1409.8746273300001, "Pres_UNEP": 1 }, "geometry": { "type": "MultiPolygon", "coordinates": [ [ [ [ 26.50099277658612, 37.594113981827356 ], [ 26.500918689504179, 37.594089638949967 ], [ 26.500881478867338, 37.594194079420809 ], [ 26.50096673596131, 37.59430887866602 ], [ 26.501026721738342, 37.594398300603231 ], [ 26.501030406750893, 37.594508350816703 ], [ 26.500980393336143, 37.594716711932413 ], [ 26.501034844037953, 37.594883988090338 ], [ 26.501168266813664, 37.5949783325946 ], [ 26.501257760652333, 37.594976435050206 ], [ 26.501257413231773, 37.594966078062718 ], [ 26.501231184350072, 37.594912215376006 ], [ 26.501146793999066, 37.59482331352951 ], [ 26.501182702241142, 37.594680031427089 ], [ 26.501196587521004, 37.594608476987808 ], [ 26.501272716689652, 37.594515137966859 ], [ 26.501256253918918, 37.59444525939341 ], [ 26.501205921875997, 37.594400979065675 ], [ 26.501122614323076, 37.594344442487689 ], [ 26.501054927605121, 37.594268139908699 ], [ 26.501020002062532, 37.594197620076073 ], [ 26.501010131507222, 37.59414600495969 ], [ 26.50099277658612, 37.594113981827356 ] ] ] ] } },
{ "type": "Feature", "properties": { "datasetID": 583.0, "BIO_CLASS": "Posidonia beds (posidonion oceanicae) (Posidonia oceanica meadows (= association with Posidonia oceanica))", "fieldNotes": "Not reported", "habitat": "Posidonia beds", "AREA_SQKM": 0.00087143744, "vernacular": "Neptune grass", "FAMILY": "Posidoniaceae", "GENUS": "Posidonia", "scientific": "Posidonia oceanica", "habitatID": "EUNIS:A5.535", "nameAccord": "urn:lsid:marinespecies.org:taxname:145794", "eventDate": "2018-01-17", "verif": "Panayotidis Panayotis", "Shape_Leng": 132.547297904, "Shape_Area": 872.94418090900001, "Pres_UNEP": 1 }, "geometry": { "type": "MultiPolygon", "coordinates": [ [ [ [ 26.506146107936356, 37.594594120869139 ], [ 26.506054225454371, 37.594524812943348 ], [ 26.505893349136848, 37.594574421076608 ], [ 26.50588728934121, 37.594644966661853 ], [ 26.505898246107954, 37.594728948776996 ], [ 26.506005748664531, 37.594778490706119 ], [ 26.506001521371783, 37.594895187833352 ], [ 26.506055042201758, 37.594915077589015 ], [ 26.506089493507229, 37.594847970983594 ], [ 26.506160108464883, 37.59476873355716 ], [ 26.506289410165657, 37.594740072542493 ], [ 26.506293201273554, 37.59461043017874 ], [ 26.506146107936356, 37.594594120869139 ] ] ] ] } },
{ "type": "Feature", "properties": { "datasetID": 583.0, "BIO_CLASS": "Posidonia beds (posidonion oceanicae) (Posidonia oceanica meadows (= association with Posidonia oceanica))", "fieldNotes": "Not reported", "habitat": "Posidonia beds", "AREA_SQKM": 0.00224772234, "vernacular": "Neptune grass", "FAMILY": "Posidoniaceae", "GENUS": "Posidonia", "scientific": "Posidonia oceanica", "habitatID": "EUNIS:A5.535", "nameAccord": "urn:lsid:marinespecies.org:taxname:145794", "eventDate": "2018-01-17", "verif": "Panayotidis Panayotis", "Shape_Leng": 301.541005106, "Shape_Area": 2251.6088521400002, "Pres_UNEP": 1 }, "geometry": { "type": "MultiPolygon", "coordinates": [ [ [ [ 26.529870863895017, 37.594614607753613 ], [ 26.529903904348693, 37.594561944817784 ], [ 26.529955633422425, 37.594546979161287 ], [ 26.530070968794522, 37.594482159798659 ], [ 26.530130577088716, 37.594442780555489 ], [ 26.530138456919836, 37.59441836431558 ], [ 26.530059923951523, 37.594413120464942 ], [ 26.530029828227178, 37.594424159406884 ], [ 26.529934248491603, 37.594429672694375 ], [ 26.529812334574597, 37.594428822865488 ], [ 26.52973462479958, 37.594447808858114 ], [ 26.529616603892926, 37.594449474063765 ], [ 26.529424832012573, 37.594410290058214 ], [ 26.529256273899929, 37.594413904039605 ], [ 26.529010715227137, 37.594393191007555 ], [ 26.528857739897834, 37.594374823398844 ], [ 26.5287151977954, 37.594343241045095 ], [ 26.528572803002422, 37.594315985577758 ], [ 26.528573533175734, 37.594337619102305 ], [ 26.528585286413612, 37.594363344527778 ], [ 26.528640830967774, 37.594396790854439 ], [ 26.528691085059908, 37.594434679795761 ], [ 26.52879027515424, 37.594471521033945 ], [ 26.528961471659937, 37.594545783040338 ], [ 26.529181015598542, 37.59460169069569 ], [ 26.529398508432571, 37.594597027233007 ], [ 26.529550753004166, 37.594593763074222 ], [ 26.52956830272214, 37.594602820562514 ], [ 26.529585071982684, 37.594590076650945 ], [ 26.529692689081585, 37.594597263100262 ], [ 26.529777749528659, 37.594642903906298 ], [ 26.529838643942821, 37.594679570270166 ], [ 26.529876187006138, 37.594637419765078 ], [ 26.529870863895017, 37.594614607753613 ] ] ] ] } },
{ "type": "Feature", "properties": { "datasetID": 583.0, "BIO_CLASS": "Posidonia beds (posidonion oceanicae) (Posidonia oceanica meadows (= association with Posidonia oceanica))", "fieldNotes": "Not reported", "habitat": "Posidonia beds", "AREA_SQKM": 0.00063917481, "vernacular": "Neptune grass", "FAMILY": "Posidoniaceae", "GENUS": "Posidonia", "scientific": "Posidonia oceanica", "habitatID": "EUNIS:A5.535", "nameAccord": "urn:lsid:marinespecies.org:taxname:145794", "eventDate": "2018-01-17", "verif": "Panayotidis Panayotis", "Shape_Leng": 122.219469554, "Shape_Area": 640.27980312700004, "Pres_UNEP": 1 }, "geometry": { "type": "MultiPolygon", "coordinates": [ [ [ [ 26.501389450015509, 37.595018989341391 ], [ 26.501293314857232, 37.595004718886798 ], [ 26.501197009638478, 37.59510728614611 ], [ 26.501232806348877, 37.595203698799708 ], [ 26.501343775249754, 37.595356821497639 ], [ 26.501443355590649, 37.595413014720762 ], [ 26.501557254074704, 37.595410598614947 ], [ 26.501564066775167, 37.595379161857451 ], [ 26.501414392802072, 37.595277586518009 ], [ 26.501389450015509, 37.595018989341391 ] ] ] ] } },
{ "type": "Feature", "properties": { "datasetID": 583.0, "BIO_CLASS": "Posidonia beds (posidonion oceanicae) (Posidonia oceanica meadows (= association with Posidonia oceanica))", "fieldNotes": "Not reported", "habitat": "Posidonia beds", "AREA_SQKM": 0.01811018534, "vernacular": "Neptune grass", "FAMILY": "Posidoniaceae", "GENUS": "Posidonia", "scientific": "Posidonia oceanica", "habitatID": "EUNIS:A5.535", "nameAccord": "urn:lsid:marinespecies.org:taxname:145794", "eventDate": "2018-01-17", "verif": "Panayotidis Panayotis", "Shape_Leng": 1710.6244973400001, "Shape_Area": 18141.499670500001, "Pres_UNEP": 1 }, "geometry": { "type": "MultiPolygon", "coordinates": [ [ [ [ 26.47712420401205, 37.59603607506503 ], [ 26.477319761387378, 37.595853022981188 ], [ 26.47742477829793, 37.595745919056661 ], [ 26.477524092876802, 37.595700637541853 ], [ 26.477557521783012, 37.595539502112558 ], [ 26.477714737711718, 37.595369594629332 ], [ 26.47806346942447, 37.595362268574092 ], [ 26.47821112053094, 37.595371508961676 ], [ 26.47834715818988, 37.595498232176638 ], [ 26.478434654841706, 37.595564270967699 ], [ 26.478536012719655, 37.595580652796237 ], [ 26.47866652797244, 37.595540887287626 ], [ 26.478757066860972, 37.595464937609073 ], [ 26.47877867724635, 37.595415118119881 ], [ 26.478939984727049, 37.595368536312428 ], [ 26.479124747720494, 37.59532762949086 ], [ 26.479528133322585, 37.595331492607926 ], [ 26.479663786540495, 37.595212942730591 ], [ 26.480180990229755, 37.59502466609112 ], [ 26.480245471265508, 37.594923039695935 ], [ 26.480475140378413, 37.594833365752848 ], [ 26.480937290995012, 37.594738802234005 ], [ 26.481062195775731, 37.594705322280362 ], [ 26.481002538937016, 37.594660297189115 ], [ 26.480913566665521, 37.594608176648158 ], [ 26.480920693087061, 37.594530895161974 ], [ 26.48083248786325, 37.594501898490485 ], [ 26.480822758562034, 37.594209000896541 ], [ 26.480760540583354, 37.594086898669659 ], [ 26.480541545691015, 37.593914100193928 ], [ 26.480501095036846, 37.593874763466658 ], [ 26.480293122758805, 37.593672503076498 ], [ 26.480163809238416, 37.593514788030717 ], [ 26.480156643396537, 37.593298968807254 ], [ 26.48013602452734, 37.59314513921813 ], [ 26.480086458272396, 37.593053622440465 ], [ 26.480053617841055, 37.592998778825219 ], [ 26.479952672193814, 37.592994730241131 ], [ 26.479751191784814, 37.592998965221092 ], [ 26.479672881073746, 37.592975929016774 ], [ 26.479623723135749, 37.592896746225584 ], [ 26.479585970180196, 37.592693910862643 ], [ 26.479460754527128, 37.592659520479216 ], [ 26.479420070726551, 37.592660374717568 ], [ 26.479313722868518, 37.592668780175629 ], [ 26.479005600762644, 37.592789411567104 ], [ 26.478660158768811, 37.592895399054683 ], [ 26.4783687281456, 37.592759599781196 ], [ 26.478228423546874, 37.59273786483903 ], [ 26.478081186943616, 37.592740958472874 ], [ 26.478057131637563, 37.592743559174714 ], [ 26.478043668649757, 37.592778768476045 ], [ 26.478060599362351, 37.592821606747428 ], [ 26.478241900530037, 37.592910357519656 ], [ 26.47833652975476, 37.592957733801654 ], [ 26.478608982763649, 37.5929890323658 ], [ 26.478826372344603, 37.592996804445704 ], [ 26.479104526349857, 37.592966278847484 ], [ 26.47934475708006, 37.592961230264557 ], [ 26.479431227539099, 37.592996435187494 ], [ 26.479486904222796, 37.593038458135183 ], [ 26.479564602512031, 37.593042995235919 ], [ 26.479708594475824, 37.593175721381108 ], [ 26.479788132264034, 37.593235754094337 ], [ 26.479772657871106, 37.59341194067661 ], [ 26.479923588258206, 37.593578458664538 ], [ 26.480258071021836, 37.593842930308369 ], [ 26.480341041841548, 37.593994134985536 ], [ 26.480439664911252, 37.594173864663468 ], [ 26.4804944986106, 37.594365539809132 ], [ 26.480454767694237, 37.594628623800133 ], [ 26.480253137035021, 37.594686854819116 ], [ 26.480091531856694, 37.594782809667386 ], [ 26.479852687211629, 37.594888103868158 ], [ 26.479662021554013, 37.594984669243658 ], [ 26.479529220064336, 37.595072307015904 ], [ 26.479000279761731, 37.595199121030475 ], [ 26.478730068544905, 37.595235651453649 ], [ 26.478556472435535, 37.595262438844756 ], [ 26.478411169628266, 37.595265490998102 ], [ 26.478187091507891, 37.595231632859836 ], [ 26.477846770106609, 37.595200218216078 ], [ 26.477433301082598, 37.595301458706977 ], [ 26.47739028033731, 37.595407262906278 ], [ 26.477324013649131, 37.595513553917094 ], [ 26.477174337621172, 37.595677130169655 ], [ 26.477085842729164, 37.59581474153741 ], [ 26.476894966073161, 37.595905137666001 ], [ 26.476700407276262, 37.595884540204111 ], [ 26.476514825531389, 37.595900776297547 ], [ 26.476414897912989, 37.595927557594649 ], [ 26.476392876595892, 37.595965043112557 ], [ 26.476525234621189, 37.595980775671507 ], [ 26.476697156469655, 37.596020359286655 ], [ 26.47712420401205, 37.59603607506503 ] ] ] ] } },
{ "type": "Feature", "properties": { "datasetID": 583.0, "BIO_CLASS": "Posidonia beds (posidonion oceanicae) (Posidonia oceanica meadows (= association with Posidonia oceanica))", "fieldNotes": "Not reported", "habitat": "Posidonia beds", "AREA_SQKM": 0.01375562294, "vernacular": "Neptune grass", "FAMILY": "Posidoniaceae", "GENUS": "Posidonia", "scientific": "Posidonia oceanica", "habitatID": "EUNIS:A5.535", "nameAccord": "urn:lsid:marinespecies.org:taxname:145794", "eventDate": "2018-01-17", "verif": "Panayotidis Panayotis", "Shape_Leng": 1079.4696655600001, "Shape_Area": 13779.4093218, "Pres_UNEP": 1 }, "geometry": { "type": "MultiPolygon", "coordinates": [ [ [ [ 26.53948622104862, 37.594714047569646 ], [ 26.539506321777107, 37.594685677201333 ], [ 26.539505184026371, 37.594652177821978 ], [ 26.53951030107136, 37.594596193296539 ], [ 26.539593175368466, 37.594555294585028 ], [ 26.539620294805225, 37.594526774061656 ], [ 26.539618776721866, 37.594482106787275 ], [ 26.539608495305011, 37.594471792228717 ], [ 26.539583613963298, 37.594473210966363 ], [ 26.539391470122371, 37.594464625218805 ], [ 26.539377999146296, 37.594435153288735 ], [ 26.539240143343999, 37.594485717236502 ], [ 26.539143544913181, 37.594548911146838 ], [ 26.539086647928627, 37.594489021146444 ], [ 26.539031828241857, 37.5944902004833 ], [ 26.538910630050466, 37.594475350557531 ], [ 26.538832993682377, 37.594450828305895 ], [ 26.538798322271287, 37.594399193688865 ], [ 26.538817877081133, 37.594328929111491 ], [ 26.538761277364877, 37.594277762726833 ], [ 26.538715938621557, 37.594235087569253 ], [ 26.538701712631028, 37.594139357369059 ], [ 26.538687783049777, 37.594052353404564 ], [ 26.53869578089947, 37.593964876861399 ], [ 26.538672074982749, 37.593913004737438 ], [ 26.538595029795438, 37.593905931387539 ], [ 26.538495762527287, 37.593890606238659 ], [ 26.538375752271985, 37.593910649604524 ], [ 26.538287151380235, 37.593886365056179 ], [ 26.538218698588906, 37.593809264064113 ], [ 26.538108171455114, 37.593785451261262 ], [ 26.537965641033963, 37.593788518409625 ], [ 26.537757028738088, 37.593784276345914 ], [ 26.537606201029124, 37.593866093777351 ], [ 26.537473745268553, 37.59384275270088 ], [ 26.53727372753724, 37.593768480357078 ], [ 26.537116377953506, 37.59365836960027 ], [ 26.537080524324029, 37.593571835812639 ], [ 26.537063931015361, 37.593406312531314 ], [ 26.536975031644626, 37.593373303651525 ], [ 26.536887024743148, 37.593366465303554 ], [ 26.536669229657299, 37.593414802826977 ], [ 26.536607298701444, 37.593529629889673 ], [ 26.536489064712715, 37.593666620506994 ], [ 26.536409414023062, 37.593647381938425 ], [ 26.536338296579103, 37.593620972858616 ], [ 26.536260066989875, 37.593643607193464 ], [ 26.536170697388645, 37.593596638875724 ], [ 26.536046006528355, 37.59354344529055 ], [ 26.535958057261084, 37.593538351640085 ], [ 26.535890257556446, 37.59360965215896 ], [ 26.535821983602705, 37.593666995950244 ], [ 26.535690891193333, 37.593683781333588 ], [ 26.535628309276877, 37.593650206151629 ], [ 26.535532772518472, 37.593680195634363 ], [ 26.535499110893106, 37.593722827386166 ], [ 26.535502429440044, 37.593820537074329 ], [ 26.535467818064891, 37.593835249141428 ], [ 26.535343835830925, 37.593802991959684 ], [ 26.535227679678012, 37.593742628684943 ], [ 26.535006505012635, 37.593691505738093 ], [ 26.534946053238695, 37.593720743457979 ], [ 26.53497449984761, 37.593782991891445 ], [ 26.535020014493686, 37.59383090548647 ], [ 26.53508449106571, 37.59392031484051 ], [ 26.535061967888264, 37.59403255031112 ], [ 26.535080694971491, 37.594067069908711 ], [ 26.535159162553754, 37.594051413473565 ], [ 26.535220087222768, 37.594036136900094 ], [ 26.535272004186506, 37.594014067894022 ], [ 26.535332691622401, 37.593991809843644 ], [ 26.5354905713913, 37.5939884149522 ], [ 26.535542488488755, 37.593966346834854 ], [ 26.535623086410514, 37.594013503403552 ], [ 26.535710798636138, 37.594011620002732 ], [ 26.53578760749636, 37.593947107353586 ], [ 26.53584023484111, 37.593945977490137 ], [ 26.535868442730717, 37.594001245397607 ], [ 26.535931025380563, 37.594034822405789 ], [ 26.53600167070703, 37.594047272993997 ], [ 26.536053821880802, 37.594032182817458 ], [ 26.536131104467266, 37.593981630469585 ], [ 26.536201272598042, 37.593980121629009 ], [ 26.536305579648097, 37.593949942170745 ], [ 26.536524859067686, 37.593945226603033 ], [ 26.536752673607936, 37.593933344044565 ], [ 26.536944691630492, 37.593901276776663 ], [ 26.53712603960669, 37.593813562666675 ], [ 26.537267563088246, 37.593845440873501 ], [ 26.537367840224228, 37.593955034947641 ], [ 26.537563412939232, 37.594027656293626 ], [ 26.537609879077049, 37.594103484396079 ], [ 26.537752114544183, 37.59415629915425 ], [ 26.537908809613988, 37.594118005670282 ], [ 26.538206080010315, 37.59408367334364 ], [ 26.538312047625674, 37.594102345697266 ], [ 26.538394307296752, 37.594198356799822 ], [ 26.538569026017825, 37.594432064929585 ], [ 26.538606009268726, 37.594487143041938 ], [ 26.538739237269372, 37.594533168100959 ], [ 26.538839517462058, 37.594642759905142 ], [ 26.538893093269351, 37.594669543682365 ], [ 26.539086059764099, 37.594665389055983 ], [ 26.539198334288962, 37.59471465799885 ], [ 26.539366553374322, 37.59470544856061 ], [ 26.53948622104862, 37.594714047569646 ] ] ] ] } },
{ "type": "Feature", "properties": { "datasetID": 583.0, "BIO_CLASS": "Posidonia beds (posidonion oceanicae) (Posidonia oceanica meadows (= association with Posidonia oceanica))", "fieldNotes": "Not reported", "habitat": "Posidonia beds", "AREA_SQKM": 0.00039001637, "vernacular": "Neptune grass", "FAMILY": "Posidoniaceae", "GENUS": "Posidonia", "scientific": "Posidonia oceanica", "habitatID": "EUNIS:A5.535", "nameAccord": "urn:lsid:marinespecies.org:taxname:145794", "eventDate": "2018-01-17", "verif": "Panayotidis Panayotis", "Shape_Leng": 73.622700172199998, "Shape_Area": 390.69070555600001, "Pres_UNEP": 1 }, "geometry": { "type": "MultiPolygon", "coordinates": [ [ [ [ 26.531072356149693, 37.594744700652917 ], [ 26.531015456220487, 37.594735530083021 ], [ 26.530899650962294, 37.594786506655076 ], [ 26.530896942816167, 37.594835056540582 ], [ 26.53089858461896, 37.594883513680969 ], [ 26.53092186073718, 37.594928043235385 ], [ 26.530939612328652, 37.594938053044523 ], [ 26.530970529282428, 37.594951243979025 ], [ 26.531016389625648, 37.594960146888575 ], [ 26.531135441636021, 37.594867305056219 ], [ 26.531136420981998, 37.594836846308603 ], [ 26.53112137725849, 37.594778285737647 ], [ 26.531072356149693, 37.594744700652917 ] ] ] ] } },
{ "type": "Feature", "properties": { "datasetID": 583.0, "BIO_CLASS": "Posidonia beds (posidonion oceanicae) (Posidonia oceanica meadows (= association with Posidonia oceanica))", "fieldNotes": "Not reported", "habitat": "Posidonia beds", "AREA_SQKM": 0.00501866323, "vernacular": "Neptune grass", "FAMILY": "Posidoniaceae", "GENUS": "Posidonia", "scientific": "Posidonia oceanica", "habitatID": "EUNIS:A5.535", "nameAccord": "urn:lsid:marinespecies.org:taxname:145794", "eventDate": "2018-01-17", "verif": "Panayotidis Panayotis", "Shape_Leng": 418.702099659, "Shape_Area": 5027.3402931000001, "Pres_UNEP": 1 }, "geometry": { "type": "MultiPolygon", "coordinates": [ [ [ [ 26.513461176716046, 37.595046369455552 ], [ 26.513578004478024, 37.595032211190734 ], [ 26.513685457207764, 37.595029922299268 ], [ 26.513836604056721, 37.595018923959934 ], [ 26.514036463355289, 37.59500299712893 ], [ 26.51409428833022, 37.594978430641902 ], [ 26.514097733534157, 37.594935576003202 ], [ 26.514146836834676, 37.594942308397293 ], [ 26.514268939731828, 37.594939705899705 ], [ 26.514360562004008, 37.594902750615738 ], [ 26.514235134639257, 37.594712120895522 ], [ 26.514162885659463, 37.594693062438971 ], [ 26.514009219642549, 37.594724344492882 ], [ 26.513987864215384, 37.594643280246707 ], [ 26.513968253153603, 37.594614055641806 ], [ 26.514096310296356, 37.594544626683266 ], [ 26.514112928756713, 37.594484984035653 ], [ 26.51396152327019, 37.594414101932813 ], [ 26.513831722901561, 37.594431690388255 ], [ 26.513786181332492, 37.594462304551747 ], [ 26.513778395942868, 37.594455176411522 ], [ 26.513715417087674, 37.594613151041521 ], [ 26.513500078439709, 37.594749967494586 ], [ 26.513476311365931, 37.594769920840463 ], [ 26.513334233244379, 37.594905176433492 ], [ 26.513270999415614, 37.59491430284131 ], [ 26.513127483469376, 37.595006809886861 ], [ 26.513019463928742, 37.595137451636752 ], [ 26.513089279488476, 37.595178745348711 ], [ 26.513123862411074, 37.595189674791442 ], [ 26.51315395127763, 37.595212368493215 ], [ 26.51314627341328, 37.595274757856018 ], [ 26.513147975632133, 37.595325279614563 ], [ 26.513241559901175, 37.595346620843088 ], [ 26.513330259354799, 37.595368065431984 ], [ 26.51340670863172, 37.595315878449654 ], [ 26.51343086521371, 37.59530758507146 ], [ 26.513572377990258, 37.595300680401422 ], [ 26.513624402541065, 37.595249013760458 ], [ 26.513627062551418, 37.595182841680753 ], [ 26.51360107318024, 37.595136727247265 ], [ 26.513566228921423, 37.595118023877113 ], [ 26.513527025320869, 37.595114969075972 ], [ 26.513478053021608, 37.595112125407773 ], [ 26.513448356652837, 37.595101089961155 ], [ 26.513461176716046, 37.595046369455552 ] ] ] ] } },
{ "type": "Feature", "properties": { "datasetID": 583.0, "BIO_CLASS": "Posidonia beds (posidonion oceanicae) (Posidonia oceanica meadows (= association with Posidonia oceanica))", "fieldNotes": "Not reported", "habitat": "Posidonia beds", "AREA_SQKM": 0.00093735225, "vernacular": "Neptune grass", "FAMILY": "Posidoniaceae", "GENUS": "Posidonia", "scientific": "Posidonia oceanica", "habitatID": "EUNIS:A5.535", "nameAccord": "urn:lsid:marinespecies.org:taxname:145794", "eventDate": "2018-01-17", "verif": "Panayotidis Panayotis", "Shape_Leng": 132.21481163799999, "Shape_Area": 938.97276951200001, "Pres_UNEP": 1 }, "geometry": { "type": "MultiPolygon", "coordinates": [ [ [ [ 26.501839404062, 37.595326876814433 ], [ 26.501659549861294, 37.595304778512592 ], [ 26.501640236498595, 37.595325897121647 ], [ 26.50167820745019, 37.595375642382578 ], [ 26.501608020701983, 37.595467826317964 ], [ 26.501537184687773, 37.595540585145812 ], [ 26.501555191247355, 37.595592031011904 ], [ 26.501694582409357, 37.595621466010918 ], [ 26.5017515339547, 37.595620257515002 ], [ 26.501805881020772, 37.59554136695732 ], [ 26.501993004599367, 37.595537396943925 ], [ 26.502040355094408, 37.595492666720126 ], [ 26.502038348358052, 37.595432784385181 ], [ 26.501839404062, 37.595326876814433 ] ] ] ] } },
{ "type": "Feature", "properties": { "datasetID": 583.0, "BIO_CLASS": "Posidonia beds (posidonion oceanicae) (Posidonia oceanica meadows (= association with Posidonia oceanica))", "fieldNotes": "Not reported", "habitat": "Posidonia beds", "AREA_SQKM": 0.00206438701, "vernacular": "Neptune grass", "FAMILY": "Posidoniaceae", "GENUS": "Posidonia", "scientific": "Posidonia oceanica", "habitatID": "EUNIS:A5.535", "nameAccord": "urn:lsid:marinespecies.org:taxname:145794", "eventDate": "2018-01-17", "verif": "Panayotidis Panayotis", "Shape_Leng": 230.65271289500001, "Shape_Area": 2067.9563218200001, "Pres_UNEP": 1 }, "geometry": { "type": "MultiPolygon", "coordinates": [ [ [ [ 26.506008688678524, 37.595108813542829 ], [ 26.506005431334589, 37.595011709232587 ], [ 26.506007848205137, 37.595007006007414 ], [ 26.505865169655358, 37.594956386272663 ], [ 26.505769279949963, 37.595010248971448 ], [ 26.505683045935889, 37.595109252593438 ], [ 26.50560168735317, 37.595110981409483 ], [ 26.505509806828549, 37.595041673303015 ], [ 26.50547509218044, 37.594977629404383 ], [ 26.505347091658997, 37.595045129167154 ], [ 26.505327246045912, 37.595181591674233 ], [ 26.505298394591982, 37.595292333142879 ], [ 26.50535263700176, 37.595453133561605 ], [ 26.505429334405029, 37.595555155109629 ], [ 26.505510474114825, 37.595546953595289 ], [ 26.50558596825584, 37.595370440906819 ], [ 26.50596866241899, 37.595129099083699 ], [ 26.506009215733002, 37.595108850645694 ], [ 26.506008688678524, 37.595108813542829 ] ] ] ] } },
{ "type": "Feature", "properties": { "datasetID": 583.0, "BIO_CLASS": "Posidonia beds (posidonion oceanicae) (Posidonia oceanica meadows (= association with Posidonia oceanica))", "fieldNotes": "Not reported", "habitat": "Posidonia beds", "AREA_SQKM": 0.00176222658, "vernacular": "Neptune grass", "FAMILY": "Posidoniaceae", "GENUS": "Posidonia", "scientific": "Posidonia oceanica", "habitatID": "EUNIS:A5.535", "nameAccord": "urn:lsid:marinespecies.org:taxname:145794", "eventDate": "2018-01-17", "verif": "Panayotidis Panayotis", "Shape_Leng": 193.69701042899999, "Shape_Area": 1765.2732403, "Pres_UNEP": 1 }, "geometry": { "type": "MultiPolygon", "coordinates": [ [ [ [ 26.50624648418346, 37.595401757519639 ], [ 26.506381531670073, 37.5953017148708 ], [ 26.506311449841014, 37.595154206230703 ], [ 26.506147433622733, 37.595118822477623 ], [ 26.50614349086651, 37.59511853802244 ], [ 26.506110010968051, 37.59521678992369 ], [ 26.506004682197041, 37.595231984431834 ], [ 26.506007940072191, 37.595329085316394 ], [ 26.505950989296235, 37.595330296460688 ], [ 26.505812681703233, 37.595333234656223 ], [ 26.505685333521445, 37.595420155259724 ], [ 26.505664619173682, 37.595530723714688 ], [ 26.505697814625947, 37.595549451859064 ], [ 26.506047994689993, 37.595587524768341 ], [ 26.506040818853318, 37.595581036171595 ], [ 26.506201579262907, 37.595519316331703 ], [ 26.50624648418346, 37.595401757519639 ] ] ] ] } },
{ "type": "Feature", "properties": { "datasetID": 583.0, "BIO_CLASS": "Posidonia beds (posidonion oceanicae) (Posidonia oceanica meadows (= association with Posidonia oceanica))", "fieldNotes": "Not reported", "habitat": "Posidonia beds", "AREA_SQKM": 0.00020092897, "vernacular": "Neptune grass", "FAMILY": "Posidoniaceae", "GENUS": "Posidonia", "scientific": "Posidonia oceanica", "habitatID": "EUNIS:A5.535", "nameAccord": "urn:lsid:marinespecies.org:taxname:145794", "eventDate": "2018-01-17", "verif": "Panayotidis Panayotis", "Shape_Leng": 58.178923001599998, "Shape_Area": 201.27633905499999, "Pres_UNEP": 1 }, "geometry": { "type": "MultiPolygon", "coordinates": [ [ [ [ 26.506675842833651, 37.595580499061953 ], [ 26.506576474655876, 37.595530784668767 ], [ 26.506493101212367, 37.595639066937245 ], [ 26.506508902396995, 37.59570065430372 ], [ 26.506702421949612, 37.595644716302402 ], [ 26.506675842833651, 37.595580499061953 ] ] ] ] } },
{ "type": "Feature", "properties": { "datasetID": 583.0, "BIO_CLASS": "Posidonia beds (posidonion oceanicae) (Posidonia oceanica meadows (= association with Posidonia oceanica))", "fieldNotes": "Not reported", "habitat": "Posidonia beds", "AREA_SQKM": 0.00737167254, "vernacular": "Neptune grass", "FAMILY": "Posidoniaceae", "GENUS": "Posidonia", "scientific": "Posidonia oceanica", "habitatID": "EUNIS:A5.535", "nameAccord": "urn:lsid:marinespecies.org:taxname:145794", "eventDate": "2018-01-17", "verif": "Panayotidis Panayotis", "Shape_Leng": 349.07847654800003, "Shape_Area": 7384.4183140599998, "Pres_UNEP": 1 }, "geometry": { "type": "MultiPolygon", "coordinates": [ [ [ [ 26.533698197683538, 37.594261482600572 ], [ 26.533557044969868, 37.594201264063386 ], [ 26.53338046550304, 37.594268306845379 ], [ 26.532985979429796, 37.594355841827003 ], [ 26.532791147995461, 37.594470716254982 ], [ 26.532680035657766, 37.594710294011193 ], [ 26.532649427457454, 37.594979768979123 ], [ 26.532594138994341, 37.595107458384611 ], [ 26.53273582973009, 37.595183480364966 ], [ 26.532854444835426, 37.595165119750014 ], [ 26.533287579616296, 37.595045130028581 ], [ 26.53358116801957, 37.594912322242003 ], [ 26.533716425944235, 37.594798725837592 ], [ 26.533727705065683, 37.594545479147484 ], [ 26.533698197683538, 37.594261482600572 ] ] ] ] } },
{ "type": "Feature", "properties": { "datasetID": 583.0, "BIO_CLASS": "Posidonia beds (posidonion oceanicae) (Posidonia oceanica meadows (= association with Posidonia oceanica))", "fieldNotes": "Not reported", "habitat": "Posidonia beds", "AREA_SQKM": 0.00180733832, "vernacular": "Neptune grass", "FAMILY": "Posidoniaceae", "GENUS": "Posidonia", "scientific": "Posidonia oceanica", "habitatID": "EUNIS:A5.535", "nameAccord": "urn:lsid:marinespecies.org:taxname:145794", "eventDate": "2018-01-17", "verif": "Panayotidis Panayotis", "Shape_Leng": 208.59233057099999, "Shape_Area": 1810.46320238, "Pres_UNEP": 1 }, "geometry": { "type": "MultiPolygon", "coordinates": [ [ [ [ 26.530573240534789, 37.595233399621996 ], [ 26.53065540901078, 37.59519366510213 ], [ 26.53076335070919, 37.595210335772371 ], [ 26.530981467835701, 37.595141025864073 ], [ 26.530985211244491, 37.595127576080365 ], [ 26.530975337669521, 37.595093153472227 ], [ 26.530900217344421, 37.595060127526956 ], [ 26.530693426921495, 37.594995288561968 ], [ 26.530627121612316, 37.594965539165308 ], [ 26.530500390412264, 37.594950939206285 ], [ 26.530425620629906, 37.594928297655052 ], [ 26.530315466999809, 37.594889096770231 ], [ 26.530248107811751, 37.594828195174209 ], [ 26.530171932943841, 37.594764017951263 ], [ 26.530139723398424, 37.594712752513551 ], [ 26.53009175965374, 37.594710317865001 ], [ 26.530084113782085, 37.594741655575675 ], [ 26.53007623473669, 37.594766070088582 ], [ 26.530073408027473, 37.594811158808696 ], [ 26.530064387649674, 37.594819581142481 ], [ 26.530082865242576, 37.594845209456473 ], [ 26.530195306929318, 37.59499468696653 ], [ 26.530318382311801, 37.595105963671735 ], [ 26.53045337987583, 37.595216986019736 ], [ 26.530513952526249, 37.59524416475508 ], [ 26.530573240534789, 37.595233399621996 ] ] ] ] } },
{ "type": "Feature", "properties": { "datasetID": 583.0, "BIO_CLASS": "Posidonia beds (posidonion oceanicae) (Posidonia oceanica meadows (= association with Posidonia oceanica))", "fieldNotes": "Not reported", "habitat": "Posidonia beds", "AREA_SQKM": 0.00025107031, "vernacular": "Neptune grass", "FAMILY": "Posidoniaceae", "GENUS": "Posidonia", "scientific": "Posidonia oceanica", "habitatID": "EUNIS:A5.535", "nameAccord": "urn:lsid:marinespecies.org:taxname:145794", "eventDate": "2018-01-17", "verif": "Panayotidis Panayotis", "Shape_Leng": 62.786828974300001, "Shape_Area": 251.50435524599999, "Pres_UNEP": 1 }, "geometry": { "type": "MultiPolygon", "coordinates": [ [ [ [ 26.506378512572965, 37.595696944891522 ], [ 26.506322950492066, 37.595660649368959 ], [ 26.506259249079733, 37.595757912126444 ], [ 26.506310071068075, 37.595840917667822 ], [ 26.506489058081442, 37.595837114611861 ], [ 26.506478966306791, 37.5957790263666 ], [ 26.506378512572965, 37.595696944891522 ] ] ] ] } },
{ "type": "Feature", "properties": { "datasetID": 583.0, "BIO_CLASS": "Posidonia beds (posidonion oceanicae) (Posidonia oceanica meadows (= association with Posidonia oceanica))", "fieldNotes": "Not reported", "habitat": "Posidonia beds", "AREA_SQKM": 0.00283465207, "vernacular": "Neptune grass", "FAMILY": "Posidoniaceae", "GENUS": "Posidonia", "scientific": "Posidonia oceanica", "habitatID": "EUNIS:A5.535", "nameAccord": "urn:lsid:marinespecies.org:taxname:145794", "eventDate": "2018-01-17", "verif": "Panayotidis Panayotis", "Shape_Leng": 280.85692581699999, "Shape_Area": 2839.55273115, "Pres_UNEP": 1 }, "geometry": { "type": "MultiPolygon", "coordinates": [ [ [ [ 26.506806641319557, 37.595111294132536 ], [ 26.506541083089026, 37.594961460524289 ], [ 26.506306235421768, 37.59499884161842 ], [ 26.506334336986626, 37.595108373608824 ], [ 26.506617031916672, 37.595283752659043 ], [ 26.506610451227946, 37.595323848508329 ], [ 26.506651314728988, 37.595334851281443 ], [ 26.506721398239716, 37.595482359172571 ], [ 26.506876629097633, 37.595498493641436 ], [ 26.506886936344056, 37.595563058032802 ], [ 26.506832377051506, 37.595635476785276 ], [ 26.507004749069981, 37.595677160181936 ], [ 26.507064958504316, 37.595773052787699 ], [ 26.507189818932023, 37.595854613085663 ], [ 26.507283087985222, 37.595798554014628 ], [ 26.507247081273526, 37.595620183304796 ], [ 26.507128400977567, 37.595480186884821 ], [ 26.507019376724486, 37.595385333301884 ], [ 26.506882034066141, 37.595174472340936 ], [ 26.506806641319557, 37.595111294132536 ] ] ] ] } },
{ "type": "Feature", "properties": { "datasetID": 583.0, "BIO_CLASS": "Posidonia beds (posidonion oceanicae) (Posidonia oceanica meadows (= association with Posidonia oceanica))", "fieldNotes": "Not reported", "habitat": "Posidonia beds", "AREA_SQKM": 0.00178741289, "vernacular": "Neptune grass", "FAMILY": "Posidoniaceae", "GENUS": "Posidonia", "scientific": "Posidonia oceanica", "habitatID": "EUNIS:A5.535", "nameAccord": "urn:lsid:marinespecies.org:taxname:145794", "eventDate": "2018-01-17", "verif": "Panayotidis Panayotis", "Shape_Leng": 231.48526923099999, "Shape_Area": 1790.5029446599999, "Pres_UNEP": 1 }, "geometry": { "type": "MultiPolygon", "coordinates": [ [ [ [ 26.502371694200676, 37.595905097892789 ], [ 26.502293268136999, 37.595751286599622 ], [ 26.50238384550476, 37.595781755205124 ], [ 26.502417689556214, 37.595819906782275 ], [ 26.502539944282145, 37.595823791110845 ], [ 26.502594941349702, 37.595764320342113 ], [ 26.502568148605647, 37.595693629480301 ], [ 26.502354882731801, 37.595646328517255 ], [ 26.502448607393625, 37.595527734281511 ], [ 26.502434960328717, 37.595484360966623 ], [ 26.502216087681163, 37.59549398652382 ], [ 26.50214780079272, 37.595540593095961 ], [ 26.501931605181667, 37.59564882766611 ], [ 26.501854151612307, 37.595767078330141 ], [ 26.501936377649553, 37.59579124649953 ], [ 26.502058629067417, 37.595795131710929 ], [ 26.502149859803595, 37.595845022851272 ], [ 26.502276668033442, 37.595984850798565 ], [ 26.50240684076908, 37.595982090157797 ], [ 26.502371694200676, 37.595905097892789 ] ] ] ] } },
{ "type": "Feature", "properties": { "datasetID": 583.0, "BIO_CLASS": "Posidonia beds (posidonion oceanicae) (Posidonia oceanica meadows (= association with Posidonia oceanica))", "fieldNotes": "Not reported", "habitat": "Posidonia beds", "AREA_SQKM": 0.00132925648, "vernacular": "Neptune grass", "FAMILY": "Posidoniaceae", "GENUS": "Posidonia", "scientific": "Posidonia oceanica", "habitatID": "EUNIS:A5.535", "nameAccord": "urn:lsid:marinespecies.org:taxname:145794", "eventDate": "2018-01-17", "verif": "Panayotidis Panayotis", "Shape_Leng": 147.53299076799999, "Shape_Area": 1331.5543614400001, "Pres_UNEP": 1 }, "geometry": { "type": "MultiPolygon", "coordinates": [ [ [ [ 26.502817536203693, 37.595604122151833 ], [ 26.502816859038273, 37.595599539055449 ], [ 26.502736612992866, 37.595618796365017 ], [ 26.502590493265984, 37.595874543577843 ], [ 26.502544065354943, 37.595946787529961 ], [ 26.502603835754336, 37.596029734845644 ], [ 26.502833156648435, 37.596070216010375 ], [ 26.502969948636387, 37.596021967063436 ], [ 26.503018099212056, 37.595974159830718 ], [ 26.502904318964237, 37.595764235535093 ], [ 26.502892712586601, 37.595660831352781 ], [ 26.502817536203693, 37.595604122151833 ] ] ] ] } },
{ "type": "Feature", "properties": { "datasetID": 583.0, "BIO_CLASS": "Posidonia beds (posidonion oceanicae) (Posidonia oceanica meadows (= association with Posidonia oceanica))", "fieldNotes": "Not reported", "habitat": "Posidonia beds", "AREA_SQKM": 0.00368262326, "vernacular": "Neptune grass", "FAMILY": "Posidoniaceae", "GENUS": "Posidonia", "scientific": "Posidonia oceanica", "habitatID": "EUNIS:A5.535", "nameAccord": "urn:lsid:marinespecies.org:taxname:145794", "eventDate": "2018-01-17", "verif": "Panayotidis Panayotis", "Shape_Leng": 353.63504878800001, "Shape_Area": 3688.9896130400002, "Pres_UNEP": 1 }, "geometry": { "type": "MultiPolygon", "coordinates": [ [ [ [ 26.503966856697378, 37.596130373276161 ], [ 26.504069367207791, 37.596031025499535 ], [ 26.504152679764179, 37.596087559908312 ], [ 26.504257143088914, 37.596046473607174 ], [ 26.504383625640429, 37.595933658366064 ], [ 26.504615655473597, 37.595812126639132 ], [ 26.504737691682084, 37.595809535614421 ], [ 26.504823710787878, 37.595704058943163 ], [ 26.504815462774797, 37.595458063832275 ], [ 26.504780340135529, 37.595399062260007 ], [ 26.504683118052586, 37.595396093144601 ], [ 26.504678483850768, 37.595396602867801 ], [ 26.504643308131303, 37.595422850521636 ], [ 26.504466533365605, 37.595481984611524 ], [ 26.504440891247135, 37.595509897491134 ], [ 26.504353155173582, 37.595608342168333 ], [ 26.50425436239977, 37.595726632561366 ], [ 26.504186926611968, 37.595807376574896 ], [ 26.503989107049279, 37.595893171045503 ], [ 26.503869701961086, 37.595946942124762 ], [ 26.503831415235961, 37.595953325608342 ], [ 26.503496565682717, 37.596016143656101 ], [ 26.503405278081889, 37.596033705751509 ], [ 26.503518952783917, 37.596126923577387 ], [ 26.503569504537172, 37.596177675238593 ], [ 26.50367527008051, 37.596175430504196 ], [ 26.503813796278063, 37.596178968544635 ], [ 26.503966856697378, 37.596130373276161 ] ] ] ] } },
{ "type": "Feature", "properties": { "datasetID": 583.0, "BIO_CLASS": "Posidonia beds (posidonion oceanicae) (Posidonia oceanica meadows (= association with Posidonia oceanica))", "fieldNotes": "Not reported", "habitat": "Posidonia beds", "AREA_SQKM": 0.00210922667, "vernacular": "Neptune grass", "FAMILY": "Posidoniaceae", "GENUS": "Posidonia", "scientific": "Posidonia oceanica", "habitatID": "EUNIS:A5.535", "nameAccord": "urn:lsid:marinespecies.org:taxname:145794", "eventDate": "2018-01-17", "verif": "Panayotidis Panayotis", "Shape_Leng": 374.70441696400002, "Shape_Area": 2112.8729554800002, "Pres_UNEP": 1 }, "geometry": { "type": "MultiPolygon", "coordinates": [ [ [ [ 26.488921184351579, 37.59656762689 ], [ 26.488951168959666, 37.596542469209446 ], [ 26.488961524560402, 37.596548863313068 ], [ 26.488972544424708, 37.596536499141592 ], [ 26.489006788792771, 37.596523514818891 ], [ 26.489049040942124, 37.596519556270231 ], [ 26.489055616342792, 37.596485695267376 ], [ 26.489050745828731, 37.596455142629935 ], [ 26.489030779221935, 37.596434104290587 ], [ 26.489028328580371, 37.596360578337844 ], [ 26.489023254730856, 37.596323900178689 ], [ 26.48900723938489, 37.59630584423347 ], [ 26.4890176693565, 37.596271901993724 ], [ 26.489036100752507, 37.596246988170826 ], [ 26.489044690724175, 37.59615790374405 ], [ 26.489024420108098, 37.596127673600201 ], [ 26.489042547597915, 37.596093568844353 ], [ 26.489075053780574, 37.596028503389398 ], [ 26.489101188817337, 37.596003428817383 ], [ 26.489104015710481, 37.595972712824349 ], [ 26.489072706580913, 37.59595804476885 ], [ 26.489090015997629, 37.595899432629217 ], [ 26.489123747574062, 37.595871128346559 ], [ 26.48915393834957, 37.595852098930834 ], [ 26.489171247560666, 37.595793485939097 ], [ 26.48919240897439, 37.595734791691505 ], [ 26.489214693696429, 37.59570979666298 ], [ 26.489256737800631, 37.595699713492294 ], [ 26.489262118124596, 37.595745584237285 ], [ 26.48924378825744, 37.595773562525864 ], [ 26.489252918543365, 37.595816289252092 ], [ 26.489264364411575, 37.595812980903126 ], [ 26.489314008930872, 37.59579966976824 ], [ 26.489328693238424, 37.595777902690102 ], [ 26.48939697590173, 37.595745803321336 ], [ 26.489426243552543, 37.595699202001377 ], [ 26.489458444744333, 37.595624946629961 ], [ 26.489471803080239, 37.595563353103195 ], [ 26.489451632737968, 37.595536186691653 ], [ 26.489393677301013, 37.595531278504545 ], [ 26.489365303677832, 37.59554017172276 ], [ 26.489371180572416, 37.595549901524059 ], [ 26.489366033060197, 37.595626650715204 ], [ 26.489359334487567, 37.595656836612491 ], [ 26.48934085280888, 37.59565722707687 ], [ 26.489312886587697, 37.595650458438953 ], [ 26.48927576249854, 37.595646337361565 ], [ 26.489253794451372, 37.595634537741226 ], [ 26.489249733530748, 37.595605193730748 ], [ 26.489212528996621, 37.595598621210101 ], [ 26.489166325973599, 37.5955995973708 ], [ 26.489151170494843, 37.59560727326226 ], [ 26.489146318729954, 37.595646615633754 ], [ 26.489122249822728, 37.595664291655439 ], [ 26.48907637340097, 37.595675069179599 ], [ 26.489058303417576, 37.595687712452907 ], [ 26.489083106079867, 37.595692095902066 ], [ 26.489117231765842, 37.595698732914265 ], [ 26.489124209866432, 37.595723111325491 ], [ 26.489102894712275, 37.595730917965525 ], [ 26.489065605263757, 37.59572189487843 ], [ 26.489056038550142, 37.595712286978419 ], [ 26.489003594966007, 37.595710940671076 ], [ 26.488960884771821, 37.595724105154943 ], [ 26.488934304956423, 37.595759001377225 ], [ 26.488926861827039, 37.595813112530628 ], [ 26.488919827742578, 37.595879480053171 ], [ 26.488893332797947, 37.595916826867459 ], [ 26.488892210109849, 37.595975709334184 ], [ 26.488892944630638, 37.595997767074316 ], [ 26.48883938420061, 37.596055304138808 ], [ 26.488818802749499, 37.596085170308562 ], [ 26.48881037877776, 37.596109872977209 ], [ 26.488789552471104, 37.5961323848028 ], [ 26.488805607295163, 37.596151666016027 ], [ 26.488811449977931, 37.596179010959908 ], [ 26.488794854609843, 37.596198981234366 ], [ 26.488796096775932, 37.596236232700967 ], [ 26.48880407612107, 37.596253722376503 ], [ 26.48880719504421, 37.596273276574074 ], [ 26.488836632297662, 37.596268730565285 ], [ 26.488873789198976, 37.596273833120016 ], [ 26.488886502014868, 37.59628533772068 ], [ 26.488879633277538, 37.596301178964154 ], [ 26.488865828660607, 37.596330900292287 ], [ 26.488866415624489, 37.59634854545574 ], [ 26.488849625192991, 37.596362634908772 ], [ 26.488838546480888, 37.59640014612777 ], [ 26.488836737101479, 37.596419805465231 ], [ 26.488867415482694, 37.596452510960326 ], [ 26.488879865911244, 37.596456172682792 ], [ 26.488889087782553, 37.596510914779365 ], [ 26.488909258470073, 37.596524222428314 ], [ 26.488899728472592, 37.596534234084899 ], [ 26.488893300674711, 37.596563309677052 ], [ 26.488921184351579, 37.59656762689 ] ] ] ] } },
{ "type": "Feature", "properties": { "datasetID": 583.0, "BIO_CLASS": "Posidonia beds (posidonion oceanicae) (Posidonia oceanica meadows (= association with Posidonia oceanica))", "fieldNotes": "Not reported", "habitat": "Posidonia beds", "AREA_SQKM": 0.00010445468, "vernacular": "Neptune grass", "FAMILY": "Posidoniaceae", "GENUS": "Posidonia", "scientific": "Posidonia oceanica", "habitatID": "EUNIS:A5.535", "nameAccord": "urn:lsid:marinespecies.org:taxname:145794", "eventDate": "2018-01-17", "verif": "Panayotidis Panayotis", "Shape_Leng": 49.015905889300001, "Shape_Area": 104.63523981, "Pres_UNEP": 1 }, "geometry": { "type": "MultiPolygon", "coordinates": [ [ [ [ 26.489148694866742, 37.596827696962379 ], [ 26.489197651492944, 37.596816854003315 ], [ 26.489200810211706, 37.596820648243849 ], [ 26.489224499626374, 37.596813221426665 ], [ 26.489208283016715, 37.5967890398815 ], [ 26.489188419902383, 37.596771065167459 ], [ 26.489187194812001, 37.596734301241753 ], [ 26.489205014967322, 37.596691006286179 ], [ 26.489196499388807, 37.596666662208811 ], [ 26.48917169684966, 37.596678643872693 ], [ 26.489177757160363, 37.596682385106064 ], [ 26.489147527318678, 37.59670019196453 ], [ 26.489108630836466, 37.596735346313885 ], [ 26.489106939879271, 37.596777075879203 ], [ 26.489132804985658, 37.596813316834876 ], [ 26.489148694866742, 37.596827696962379 ] ] ] ] } },
{ "type": "Feature", "properties": { "datasetID": 583.0, "BIO_CLASS": "Posidonia beds (posidonion oceanicae) (Posidonia oceanica meadows (= association with Posidonia oceanica))", "fieldNotes": "Not reported", "habitat": "Posidonia beds", "AREA_SQKM": 0.00178404742, "vernacular": "Neptune grass", "FAMILY": "Posidoniaceae", "GENUS": "Posidonia", "scientific": "Posidonia oceanica", "habitatID": "EUNIS:A5.535", "nameAccord": "urn:lsid:marinespecies.org:taxname:145794", "eventDate": "2018-01-17", "verif": "Panayotidis Panayotis", "Shape_Leng": 279.60231327999998, "Shape_Area": 1787.13155323, "Pres_UNEP": 1 }, "geometry": { "type": "MultiPolygon", "coordinates": [ [ [ [ 26.513904345518593, 37.596312534251034 ], [ 26.513891679672732, 37.596281940120186 ], [ 26.513886312304749, 37.596302543807411 ], [ 26.513756343311318, 37.596204523703896 ], [ 26.513449665449819, 37.596169557614388 ], [ 26.513447273833666, 37.596098462008321 ], [ 26.513348284640909, 37.596035355061304 ], [ 26.513265582840969, 37.596013401558821 ], [ 26.513204420333814, 37.59596727544789 ], [ 26.513409913852783, 37.595873964055976 ], [ 26.513533901317356, 37.595794247414325 ], [ 26.51355144407723, 37.59576331236952 ], [ 26.51354254639114, 37.595721338314775 ], [ 26.513418791087755, 37.595722590981502 ], [ 26.51336369475484, 37.595745997651349 ], [ 26.513328458665772, 37.595806036443506 ], [ 26.513244193991422, 37.59579300976533 ], [ 26.51318859941404, 37.595801605288067 ], [ 26.513097022889969, 37.595848022000617 ], [ 26.513054223056638, 37.595960099549814 ], [ 26.513048156148233, 37.596056570923025 ], [ 26.513096935369251, 37.596122231802511 ], [ 26.513211365220897, 37.596201314290354 ], [ 26.51332429954018, 37.596235964126237 ], [ 26.513428175932241, 37.596278214796044 ], [ 26.513568034811868, 37.596282646845523 ], [ 26.513680721514717, 37.596309889332225 ], [ 26.513812020030894, 37.596336735173111 ], [ 26.513904345518593, 37.596312534251034 ] ] ] ] } },
{ "type": "Feature", "properties": { "datasetID": 583.0, "BIO_CLASS": "Posidonia beds (posidonion oceanicae) (Posidonia oceanica meadows (= association with Posidonia oceanica))", "fieldNotes": "Not reported", "habitat": "Posidonia beds", "AREA_SQKM": 0.00547525051, "vernacular": "Neptune grass", "FAMILY": "Posidoniaceae", "GENUS": "Posidonia", "scientific": "Posidonia oceanica", "habitatID": "EUNIS:A5.535", "nameAccord": "urn:lsid:marinespecies.org:taxname:145794", "eventDate": "2018-01-17", "verif": "Panayotidis Panayotis", "Shape_Leng": 530.46763494499999, "Shape_Area": 5484.715621, "Pres_UNEP": 1 }, "geometry": { "type": "MultiPolygon", "coordinates": [ [ [ [ 26.511294680271099, 37.596259076683964 ], [ 26.511389843514007, 37.596101381665221 ], [ 26.511538126876335, 37.595950967794664 ], [ 26.511536431403659, 37.595900515665626 ], [ 26.511513315302018, 37.595842106726018 ], [ 26.511439060430412, 37.595835271826488 ], [ 26.511374614088478, 37.595855737656237 ], [ 26.511385827195571, 37.595874051514571 ], [ 26.511339939715992, 37.595875248527797 ], [ 26.51120842706181, 37.596057600091676 ], [ 26.511069206736895, 37.596116743204981 ], [ 26.51097345262103, 37.596208668647058 ], [ 26.510889540355386, 37.59623292609443 ], [ 26.510762542731047, 37.596235630200695 ], [ 26.510647392373471, 37.59617066364072 ], [ 26.510490660737364, 37.596129057879999 ], [ 26.51029084578472, 37.596065896152176 ], [ 26.5101470938076, 37.595990304051661 ], [ 26.51000854476073, 37.595907794037835 ], [ 26.509848125815353, 37.595918014146925 ], [ 26.509815499384445, 37.59589340690993 ], [ 26.509807192210012, 37.595895248808588 ], [ 26.509753365492429, 37.595866943643188 ], [ 26.509694252187874, 37.595838749790829 ], [ 26.509599426028657, 37.595849181913366 ], [ 26.509535030766781, 37.595821099372444 ], [ 26.509391094793035, 37.595786295896829 ], [ 26.509301268139851, 37.595788207583439 ], [ 26.509243145777365, 37.595789444349286 ], [ 26.509207287755348, 37.595823864428148 ], [ 26.509178550998353, 37.595912830328601 ], [ 26.509142411989043, 37.595938843065106 ], [ 26.509159817084356, 37.59598475185183 ], [ 26.509218789007758, 37.59600874071652 ], [ 26.509307765580477, 37.59598160516304 ], [ 26.509439862461221, 37.5959787932848 ], [ 26.509515109758883, 37.596015060596663 ], [ 26.509521523656247, 37.596048583174863 ], [ 26.509529068118294, 37.596115738774024 ], [ 26.509551474267482, 37.596153128036271 ], [ 26.509604453850471, 37.596156207588763 ], [ 26.509709708458839, 37.596141346937159 ], [ 26.509836522724292, 37.596138648132595 ], [ 26.50992677224319, 37.596149349709528 ], [ 26.509959323019913, 37.596173901323716 ], [ 26.510008433535795, 37.596219137892824 ], [ 26.510050987246888, 37.596226645961067 ], [ 26.510146238392927, 37.596228826207245 ], [ 26.510226908574776, 37.596269182852474 ], [ 26.510328718629626, 37.596309089851985 ], [ 26.510392688866055, 37.596324556532949 ], [ 26.510711700867535, 37.596376669574354 ], [ 26.510813511011978, 37.596416575712155 ], [ 26.510946314704789, 37.596434785380218 ], [ 26.510998588071296, 37.596416843384297 ], [ 26.511156257844814, 37.596388242202984 ], [ 26.511275242895895, 37.59630997855816 ], [ 26.511294680271099, 37.596259076683964 ] ] ] ] } },
{ "type": "Feature", "properties": { "datasetID": 583.0, "BIO_CLASS": "Posidonia beds (posidonion oceanicae) (Posidonia oceanica meadows (= association with Posidonia oceanica))", "fieldNotes": "Not reported", "habitat": "Posidonia beds", "AREA_SQKM": 0.00022215876, "vernacular": "Neptune grass", "FAMILY": "Posidoniaceae", "GENUS": "Posidonia", "scientific": "Posidonia oceanica", "habitatID": "EUNIS:A5.535", "nameAccord": "urn:lsid:marinespecies.org:taxname:145794", "eventDate": "2018-01-17", "verif": "Panayotidis Panayotis", "Shape_Leng": 79.201459974499997, "Shape_Area": 222.542755024, "Pres_UNEP": 1 }, "geometry": { "type": "MultiPolygon", "coordinates": [ [ [ [ 26.489381295113834, 37.597009178360366 ], [ 26.489365076301059, 37.596984997674689 ], [ 26.489347490700393, 37.5969968123934 ], [ 26.489358193432903, 37.59700966688586 ], [ 26.489346061533251, 37.597108023083472 ], [ 26.489332498125705, 37.597163492406722 ], [ 26.489319037978056, 37.597222023646388 ], [ 26.489378321487763, 37.597266756910571 ], [ 26.489377536119029, 37.597267657989512 ], [ 26.489451578543655, 37.59726827637698 ], [ 26.489490079063728, 37.597267463639071 ], [ 26.489488956822996, 37.597233765939428 ], [ 26.489468990842926, 37.597212726634048 ], [ 26.489445481459281, 37.597200960490071 ], [ 26.489429365824385, 37.597179841681253 ], [ 26.489420236286779, 37.597137115544477 ], [ 26.489407051860397, 37.597088343359253 ], [ 26.489381295113834, 37.597009178360366 ] ] ] ] } },
{ "type": "Feature", "properties": { "datasetID": 583.0, "BIO_CLASS": "Posidonia beds (posidonion oceanicae) (Posidonia oceanica meadows (= association with Posidonia oceanica))", "fieldNotes": "Not reported", "habitat": "Posidonia beds", "AREA_SQKM": 0.00448606763, "vernacular": "Neptune grass", "FAMILY": "Posidoniaceae", "GENUS": "Posidonia", "scientific": "Posidonia oceanica", "habitatID": "EUNIS:A5.535", "nameAccord": "urn:lsid:marinespecies.org:taxname:145794", "eventDate": "2018-01-17", "verif": "Panayotidis Panayotis", "Shape_Leng": 452.30509666199998, "Shape_Area": 4493.8227624700003, "Pres_UNEP": 1 }, "geometry": { "type": "MultiPolygon", "coordinates": [ [ [ [ 26.514697918711168, 37.596949269045083 ], [ 26.514748644187854, 37.59690668518688 ], [ 26.514758547325805, 37.596758254840765 ], [ 26.514829615419174, 37.596655950866243 ], [ 26.514825825281338, 37.596543384399283 ], [ 26.51484377420433, 37.596412568575111 ], [ 26.514948078470226, 37.596190978439246 ], [ 26.51491915827599, 37.595995944589184 ], [ 26.514849751624851, 37.595926279277748 ], [ 26.514765851497479, 37.595868779353808 ], [ 26.514733874574709, 37.595804245782048 ], [ 26.514730881618917, 37.595715377104753 ], [ 26.514778614441674, 37.595583926660098 ], [ 26.514788628863982, 37.595422543972958 ], [ 26.51469418195525, 37.59528928716567 ], [ 26.514505430347587, 37.595140785591916 ], [ 26.514444483320005, 37.595176033305258 ], [ 26.514433213787786, 37.595193987556449 ], [ 26.514444498686373, 37.595204194377587 ], [ 26.51452169790819, 37.595284069794126 ], [ 26.514534745308623, 37.595394956198 ], [ 26.514548790826144, 37.595535465815054 ], [ 26.514532669887604, 37.595609919035304 ], [ 26.514459707164278, 37.595655940821544 ], [ 26.51446319821871, 37.595759620623362 ], [ 26.514392231299933, 37.595864887957291 ], [ 26.514395223712533, 37.595953754934797 ], [ 26.514434698588879, 37.596019612779592 ], [ 26.514482979766125, 37.596070460704496 ], [ 26.514549376636534, 37.596106100815156 ], [ 26.514588101994462, 37.596149740171192 ], [ 26.514592091972208, 37.59626823142046 ], [ 26.514605390150503, 37.596386523974026 ], [ 26.514658659673511, 37.596585484072122 ], [ 26.514652592569089, 37.596681957516502 ], [ 26.514609796507891, 37.596794033770401 ], [ 26.514612040651915, 37.596860686079033 ], [ 26.514613787097037, 37.596912525404804 ], [ 26.514697918711168, 37.596949269045083 ] ] ] ] } },
{ "type": "Feature", "properties": { "datasetID": 583.0, "BIO_CLASS": "Posidonia beds (posidonion oceanicae) (Posidonia oceanica meadows (= association with Posidonia oceanica))", "fieldNotes": "Not reported", "habitat": "Posidonia beds", "AREA_SQKM": 6.497902e-05, "vernacular": "Neptune grass", "FAMILY": "Posidoniaceae", "GENUS": "Posidonia", "scientific": "Posidonia oceanica", "habitatID": "EUNIS:A5.535", "nameAccord": "urn:lsid:marinespecies.org:taxname:145794", "eventDate": "2018-01-17", "verif": "Panayotidis Panayotis", "Shape_Leng": 31.829461263100001, "Shape_Area": 65.091318685499999, "Pres_UNEP": 1 }, "geometry": { "type": "MultiPolygon", "coordinates": [ [ [ [ 26.478318106094374, 37.598423111371837 ], [ 26.478269419668845, 37.598389720021032 ], [ 26.478223226901179, 37.598409326550886 ], [ 26.478193666184126, 37.598459644155888 ], [ 26.47822443649358, 37.598473466967249 ], [ 26.478315636754907, 37.598453651944837 ], [ 26.478318106094374, 37.598423111371837 ] ] ] ] } },
{ "type": "Feature", "properties": { "datasetID": 583.0, "BIO_CLASS": "Posidonia beds (posidonion oceanicae) (Posidonia oceanica meadows (= association with Posidonia oceanica))", "fieldNotes": "Not reported", "habitat": "Posidonia beds", "AREA_SQKM": 0.00031178053, "vernacular": "Neptune grass", "FAMILY": "Posidoniaceae", "GENUS": "Posidonia", "scientific": "Posidonia oceanica", "habitatID": "EUNIS:A5.535", "nameAccord": "urn:lsid:marinespecies.org:taxname:145794", "eventDate": "2018-01-17", "verif": "Panayotidis Panayotis", "Shape_Leng": 70.501054198700004, "Shape_Area": 312.31933864899997, "Pres_UNEP": 1 }, "geometry": { "type": "MultiPolygon", "coordinates": [ [ [ [ 26.478003974952465, 37.598625138970725 ], [ 26.478073162385868, 37.598592625701905 ], [ 26.478117003795038, 37.598591704298315 ], [ 26.478107299710036, 37.598559805892926 ], [ 26.478121168977214, 37.598495903087603 ], [ 26.478146969400353, 37.598490297811793 ], [ 26.478115029624615, 37.598442660483123 ], [ 26.478020994324808, 37.59843221055592 ], [ 26.477906233788261, 37.598502953632668 ], [ 26.477916506321545, 37.598577280755542 ], [ 26.477948950096248, 37.598613870989986 ], [ 26.478003974952465, 37.598625138970725 ] ] ] ] } },
{ "type": "Feature", "properties": { "datasetID": 583.0, "BIO_CLASS": "Posidonia beds (posidonion oceanicae) (Posidonia oceanica meadows (= association with Posidonia oceanica))", "fieldNotes": "Not reported", "habitat": "Posidonia beds", "AREA_SQKM": 6.589887e-05, "vernacular": "Neptune grass", "FAMILY": "Posidoniaceae", "GENUS": "Posidonia", "scientific": "Posidonia oceanica", "habitatID": "EUNIS:A5.535", "nameAccord": "urn:lsid:marinespecies.org:taxname:145794", "eventDate": "2018-01-17", "verif": "Panayotidis Panayotis", "Shape_Leng": 32.847323645899998, "Shape_Area": 66.012752755099996, "Pres_UNEP": 1 }, "geometry": { "type": "MultiPolygon", "coordinates": [ [ [ [ 26.478339406372985, 37.598567650631388 ], [ 26.478310493872815, 37.598539633961551 ], [ 26.478242903121856, 37.598550595392652 ], [ 26.478272869406215, 37.598610396511702 ], [ 26.478333420719068, 37.598628207076992 ], [ 26.47832640744457, 37.598632304364166 ], [ 26.478355266437163, 37.598623970210042 ], [ 26.478366339540266, 37.598609968054539 ], [ 26.478339406372985, 37.598567650631388 ] ] ] ] } },
{ "type": "Feature", "properties": { "datasetID": 583.0, "BIO_CLASS": "Posidonia beds (posidonion oceanicae) (Posidonia oceanica meadows (= association with Posidonia oceanica))", "fieldNotes": "Not reported", "habitat": "Posidonia beds", "AREA_SQKM": 0.00397129739, "vernacular": "Neptune grass", "FAMILY": "Posidoniaceae", "GENUS": "Posidonia", "scientific": "Posidonia oceanica", "habitatID": "EUNIS:A5.535", "nameAccord": "urn:lsid:marinespecies.org:taxname:145794", "eventDate": "2018-01-17", "verif": "Panayotidis Panayotis", "Shape_Leng": 407.11462798999997, "Shape_Area": 3978.1606481600002, "Pres_UNEP": 1 }, "geometry": { "type": "MultiPolygon", "coordinates": [ [ [ [ 26.477905865320686, 37.598403358193927 ], [ 26.477975560570314, 37.598364234362258 ], [ 26.478165365380264, 37.598379077512 ], [ 26.478187139601843, 37.598322132544745 ], [ 26.478073247271837, 37.598217830361946 ], [ 26.477980518123807, 37.598153523946422 ], [ 26.477901678601711, 37.598039424788858 ], [ 26.477868066243385, 37.597977367602958 ], [ 26.477886737283029, 37.597959081819475 ], [ 26.477884301948698, 37.597953192983049 ], [ 26.477807156810773, 37.597903698848171 ], [ 26.477729618170692, 37.597907913614414 ], [ 26.477685951246492, 37.597940429421136 ], [ 26.477684173725564, 37.597962402572193 ], [ 26.477649643732487, 37.59805099486487 ], [ 26.477534112209568, 37.598135012876348 ], [ 26.477367952441622, 37.598119674149295 ], [ 26.47731194341257, 37.598095745101318 ], [ 26.477255724326092, 37.598065543814634 ], [ 26.477215896232746, 37.598053828858106 ], [ 26.477190583577496, 37.598004150947915 ], [ 26.477133949247818, 37.597961406081836 ], [ 26.477069225904483, 37.597912555070018 ], [ 26.477059678501167, 37.597862545915198 ], [ 26.477019016231363, 37.597825742916918 ], [ 26.476979605678988, 37.597826570675132 ], [ 26.476993081890438, 37.597757249251252 ], [ 26.476918563472218, 37.597735329127779 ], [ 26.476882309190355, 37.597747021980254 ], [ 26.47687629891545, 37.597803633735488 ], [ 26.476908868618036, 37.597834330577122 ], [ 26.476941438737082, 37.597865029190359 ], [ 26.477008661992176, 37.597989141744442 ], [ 26.477042895273332, 37.598070012124353 ], [ 26.477115295190025, 37.598112427500226 ], [ 26.477172344796877, 37.5981677151211 ], [ 26.477292248856447, 37.598215407155308 ], [ 26.477364025225246, 37.598239004053688 ], [ 26.47739120748076, 37.598345128733946 ], [ 26.477455309285137, 37.598375163981068 ], [ 26.477526252665633, 37.59837367365877 ], [ 26.477550733673958, 37.598398264418798 ], [ 26.477520867119672, 37.59844910058613 ], [ 26.477451586921447, 37.598500767177832 ], [ 26.477447450950063, 37.598613824169263 ], [ 26.477520267914969, 37.598668782415452 ], [ 26.47759992488502, 37.598692213285361 ], [ 26.477718371728436, 37.59869600049435 ], [ 26.477809545744197, 37.598647860451941 ], [ 26.477782240836433, 37.598481268415455 ], [ 26.477843012047124, 37.598410953803167 ], [ 26.477905865320686, 37.598403358193927 ] ] ] ] } },
{ "type": "Feature", "properties": { "datasetID": 583.0, "BIO_CLASS": "Posidonia beds (posidonion oceanicae) (Posidonia oceanica meadows (= association with Posidonia oceanica))", "fieldNotes": "Not reported", "habitat": "Posidonia beds", "AREA_SQKM": 7.490227e-05, "vernacular": "Neptune grass", "FAMILY": "Posidoniaceae", "GENUS": "Posidonia", "scientific": "Posidonia oceanica", "habitatID": "EUNIS:A5.535", "nameAccord": "urn:lsid:marinespecies.org:taxname:145794", "eventDate": "2018-01-17", "verif": "Panayotidis Panayotis", "Shape_Leng": 35.943655518600004, "Shape_Area": 75.031711478299997, "Pres_UNEP": 1 }, "geometry": { "type": "MultiPolygon", "coordinates": [ [ [ [ 26.478191434415663, 37.598710352488744 ], [ 26.478147680368892, 37.598692538382402 ], [ 26.478146443070763, 37.598688465829689 ], [ 26.478123476300215, 37.598697171905094 ], [ 26.478068861288389, 37.59869831858056 ], [ 26.478046898848707, 37.598742264169744 ], [ 26.47805552469929, 37.598766930949381 ], [ 26.478094945244688, 37.598778527570147 ], [ 26.478156124863457, 37.59873996816809 ], [ 26.478191434415663, 37.598710352488744 ] ] ] ] } },
{ "type": "Feature", "properties": { "datasetID": 583.0, "BIO_CLASS": "Posidonia beds (posidonion oceanicae) (Posidonia oceanica meadows (= association with Posidonia oceanica))", "fieldNotes": "Not reported", "habitat": "Posidonia beds", "AREA_SQKM": 0.00012912958, "vernacular": "Neptune grass", "FAMILY": "Posidoniaceae", "GENUS": "Posidonia", "scientific": "Posidonia oceanica", "habitatID": "EUNIS:A5.535", "nameAccord": "urn:lsid:marinespecies.org:taxname:145794", "eventDate": "2018-01-17", "verif": "Panayotidis Panayotis", "Shape_Leng": 44.4120040962, "Shape_Area": 129.35272936300001, "Pres_UNEP": 1 }, "geometry": { "type": "MultiPolygon", "coordinates": [ [ [ [ 26.478415925638153, 37.598705289624853 ], [ 26.478349936087383, 37.598698626009501 ], [ 26.478296558347303, 37.59873701932105 ], [ 26.478290817893058, 37.598799259612271 ], [ 26.478329848770709, 37.598832915174007 ], [ 26.478344060620081, 37.598828354971808 ], [ 26.478411335041507, 37.598807857915496 ], [ 26.47841637086713, 37.598718698130732 ], [ 26.478415925638153, 37.598705289624853 ] ] ] ] } },
{ "type": "Feature", "properties": { "datasetID": 583.0, "BIO_CLASS": "Posidonia beds (posidonion oceanicae) (Posidonia oceanica meadows (= association with Posidonia oceanica))", "fieldNotes": "Not reported", "habitat": "Posidonia beds", "AREA_SQKM": 0.00071688991, "vernacular": "Neptune grass", "FAMILY": "Posidoniaceae", "GENUS": "Posidonia", "scientific": "Posidonia oceanica", "habitatID": "EUNIS:A5.535", "nameAccord": "urn:lsid:marinespecies.org:taxname:145794", "eventDate": "2018-01-17", "verif": "Panayotidis Panayotis", "Shape_Leng": 215.809951775, "Shape_Area": 718.12878059100001, "Pres_UNEP": 1 }, "geometry": { "type": "MultiPolygon", "coordinates": [ [ [ [ 26.486907353371855, 37.598833942582068 ], [ 26.486914025976343, 37.598812220224993 ], [ 26.486913505720967, 37.59879653426232 ], [ 26.486890868603727, 37.598783278582445 ], [ 26.486878680163258, 37.598787458914067 ], [ 26.48683905642487, 37.598782408416248 ], [ 26.48682368450639, 37.598765074882515 ], [ 26.486791389652101, 37.598757907717186 ], [ 26.486783407803149, 37.5987404178207 ], [ 26.486741060238003, 37.598727576467283 ], [ 26.486732820598419, 37.598702243596016 ], [ 26.48674435723121, 37.598678456707781 ], [ 26.486779639278726, 37.598701256819055 ], [ 26.486795141611804, 37.598722510952832 ], [ 26.486830031022738, 37.598733548367882 ], [ 26.486847738732898, 37.598746910054494 ], [ 26.486872966750564, 37.598764035100174 ], [ 26.486934508797365, 37.598760774406507 ], [ 26.486989110829896, 37.598771396617458 ], [ 26.487005930485459, 37.598757286674626 ], [ 26.487001282663059, 37.598707472541868 ], [ 26.48687644243801, 37.598661053393066 ], [ 26.486841907392783, 37.598642162405994 ], [ 26.486748278733071, 37.598607350484222 ], [ 26.486704828164481, 37.598598456245057 ], [ 26.486670129541512, 37.598574660535135 ], [ 26.486614685059067, 37.59857583017871 ], [ 26.486592389640595, 37.598554227994562 ], [ 26.48658547877379, 37.598514394749898 ], [ 26.486563655027616, 37.598509608400519 ], [ 26.486539014054131, 37.59851012873272 ], [ 26.486504841324837, 37.598520659055033 ], [ 26.486505558855971, 37.598542225898846 ], [ 26.486521128428418, 37.59856544208364 ], [ 26.486506996038869, 37.598585358710103 ], [ 26.486532093920474, 37.598598564905437 ], [ 26.48655706329566, 37.59860784873139 ], [ 26.486567572303585, 37.598627246796468 ], [ 26.486546307857466, 37.59865516365263 ], [ 26.486535098221985, 37.598688753817058 ], [ 26.486540614179091, 37.598706296714035 ], [ 26.486562660830881, 37.59870190701421 ], [ 26.486583924315294, 37.598673991034907 ], [ 26.486585409233193, 37.598644529079998 ], [ 26.486615044083138, 37.598645867456526 ], [ 26.486630417093458, 37.598663200979871 ], [ 26.486636585412917, 37.598700347782945 ], [ 26.486637631397574, 37.598731718810861 ], [ 26.486628362062284, 37.598749571791132 ], [ 26.486609300308981, 37.598769594446189 ], [ 26.486629797249179, 37.598792705530919 ], [ 26.486653981941632, 37.598778461307106 ], [ 26.486705664834098, 37.598775410866551 ], [ 26.486740098669323, 37.598772722627238 ], [ 26.48674794892743, 37.598786291919659 ], [ 26.486736345159137, 37.598808117633737 ], [ 26.486714559765744, 37.598820350317681 ], [ 26.486678445390453, 37.598846616976637 ], [ 26.486686229661977, 37.598858225086524 ], [ 26.486718329263695, 37.598859510459441 ], [ 26.486747376785775, 37.598843201683501 ], [ 26.486788613705269, 37.598822711693032 ], [ 26.486806451874234, 37.598839993993593 ], [ 26.486812294580172, 37.598867338424945 ], [ 26.486859179318344, 37.598868312834782 ], [ 26.486876168061016, 37.598860106766345 ], [ 26.486890234189314, 37.59883822804148 ], [ 26.486907353371855, 37.598833942582068 ] ] ] ] } },
{ "type": "Feature", "properties": { "datasetID": 583.0, "BIO_CLASS": "Posidonia beds (posidonion oceanicae) (Posidonia oceanica meadows (= association with Posidonia oceanica))", "fieldNotes": "Not reported", "habitat": "Posidonia beds", "AREA_SQKM": 0.00057699925, "vernacular": "Neptune grass", "FAMILY": "Posidoniaceae", "GENUS": "Posidonia", "scientific": "Posidonia oceanica", "habitatID": "EUNIS:A5.535", "nameAccord": "urn:lsid:marinespecies.org:taxname:145794", "eventDate": "2018-01-17", "verif": "Panayotidis Panayotis", "Shape_Leng": 142.356834456, "Shape_Area": 577.99633261500003, "Pres_UNEP": 1 }, "geometry": { "type": "MultiPolygon", "coordinates": [ [ [ [ 26.487221706442234, 37.59900271872521 ], [ 26.487205623308409, 37.598993640717225 ], [ 26.487197266328302, 37.598979690657323 ], [ 26.487183206872107, 37.59897213831384 ], [ 26.487182684452534, 37.598956453221952 ], [ 26.487170334231667, 37.598941017255221 ], [ 26.487147970389877, 37.598921083808108 ], [ 26.48713561807179, 37.598905648727587 ], [ 26.487111335521153, 37.598887326638341 ], [ 26.487102352189662, 37.598854553601747 ], [ 26.487092234787241, 37.598846919105213 ], [ 26.487042742437843, 37.598841683971557 ], [ 26.487047507203368, 37.598807052231848 ], [ 26.487080498611071, 37.598790659535574 ], [ 26.487079909469838, 37.598773015038141 ], [ 26.487049804255054, 37.598767248972571 ], [ 26.487031720881848, 37.598792080954439 ], [ 26.486995215042722, 37.59880658490399 ], [ 26.486981800800706, 37.598848070198642 ], [ 26.486952557430516, 37.598858494528741 ], [ 26.486940889450185, 37.598878361713261 ], [ 26.486948935040424, 37.598897812809874 ], [ 26.486993290054851, 37.598896878153596 ], [ 26.487001204814632, 37.598912406875769 ], [ 26.486988949414563, 37.598914626905405 ], [ 26.486979616646416, 37.598930519597261 ], [ 26.486975469389829, 37.598954151917546 ], [ 26.487001418650824, 37.598992843873951 ], [ 26.487034237348546, 37.599015697026545 ], [ 26.487056611332495, 37.599021111498729 ], [ 26.487075735555134, 37.599003050007241 ], [ 26.487088253221888, 37.599008672082462 ], [ 26.487099154173041, 37.599039833788972 ], [ 26.487114853710434, 37.599066972411279 ], [ 26.487117709222268, 37.599078683894085 ], [ 26.487120762154216, 37.599096276297004 ], [ 26.487165836335517, 37.599116909429569 ], [ 26.487178482376084, 37.599126453005027 ], [ 26.487179396597529, 37.599153901719333 ], [ 26.48717252780574, 37.599169743192057 ], [ 26.487165786975439, 37.599189504397451 ], [ 26.487171236912303, 37.599205085264273 ], [ 26.487188812962927, 37.599214525483909 ], [ 26.48723070645482, 37.599213642064477 ], [ 26.487257616189165, 37.599207188685753 ], [ 26.487261246672141, 37.599205150637282 ], [ 26.487285749229585, 37.599163430278352 ], [ 26.487289698009814, 37.599133917895799 ], [ 26.48727931827538, 37.59911844127798 ], [ 26.48727620102785, 37.599098885032902 ], [ 26.487273341207544, 37.599072263206139 ], [ 26.487250505892902, 37.599038211832244 ], [ 26.487245990398474, 37.599021041708511 ], [ 26.487226224432451, 37.599019889730727 ], [ 26.487221706442234, 37.59900271872521 ] ] ] ] } },
{ "type": "Feature", "properties": { "datasetID": 583.0, "BIO_CLASS": "Posidonia beds (posidonion oceanicae) (Posidonia oceanica meadows (= association with Posidonia oceanica))", "fieldNotes": "Not reported", "habitat": "Posidonia beds", "AREA_SQKM": 0.0005216694, "vernacular": "Neptune grass", "FAMILY": "Posidoniaceae", "GENUS": "Posidonia", "scientific": "Posidonia oceanica", "habitatID": "EUNIS:A5.535", "nameAccord": "urn:lsid:marinespecies.org:taxname:145794", "eventDate": "2018-01-17", "verif": "Panayotidis Panayotis", "Shape_Leng": 122.42212567, "Shape_Area": 522.57073234999996, "Pres_UNEP": 1 }, "geometry": { "type": "MultiPolygon", "coordinates": [ [ [ [ 26.515731104764907, 37.600125228726036 ], [ 26.515748978903815, 37.600124846203684 ], [ 26.51581694135357, 37.60012339738909 ], [ 26.515822403019339, 37.600108207806628 ], [ 26.515869750486765, 37.600073418596267 ], [ 26.515883548090354, 37.599942832782446 ], [ 26.515912225783357, 37.599893965380588 ], [ 26.515960060820859, 37.599873641364894 ], [ 26.515955025111388, 37.59972415575826 ], [ 26.515970268905438, 37.599712485758126 ], [ 26.515943418020594, 37.599703312308129 ], [ 26.51589656175511, 37.599728027795578 ], [ 26.515849864313854, 37.599757481077383 ], [ 26.515804763231628, 37.599834332607941 ], [ 26.515789607453492, 37.59991528678249 ], [ 26.515738867875353, 37.600001742948002 ], [ 26.515699084842971, 37.600059507331103 ], [ 26.515700362405216, 37.600097424741044 ], [ 26.515731104764907, 37.600125228726036 ] ] ] ] } },
{ "type": "Feature", "properties": { "datasetID": 583.0, "BIO_CLASS": "Posidonia beds (posidonion oceanicae) (Posidonia oceanica meadows (= association with Posidonia oceanica))", "fieldNotes": "Not reported", "habitat": "Posidonia beds", "AREA_SQKM": 0.01102442613, "vernacular": "Neptune grass", "FAMILY": "Posidoniaceae", "GENUS": "Posidonia", "scientific": "Posidonia oceanica", "habitatID": "EUNIS:A5.535", "nameAccord": "urn:lsid:marinespecies.org:taxname:145794", "eventDate": "2018-01-17", "verif": "Panayotidis Panayotis", "Shape_Leng": 775.50112455099998, "Shape_Area": 11043.4802482, "Pres_UNEP": 1 }, "geometry": { "type": "MultiPolygon", "coordinates": [ [ [ [ 26.517381059228978, 37.598599521621445 ], [ 26.517455802420354, 37.59856776544477 ], [ 26.517531761519599, 37.598572178110338 ], [ 26.517591351160359, 37.598540745268487 ], [ 26.517566591035532, 37.598480953004596 ], [ 26.517556170336054, 37.598396728127305 ], [ 26.517562527351128, 37.598360401190781 ], [ 26.517638284163997, 37.598358783656742 ], [ 26.517676569633192, 37.598370029537627 ], [ 26.517663808511397, 37.598132037504428 ], [ 26.517675895059547, 37.598136058807661 ], [ 26.517657668607562, 37.59810153496786 ], [ 26.517729732002923, 37.598028852940388 ], [ 26.517809039030027, 37.597950085101957 ], [ 26.517874256451151, 37.597895333773714 ], [ 26.517909887762784, 37.597847144454697 ], [ 26.517916736502091, 37.597829211165106 ], [ 26.517842275174054, 37.59783079954218 ], [ 26.517666167085387, 37.597911633637686 ], [ 26.517615643739937, 37.597960140118005 ], [ 26.517534335088058, 37.597979663564502 ], [ 26.517452231014332, 37.597975487667071 ], [ 26.517414002182846, 37.597946658340241 ], [ 26.517412005401422, 37.597887413971911 ], [ 26.517455880810203, 37.597862761436311 ], [ 26.517515050531795, 37.597849641864457 ], [ 26.517646481402775, 37.597769762763711 ], [ 26.517695807878187, 37.597685706036955 ], [ 26.517722195115748, 37.59758435213525 ], [ 26.51777996476849, 37.597529761689017 ], [ 26.517832087226537, 37.597528650356814 ], [ 26.517936330003508, 37.597526423275319 ], [ 26.517995898302701, 37.597525152928988 ], [ 26.518061912917652, 37.597494099236805 ], [ 26.51803093229973, 37.597459188574533 ], [ 26.51802893504135, 37.597399942585064 ], [ 26.518050672205081, 37.597381692191313 ], [ 26.518116887391411, 37.597356563559991 ], [ 26.51819134592251, 37.597354974303308 ], [ 26.518236022271779, 37.597354021102689 ], [ 26.518265005748155, 37.597329686661404 ], [ 26.518256162008818, 37.597288373949695 ], [ 26.518143872875285, 37.597272984933703 ], [ 26.518000402666335, 37.597216760263947 ], [ 26.517865977540815, 37.597207771562346 ], [ 26.51766493621664, 37.59721206228717 ], [ 26.517545001972259, 37.597190907257414 ], [ 26.517484435114834, 37.59716255596971 ], [ 26.517468345129721, 37.597127326454753 ], [ 26.517480840308565, 37.597055914244443 ], [ 26.51752311990937, 37.596983866005004 ], [ 26.517566196832565, 37.596935516127054 ], [ 26.517564600058169, 37.596888120342705 ], [ 26.517548708236937, 37.596858815016631 ], [ 26.517511480174083, 37.596859609201253 ], [ 26.517402388648449, 37.596939012661046 ], [ 26.517271356683686, 37.597030740600722 ], [ 26.517204941062865, 37.597049945044766 ], [ 26.517080955886321, 37.597129663958206 ], [ 26.516919343224981, 37.597198330555578 ], [ 26.516815700060057, 37.597218327435144 ], [ 26.516676222954356, 37.597280591985069 ], [ 26.516589465740232, 37.597359517688041 ], [ 26.51655443188162, 37.597425481125939 ], [ 26.516555430624596, 37.597455103680538 ], [ 26.516592490833798, 37.597559846284675 ], [ 26.516594089773296, 37.59760724222965 ], [ 26.516653975148749, 37.597615450012952 ], [ 26.516713543112015, 37.597614177899231 ], [ 26.516804014420853, 37.597645450696376 ], [ 26.516852946715332, 37.597682349953175 ], [ 26.516925066157562, 37.597699784101252 ], [ 26.517056115461198, 37.597696987216672 ], [ 26.517121001932004, 37.597676629856544 ], [ 26.517180730675829, 37.597680099017651 ], [ 26.51721211101756, 37.597726858934166 ], [ 26.517225143034469, 37.597759781081074 ], [ 26.517149781551417, 37.597823050241878 ], [ 26.517062186727586, 37.597877091285724 ], [ 26.517051710761031, 37.597920003982281 ], [ 26.517065063734552, 37.597962406074892 ], [ 26.517137983531143, 37.598003535176915 ], [ 26.517210422850678, 37.59803044838673 ], [ 26.517259357081148, 37.59806734948198 ], [ 26.517296374749062, 37.598104504124123 ], [ 26.517303929294702, 37.598151772104202 ], [ 26.517307923610169, 37.598270263666841 ], [ 26.51731095854889, 37.598360315499683 ], [ 26.517284369580857, 37.598455744726728 ], [ 26.517255864123143, 37.598494295239277 ], [ 26.517209168017754, 37.598523751871433 ], [ 26.517174865480765, 37.598567170022264 ], [ 26.517122209948852, 37.598596751226978 ], [ 26.517119265064522, 37.59867845580046 ], [ 26.517217239089739, 37.598687466654269 ], [ 26.517337839499465, 37.598666797346176 ], [ 26.517381059228978, 37.598599521621445 ] ] ] ] } },
{ "type": "Feature", "properties": { "datasetID": 583.0, "BIO_CLASS": "Posidonia beds (posidonion oceanicae) (Posidonia oceanica meadows (= association with Posidonia oceanica))", "fieldNotes": "Not reported", "habitat": "Posidonia beds", "AREA_SQKM": 0.00075134051, "vernacular": "Neptune grass", "FAMILY": "Posidoniaceae", "GENUS": "Posidonia", "scientific": "Posidonia oceanica", "habitatID": "EUNIS:A5.535", "nameAccord": "urn:lsid:marinespecies.org:taxname:145794", "eventDate": "2018-01-17", "verif": "Panayotidis Panayotis", "Shape_Leng": 195.20167466199999, "Shape_Area": 752.63890033799998, "Pres_UNEP": 1 }, "geometry": { "type": "MultiPolygon", "coordinates": [ [ [ [ 26.486698691210307, 37.599062109191394 ], [ 26.486693245124222, 37.598991101773095 ], [ 26.486704747971924, 37.598966333372452 ], [ 26.48674146729843, 37.598958202390456 ], [ 26.486760437321834, 37.598972517300645 ], [ 26.486794728588915, 37.598984058278091 ], [ 26.48683907511187, 37.599019909166252 ], [ 26.486879199341647, 37.599021516987989 ], [ 26.486903434193035, 37.599008742756098 ], [ 26.486918019610012, 37.598983910747123 ], [ 26.48692595464388, 37.598944502340252 ], [ 26.486909653890653, 37.598917869049856 ], [ 26.486878689747133, 37.598913617158615 ], [ 26.486829406092898, 37.598914656058312 ], [ 26.486789116535046, 37.598908146150649 ], [ 26.48676374105602, 37.59888660930325 ], [ 26.48673852710024, 37.598869972777095 ], [ 26.486720209892656, 37.598875263566867 ], [ 26.486702463280601, 37.598897711216985 ], [ 26.486650425629435, 37.598908618779411 ], [ 26.486649935510762, 37.598893913403089 ], [ 26.48664328596022, 37.59887934054057 ], [ 26.486615237546086, 37.598870121191375 ], [ 26.486602019105447, 37.59884342253806 ], [ 26.486577132240104, 37.598836589301797 ], [ 26.486528593610377, 37.598813699949808 ], [ 26.486507633698753, 37.598878519845428 ], [ 26.4865084495015, 37.598903027626775 ], [ 26.486491009944995, 37.59891929135329 ], [ 26.486535902510937, 37.599069818786987 ], [ 26.486538680744513, 37.599070387708664 ], [ 26.486581805584837, 37.599069478670721 ], [ 26.486609200865495, 37.599059090549666 ], [ 26.48663182373609, 37.599090496971108 ], [ 26.486623071419253, 37.599105396714201 ], [ 26.486626416359691, 37.599205878575333 ], [ 26.486631946270595, 37.599279336676844 ], [ 26.486654650677142, 37.599313193739818 ], [ 26.486682783365186, 37.599324865483254 ], [ 26.486687086404309, 37.599361560982693 ], [ 26.486705649334272, 37.599363622885136 ], [ 26.486714073374866, 37.599338919811018 ], [ 26.486712277496963, 37.599285002930827 ], [ 26.486683495633891, 37.599253726341281 ], [ 26.486681373672365, 37.599190005296549 ], [ 26.486702037530357, 37.599162591914002 ], [ 26.486704219167596, 37.599135569006485 ], [ 26.486698691210307, 37.599062109191394 ] ] ] ] } },
{ "type": "Feature", "properties": { "datasetID": 583.0, "BIO_CLASS": "Posidonia beds (posidonion oceanicae) (Posidonia oceanica meadows (= association with Posidonia oceanica))", "fieldNotes": "Not reported", "habitat": "Posidonia beds", "AREA_SQKM": 0.02799485508, "vernacular": "Neptune grass", "FAMILY": "Posidoniaceae", "GENUS": "Posidonia", "scientific": "Posidonia oceanica", "habitatID": "EUNIS:A5.535", "nameAccord": "urn:lsid:marinespecies.org:taxname:145794", "eventDate": "2018-01-17", "verif": "Panayotidis Panayotis", "Shape_Leng": 1167.62314219, "Shape_Area": 28043.241308799999, "Pres_UNEP": 1 }, "geometry": { "type": "MultiPolygon", "coordinates": [ [ [ [ 26.532997715545562, 37.598825648137037 ], [ 26.53321125964764, 37.598752307698035 ], [ 26.533241259614954, 37.598779283732128 ], [ 26.533246526701053, 37.598739731368937 ], [ 26.533313877677777, 37.598614874507845 ], [ 26.533489496975978, 37.598516171263199 ], [ 26.533583590813127, 37.5984761790112 ], [ 26.533661575387246, 37.598313120780489 ], [ 26.533656746937265, 37.598170828230252 ], [ 26.533640318243329, 37.598038278073432 ], [ 26.533565887480183, 37.597954438552698 ], [ 26.533455690561389, 37.597871367637147 ], [ 26.533370625892843, 37.59782572873798 ], [ 26.533201136080727, 37.597753424029165 ], [ 26.533174397397524, 37.597668559870343 ], [ 26.53314733409119, 37.597574209668501 ], [ 26.533129618962885, 37.597403713856188 ], [ 26.533126401968751, 37.597308853168855 ], [ 26.532989464598124, 37.597140917707549 ], [ 26.532817405099543, 37.596992722173134 ], [ 26.532742013263395, 37.596880422304515 ], [ 26.532608615548547, 37.596816837184413 ], [ 26.532458795653106, 37.596620697575474 ], [ 26.532499728369999, 37.596420462685685 ], [ 26.532430144322639, 37.596127671799245 ], [ 26.532356359719881, 37.596062803332593 ], [ 26.532254095568383, 37.595932095601086 ], [ 26.532192663322107, 37.595892768190787 ], [ 26.532125211414812, 37.595849587378289 ], [ 26.532058970085981, 37.595807177787002 ], [ 26.531848112447538, 37.59578132496415 ], [ 26.531657101744244, 37.59577782933426 ], [ 26.531610185969221, 37.595801622058268 ], [ 26.531574349127986, 37.59587074049859 ], [ 26.53157563585529, 37.595908686259605 ], [ 26.531653738005641, 37.595960170207576 ], [ 26.531798346790485, 37.596002633719209 ], [ 26.531733127455567, 37.596049601723728 ], [ 26.531724875500622, 37.596087750702232 ], [ 26.53177487918737, 37.596155027341183 ], [ 26.531796012875688, 37.596215329512177 ], [ 26.531798071149211, 37.596276042485457 ], [ 26.53178439807045, 37.596435819833431 ], [ 26.531864301886024, 37.596540426737569 ], [ 26.531896496494131, 37.596570734684228 ], [ 26.531895200896052, 37.596572040360698 ], [ 26.53177533643542, 37.596555627530989 ], [ 26.5316825320192, 37.596633564411853 ], [ 26.531685747564943, 37.596728425659421 ], [ 26.531723764983319, 37.596794061142596 ], [ 26.531771776199633, 37.596802523314011 ], [ 26.531841058655733, 37.596734585665715 ], [ 26.531874251311915, 37.596657928803403 ], [ 26.531925230288422, 37.596624586337263 ], [ 26.531965597428414, 37.596712926260587 ], [ 26.532062519475957, 37.596756412920513 ], [ 26.532161498598406, 37.596860610092058 ], [ 26.532231353082981, 37.596950245198613 ], [ 26.532239844518042, 37.597200681298716 ], [ 26.532202207059932, 37.597216678095606 ], [ 26.532019444672652, 37.597175034128675 ], [ 26.531882312053561, 37.597071654829449 ], [ 26.531737701799759, 37.59702919197219 ], [ 26.531717598256627, 37.596999244386531 ], [ 26.53171037562177, 37.597067751924818 ], [ 26.5317797132384, 37.597142208370798 ], [ 26.531850594657822, 37.597262196711021 ], [ 26.531873787910044, 37.59738321253122 ], [ 26.531876616627507, 37.597466690495004 ], [ 26.531754167727058, 37.597514885905511 ], [ 26.531678924511471, 37.597582952799442 ], [ 26.5316483034686, 37.597735498700004 ], [ 26.531672163316237, 37.597783625269557 ], [ 26.531739028593698, 37.597797284602322 ], [ 26.531802915241176, 37.597770130252357 ], [ 26.53189101093859, 37.597819804570172 ], [ 26.532053499201158, 37.597833506309193 ], [ 26.531966701442919, 37.597981474551688 ], [ 26.532019910443811, 37.598021584197831 ], [ 26.532022007037718, 37.598083417893761 ], [ 26.532015468323294, 37.598145438009496 ], [ 26.5319673854518, 37.598256477961499 ], [ 26.532038096845177, 37.598303087833337 ], [ 26.532099938200826, 37.598343012027328 ], [ 26.532139136655562, 37.598479681757311 ], [ 26.532390484489998, 37.598501787480373 ], [ 26.532461427411793, 37.59855526862313 ], [ 26.532565512998733, 37.598566784840543 ], [ 26.532595393400836, 37.598428634445369 ], [ 26.532678713674812, 37.59833746152718 ], [ 26.532773230927578, 37.598321683726795 ], [ 26.532973233465597, 37.598358640531359 ], [ 26.533084789086733, 37.598335618722089 ], [ 26.533153866942925, 37.598334136350836 ], [ 26.533224112125449, 37.598367004710241 ], [ 26.533227375148599, 37.598463191911485 ], [ 26.533160394813393, 37.598526509001303 ], [ 26.533022933328134, 37.598550086501682 ], [ 26.532948480610589, 37.598647942566345 ], [ 26.532997715545562, 37.598825648137037 ] ] ] ] } },
{ "type": "Feature", "properties": { "datasetID": 583.0, "BIO_CLASS": "Posidonia beds (posidonion oceanicae) (Posidonia oceanica meadows (= association with Posidonia oceanica))", "fieldNotes": "Not reported", "habitat": "Posidonia beds", "AREA_SQKM": 0.00030705302, "vernacular": "Neptune grass", "FAMILY": "Posidoniaceae", "GENUS": "Posidonia", "scientific": "Posidonia oceanica", "habitatID": "EUNIS:A5.535", "nameAccord": "urn:lsid:marinespecies.org:taxname:145794", "eventDate": "2018-01-17", "verif": "Panayotidis Panayotis", "Shape_Leng": 80.218958933099998, "Shape_Area": 307.583578332, "Pres_UNEP": 1 }, "geometry": { "type": "MultiPolygon", "coordinates": [ [ [ [ 26.516171635879697, 37.599399633717894 ], [ 26.516135254721043, 37.599381437028669 ], [ 26.51609483394374, 37.599420243913208 ], [ 26.516031704093631, 37.599492737398847 ], [ 26.516003194624506, 37.599531287229709 ], [ 26.515980806521046, 37.599574453826236 ], [ 26.515995433692112, 37.599654772714629 ], [ 26.516047104987074, 37.599653671088156 ], [ 26.51615604978576, 37.599570274361312 ], [ 26.516169845003805, 37.59943968799557 ], [ 26.516187924007884, 37.599423906573854 ], [ 26.516171635879697, 37.599399633717894 ] ] ] ] } },
{ "type": "Feature", "properties": { "datasetID": 583.0, "BIO_CLASS": "Posidonia beds (posidonion oceanicae) (Posidonia oceanica meadows (= association with Posidonia oceanica))", "fieldNotes": "Not reported", "habitat": "Posidonia beds", "AREA_SQKM": 0.00145345893, "vernacular": "Neptune grass", "FAMILY": "Posidoniaceae", "GENUS": "Posidonia", "scientific": "Posidonia oceanica", "habitatID": "EUNIS:A5.535", "nameAccord": "urn:lsid:marinespecies.org:taxname:145794", "eventDate": "2018-01-17", "verif": "Panayotidis Panayotis", "Shape_Leng": 161.52311009900001, "Shape_Area": 1455.9706023599999, "Pres_UNEP": 1 }, "geometry": { "type": "MultiPolygon", "coordinates": [ [ [ [ 26.533948792407919, 37.598856878720603 ], [ 26.533741475712983, 37.598851344991623 ], [ 26.533573655347823, 37.598899896756294 ], [ 26.533575347863081, 37.598949797512375 ], [ 26.533544495679006, 37.598965444616766 ], [ 26.533514149620562, 37.598996060363895 ], [ 26.533508313676617, 37.599007318648823 ], [ 26.533548714652316, 37.59902007786247 ], [ 26.53355081175793, 37.599081913636766 ], [ 26.533613177611706, 37.599200893402887 ], [ 26.53368792746506, 37.599303259646817 ], [ 26.533718745810919, 37.599291306093725 ], [ 26.533736037793886, 37.599245988432251 ], [ 26.533752482463118, 37.599175718603078 ], [ 26.533770790503421, 37.599160344458618 ], [ 26.533889790276049, 37.599152794758403 ], [ 26.533958273774946, 37.599136339310732 ], [ 26.534048799230245, 37.599029521606582 ], [ 26.534046938306666, 37.598974626866472 ], [ 26.534038632473997, 37.598914876875725 ], [ 26.533948792407919, 37.598856878720603 ] ] ] ] } },
{ "type": "Feature", "properties": { "datasetID": 583.0, "BIO_CLASS": "Posidonia beds (posidonion oceanicae) (Posidonia oceanica meadows (= association with Posidonia oceanica))", "fieldNotes": "Not reported", "habitat": "Posidonia beds", "AREA_SQKM": 0.00592568068, "vernacular": "Neptune grass", "FAMILY": "Posidoniaceae", "GENUS": "Posidonia", "scientific": "Posidonia oceanica", "habitatID": "EUNIS:A5.535", "nameAccord": "urn:lsid:marinespecies.org:taxname:145794", "eventDate": "2018-01-17", "verif": "Panayotidis Panayotis", "Shape_Leng": 737.03484097099999, "Shape_Area": 5935.9194722299999, "Pres_UNEP": 1 }, "geometry": { "type": "MultiPolygon", "coordinates": [ [ [ [ 26.476593371202803, 37.600678615710635 ], [ 26.476636240951873, 37.600652868263253 ], [ 26.476717381081162, 37.600651165018213 ], [ 26.476767810750378, 37.600665013601777 ], [ 26.476828414235758, 37.600609075966368 ], [ 26.476863637218283, 37.600494037197656 ], [ 26.476946163703662, 37.600392912433634 ], [ 26.477044383976761, 37.600341155239391 ], [ 26.477063850583381, 37.600212531333561 ], [ 26.477078831119037, 37.600212216834663 ], [ 26.477153862865144, 37.60021461709723 ], [ 26.477179620283543, 37.600237929771154 ], [ 26.477205510050755, 37.600265214322498 ], [ 26.47723533764572, 37.600260613449819 ], [ 26.477259118442824, 37.600224333876554 ], [ 26.477271727821314, 37.600152507108163 ], [ 26.477301026027842, 37.600132013448651 ], [ 26.477280129916071, 37.600104621137994 ], [ 26.477324807770529, 37.600095733015507 ], [ 26.477355030218284, 37.600103048644314 ], [ 26.477394978528547, 37.600102209392091 ], [ 26.477419019740811, 37.60007387535633 ], [ 26.477468031422948, 37.600045018338129 ], [ 26.477481824511855, 37.600008947292153 ], [ 26.477470520375373, 37.599969426486773 ], [ 26.477401009078555, 37.599982814759507 ], [ 26.477385237622666, 37.599959290977559 ], [ 26.477407041831874, 37.599863419315412 ], [ 26.477446329343696, 37.599842714547876 ], [ 26.477459858768508, 37.599798698924374 ], [ 26.477472992931148, 37.599742765067198 ], [ 26.477382324169351, 37.59972081557126 ], [ 26.477341585852155, 37.599697814805971 ], [ 26.477350782589259, 37.599673768072357 ], [ 26.477401112679591, 37.599684639457116 ], [ 26.477466549419386, 37.599699166440871 ], [ 26.477501108334526, 37.599686514960915 ], [ 26.477509247928538, 37.599630684495693 ], [ 26.477512399114339, 37.59957495917331 ], [ 26.477555886970283, 37.599530313730192 ], [ 26.477574279043239, 37.599482219423038 ], [ 26.477608703078431, 37.599465595214753 ], [ 26.477604916974894, 37.59944181971936 ], [ 26.477572642990083, 37.599432955479024 ], [ 26.477559814911842, 37.599407781533273 ], [ 26.477575055351608, 37.599385197778616 ], [ 26.477606380219331, 37.599365455988959 ], [ 26.477642120152407, 37.599358346224172 ], [ 26.477644849702042, 37.599320122408933 ], [ 26.477630967653493, 37.599263163036667 ], [ 26.47761456681495, 37.59925078544461 ], [ 26.477609729307872, 37.599225443672275 ], [ 26.477637269832822, 37.59921214202587 ], [ 26.477717161643369, 37.599210465295798 ], [ 26.477760784648922, 37.599200007377227 ], [ 26.47779158265822, 37.599164373777519 ], [ 26.477822063467414, 37.599119206326272 ], [ 26.477797461752893, 37.599100640393701 ], [ 26.477792518381971, 37.599072120099748 ], [ 26.477803553545446, 37.599043263227422 ], [ 26.477851384048137, 37.599039078473304 ], [ 26.477937893707463, 37.598995913760142 ], [ 26.478084849341229, 37.59896738288019 ], [ 26.478104316545942, 37.598919074039038 ], [ 26.478076277509679, 37.598921792316567 ], [ 26.477944056905088, 37.598936995942914 ], [ 26.477795408576146, 37.598927693549847 ], [ 26.477771385663218, 37.598909563160291 ], [ 26.47777712845269, 37.598847321951013 ], [ 26.477652914339227, 37.598868565499551 ], [ 26.477562176673352, 37.598957440891127 ], [ 26.477497313094954, 37.59912031236712 ], [ 26.477419755021355, 37.599230031269755 ], [ 26.477197055424529, 37.599483185002093 ], [ 26.477199033057389, 37.599542777915239 ], [ 26.477171449523532, 37.599652687870702 ], [ 26.477095085601977, 37.599798408278808 ], [ 26.477100026807669, 37.599947392157347 ], [ 26.477063071279936, 37.599963074677419 ], [ 26.47705371930666, 37.600057694577117 ], [ 26.47701348575437, 37.600162899703811 ], [ 26.476856841698911, 37.600289186037074 ], [ 26.476751190386107, 37.600352280203843 ], [ 26.476665126368275, 37.600393844446906 ], [ 26.476478863882544, 37.600427571836981 ], [ 26.476196671148333, 37.600393741086542 ], [ 26.476135571887703, 37.600434777933629 ], [ 26.476150030874649, 37.600494110522483 ], [ 26.476201282844542, 37.600532790411549 ], [ 26.47620325835204, 37.600592384523722 ], [ 26.476170128616904, 37.600610082188702 ], [ 26.476196568816718, 37.60061564158628 ], [ 26.476197511503699, 37.600607413359853 ], [ 26.476277828172929, 37.600580879672975 ], [ 26.476294249289968, 37.60051096009034 ], [ 26.476388367837249, 37.600523893435522 ], [ 26.476469675299178, 37.600527155041497 ], [ 26.476552135153209, 37.600565181202185 ], [ 26.476572343331185, 37.600609484109199 ], [ 26.476573494200537, 37.600644246910882 ], [ 26.476593371202803, 37.600678615710635 ] ] ] ] } },
{ "type": "Feature", "properties": { "datasetID": 583.0, "BIO_CLASS": "Posidonia beds (posidonion oceanicae) (Posidonia oceanica meadows (= association with Posidonia oceanica))", "fieldNotes": "Not reported", "habitat": "Posidonia beds", "AREA_SQKM": 0.0006229955, "vernacular": "Neptune grass", "FAMILY": "Posidoniaceae", "GENUS": "Posidonia", "scientific": "Posidonia oceanica", "habitatID": "EUNIS:A5.535", "nameAccord": "urn:lsid:marinespecies.org:taxname:145794", "eventDate": "2018-01-17", "verif": "Panayotidis Panayotis", "Shape_Leng": 165.41834112000001, "Shape_Area": 624.07182782699999, "Pres_UNEP": 1 }, "geometry": { "type": "MultiPolygon", "coordinates": [ [ [ [ 26.475560087307933, 37.600738820314973 ], [ 26.475590471403518, 37.600713334353898 ], [ 26.475684099584338, 37.600711368730771 ], [ 26.475709630946955, 37.600719763929028 ], [ 26.475769410357589, 37.600681683849601 ], [ 26.475760472952604, 37.600660070834834 ], [ 26.475781615327055, 37.600591296143776 ], [ 26.475843002106846, 37.600558948636376 ], [ 26.475865174927495, 37.600521211356892 ], [ 26.475809324373255, 37.600485111071272 ], [ 26.475679159860992, 37.600562386928239 ], [ 26.475643028762505, 37.600650112858908 ], [ 26.475589033055623, 37.600669880395941 ], [ 26.475464609431359, 37.600684915422001 ], [ 26.475412466602339, 37.600760552601002 ], [ 26.475407749178995, 37.600853831839643 ], [ 26.475402828907914, 37.600940902396403 ], [ 26.475420079493883, 37.600990236505986 ], [ 26.475458883344867, 37.600983209725122 ], [ 26.475500124738328, 37.600924449450524 ], [ 26.475531761783159, 37.600826381122957 ], [ 26.475560087307933, 37.600738820314973 ] ] ] ] } },
{ "type": "Feature", "properties": { "datasetID": 583.0, "BIO_CLASS": "Posidonia beds (posidonion oceanicae) (Posidonia oceanica meadows (= association with Posidonia oceanica))", "fieldNotes": "Not reported", "habitat": "Posidonia beds", "AREA_SQKM": 0.00105384849, "vernacular": "Neptune grass", "FAMILY": "Posidoniaceae", "GENUS": "Posidonia", "scientific": "Posidonia oceanica", "habitatID": "EUNIS:A5.535", "nameAccord": "urn:lsid:marinespecies.org:taxname:145794", "eventDate": "2018-01-17", "verif": "Panayotidis Panayotis", "Shape_Leng": 136.406451078, "Shape_Area": 1055.66941036, "Pres_UNEP": 1 }, "geometry": { "type": "MultiPolygon", "coordinates": [ [ [ [ 26.534095390302777, 37.599847537105262 ], [ 26.53412132958238, 37.599687172181973 ], [ 26.534125062804097, 37.599612182076974 ], [ 26.534042508938953, 37.599583992992429 ], [ 26.533978772664238, 37.599555397538218 ], [ 26.533853160127599, 37.599553101527306 ], [ 26.533773657098244, 37.599614737814768 ], [ 26.533775856048109, 37.599679611861028 ], [ 26.53375313956764, 37.59975001614896 ], [ 26.533730665097565, 37.599768890456652 ], [ 26.533729847319979, 37.599774209539881 ], [ 26.533710588734962, 37.599843377953725 ], [ 26.533722839601808, 37.599886087005402 ], [ 26.533782709904205, 37.599892710023248 ], [ 26.533801615736138, 37.599883813076069 ], [ 26.533938078861841, 37.599835936004922 ], [ 26.533982491424212, 37.599849963866269 ], [ 26.534021309746588, 37.599884087820271 ], [ 26.534065723494653, 37.599898115684979 ], [ 26.534090473086465, 37.599887596774003 ], [ 26.534095390302777, 37.599847537105262 ] ] ] ] } },
{ "type": "Feature", "properties": { "datasetID": 583.0, "BIO_CLASS": "Posidonia beds (posidonion oceanicae) (Posidonia oceanica meadows (= association with Posidonia oceanica))", "fieldNotes": "Not reported", "habitat": "Posidonia beds", "AREA_SQKM": 0.00025711465, "vernacular": "Neptune grass", "FAMILY": "Posidoniaceae", "GENUS": "Posidonia", "scientific": "Posidonia oceanica", "habitatID": "EUNIS:A5.535", "nameAccord": "urn:lsid:marinespecies.org:taxname:145794", "eventDate": "2018-01-17", "verif": "Panayotidis Panayotis", "Shape_Leng": 85.259381870599995, "Shape_Area": 257.558817197, "Pres_UNEP": 1 }, "geometry": { "type": "MultiPolygon", "coordinates": [ [ [ [ 26.475378723228772, 37.601169626224049 ], [ 26.475375176306251, 37.601062586567188 ], [ 26.475399392260087, 37.601065986880229 ], [ 26.475386947847984, 37.601048545368577 ], [ 26.475341085182755, 37.601049506537841 ], [ 26.475246411007326, 37.601116412937969 ], [ 26.475202697472753, 37.601182247762253 ], [ 26.475223888167935, 37.60120614714635 ], [ 26.475310655584977, 37.601208383103305 ], [ 26.475341768115427, 37.601223960595142 ], [ 26.475348476747911, 37.601272508523778 ], [ 26.47536524335127, 37.60131678596948 ], [ 26.475378252192048, 37.601320360322354 ], [ 26.475414778872764, 37.601272739982008 ], [ 26.475378723228772, 37.601169626224049 ] ] ] ] } },
{ "type": "Feature", "properties": { "datasetID": 583.0, "BIO_CLASS": "Posidonia beds (posidonion oceanicae) (Posidonia oceanica meadows (= association with Posidonia oceanica))", "fieldNotes": "Not reported", "habitat": "Posidonia beds", "AREA_SQKM": 0.00286655446, "vernacular": "Neptune grass", "FAMILY": "Posidoniaceae", "GENUS": "Posidonia", "scientific": "Posidonia oceanica", "habitatID": "EUNIS:A5.535", "nameAccord": "urn:lsid:marinespecies.org:taxname:145794", "eventDate": "2018-01-17", "verif": "Panayotidis Panayotis", "Shape_Leng": 292.45099982, "Shape_Area": 2871.5063132199998, "Pres_UNEP": 1 }, "geometry": { "type": "MultiPolygon", "coordinates": [ [ [ [ 26.474801686972437, 37.601853633117919 ], [ 26.474791275609949, 37.60178568843773 ], [ 26.474840197601772, 37.601784661007578 ], [ 26.474911223374711, 37.601835105800049 ], [ 26.474941251204701, 37.601840413454113 ], [ 26.47494394657414, 37.601837663333072 ], [ 26.475172464593633, 37.601839361287482 ], [ 26.475185977140303, 37.60175468531672 ], [ 26.475163334406172, 37.601686996865276 ], [ 26.475158612155749, 37.601667619703079 ], [ 26.475112906591779, 37.6016426124418 ], [ 26.475156784726362, 37.601612477755253 ], [ 26.475266223493342, 37.601714050157234 ], [ 26.475284144212804, 37.601762362329893 ], [ 26.475334354455899, 37.601800258863243 ], [ 26.475363430147159, 37.601815878806285 ], [ 26.475403231243767, 37.601785831553023 ], [ 26.475409987726543, 37.601743492249433 ], [ 26.475395175569524, 37.601665901430842 ], [ 26.475360087908058, 37.601591983944651 ], [ 26.4753527852255, 37.601494761612322 ], [ 26.475393866907584, 37.601380291257804 ], [ 26.475384099665852, 37.601357549144623 ], [ 26.475273918611073, 37.601330874892298 ], [ 26.475167306707647, 37.601345284500844 ], [ 26.475067131817536, 37.601400132192495 ], [ 26.474916535407345, 37.601472265079742 ], [ 26.47477033559742, 37.601523211580947 ], [ 26.474591280604088, 37.601536705086865 ], [ 26.474465541371163, 37.601558819102067 ], [ 26.474465971306014, 37.601571791386597 ], [ 26.474499338397703, 37.601593813528872 ], [ 26.474548691243786, 37.601605762803622 ], [ 26.47454129042503, 37.601628637459847 ], [ 26.474542794913958, 37.601674049309729 ], [ 26.474567901905182, 37.601692998892197 ], [ 26.474596976107971, 37.601708617943338 ], [ 26.474634527971773, 37.601733796598495 ], [ 26.474656418343553, 37.601778780008516 ], [ 26.474698258421775, 37.601810360896813 ], [ 26.474732056806452, 37.601845355368013 ], [ 26.474801686972437, 37.601853633117919 ] ] ] ] } },
{ "type": "Feature", "properties": { "datasetID": 583.0, "BIO_CLASS": "Posidonia beds (posidonion oceanicae) (Posidonia oceanica meadows (= association with Posidonia oceanica))", "fieldNotes": "Not reported", "habitat": "Posidonia beds", "AREA_SQKM": 0.00040407084, "vernacular": "Neptune grass", "FAMILY": "Posidoniaceae", "GENUS": "Posidonia", "scientific": "Posidonia oceanica", "habitatID": "EUNIS:A5.535", "nameAccord": "urn:lsid:marinespecies.org:taxname:145794", "eventDate": "2018-01-17", "verif": "Panayotidis Panayotis", "Shape_Leng": 96.386994941699996, "Shape_Area": 404.76884074999998, "Pres_UNEP": 1 }, "geometry": { "type": "MultiPolygon", "coordinates": [ [ [ [ 26.474303029819211, 37.601948487146558 ], [ 26.474317294015446, 37.601886517079755 ], [ 26.474386924939381, 37.601894793064531 ], [ 26.474405321977969, 37.601896029868414 ], [ 26.474427046848707, 37.601874476794514 ], [ 26.474405802036635, 37.601848954466767 ], [ 26.474368465334837, 37.601830262831271 ], [ 26.474367606760115, 37.601804313812046 ], [ 26.474395498586365, 37.601784253746274 ], [ 26.474406976219466, 37.601761290729073 ], [ 26.474394100840875, 37.601742086712001 ], [ 26.474360843689869, 37.601723308510387 ], [ 26.474355796805177, 37.601694202124662 ], [ 26.474346784438666, 37.601668423625341 ], [ 26.4743130945049, 37.601636670490727 ], [ 26.474272433671921, 37.601640769607002 ], [ 26.474262029686372, 37.601696168640963 ], [ 26.474199167203807, 37.601768896184822 ], [ 26.474192516626676, 37.601814478569061 ], [ 26.474210650973763, 37.601869277801732 ], [ 26.474240771155198, 37.601914204702886 ], [ 26.474244447334065, 37.60190427405022 ], [ 26.474303029819211, 37.601948487146558 ] ] ] ] } },
{ "type": "Feature", "properties": { "datasetID": 583.0, "BIO_CLASS": "Posidonia beds (posidonion oceanicae) (Posidonia oceanica meadows (= association with Posidonia oceanica))", "fieldNotes": "Not reported", "habitat": "Posidonia beds", "AREA_SQKM": 0.00020076383, "vernacular": "Neptune grass", "FAMILY": "Posidoniaceae", "GENUS": "Posidonia", "scientific": "Posidonia oceanica", "habitatID": "EUNIS:A5.535", "nameAccord": "urn:lsid:marinespecies.org:taxname:145794", "eventDate": "2018-01-17", "verif": "Panayotidis Panayotis", "Shape_Leng": 85.445569668800005, "Shape_Area": 201.11062532599999, "Pres_UNEP": 1 }, "geometry": { "type": "MultiPolygon", "coordinates": [ [ [ [ 26.474822023603458, 37.60195488054076 ], [ 26.474831945157206, 37.601904932206189 ], [ 26.474713394071323, 37.601897681884836 ], [ 26.474631857078261, 37.601899393091493 ], [ 26.474497428701582, 37.601905457848126 ], [ 26.474492001793923, 37.601906879289253 ], [ 26.474410100815259, 37.601978699626088 ], [ 26.474462994143057, 37.601974344307628 ], [ 26.474527255262441, 37.601943782873143 ], [ 26.474719405358911, 37.601955982180073 ], [ 26.47477304965971, 37.601974331939331 ], [ 26.474822023603458, 37.60195488054076 ] ] ] ] } },
{ "type": "Feature", "properties": { "datasetID": 583.0, "BIO_CLASS": "Posidonia beds (posidonion oceanicae) (Posidonia oceanica meadows (= association with Posidonia oceanica))", "fieldNotes": "Not reported", "habitat": "Posidonia beds", "AREA_SQKM": 0.00024162944, "vernacular": "Neptune grass", "FAMILY": "Posidoniaceae", "GENUS": "Posidonia", "scientific": "Posidonia oceanica", "habitatID": "EUNIS:A5.535", "nameAccord": "urn:lsid:marinespecies.org:taxname:145794", "eventDate": "2018-01-17", "verif": "Panayotidis Panayotis", "Shape_Leng": 86.501719578700005, "Shape_Area": 242.04682115899999, "Pres_UNEP": 1 }, "geometry": { "type": "MultiPolygon", "coordinates": [ [ [ [ 26.474203256342712, 37.602015497211703 ], [ 26.474217293320088, 37.601977594453118 ], [ 26.474205400469685, 37.601957027280108 ], [ 26.474188123478026, 37.6019281770552 ], [ 26.47417954045941, 37.601915373482726 ], [ 26.474150681007693, 37.601906239685192 ], [ 26.474106696245922, 37.60193313133923 ], [ 26.474095324505409, 37.601959335687049 ], [ 26.474092430410288, 37.601995099653742 ], [ 26.474072044757865, 37.601995529001599 ], [ 26.474001770986625, 37.601967788361314 ], [ 26.473960681076711, 37.601958914290279 ], [ 26.473939865684624, 37.601946366911029 ], [ 26.473924204813358, 37.60196616991454 ], [ 26.473941693649159, 37.602001508068291 ], [ 26.473941797347905, 37.60200230139008 ], [ 26.473945770093223, 37.602001423258827 ], [ 26.473983323315856, 37.602026602834606 ], [ 26.473972056734091, 37.602056050273944 ], [ 26.473973131981687, 37.602088488135685 ], [ 26.474010039559669, 37.602094205709079 ], [ 26.473992873508259, 37.602068598543575 ], [ 26.474045442888738, 37.602054512218622 ], [ 26.474171178422434, 37.602032399914975 ], [ 26.474203256342712, 37.602015497211703 ] ] ] ] } },
{ "type": "Feature", "properties": { "datasetID": 583.0, "BIO_CLASS": "Posidonia beds (posidonion oceanicae) (Posidonia oceanica meadows (= association with Posidonia oceanica))", "fieldNotes": "Not reported", "habitat": "Posidonia beds", "AREA_SQKM": 0.00039200351, "vernacular": "Neptune grass", "FAMILY": "Posidoniaceae", "GENUS": "Posidonia", "scientific": "Posidonia oceanica", "habitatID": "EUNIS:A5.535", "nameAccord": "urn:lsid:marinespecies.org:taxname:145794", "eventDate": "2018-01-17", "verif": "Panayotidis Panayotis", "Shape_Leng": 118.568014115, "Shape_Area": 392.68063279, "Pres_UNEP": 1 }, "geometry": { "type": "MultiPolygon", "coordinates": [ [ [ [ 26.473698156599035, 37.602039075127479 ], [ 26.473767033697545, 37.602024647799851 ], [ 26.473811735473863, 37.602043744065568 ], [ 26.473827003613405, 37.601987685010897 ], [ 26.473895522820637, 37.602011603927608 ], [ 26.473891589836402, 37.601966853690712 ], [ 26.473886545309302, 37.601937747269204 ], [ 26.473869056515987, 37.601902409126836 ], [ 26.473856179839391, 37.60188320421269 ], [ 26.473815626388145, 37.601890546410431 ], [ 26.473772070688348, 37.601930412137264 ], [ 26.473590975546138, 37.60200561779353 ], [ 26.473543666686101, 37.602055296706702 ], [ 26.473487880780961, 37.602095418661989 ], [ 26.473473076169256, 37.602141171623778 ], [ 26.473465674245077, 37.60216404722523 ], [ 26.473482090582575, 37.602166949301221 ], [ 26.473502473396135, 37.602166522603255 ], [ 26.473526182433645, 37.602143303346288 ], [ 26.473570384246869, 37.602122901357852 ], [ 26.473598493684033, 37.602109328303264 ], [ 26.473638723045653, 37.602092254207591 ], [ 26.473670800289877, 37.602075353266045 ], [ 26.473698156599035, 37.602039075127479 ] ] ] ] } },
{ "type": "Feature", "properties": { "datasetID": 583.0, "BIO_CLASS": "Posidonia beds (posidonion oceanicae) (Posidonia oceanica meadows (= association with Posidonia oceanica))", "fieldNotes": "Not reported", "habitat": "Posidonia beds", "AREA_SQKM": 0.00034797385, "vernacular": "Neptune grass", "FAMILY": "Posidoniaceae", "GENUS": "Posidonia", "scientific": "Posidonia oceanica", "habitatID": "EUNIS:A5.535", "nameAccord": "urn:lsid:marinespecies.org:taxname:145794", "eventDate": "2018-01-17", "verif": "Panayotidis Panayotis", "Shape_Leng": 126.319940149, "Shape_Area": 348.57490735200003, "Pres_UNEP": 1 }, "geometry": { "type": "MultiPolygon", "coordinates": [ [ [ [ 26.473792575395333, 37.602179914557823 ], [ 26.473887411681883, 37.602087039306916 ], [ 26.473882152924787, 37.602051444942646 ], [ 26.473786993413718, 37.602134587401551 ], [ 26.473794518733786, 37.60210696600511 ], [ 26.473690761512813, 37.602185294662711 ], [ 26.473613839492998, 37.602203137352937 ], [ 26.473528222565186, 37.602204934255184 ], [ 26.473479624921168, 37.602215690049185 ], [ 26.473463853045629, 37.602232249997591 ], [ 26.473461173014609, 37.602274501945722 ], [ 26.473458493191281, 37.602316754786308 ], [ 26.473463537908209, 37.602345862146898 ], [ 26.47347233607136, 37.602365152798924 ], [ 26.473525550310136, 37.602370529374973 ], [ 26.473565568238485, 37.602346969088842 ], [ 26.473628004056405, 37.602261266351995 ], [ 26.473704175266818, 37.602220718548487 ], [ 26.473776591472099, 37.602189985690124 ], [ 26.473789396318335, 37.60218766756276 ], [ 26.473792575395333, 37.602179914557823 ] ] ] ] } },
{ "type": "Feature", "properties": { "datasetID": 583.0, "BIO_CLASS": "Posidonia beds (posidonion oceanicae) (Posidonia oceanica meadows (= association with Posidonia oceanica))", "fieldNotes": "Not reported", "habitat": "Posidonia beds", "AREA_SQKM": 0.00225590947, "vernacular": "Neptune grass", "FAMILY": "Posidoniaceae", "GENUS": "Posidonia", "scientific": "Posidonia oceanica", "habitatID": "EUNIS:A5.535", "nameAccord": "urn:lsid:marinespecies.org:taxname:145794", "eventDate": "2018-01-17", "verif": "Panayotidis Panayotis", "Shape_Leng": 296.49511674000001, "Shape_Area": 2259.8069392299999, "Pres_UNEP": 1 }, "geometry": { "type": "MultiPolygon", "coordinates": [ [ [ [ 26.533847887916863, 37.600137515365851 ], [ 26.533786899263031, 37.600133444550309 ], [ 26.533786718537922, 37.600176921359683 ], [ 26.533643180796908, 37.600403457829565 ], [ 26.533538737038555, 37.600508833640895 ], [ 26.533467842701064, 37.600647867145071 ], [ 26.533429908329822, 37.600803378416991 ], [ 26.533345306032079, 37.600856763003989 ], [ 26.533238530910815, 37.600893433167769 ], [ 26.533218399685182, 37.600936837702847 ], [ 26.533219565397893, 37.600971188884813 ], [ 26.533232400977425, 37.601031075543304 ], [ 26.533266237675619, 37.601073319284488 ], [ 26.533334790359103, 37.601183573742254 ], [ 26.533332698876638, 37.601189054530835 ], [ 26.533348324560524, 37.601193991127737 ], [ 26.533398908746769, 37.601204889982164 ], [ 26.533472281476847, 37.60114738057591 ], [ 26.533585780640571, 37.600922210800746 ], [ 26.53358290312412, 37.600837373554789 ], [ 26.533623762327046, 37.600746604137804 ], [ 26.533676485127359, 37.600635602544841 ], [ 26.533798034649468, 37.600518129924104 ], [ 26.533858046749831, 37.60043693697861 ], [ 26.533890937546428, 37.600296397384156 ], [ 26.533901280006361, 37.600231254575085 ], [ 26.533886704061612, 37.600171639369364 ], [ 26.533847887916863, 37.600137515365851 ] ] ] ] } },
{ "type": "Feature", "properties": { "datasetID": 583.0, "BIO_CLASS": "Posidonia beds (posidonion oceanicae) (Posidonia oceanica meadows (= association with Posidonia oceanica))", "fieldNotes": "Not reported", "habitat": "Posidonia beds", "AREA_SQKM": 0.00393885171, "vernacular": "Neptune grass", "FAMILY": "Posidoniaceae", "GENUS": "Posidonia", "scientific": "Posidonia oceanica", "habitatID": "EUNIS:A5.535", "nameAccord": "urn:lsid:marinespecies.org:taxname:145794", "eventDate": "2018-01-17", "verif": "Panayotidis Panayotis", "Shape_Leng": 399.18051738100002, "Shape_Area": 3945.6562027199998, "Pres_UNEP": 1 }, "geometry": { "type": "MultiPolygon", "coordinates": [ [ [ [ 26.515768467161948, 37.601419996066056 ], [ 26.515765929331355, 37.601114298863187 ], [ 26.515802015512772, 37.601033232003566 ], [ 26.515801619546306, 37.60080547038482 ], [ 26.515720533021515, 37.60070296555056 ], [ 26.515717323121091, 37.600463684449252 ], [ 26.51574199627748, 37.600331902221647 ], [ 26.515748441035889, 37.600313966056966 ], [ 26.515730737879291, 37.600291240851213 ], [ 26.51569999622911, 37.600263440376622 ], [ 26.515658134757292, 37.600259589531085 ], [ 26.515593407978461, 37.600284684076939 ], [ 26.515524316436903, 37.600357304208472 ], [ 26.515461346053449, 37.600434534960854 ], [ 26.51543315762849, 37.600482565892491 ], [ 26.515405288078014, 37.600540077756079 ], [ 26.515426109672788, 37.60075117323268 ], [ 26.515445939303905, 37.600773516850971 ], [ 26.515470789148566, 37.600803340443797 ], [ 26.515534275307882, 37.600847520607715 ], [ 26.515554616439925, 37.600885031792053 ], [ 26.515560786315696, 37.600926637667797 ], [ 26.515564874137109, 37.601047971109061 ], [ 26.515549663043284, 37.601148469856781 ], [ 26.51547494198763, 37.601195595447486 ], [ 26.515464936745211, 37.601238307440838 ], [ 26.515436173515852, 37.601290525135681 ], [ 26.515444820090721, 37.601320695993813 ], [ 26.515487675807655, 37.601347101682443 ], [ 26.515499728909539, 37.601365058259454 ], [ 26.515500648024773, 37.601392357984281 ], [ 26.515490027839611, 37.601416868726766 ], [ 26.515459529310959, 37.601417518047285 ], [ 26.5154050277044, 37.60138529143493 ], [ 26.515385454660695, 37.601370528451973 ], [ 26.515313015488331, 37.60137207445284 ], [ 26.515251607600721, 37.601361241846398 ], [ 26.515228629236809, 37.601358698454405 ], [ 26.515198435212938, 37.601368447976775 ], [ 26.515184002960666, 37.601393039991784 ], [ 26.515192852817929, 37.601429277374372 ], [ 26.515205822653776, 37.60147453369499 ], [ 26.515254395552077, 37.601523280456632 ], [ 26.515287298946721, 37.601549473265656 ], [ 26.515353648769295, 37.601550834630977 ], [ 26.515418499542815, 37.601603498540229 ], [ 26.515593051891564, 37.601599775765848 ], [ 26.515699549316302, 37.601563530401158 ], [ 26.515768467161948, 37.601419996066056 ] ] ] ] } },
{ "type": "Feature", "properties": { "datasetID": 583.0, "BIO_CLASS": "Posidonia beds (posidonion oceanicae) (Posidonia oceanica meadows (= association with Posidonia oceanica))", "fieldNotes": "Not reported", "habitat": "Posidonia beds", "AREA_SQKM": 0.00077364502, "vernacular": "Neptune grass", "FAMILY": "Posidoniaceae", "GENUS": "Posidonia", "scientific": "Posidonia oceanica", "habitatID": "EUNIS:A5.535", "nameAccord": "urn:lsid:marinespecies.org:taxname:145794", "eventDate": "2018-01-17", "verif": "Panayotidis Panayotis", "Shape_Leng": 111.613422559, "Shape_Area": 774.98137646299995, "Pres_UNEP": 1 }, "geometry": { "type": "MultiPolygon", "coordinates": [ [ [ [ 26.514275739653026, 37.60191817304549 ], [ 26.514259609017923, 37.601904066412388 ], [ 26.514238951523051, 37.601914051837809 ], [ 26.514211498642489, 37.601914637552859 ], [ 26.514138381527729, 37.60191862447909 ], [ 26.514089579022496, 37.601919664277965 ], [ 26.514062947141849, 37.601944515206846 ], [ 26.513986775393537, 37.601948567507613 ], [ 26.513902599819588, 37.601986787412727 ], [ 26.513888167338042, 37.602011379504482 ], [ 26.513889637214628, 37.602055060798619 ], [ 26.513902735546928, 37.602081493971511 ], [ 26.513931331057751, 37.602114884177475 ], [ 26.51396305736144, 37.602150633153812 ], [ 26.513994373457869, 37.602174248189399 ], [ 26.514059243510708, 37.602197151181009 ], [ 26.514095925917481, 37.602198797899554 ], [ 26.51414777623441, 37.602197692725206 ], [ 26.514162049344094, 37.602188362792525 ], [ 26.514173779352166, 37.602118002693473 ], [ 26.514257350125988, 37.60206371931632 ], [ 26.514275739653026, 37.60191817304549 ] ] ] ] } },
{ "type": "Feature", "properties": { "datasetID": 583.0, "BIO_CLASS": "Posidonia beds (posidonion oceanicae) (Posidonia oceanica meadows (= association with Posidonia oceanica))", "fieldNotes": "Not reported", "habitat": "Posidonia beds", "AREA_SQKM": 0.00257272552, "vernacular": "Neptune grass", "FAMILY": "Posidoniaceae", "GENUS": "Posidonia", "scientific": "Posidonia oceanica", "habitatID": "EUNIS:A5.535", "nameAccord": "urn:lsid:marinespecies.org:taxname:145794", "eventDate": "2018-01-17", "verif": "Panayotidis Panayotis", "Shape_Leng": 340.760106947, "Shape_Area": 2577.1697157200001, "Pres_UNEP": 1 }, "geometry": { "type": "MultiPolygon", "coordinates": [ [ [ [ 26.533990576087056, 37.602046111616112 ], [ 26.534238258521949, 37.602023599118617 ], [ 26.534378033056143, 37.602033647273593 ], [ 26.534375729718906, 37.602022899440435 ], [ 26.53435945653106, 37.601987291836181 ], [ 26.534303445619901, 37.601964524033868 ], [ 26.534167830592608, 37.601963442713625 ], [ 26.533817257398976, 37.601990949244168 ], [ 26.533716222547682, 37.601973144560752 ], [ 26.533615053349905, 37.601951346768026 ], [ 26.533553620662168, 37.601916708300983 ], [ 26.533429128652156, 37.601799527336759 ], [ 26.533367289020251, 37.601752912225507 ], [ 26.533345185329278, 37.601693459113228 ], [ 26.533343831001062, 37.601653536894652 ], [ 26.533350750775821, 37.601561499381965 ], [ 26.533353600904068, 37.601497514333303 ], [ 26.533339910101922, 37.601389937374471 ], [ 26.53331346515397, 37.601350552341778 ], [ 26.533267356167883, 37.6013235759577 ], [ 26.533241442289352, 37.601310620474564 ], [ 26.533168787299875, 37.601384809068684 ], [ 26.533087969772932, 37.601549836341327 ], [ 26.533091756685778, 37.601661481583555 ], [ 26.533128507891092, 37.60178960640782 ], [ 26.533229152198832, 37.601890579050732 ], [ 26.533372976548449, 37.601990622374778 ], [ 26.533441236968997, 37.60209228773099 ], [ 26.533582435763243, 37.602115037879258 ], [ 26.533755725935652, 37.602128503155349 ], [ 26.533917637982153, 37.602125025965321 ], [ 26.533990576087056, 37.602046111616112 ] ] ] ] } },
{ "type": "Feature", "properties": { "datasetID": 583.0, "BIO_CLASS": "Posidonia beds (posidonion oceanicae) (Posidonia oceanica meadows (= association with Posidonia oceanica))", "fieldNotes": "Not reported", "habitat": "Posidonia beds", "AREA_SQKM": 0.00041036617, "vernacular": "Neptune grass", "FAMILY": "Posidoniaceae", "GENUS": "Posidonia", "scientific": "Posidonia oceanica", "habitatID": "EUNIS:A5.535", "nameAccord": "urn:lsid:marinespecies.org:taxname:145794", "eventDate": "2018-01-17", "verif": "Panayotidis Panayotis", "Shape_Leng": 103.089948315, "Shape_Area": 411.07499377900001, "Pres_UNEP": 1 }, "geometry": { "type": "MultiPolygon", "coordinates": [ [ [ [ 26.513876320401639, 37.602475463600001 ], [ 26.513894294479023, 37.60246536683362 ], [ 26.513933945622192, 37.602464521387361 ], [ 26.513952968495008, 37.602457551093984 ], [ 26.51401907196529, 37.602365282631744 ], [ 26.514079887470334, 37.602326927488392 ], [ 26.514085503353719, 37.602317811340541 ], [ 26.514069265423007, 37.60231350372009 ], [ 26.514053768407926, 37.602306547566968 ], [ 26.514022779586121, 37.602292637911816 ], [ 26.514007038701596, 37.602278402270798 ], [ 26.513994184356072, 37.602259249442767 ], [ 26.513972672156619, 37.602254850829986 ], [ 26.513945792148228, 37.602272424079366 ], [ 26.51391659911215, 37.602311899405436 ], [ 26.51386011734532, 37.60235681580582 ], [ 26.513824497883917, 37.602386715612212 ], [ 26.513788876105373, 37.602416615423117 ], [ 26.51376273362651, 37.602456028054164 ], [ 26.513757775848944, 37.602490133021369 ], [ 26.513755627085882, 37.602516890472607 ], [ 26.513756686837823, 37.602548437908027 ], [ 26.513769705283419, 37.602572445235907 ], [ 26.513791218696124, 37.602576843855722 ], [ 26.513815129903687, 37.602561761864187 ], [ 26.513841517783259, 37.602529630476589 ], [ 26.51385603295066, 37.602507465997405 ], [ 26.513876320401639, 37.602475463600001 ] ] ] ] } },
{ "type": "Feature", "properties": { "datasetID": 583.0, "BIO_CLASS": "Posidonia beds (posidonion oceanicae) (Posidonia oceanica meadows (= association with Posidonia oceanica))", "fieldNotes": "Not reported", "habitat": "Posidonia beds", "AREA_SQKM": 0.0019903204, "vernacular": "Neptune grass", "FAMILY": "Posidoniaceae", "GENUS": "Posidonia", "scientific": "Posidonia oceanica", "habitatID": "EUNIS:A5.535", "nameAccord": "urn:lsid:marinespecies.org:taxname:145794", "eventDate": "2018-01-17", "verif": "Panayotidis Panayotis", "Shape_Leng": 219.22293181399999, "Shape_Area": 1993.7584078899999, "Pres_UNEP": 1 }, "geometry": { "type": "MultiPolygon", "coordinates": [ [ [ [ 26.535806761940052, 37.602167931629232 ], [ 26.535805270073336, 37.602124017084044 ], [ 26.535798354883262, 37.602068231870653 ], [ 26.535735970546206, 37.602005649548204 ], [ 26.535705184251949, 37.601986335961932 ], [ 26.535604284722254, 37.601972524390213 ], [ 26.535468533319918, 37.601967451725535 ], [ 26.535323015847748, 37.601970579073864 ], [ 26.535247206618831, 37.601956227726468 ], [ 26.535181567160389, 37.601945652166691 ], [ 26.535135729915137, 37.601926662805674 ], [ 26.535088807881802, 37.601875732986123 ], [ 26.53506778688611, 37.601848220287792 ], [ 26.535022490831853, 37.601845198069874 ], [ 26.534962549462794, 37.601854474980549 ], [ 26.534923760797959, 37.601895261235555 ], [ 26.534904775095402, 37.601927631930224 ], [ 26.534876428259441, 37.601980179326695 ], [ 26.534832758992778, 37.602025063848302 ], [ 26.534801991326145, 37.602069374149202 ], [ 26.534823187420447, 37.602071191369085 ], [ 26.534857028005259, 37.602113437098851 ], [ 26.535008437331545, 37.60211877656382 ], [ 26.53517093433722, 37.602132472416059 ], [ 26.535269542164844, 37.602173324985614 ], [ 26.535335472832106, 37.602206284975239 ], [ 26.535432035821639, 37.602187020841598 ], [ 26.53554989798274, 37.602158703292922 ], [ 26.535669217179812, 37.602173326752151 ], [ 26.535691780470351, 37.602216480672624 ], [ 26.535777602848444, 37.602196524810125 ], [ 26.535806761940052, 37.602167931629232 ] ] ] ] } },
{ "type": "Feature", "properties": { "datasetID": 583.0, "BIO_CLASS": "Posidonia beds (posidonion oceanicae) (Posidonia oceanica meadows (= association with Posidonia oceanica))", "fieldNotes": "Not reported", "habitat": "Posidonia beds", "AREA_SQKM": 0.00147266197, "vernacular": "Neptune grass", "FAMILY": "Posidoniaceae", "GENUS": "Posidonia", "scientific": "Posidonia oceanica", "habitatID": "EUNIS:A5.535", "nameAccord": "urn:lsid:marinespecies.org:taxname:145794", "eventDate": "2018-01-17", "verif": "Panayotidis Panayotis", "Shape_Leng": 303.74016473400002, "Shape_Area": 1475.20536982, "Pres_UNEP": 1 }, "geometry": { "type": "MultiPolygon", "coordinates": [ [ [ [ 26.473495774013667, 37.603694978159972 ], [ 26.473575488464608, 37.6036676498478 ], [ 26.473666935869019, 37.603670007747155 ], [ 26.473729830739376, 37.603621651820845 ], [ 26.473769823657637, 37.60353101541132 ], [ 26.47375116407548, 37.603454436313164 ], [ 26.473728123864415, 37.603407881769854 ], [ 26.473726847089715, 37.603369423945949 ], [ 26.473753702601869, 37.603368861195982 ], [ 26.473781549139428, 37.603398209006237 ], [ 26.473802661375959, 37.603395357268163 ], [ 26.473802386116219, 37.603387038815661 ], [ 26.473746170795579, 37.603333104932339 ], [ 26.473670570914372, 37.603291387238293 ], [ 26.473674341726813, 37.603255880117992 ], [ 26.473672776763024, 37.603208671877745 ], [ 26.473660802636939, 37.603145938127412 ], [ 26.47369892605802, 37.60310183607686 ], [ 26.473663010885037, 37.603063222827579 ], [ 26.473632562642894, 37.603040241109987 ], [ 26.473587410331394, 37.603021506073745 ], [ 26.473586237800568, 37.60298609971354 ], [ 26.473529373702345, 37.602912496238098 ], [ 26.473478101559717, 37.602858458238515 ], [ 26.473476538560437, 37.602811252743237 ], [ 26.473445959897546, 37.602784338000824 ], [ 26.473445047839604, 37.60275679955673 ], [ 26.473434246298755, 37.602729471374012 ], [ 26.473409653872537, 37.602733923003491 ], [ 26.473411867352418, 37.602800799051963 ], [ 26.47343464427529, 37.602890862661098 ], [ 26.473480838403233, 37.602941070974296 ], [ 26.473483183951469, 37.603011881034675 ], [ 26.473474859423785, 37.603059295068782 ], [ 26.473506092078491, 37.60310587956706 ], [ 26.473508045408884, 37.60316488785076 ], [ 26.473547918509318, 37.603233335679633 ], [ 26.473569885381902, 37.603299010421452 ], [ 26.473585297120191, 37.60340576328543 ], [ 26.473583218597039, 37.60346249415435 ], [ 26.473549078154097, 37.603507299502184 ], [ 26.473468093350281, 37.603571984883409 ], [ 26.473449984527523, 37.603622753469594 ], [ 26.473377537458806, 37.603706153668597 ], [ 26.473363904153004, 37.60377257507372 ], [ 26.473378208961908, 37.603818089893913 ], [ 26.473386523541745, 37.603804170414776 ], [ 26.473495774013667, 37.603694978159972 ] ] ] ] } },
{ "type": "Feature", "properties": { "datasetID": 583.0, "BIO_CLASS": "Posidonia beds (posidonion oceanicae) (Posidonia oceanica meadows (= association with Posidonia oceanica))", "fieldNotes": "Not reported", "habitat": "Posidonia beds", "AREA_SQKM": 0.00013314159, "vernacular": "Neptune grass", "FAMILY": "Posidoniaceae", "GENUS": "Posidonia", "scientific": "Posidonia oceanica", "habitatID": "EUNIS:A5.535", "nameAccord": "urn:lsid:marinespecies.org:taxname:145794", "eventDate": "2018-01-17", "verif": "Panayotidis Panayotis", "Shape_Leng": 46.275695331100003, "Shape_Area": 133.37151960899999, "Pres_UNEP": 1 }, "geometry": { "type": "MultiPolygon", "coordinates": [ [ [ [ 26.47457027107453, 37.604038474708524 ], [ 26.474614589554868, 37.603948602284333 ], [ 26.474616083922523, 37.603948706530318 ], [ 26.474600566020349, 37.603914687005819 ], [ 26.474566192613185, 37.603915408776643 ], [ 26.474514629901051, 37.603916490107686 ], [ 26.474485346069862, 37.603941051518504 ], [ 26.47448232737646, 37.603954961289382 ], [ 26.474485465160303, 37.604041965183669 ], [ 26.474553084451546, 37.604038836035841 ], [ 26.47457027107453, 37.604038474708524 ] ] ] ] } },
{ "type": "Feature", "properties": { "datasetID": 583.0, "BIO_CLASS": "Posidonia beds (posidonion oceanicae) (Posidonia oceanica meadows (= association with Posidonia oceanica))", "fieldNotes": "Not reported", "habitat": "Posidonia beds", "AREA_SQKM": 0.00270707803, "vernacular": "Neptune grass", "FAMILY": "Posidoniaceae", "GENUS": "Posidonia", "scientific": "Posidonia oceanica", "habitatID": "EUNIS:A5.535", "nameAccord": "urn:lsid:marinespecies.org:taxname:145794", "eventDate": "2018-01-17", "verif": "Panayotidis Panayotis", "Shape_Leng": 477.08859951099998, "Shape_Area": 2711.7534635699999, "Pres_UNEP": 1 }, "geometry": { "type": "MultiPolygon", "coordinates": [ [ [ [ 26.486054432754653, 37.603710421554567 ], [ 26.486013633024331, 37.603655473395023 ], [ 26.485918106466208, 37.603595475513679 ], [ 26.48584615299707, 37.60354118289753 ], [ 26.485802876032217, 37.603411874017191 ], [ 26.485746705522793, 37.603363449245848 ], [ 26.485719420670094, 37.603246205585471 ], [ 26.485618323317819, 37.603018898160109 ], [ 26.485589593535845, 37.602858276241257 ], [ 26.485484630376575, 37.602748869833036 ], [ 26.485435217484266, 37.602669297959999 ], [ 26.485430885112763, 37.602539168054683 ], [ 26.485468177666188, 37.602488772555233 ], [ 26.485543999366858, 37.602425164433306 ], [ 26.485572678571131, 37.602350148556134 ], [ 26.485626785830455, 37.602336606406119 ], [ 26.485709571076288, 37.602248048418495 ], [ 26.485731493092199, 37.602204178910604 ], [ 26.485656432021546, 37.602192051146396 ], [ 26.485669595964808, 37.602217884486635 ], [ 26.485593981076462, 37.602287689825225 ], [ 26.485495000179483, 37.602357987260824 ], [ 26.485347635958846, 37.602379695871704 ], [ 26.485194547545721, 37.602463535497726 ], [ 26.485150909105641, 37.602557468395894 ], [ 26.485176956836998, 37.602637532297173 ], [ 26.485202178788978, 37.602692811462575 ], [ 26.485196040189766, 37.60274254797131 ], [ 26.485190933634687, 37.602823269223364 ], [ 26.485245865084995, 37.602834513590707 ], [ 26.485333189825901, 37.602882282723435 ], [ 26.485426652510249, 37.602880312661604 ], [ 26.485512946386471, 37.602897097058147 ], [ 26.485485505055678, 37.603009295207094 ], [ 26.485498450495093, 37.603164046809283 ], [ 26.485547864884154, 37.603243617997535 ], [ 26.485586600584167, 37.603236600854537 ], [ 26.485684479287535, 37.603367241844893 ], [ 26.485714023304308, 37.603505521130856 ], [ 26.485746003314308, 37.603529650489179 ], [ 26.485747487918857, 37.603574266796265 ], [ 26.485805382267039, 37.603627616791982 ], [ 26.485831791404262, 37.603671707474767 ], [ 26.485846729447395, 37.603745805074936 ], [ 26.485884279563585, 37.603749974026485 ], [ 26.485920345147179, 37.603709527513985 ], [ 26.485938706703706, 37.603699217775848 ], [ 26.485958391835631, 37.603728569168773 ], [ 26.485984799539089, 37.603772658107118 ], [ 26.485948940994952, 37.603799633057776 ], [ 26.485981282341516, 37.603807458568113 ], [ 26.486042765527454, 37.603781359105191 ], [ 26.486054432754653, 37.603710421554567 ] ] ] ] } },
{ "type": "Feature", "properties": { "datasetID": 583.0, "BIO_CLASS": "Posidonia beds (posidonion oceanicae) (Posidonia oceanica meadows (= association with Posidonia oceanica))", "fieldNotes": "Not reported", "habitat": "Posidonia beds", "AREA_SQKM": 0.00065039105, "vernacular": "Neptune grass", "FAMILY": "Posidoniaceae", "GENUS": "Posidonia", "scientific": "Posidonia oceanica", "habitatID": "EUNIS:A5.535", "nameAccord": "urn:lsid:marinespecies.org:taxname:145794", "eventDate": "2018-01-17", "verif": "Panayotidis Panayotis", "Shape_Leng": 113.575932432, "Shape_Area": 651.51465428699998, "Pres_UNEP": 1 }, "geometry": { "type": "MultiPolygon", "coordinates": [ [ [ [ 26.536045989423453, 37.60241049232684 ], [ 26.535966886341797, 37.602392210551599 ], [ 26.535952928044725, 37.60273445389879 ], [ 26.535935165086716, 37.602743461403342 ], [ 26.535943054488722, 37.602780263547977 ], [ 26.535978585845392, 37.602791484943545 ], [ 26.536002591184143, 37.602759005445265 ], [ 26.536032020164232, 37.602738397553075 ], [ 26.536112035298856, 37.602728687717828 ], [ 26.536151093504838, 37.602695886659497 ], [ 26.53618486272876, 37.602655208018767 ], [ 26.536182691803905, 37.602591330395981 ], [ 26.536175097306643, 37.602515586506208 ], [ 26.536118002987156, 37.602460878971982 ], [ 26.536045989423453, 37.60241049232684 ] ] ] ] } },
{ "type": "Feature", "properties": { "datasetID": 583.0, "BIO_CLASS": "Posidonia beds (posidonion oceanicae) (Posidonia oceanica meadows (= association with Posidonia oceanica))", "fieldNotes": "Not reported", "habitat": "Posidonia beds", "AREA_SQKM": 0.00024809445, "vernacular": "Neptune grass", "FAMILY": "Posidoniaceae", "GENUS": "Posidonia", "scientific": "Posidonia oceanica", "habitatID": "EUNIS:A5.535", "nameAccord": "urn:lsid:marinespecies.org:taxname:145794", "eventDate": "2018-01-17", "verif": "Panayotidis Panayotis", "Shape_Leng": 65.686428995100002, "Shape_Area": 248.52287935000001, "Pres_UNEP": 1 }, "geometry": { "type": "MultiPolygon", "coordinates": [ [ [ [ 26.474580459407196, 37.604216146241349 ], [ 26.474591611671034, 37.604169428082372 ], [ 26.474587579374582, 37.604171527139385 ], [ 26.47453940868418, 37.604145171430602 ], [ 26.474551959028652, 37.604134643459801 ], [ 26.474550825760716, 37.604100458699868 ], [ 26.474502994304277, 37.604084357984796 ], [ 26.474406544443248, 37.604107666696777 ], [ 26.47439682285307, 37.60412421355165 ], [ 26.474359057603412, 37.604152374128532 ], [ 26.474398407302367, 37.604172072222944 ], [ 26.474399652977624, 37.604209677681396 ], [ 26.47439174082016, 37.604230370536946 ], [ 26.474413564523282, 37.604240174090549 ], [ 26.474448051414488, 37.604242872121837 ], [ 26.474503909628591, 37.604241699794493 ], [ 26.474555357931909, 37.604237198658389 ], [ 26.474580459407196, 37.604216146241349 ] ] ] ] } },
{ "type": "Feature", "properties": { "datasetID": 583.0, "BIO_CLASS": "Posidonia beds (posidonion oceanicae) (Posidonia oceanica meadows (= association with Posidonia oceanica))", "fieldNotes": "Not reported", "habitat": "Posidonia beds", "AREA_SQKM": 0.00056430129, "vernacular": "Neptune grass", "FAMILY": "Posidoniaceae", "GENUS": "Posidonia", "scientific": "Posidonia oceanica", "habitatID": "EUNIS:A5.535", "nameAccord": "urn:lsid:marinespecies.org:taxname:145794", "eventDate": "2018-01-17", "verif": "Panayotidis Panayotis", "Shape_Leng": 116.881150956, "Shape_Area": 565.27575582099996, "Pres_UNEP": 1 }, "geometry": { "type": "MultiPolygon", "coordinates": [ [ [ [ 26.473123258812421, 37.604275208746763 ], [ 26.473134499388109, 37.604256075161437 ], [ 26.473174057526506, 37.604255248259776 ], [ 26.473205494255975, 37.604248291155045 ], [ 26.473216213179434, 37.604213423475073 ], [ 26.473191123621987, 37.6041730086719 ], [ 26.473202365737407, 37.604153876863307 ], [ 26.473211540761145, 37.604141836440398 ], [ 26.473198980873271, 37.604145916172747 ], [ 26.473223569439497, 37.604076983019446 ], [ 26.473228418760257, 37.604068865079434 ], [ 26.47320340378889, 37.604065674973853 ], [ 26.473044036489792, 37.604154046484219 ], [ 26.472941917656822, 37.604178234228748 ], [ 26.472887581470967, 37.604210865911661 ], [ 26.472880191760645, 37.604226767862642 ], [ 26.47291787759217, 37.604288963055488 ], [ 26.47296576104964, 37.604300557349021 ], [ 26.472985853777882, 37.604309581710119 ], [ 26.472993972483192, 37.604315710148221 ], [ 26.473038736955512, 37.604352563824463 ], [ 26.473063826553012, 37.604392978664286 ], [ 26.473091723198994, 37.604398691003539 ], [ 26.473135131329276, 37.604394633352015 ], [ 26.473150225889956, 37.604372271656608 ], [ 26.473148347442454, 37.604315624454195 ], [ 26.473123258812421, 37.604275208746763 ] ] ] ] } },
{ "type": "Feature", "properties": { "datasetID": 583.0, "BIO_CLASS": "Posidonia beds (posidonion oceanicae) (Posidonia oceanica meadows (= association with Posidonia oceanica))", "fieldNotes": "Not reported", "habitat": "Posidonia beds", "AREA_SQKM": 0.00058322736, "vernacular": "Neptune grass", "FAMILY": "Posidoniaceae", "GENUS": "Posidonia", "scientific": "Posidonia oceanica", "habitatID": "EUNIS:A5.535", "nameAccord": "urn:lsid:marinespecies.org:taxname:145794", "eventDate": "2018-01-17", "verif": "Panayotidis Panayotis", "Shape_Leng": 133.30995365699999, "Shape_Area": 584.23453609800004, "Pres_UNEP": 1 }, "geometry": { "type": "MultiPolygon", "coordinates": [ [ [ [ 26.485959330674362, 37.603897216081037 ], [ 26.486001955725982, 37.603866553637843 ], [ 26.48599456979148, 37.603831983744307 ], [ 26.485951117156116, 37.603837860387294 ], [ 26.485896359389304, 37.603878700056946 ], [ 26.485855068667771, 37.603870247301266 ], [ 26.485808394300193, 37.603905357866999 ], [ 26.485797911552218, 37.603965109362299 ], [ 26.485816151552193, 37.604138353021192 ], [ 26.485786152490789, 37.604173711881437 ], [ 26.485751406285459, 37.604253816190614 ], [ 26.485750551437235, 37.604254897523489 ], [ 26.48575312997869, 37.604258741379148 ], [ 26.485815935314385, 37.604272300445828 ], [ 26.485854146882406, 37.604296297381218 ], [ 26.485897433681956, 37.604285464614847 ], [ 26.485939400587373, 37.604234972376133 ], [ 26.485935604114701, 37.60412095276078 ], [ 26.48593032120683, 37.603962319456819 ], [ 26.485959330674362, 37.603897216081037 ] ] ] ] } },
{ "type": "Feature", "properties": { "datasetID": 583.0, "BIO_CLASS": "Posidonia beds (posidonion oceanicae) (Posidonia oceanica meadows (= association with Posidonia oceanica))", "fieldNotes": "Not reported", "habitat": "Posidonia beds", "AREA_SQKM": 0.0015654294, "vernacular": "Neptune grass", "FAMILY": "Posidoniaceae", "GENUS": "Posidonia", "scientific": "Posidonia oceanica", "habitatID": "EUNIS:A5.535", "nameAccord": "urn:lsid:marinespecies.org:taxname:145794", "eventDate": "2018-01-17", "verif": "Panayotidis Panayotis", "Shape_Leng": 251.23089979700001, "Shape_Area": 1568.1323703800001, "Pres_UNEP": 1 }, "geometry": { "type": "MultiPolygon", "coordinates": [ [ [ [ 26.485297797191048, 37.605066816730933 ], [ 26.485351283138712, 37.605051367920048 ], [ 26.485412196760073, 37.605078727343475 ], [ 26.48544074809535, 37.60503516288103 ], [ 26.485456670981968, 37.604972769562281 ], [ 26.48539512053177, 37.6049263295101 ], [ 26.48527361583319, 37.604881152794761 ], [ 26.485212383002278, 37.604844253964536 ], [ 26.485176409041198, 37.604845011959966 ], [ 26.485128519932211, 37.604853685618394 ], [ 26.485117032025212, 37.604930002874156 ], [ 26.485113922203979, 37.604932163780369 ], [ 26.485192211713109, 37.604959245785615 ], [ 26.485187326063432, 37.604992766342903 ], [ 26.485169973046421, 37.605012225990684 ], [ 26.485093614602174, 37.60506157259865 ], [ 26.485079436338111, 37.60517643909651 ], [ 26.485090197769757, 37.605319423114736 ], [ 26.485049813129137, 37.605368010918383 ], [ 26.484990646915112, 37.605393126430357 ], [ 26.484919488910254, 37.605418492844485 ], [ 26.484872948810576, 37.605462437273545 ], [ 26.48485654742192, 37.605510517129915 ], [ 26.48484757335201, 37.605601408877831 ], [ 26.484866197734625, 37.605620109703523 ], [ 26.484962292096068, 37.605622860760434 ], [ 26.485049530873788, 37.605539869674459 ], [ 26.485194987302236, 37.605403142068603 ], [ 26.485269758839188, 37.60530609190544 ], [ 26.485279369511879, 37.605234285381357 ], [ 26.485247484785734, 37.60517767150354 ], [ 26.485257570799519, 37.60512017507957 ], [ 26.485297797191048, 37.605066816730933 ] ] ] ] } },
{ "type": "Feature", "properties": { "datasetID": 583.0, "BIO_CLASS": "Posidonia beds (posidonion oceanicae) (Posidonia oceanica meadows (= association with Posidonia oceanica))", "fieldNotes": "Not reported", "habitat": "Posidonia beds", "AREA_SQKM": 0.00245858189, "vernacular": "Neptune grass", "FAMILY": "Posidoniaceae", "GENUS": "Posidonia", "scientific": "Posidonia oceanica", "habitatID": "EUNIS:A5.535", "nameAccord": "urn:lsid:marinespecies.org:taxname:145794", "eventDate": "2018-01-17", "verif": "Panayotidis Panayotis", "Shape_Leng": 265.57463560399998, "Shape_Area": 2462.8274562500001, "Pres_UNEP": 1 }, "geometry": { "type": "MultiPolygon", "coordinates": [ [ [ [ 26.474210126388702, 37.603939981672276 ], [ 26.474171002795529, 37.603927119662835 ], [ 26.474154042346846, 37.603934317935511 ], [ 26.474155288439889, 37.603971920698513 ], [ 26.474161283773967, 37.604023108138115 ], [ 26.474158120203917, 37.60405738299567 ], [ 26.474119561878865, 37.604061612911259 ], [ 26.474051720184949, 37.604090401605937 ], [ 26.474002083711884, 37.604149599239321 ], [ 26.473981733479569, 37.60418423544639 ], [ 26.473993385811053, 37.60427635368687 ], [ 26.473994630995943, 37.604313957398197 ], [ 26.473935381854023, 37.604342567674202 ], [ 26.473850352386819, 37.604371718621088 ], [ 26.473790650474445, 37.604386653215542 ], [ 26.473726651070216, 37.604401679689119 ], [ 26.473684136202603, 37.604416254724626 ], [ 26.473633594530131, 37.604448102833025 ], [ 26.473626133030944, 37.604482467875279 ], [ 26.473636084587191, 37.604523309444602 ], [ 26.473675892070666, 37.604556685043413 ], [ 26.473740568704127, 37.604562168575576 ], [ 26.473891750571131, 37.604582945394945 ], [ 26.473955609363315, 37.604596144922347 ], [ 26.474008896328804, 37.604614696351199 ], [ 26.474095625483958, 37.604636821311026 ], [ 26.474181673600434, 37.604638439779613 ], [ 26.474250423527405, 37.604636997999599 ], [ 26.474300967376315, 37.604605149860888 ], [ 26.474321204279708, 37.604567094654755 ], [ 26.474324367686478, 37.604532819709036 ], [ 26.474392550592722, 37.604514284189705 ], [ 26.474422062033472, 37.604496560556242 ], [ 26.474391189915302, 37.6044732623999 ], [ 26.474369479156273, 37.604466876875065 ], [ 26.474342904737163, 37.604443487727629 ], [ 26.474311470532818, 37.604403096730501 ], [ 26.474272570813664, 37.604397072535896 ], [ 26.47422949024693, 37.604394553841345 ], [ 26.474211738006598, 37.604377822324473 ], [ 26.474227452259377, 37.604333021197014 ], [ 26.474257189693436, 37.604322133655238 ], [ 26.474251078693527, 37.60426752721807 ], [ 26.474237622240882, 37.604250706484272 ], [ 26.474247567234187, 37.604161554852119 ], [ 26.474306249748015, 37.604115852663433 ], [ 26.474314703142451, 37.6041114637273 ], [ 26.474312011248621, 37.604030210119099 ], [ 26.47431603386687, 37.604028337224442 ], [ 26.474285096310101, 37.603996564276052 ], [ 26.47425807091204, 37.603959501290582 ], [ 26.474210126388702, 37.603939981672276 ] ] ] ] } },
{ "type": "Feature", "properties": { "datasetID": 583.0, "BIO_CLASS": "Posidonia beds (posidonion oceanicae) (Posidonia oceanica meadows (= association with Posidonia oceanica))", "fieldNotes": "Not reported", "habitat": "Posidonia beds", "AREA_SQKM": 0.00031272126, "vernacular": "Neptune grass", "FAMILY": "Posidoniaceae", "GENUS": "Posidonia", "scientific": "Posidonia oceanica", "habitatID": "EUNIS:A5.535", "nameAccord": "urn:lsid:marinespecies.org:taxname:145794", "eventDate": "2018-01-17", "verif": "Panayotidis Panayotis", "Shape_Leng": 92.39467324, "Shape_Area": 313.261329515, "Pres_UNEP": 1 }, "geometry": { "type": "MultiPolygon", "coordinates": [ [ [ [ 26.514964219656431, 37.603684795605247 ], [ 26.514867946324035, 37.6036715987889 ], [ 26.514814009054138, 37.603700045535845 ], [ 26.514815479453784, 37.603743689214326 ], [ 26.51500208927888, 37.603783385693276 ], [ 26.515057679643043, 37.603804037866041 ], [ 26.515114557963411, 37.603862878503982 ], [ 26.515136048609151, 37.603889716533615 ], [ 26.515177191036678, 37.603888840160849 ], [ 26.515232040800797, 37.603817262077804 ], [ 26.515201676870507, 37.603800967912392 ], [ 26.51511810800957, 37.603764533972594 ], [ 26.515000251277808, 37.603728831527498 ], [ 26.514999517001026, 37.603707008805266 ], [ 26.514964497310718, 37.603685918456655 ], [ 26.514964219656431, 37.603684795605247 ] ] ] ] } },
{ "type": "Feature", "properties": { "datasetID": 583.0, "BIO_CLASS": "Posidonia beds (posidonion oceanicae) (Posidonia oceanica meadows (= association with Posidonia oceanica))", "fieldNotes": "Not reported", "habitat": "Posidonia beds", "AREA_SQKM": 0.00551078045, "vernacular": "Neptune grass", "FAMILY": "Posidoniaceae", "GENUS": "Posidonia", "scientific": "Posidonia oceanica", "habitatID": "EUNIS:A5.535", "nameAccord": "urn:lsid:marinespecies.org:taxname:145794", "eventDate": "2018-01-17", "verif": "Panayotidis Panayotis", "Shape_Leng": 316.312717604, "Shape_Area": 5520.2979706699998, "Pres_UNEP": 1 }, "geometry": { "type": "MultiPolygon", "coordinates": [ [ [ [ 26.535927318454082, 37.603795382789379 ], [ 26.535859916152834, 37.603732910351475 ], [ 26.535827773161927, 37.603673673087869 ], [ 26.535871038924267, 37.603468988260765 ], [ 26.535902501813414, 37.603360440216932 ], [ 26.535948071640973, 37.603223624004265 ], [ 26.535970718037273, 37.603151222798246 ], [ 26.535967327748242, 37.603051413882312 ], [ 26.535925015295263, 37.602988401015899 ], [ 26.535884735506023, 37.602985271001394 ], [ 26.535789669396998, 37.602995306837173 ], [ 26.535745455419818, 37.603024223475238 ], [ 26.535680764854455, 37.603041595369334 ], [ 26.535616211818063, 37.603062958631313 ], [ 26.535555996228695, 37.60306425374938 ], [ 26.535495374143888, 37.603053571234668 ], [ 26.535409879675903, 37.603007706749338 ], [ 26.535395341927227, 37.60301501365128 ], [ 26.535196228288736, 37.603115981618139 ], [ 26.535123289062192, 37.603353893059413 ], [ 26.535130214155839, 37.603557858648422 ], [ 26.535187103499549, 37.603642579561523 ], [ 26.53538147431226, 37.603799545558353 ], [ 26.535541931916136, 37.603753126100074 ], [ 26.535598092665371, 37.603816375088073 ], [ 26.535599615617141, 37.603819184427074 ], [ 26.535657433047643, 37.603833148079211 ], [ 26.535769048310993, 37.603866703783552 ], [ 26.535924741495339, 37.603867352228505 ], [ 26.535927318454082, 37.603795382789379 ] ] ] ] } },
{ "type": "Feature", "properties": { "datasetID": 583.0, "BIO_CLASS": "Posidonia beds (posidonion oceanicae) (Posidonia oceanica meadows (= association with Posidonia oceanica))", "fieldNotes": "Not reported", "habitat": "Posidonia beds", "AREA_SQKM": 0.00140860567, "vernacular": "Neptune grass", "FAMILY": "Posidoniaceae", "GENUS": "Posidonia", "scientific": "Posidonia oceanica", "habitatID": "EUNIS:A5.535", "nameAccord": "urn:lsid:marinespecies.org:taxname:145794", "eventDate": "2018-01-17", "verif": "Panayotidis Panayotis", "Shape_Leng": 200.4224416, "Shape_Area": 1411.03800176, "Pres_UNEP": 1 }, "geometry": { "type": "MultiPolygon", "coordinates": [ [ [ [ 26.485665193883374, 37.60480132298288 ], [ 26.485689291837765, 37.604776010537897 ], [ 26.485700103866961, 37.604726175456548 ], [ 26.485736004278955, 37.604680770858195 ], [ 26.485740254635783, 37.604621152547075 ], [ 26.485757462931449, 37.604576141988531 ], [ 26.485804834565439, 37.604500731281554 ], [ 26.485808590621808, 37.604426240267095 ], [ 26.485696431972027, 37.604428602592812 ], [ 26.48564430409979, 37.604389270846276 ], [ 26.485643705744696, 37.604390027956462 ], [ 26.485528452909165, 37.604486712809091 ], [ 26.485410929557908, 37.6047025044601 ], [ 26.485417986697087, 37.604727160496807 ], [ 26.485479965392713, 37.604715931923991 ], [ 26.485506044745438, 37.60475010795566 ], [ 26.485500968759617, 37.604784939508839 ], [ 26.485469813789955, 37.604785596791352 ], [ 26.485394382421418, 37.604767343067216 ], [ 26.485376244312889, 37.604790281696367 ], [ 26.485371726358654, 37.604836031746558 ], [ 26.485410103544535, 37.604864987524657 ], [ 26.485454215916594, 37.604878940649144 ], [ 26.48546816391876, 37.604923294876926 ], [ 26.48547670437237, 37.604992564917197 ], [ 26.485514915668126, 37.60501656459013 ], [ 26.485577226118078, 37.605015251790384 ], [ 26.485600828957672, 37.604975068286279 ], [ 26.485654763682767, 37.604909441578386 ], [ 26.485665193883374, 37.60480132298288 ] ] ] ] } },
{ "type": "Feature", "properties": { "datasetID": 583.0, "BIO_CLASS": "Posidonia beds (posidonion oceanicae) (Posidonia oceanica meadows (= association with Posidonia oceanica))", "fieldNotes": "Not reported", "habitat": "Posidonia beds", "AREA_SQKM": 0.00404289732, "vernacular": "Neptune grass", "FAMILY": "Posidoniaceae", "GENUS": "Posidonia", "scientific": "Posidonia oceanica", "habitatID": "EUNIS:A5.535", "nameAccord": "urn:lsid:marinespecies.org:taxname:145794", "eventDate": "2018-01-17", "verif": "Panayotidis Panayotis", "Shape_Leng": 443.36515958500001, "Shape_Area": 4049.8784965200002, "Pres_UNEP": 1 }, "geometry": { "type": "MultiPolygon", "coordinates": [ [ [ [ 26.47559085770768, 37.605284496062872 ], [ 26.475606261816466, 37.605262792434566 ], [ 26.475628029832624, 37.605270886570423 ], [ 26.475666336432536, 37.60529146468869 ], [ 26.475693474340748, 37.605299446627996 ], [ 26.47569842163168, 37.605286516504876 ], [ 26.475680888807549, 37.605244121679696 ], [ 26.475668447373334, 37.605193069975378 ], [ 26.475663478268093, 37.605148666214248 ], [ 26.475613615693934, 37.605108526855425 ], [ 26.475564587255285, 37.605082190457814 ], [ 26.47550867947643, 37.605055996298432 ], [ 26.47542545501209, 37.605035848442512 ], [ 26.475356433221361, 37.605029087435319 ], [ 26.475328481098234, 37.605015990358687 ], [ 26.475313642109178, 37.604983461022904 ], [ 26.475336796939363, 37.604955607766783 ], [ 26.47533516491459, 37.604906381333734 ], [ 26.475348098669532, 37.604881479677104 ], [ 26.475367272348333, 37.604837289779333 ], [ 26.475365188200414, 37.604774391192805 ], [ 26.47535016742415, 37.604736391611162 ], [ 26.475288830872696, 37.604650103884829 ], [ 26.475259879836905, 37.604606922931133 ], [ 26.475204154489543, 37.604586199999204 ], [ 26.475165073967236, 37.604548705783202 ], [ 26.475134499799406, 37.604560294791362 ], [ 26.475103561932347, 37.604560943238731 ], [ 26.475084925309456, 37.604517548511225 ], [ 26.475156113036867, 37.604485949522562 ], [ 26.475193562672661, 37.604474216517573 ], [ 26.475134037622819, 37.604442624603472 ], [ 26.47509540988435, 37.604418805222338 ], [ 26.475064201613446, 37.604411250904747 ], [ 26.475015464797281, 37.604367801436602 ], [ 26.474941624508279, 37.60434540528999 ], [ 26.474923531593184, 37.604318417896927 ], [ 26.474930538758706, 37.60427037720126 ], [ 26.474912444915951, 37.604243390701818 ], [ 26.47489389845661, 37.604202729412314 ], [ 26.474840976044259, 37.604162789019391 ], [ 26.474809425364967, 37.604118980045129 ], [ 26.474786241735188, 37.604068153024748 ], [ 26.474722496383528, 37.604058372449181 ], [ 26.474732310832021, 37.60412743899559 ], [ 26.474751196610107, 37.604178356142228 ], [ 26.474796544593183, 37.604249242620675 ], [ 26.474767600217252, 37.604284059950793 ], [ 26.474694328726649, 37.604278754881634 ], [ 26.474613142627064, 37.604294141791399 ], [ 26.474570174335256, 37.604295042902322 ], [ 26.474526526093882, 37.604275432256479 ], [ 26.474500746207049, 37.60427597468987 ], [ 26.474441723393682, 37.604311421918901 ], [ 26.474403052765684, 37.60431223203539 ], [ 26.474360537242877, 37.604326808831225 ], [ 26.474348780366626, 37.604361263963597 ], [ 26.474393108932663, 37.604401382851911 ], [ 26.474445688509807, 37.604431067406679 ], [ 26.474515684102727, 37.60446723113553 ], [ 26.474550059972515, 37.604466509362709 ], [ 26.474589637612805, 37.60449304622005 ], [ 26.474634077446542, 37.604536584943382 ], [ 26.474702598781455, 37.604528306197878 ], [ 26.474765578853752, 37.60448251292997 ], [ 26.47482743321136, 37.604532529055838 ], [ 26.474842930920286, 37.604610884291922 ], [ 26.474869617371866, 37.604637691502383 ], [ 26.474862271593491, 37.604675474621352 ], [ 26.474916777919375, 37.604763273048235 ], [ 26.474931881874692, 37.604862163160547 ], [ 26.475008917700375, 37.604916135448093 ], [ 26.475042419721692, 37.604953917736729 ], [ 26.475097829114933, 37.60500406738182 ], [ 26.475152672025505, 37.605037125904722 ], [ 26.475207516127576, 37.60507018443316 ], [ 26.475288649950311, 37.605085585539385 ], [ 26.475353951338231, 37.605109872343412 ], [ 26.475452330541703, 37.605159120029654 ], [ 26.47549219363745, 37.6052267018866 ], [ 26.475531634804582, 37.605281463191197 ], [ 26.475564992935773, 37.605314971434737 ], [ 26.475586194316097, 37.605305974414662 ], [ 26.47559085770768, 37.605284496062872 ] ] ] ] } },
{ "type": "Feature", "properties": { "datasetID": 583.0, "BIO_CLASS": "Posidonia beds (posidonion oceanicae) (Posidonia oceanica meadows (= association with Posidonia oceanica))", "fieldNotes": "Not reported", "habitat": "Posidonia beds", "AREA_SQKM": 0.00200799129, "vernacular": "Neptune grass", "FAMILY": "Posidoniaceae", "GENUS": "Posidonia", "scientific": "Posidonia oceanica", "habitatID": "EUNIS:A5.535", "nameAccord": "urn:lsid:marinespecies.org:taxname:145794", "eventDate": "2018-01-17", "verif": "Panayotidis Panayotis", "Shape_Leng": 230.749823687, "Shape_Area": 2011.4588804299999, "Pres_UNEP": 1 }, "geometry": { "type": "MultiPolygon", "coordinates": [ [ [ [ 26.516138042364073, 37.604097641373208 ], [ 26.516124444016594, 37.604030324933554 ], [ 26.515983275015742, 37.603984758825128 ], [ 26.515983509936195, 37.603991748607889 ], [ 26.5158324692595, 37.603989511736167 ], [ 26.515779450423807, 37.60404523653299 ], [ 26.515752943780104, 37.604073098495583 ], [ 26.515684557300379, 37.604080016722811 ], [ 26.515643413658843, 37.604080893096388 ], [ 26.51558004649776, 37.604033111306535 ], [ 26.51555151513789, 37.604000962895078 ], [ 26.51553596290767, 37.603946701971644 ], [ 26.515589531126224, 37.603907343817426 ], [ 26.515596023164285, 37.603896285795102 ], [ 26.515548023417452, 37.603897309702404 ], [ 26.515465921786866, 37.603904520342248 ], [ 26.515452942861614, 37.603926633738126 ], [ 26.515429595393705, 37.603915164031527 ], [ 26.515393250117061, 37.603987960414649 ], [ 26.515416029156366, 37.604052987844319 ], [ 26.515453621679587, 37.604150454378036 ], [ 26.515539031567968, 37.604241441797214 ], [ 26.515581093153262, 37.604267841690898 ], [ 26.515622603524317, 37.604277876708132 ], [ 26.515670969895243, 37.604287763307568 ], [ 26.515706727948771, 37.604330676508752 ], [ 26.515735809423109, 37.604379188977248 ], [ 26.515736912548181, 37.604411921405678 ], [ 26.515786566362106, 37.604459997473342 ], [ 26.515814362494162, 37.604470324036427 ], [ 26.515861259094496, 37.604436566804814 ], [ 26.515893889101445, 37.604386737109444 ], [ 26.515941153325741, 37.604363890405033 ], [ 26.515958784304235, 37.604276164597266 ], [ 26.516005679879694, 37.604242408282204 ], [ 26.516065739975598, 37.604191992030415 ], [ 26.516138042364073, 37.604097641373208 ] ] ] ] } },
{ "type": "Feature", "properties": { "datasetID": 583.0, "BIO_CLASS": "Posidonia beds (posidonion oceanicae) (Posidonia oceanica meadows (= association with Posidonia oceanica))", "fieldNotes": "Not reported", "habitat": "Posidonia beds", "AREA_SQKM": 0.00633825636, "vernacular": "Neptune grass", "FAMILY": "Posidoniaceae", "GENUS": "Posidonia", "scientific": "Posidonia oceanica", "habitatID": "EUNIS:A5.535", "nameAccord": "urn:lsid:marinespecies.org:taxname:145794", "eventDate": "2018-01-17", "verif": "Panayotidis Panayotis", "Shape_Leng": 433.07725247399998, "Shape_Area": 6349.20033091, "Pres_UNEP": 1 }, "geometry": { "type": "MultiPolygon", "coordinates": [ [ [ [ 26.476873211202303, 37.605437855361203 ], [ 26.477010619547499, 37.605432233103457 ], [ 26.477113744471417, 37.605430067774485 ], [ 26.477185568902708, 37.605417612053863 ], [ 26.477312665738395, 37.605412206241233 ], [ 26.477366574825638, 37.605378233288135 ], [ 26.477420656279271, 37.605245735734705 ], [ 26.477393326863371, 37.605147788067718 ], [ 26.477395131391415, 37.60509849091126 ], [ 26.47740724678799, 37.605048974672613 ], [ 26.477392136384765, 37.605008241658737 ], [ 26.477305926792233, 37.605001842865022 ], [ 26.47727245060916, 37.604925917831196 ], [ 26.477243406382552, 37.604880003439547 ], [ 26.477237609485091, 37.604808971850588 ], [ 26.477196362647174, 37.604809837626085 ], [ 26.477168045731467, 37.604785801756975 ], [ 26.477155554021, 37.604779302257747 ], [ 26.47713475839771, 37.604819341720741 ], [ 26.477068098672223, 37.604883684753659 ], [ 26.47697330065715, 37.604929463095722 ], [ 26.476866375583821, 37.604920762047271 ], [ 26.476818160695661, 37.604919037562972 ], [ 26.476773744458932, 37.604928181217353 ], [ 26.476759089154008, 37.60490112130239 ], [ 26.476757911387814, 37.604865567954562 ], [ 26.476677579335927, 37.604828942111602 ], [ 26.476650078877483, 37.604829519884298 ], [ 26.47659887830082, 37.604841540913242 ], [ 26.476576814155312, 37.60490221058997 ], [ 26.476560441470653, 37.604927185575129 ], [ 26.476505626653825, 37.60493380964499 ], [ 26.47645704580691, 37.604921145462662 ], [ 26.476412903959012, 37.604938493670019 ], [ 26.476292863645398, 37.604949224875966 ], [ 26.476219326789394, 37.605013711952637 ], [ 26.476124436658591, 37.605056754294168 ], [ 26.476052622676868, 37.605173203924402 ], [ 26.476023047468644, 37.605214875192068 ], [ 26.475955839841934, 37.605262810986652 ], [ 26.475896413800502, 37.605337948998631 ], [ 26.475885153132666, 37.605338184878917 ], [ 26.475873076993572, 37.605360331122306 ], [ 26.475877875947369, 37.605401282419997 ], [ 26.475902663076351, 37.605422655654223 ], [ 26.476037176480958, 37.605433515869485 ], [ 26.476173860223735, 37.605406015928821 ], [ 26.476231753285965, 37.605388379676782 ], [ 26.476303215461741, 37.605364985119834 ], [ 26.476364636169915, 37.605350012463461 ], [ 26.476429042379486, 37.605321293378061 ], [ 26.476467125599648, 37.605328704612013 ], [ 26.47650557327708, 37.605347053800166 ], [ 26.476512720755746, 37.605355113485032 ], [ 26.476512900591448, 37.605360584671061 ], [ 26.476509917002087, 37.605374329337025 ], [ 26.47652140956982, 37.605409665448157 ], [ 26.476549091913146, 37.60541455709442 ], [ 26.476583283022073, 37.605408366781006 ], [ 26.47656781019975, 37.605356693971302 ], [ 26.476538315364177, 37.605297104610564 ], [ 26.476530078370974, 37.605256227543933 ], [ 26.476573405401808, 37.60521426738066 ], [ 26.476618545665815, 37.605227003140918 ], [ 26.47665835426189, 37.605286376036112 ], [ 26.476659715584642, 37.605327396227366 ], [ 26.476671205873991, 37.605362732330128 ], [ 26.476741135598314, 37.605396840447874 ], [ 26.476817939189555, 37.605430807219953 ], [ 26.476873211202303, 37.605437855361203 ] ] ] ] } },
{ "type": "Feature", "properties": { "datasetID": 583.0, "BIO_CLASS": "Posidonia beds (posidonion oceanicae) (Posidonia oceanica meadows (= association with Posidonia oceanica))", "fieldNotes": "Not reported", "habitat": "Posidonia beds", "AREA_SQKM": 0.00107889541, "vernacular": "Neptune grass", "FAMILY": "Posidoniaceae", "GENUS": "Posidonia", "scientific": "Posidonia oceanica", "habitatID": "EUNIS:A5.535", "nameAccord": "urn:lsid:marinespecies.org:taxname:145794", "eventDate": "2018-01-17", "verif": "Panayotidis Panayotis", "Shape_Leng": 150.02588826600001, "Shape_Area": 1080.75857475, "Pres_UNEP": 1 }, "geometry": { "type": "MultiPolygon", "coordinates": [ [ [ [ 26.535761859957681, 37.603950758714582 ], [ 26.535726734581225, 37.603951514056277 ], [ 26.535686447568089, 37.603979215219496 ], [ 26.535713331203702, 37.604028756810607 ], [ 26.535745786187015, 37.604189202989829 ], [ 26.535830389374151, 37.604294813159228 ], [ 26.535862846058681, 37.60445525955388 ], [ 26.535860614402303, 37.604462428692152 ], [ 26.535895173353008, 37.604475259815864 ], [ 26.535951184628495, 37.604498026139751 ], [ 26.535981292397093, 37.604497379459474 ], [ 26.536010180526798, 37.604460801390353 ], [ 26.536009908587499, 37.604304994829093 ], [ 26.536030658920851, 37.604176701408072 ], [ 26.536028082425599, 37.604100848249082 ], [ 26.535991194411761, 37.604049703194605 ], [ 26.535889614358069, 37.604015930132839 ], [ 26.535818684096753, 37.603997480355709 ], [ 26.535761859957681, 37.603950758714582 ] ] ] ] } },
{ "type": "Feature", "properties": { "datasetID": 583.0, "BIO_CLASS": "Posidonia beds (posidonion oceanicae) (Posidonia oceanica meadows (= association with Posidonia oceanica))", "fieldNotes": "Not reported", "habitat": "Posidonia beds", "AREA_SQKM": 0.00029045787, "vernacular": "Neptune grass", "FAMILY": "Posidoniaceae", "GENUS": "Posidonia", "scientific": "Posidonia oceanica", "habitatID": "EUNIS:A5.535", "nameAccord": "urn:lsid:marinespecies.org:taxname:145794", "eventDate": "2018-01-17", "verif": "Panayotidis Panayotis", "Shape_Leng": 64.087257055600006, "Shape_Area": 290.959355808, "Pres_UNEP": 1 }, "geometry": { "type": "MultiPolygon", "coordinates": [ [ [ [ 26.484781253865325, 37.605642202088177 ], [ 26.484730084386285, 37.605603594527999 ], [ 26.484621314970401, 37.605642758660579 ], [ 26.48461978022301, 37.605661728058429 ], [ 26.484641609113361, 37.605755522004237 ], [ 26.484705406085418, 37.605798826007579 ], [ 26.484700825086133, 37.605799737726691 ], [ 26.484743080316189, 37.605806712554802 ], [ 26.484798499342073, 37.605785702376529 ], [ 26.484821609350469, 37.605730646744206 ], [ 26.484819794467445, 37.605676116778895 ], [ 26.484781253865325, 37.605642202088177 ] ] ] ] } },
{ "type": "Feature", "properties": { "datasetID": 583.0, "BIO_CLASS": "Posidonia beds (posidonion oceanicae) (Posidonia oceanica meadows (= association with Posidonia oceanica))", "fieldNotes": "Not reported", "habitat": "Posidonia beds", "AREA_SQKM": 0.00068147535, "vernacular": "Neptune grass", "FAMILY": "Posidoniaceae", "GENUS": "Posidonia", "scientific": "Posidonia oceanica", "habitatID": "EUNIS:A5.535", "nameAccord": "urn:lsid:marinespecies.org:taxname:145794", "eventDate": "2018-01-17", "verif": "Panayotidis Panayotis", "Shape_Leng": 107.47327135499999, "Shape_Area": 682.651889482, "Pres_UNEP": 1 }, "geometry": { "type": "MultiPolygon", "coordinates": [ [ [ [ 26.483671077445841, 37.606009120497149 ], [ 26.483669590867919, 37.605964505408735 ], [ 26.483582191472923, 37.605961383298279 ], [ 26.483520869736839, 37.605992440084108 ], [ 26.48345822742337, 37.605983837935334 ], [ 26.483335707134195, 37.606006029306926 ], [ 26.483330583926815, 37.606008106297161 ], [ 26.483367588122395, 37.606070825051468 ], [ 26.483433976068245, 37.606117049810017 ], [ 26.483485277433982, 37.606159625929244 ], [ 26.483527926525856, 37.606242070418695 ], [ 26.483592598790047, 37.606236738793498 ], [ 26.483647301932105, 37.606231618313153 ], [ 26.483699362734772, 37.606147180764061 ], [ 26.483737660021728, 37.606098749140074 ], [ 26.483738830843748, 37.606069909797014 ], [ 26.48371617848451, 37.606052818574568 ], [ 26.483671077445841, 37.606009120497149 ] ] ] ] } },
{ "type": "Feature", "properties": { "datasetID": 583.0, "BIO_CLASS": "Posidonia beds (posidonion oceanicae) (Posidonia oceanica meadows (= association with Posidonia oceanica))", "fieldNotes": "Not reported", "habitat": "Posidonia beds", "AREA_SQKM": 0.00313717193, "vernacular": "Neptune grass", "FAMILY": "Posidoniaceae", "GENUS": "Posidonia", "scientific": "Posidonia oceanica", "habitatID": "EUNIS:A5.535", "nameAccord": "urn:lsid:marinespecies.org:taxname:145794", "eventDate": "2018-01-17", "verif": "Panayotidis Panayotis", "Shape_Leng": 289.59585609099997, "Shape_Area": 3142.5880670800002, "Pres_UNEP": 1 }, "geometry": { "type": "MultiPolygon", "coordinates": [ [ [ [ 26.484514383190618, 37.606054611093803 ], [ 26.484568029397852, 37.606017764168534 ], [ 26.484579459758319, 37.605949063594736 ], [ 26.48460863511453, 37.605888919249765 ], [ 26.484594689503385, 37.605844565689324 ], [ 26.484593904373185, 37.605821018241862 ], [ 26.484555033686874, 37.605777189465172 ], [ 26.484460907098562, 37.605759329667762 ], [ 26.48436351895522, 37.605830830708847 ], [ 26.484328443590481, 37.605901022503936 ], [ 26.48435600558242, 37.605979814705243 ], [ 26.484282223192249, 37.606011133878525 ], [ 26.48418941337551, 37.606032931234552 ], [ 26.484133334825639, 37.606034111523542 ], [ 26.484113816024394, 37.606009719475701 ], [ 26.484150214762458, 37.605979187456185 ], [ 26.484068054794321, 37.605946193267961 ], [ 26.483924572869796, 37.605944254096585 ], [ 26.483825700018862, 37.605971140114484 ], [ 26.483766869969429, 37.606041915919654 ], [ 26.483766382653485, 37.606062427859293 ], [ 26.483738055439783, 37.6061106474464 ], [ 26.483730723660219, 37.606190173878439 ], [ 26.483728773934651, 37.606281494411803 ], [ 26.483759871658378, 37.606316558581803 ], [ 26.483831113849018, 37.606358712454181 ], [ 26.483862341466473, 37.606397740684365 ], [ 26.483859466613229, 37.606461300608053 ], [ 26.48387534540349, 37.606488745921069 ], [ 26.483911427566756, 37.606523705880385 ], [ 26.483986465925895, 37.606530062317539 ], [ 26.484049554851765, 37.606477140897887 ], [ 26.484107129334255, 37.606408460484182 ], [ 26.484190291108792, 37.606359087037255 ], [ 26.484270680404887, 37.606226428039896 ], [ 26.484319208759615, 37.606185719520582 ], [ 26.484412865759346, 37.606151996451246 ], [ 26.484462055966635, 37.606131118753865 ], [ 26.484514383190618, 37.606054611093803 ] ] ] ] } },
{ "type": "Feature", "properties": { "datasetID": 583.0, "BIO_CLASS": "Posidonia beds (posidonion oceanicae) (Posidonia oceanica meadows (= association with Posidonia oceanica))", "fieldNotes": "Not reported", "habitat": "Posidonia beds", "AREA_SQKM": 0.00114254515, "vernacular": "Neptune grass", "FAMILY": "Posidoniaceae", "GENUS": "Posidonia", "scientific": "Posidonia oceanica", "habitatID": "EUNIS:A5.535", "nameAccord": "urn:lsid:marinespecies.org:taxname:145794", "eventDate": "2018-01-17", "verif": "Panayotidis Panayotis", "Shape_Leng": 162.96443531700001, "Shape_Area": 1144.5175826, "Pres_UNEP": 1 }, "geometry": { "type": "MultiPolygon", "coordinates": [ [ [ [ 26.480446960976071, 37.606544346856644 ], [ 26.480521666475713, 37.606535316209538 ], [ 26.480587249269085, 37.606533938024299 ], [ 26.48063285547979, 37.606495684554481 ], [ 26.480603262322745, 37.606451552604611 ], [ 26.480565043273248, 37.606429979599369 ], [ 26.480591663631476, 37.606384666489596 ], [ 26.480541973138109, 37.60634300999466 ], [ 26.480364365079925, 37.606383483548363 ], [ 26.480340697175315, 37.606391742051983 ], [ 26.480331484097245, 37.606454936224779 ], [ 26.480214757646973, 37.606469048482687 ], [ 26.480077869008205, 37.606502503036594 ], [ 26.480012462200403, 37.606546434454273 ], [ 26.479997199232685, 37.606622799184933 ], [ 26.480067785387099, 37.606701498027206 ], [ 26.480190325557725, 37.606721297088562 ], [ 26.480265029459311, 37.606712269083744 ], [ 26.48031013998558, 37.6066591081998 ], [ 26.480344893831514, 37.606576327824939 ], [ 26.480446960976071, 37.606544346856644 ] ] ] ] } },
{ "type": "Feature", "properties": { "datasetID": 583.0, "BIO_CLASS": "Posidonia beds (posidonion oceanicae) (Posidonia oceanica meadows (= association with Posidonia oceanica))", "fieldNotes": "Not reported", "habitat": "Posidonia beds", "AREA_SQKM": 0.01054103972, "vernacular": "Neptune grass", "FAMILY": "Posidoniaceae", "GENUS": "Posidonia", "scientific": "Posidonia oceanica", "habitatID": "EUNIS:A5.535", "nameAccord": "urn:lsid:marinespecies.org:taxname:145794", "eventDate": "2018-01-17", "verif": "Panayotidis Panayotis", "Shape_Leng": 575.84531507999998, "Shape_Area": 10559.2383539, "Pres_UNEP": 1 }, "geometry": { "type": "MultiPolygon", "coordinates": [ [ [ [ 26.479141159044676, 37.60585384809211 ], [ 26.479076258595956, 37.605823923909561 ], [ 26.479007875440594, 37.605837093482499 ], [ 26.478993007716007, 37.605833495194993 ], [ 26.478985150135092, 37.605789548033336 ], [ 26.478974896847987, 37.605732191900145 ], [ 26.478804499070495, 37.605634087622548 ], [ 26.478695389097986, 37.605605093743833 ], [ 26.478522675867652, 37.605585258572674 ], [ 26.478368326122951, 37.605600233897228 ], [ 26.478268131635279, 37.605543674688683 ], [ 26.478197875788318, 37.605542359235216 ], [ 26.478190214404954, 37.605554043713802 ], [ 26.478138287215003, 37.605563445364233 ], [ 26.478091442994209, 37.605568587030035 ], [ 26.478049957171063, 37.605577770469509 ], [ 26.478007782641438, 37.60556618846951 ], [ 26.478006540947575, 37.605528809799672 ], [ 26.477967792578845, 37.605463127251284 ], [ 26.477935920129251, 37.605447173961174 ], [ 26.477831655450142, 37.605453521529476 ], [ 26.477710347697059, 37.605418664238897 ], [ 26.477656767124373, 37.605378229754102 ], [ 26.477618710165636, 37.605333313552428 ], [ 26.477502899755041, 37.605306653783551 ], [ 26.477437105206164, 37.605370375911562 ], [ 26.477428730906951, 37.605432891271249 ], [ 26.477453472087863, 37.60554874037809 ], [ 26.477460216957205, 37.605559490169362 ], [ 26.477568496335088, 37.605608132805528 ], [ 26.477610307869398, 37.605622433177416 ], [ 26.477659817381639, 37.605627526255034 ], [ 26.477829208066613, 37.605694621491601 ], [ 26.477999288466552, 37.605782480444489 ], [ 26.478244797757363, 37.605939406614176 ], [ 26.478325721416084, 37.606016671346104 ], [ 26.478353204524186, 37.606089240571073 ], [ 26.478387716723518, 37.606121763020745 ], [ 26.478409481755598, 37.606147903430582 ], [ 26.478448500344033, 37.606190306400173 ], [ 26.478479389470539, 37.606239529618357 ], [ 26.47851752627837, 37.606255352221538 ], [ 26.478567971208744, 37.606264267123699 ], [ 26.478626769715024, 37.606273006219588 ], [ 26.47869073761229, 37.606311559136195 ], [ 26.478785702825284, 37.606402657095671 ], [ 26.478812856418635, 37.606465258475787 ], [ 26.478857537432798, 37.606602631734582 ], [ 26.478888237363716, 37.606721679624691 ], [ 26.478943902180621, 37.606787006558612 ], [ 26.478989540264472, 37.606852544659418 ], [ 26.479026910398968, 37.606870378051838 ], [ 26.479091446909095, 37.606900938479086 ], [ 26.479209265594633, 37.606925062066608 ], [ 26.479243204986645, 37.606940305178817 ], [ 26.479267210191445, 37.606958421284361 ], [ 26.479294555885225, 37.606976465831771 ], [ 26.479327965930256, 37.606975763485792 ], [ 26.479347482911312, 37.606959393967074 ], [ 26.479346776355627, 37.606938130115324 ], [ 26.479324668784436, 37.606923544292933 ], [ 26.479300825391899, 37.60692404521123 ], [ 26.479300077959945, 37.606921207557711 ], [ 26.479286757747289, 37.606870564460294 ], [ 26.479395180348206, 37.606804732163468 ], [ 26.479436054284111, 37.606740320480903 ], [ 26.479457858836128, 37.606656754682739 ], [ 26.479409682207869, 37.60650133069646 ], [ 26.479346007969653, 37.606434227235582 ], [ 26.479268551524449, 37.606285285303223 ], [ 26.479180887187294, 37.606161976794112 ], [ 26.479123085559358, 37.606049775093318 ], [ 26.479092571427358, 37.606019128219231 ], [ 26.479150612307816, 37.605990531836355 ], [ 26.479147409659927, 37.605944206394085 ], [ 26.479141159044676, 37.60585384809211 ] ] ] ] } },
{ "type": "Feature", "properties": { "datasetID": 583.0, "BIO_CLASS": "Posidonia beds (posidonion oceanicae) (Posidonia oceanica meadows (= association with Posidonia oceanica))", "fieldNotes": "Not reported", "habitat": "Posidonia beds", "AREA_SQKM": 0.00371028591, "vernacular": "Neptune grass", "FAMILY": "Posidoniaceae", "GENUS": "Posidonia", "scientific": "Posidonia oceanica", "habitatID": "EUNIS:A5.535", "nameAccord": "urn:lsid:marinespecies.org:taxname:145794", "eventDate": "2018-01-17", "verif": "Panayotidis Panayotis", "Shape_Leng": 328.99018860299998, "Shape_Area": 3716.6921550299999, "Pres_UNEP": 1 }, "geometry": { "type": "MultiPolygon", "coordinates": [ [ [ [ 26.536096162715147, 37.605661509806289 ], [ 26.535943315603074, 37.605596876750077 ], [ 26.53593178575165, 37.605553178773185 ], [ 26.535875910609679, 37.605386580931956 ], [ 26.535872793193736, 37.605146935496485 ], [ 26.535913887312695, 37.605026195871133 ], [ 26.53597030600897, 37.604913115785777 ], [ 26.535947248798905, 37.604825718376276 ], [ 26.535915923749741, 37.604790434492479 ], [ 26.535875642549946, 37.60478730621638 ], [ 26.535831428314495, 37.604816223115876 ], [ 26.535801455569278, 37.604820860315549 ], [ 26.535741165718793, 37.604846488155978 ], [ 26.535735023534745, 37.604866238442661 ], [ 26.535585502107736, 37.604936595983801 ], [ 26.535442360886197, 37.605194816501246 ], [ 26.535416376121169, 37.605423662737124 ], [ 26.535437797953772, 37.605557489114801 ], [ 26.535659801098646, 37.60563328894083 ], [ 26.535777868774662, 37.605630749911128 ], [ 26.535914169792591, 37.605668105630421 ], [ 26.536053206646105, 37.60578597355498 ], [ 26.536138906828061, 37.605824416829179 ], [ 26.536203191519714, 37.60583031915116 ], [ 26.536226768425127, 37.605810519295268 ], [ 26.536281020857089, 37.605781385805734 ], [ 26.536293902960942, 37.605717186483439 ], [ 26.536232464864295, 37.605682550008517 ], [ 26.536096162715147, 37.605661509806289 ] ] ] ] } },
{ "type": "Feature", "properties": { "datasetID": 583.0, "BIO_CLASS": "Posidonia beds (posidonion oceanicae) (Posidonia oceanica meadows (= association with Posidonia oceanica))", "fieldNotes": "Not reported", "habitat": "Posidonia beds", "AREA_SQKM": 0.01457148785, "vernacular": "Neptune grass", "FAMILY": "Posidoniaceae", "GENUS": "Posidonia", "scientific": "Posidonia oceanica", "habitatID": "EUNIS:A5.535", "nameAccord": "urn:lsid:marinespecies.org:taxname:145794", "eventDate": "2018-01-17", "verif": "Panayotidis Panayotis", "Shape_Leng": 851.28156803499996, "Shape_Area": 14596.643335299999, "Pres_UNEP": 1 }, "geometry": { "type": "MultiPolygon", "coordinates": [ [ [ [ 26.480439864567522, 37.606895064394628 ], [ 26.48054094017326, 37.606833268588048 ], [ 26.480616883954799, 37.60686150729375 ], [ 26.480653864683109, 37.606845809209034 ], [ 26.480688863868739, 37.606770485100164 ], [ 26.480754695104043, 37.606776559723706 ], [ 26.480960813519538, 37.606772224619114 ], [ 26.481110718492555, 37.606769071574895 ], [ 26.481244112367786, 37.606833394921324 ], [ 26.481330662427322, 37.606898704222964 ], [ 26.481518042236832, 37.606894762252601 ], [ 26.481786771557111, 37.606799601065163 ], [ 26.482054756854808, 37.606682077967385 ], [ 26.482192068742222, 37.606582223983743 ], [ 26.482398185032931, 37.606577886233048 ], [ 26.482529350595016, 37.606575124561282 ], [ 26.482837842688305, 37.606604434857715 ], [ 26.482913786427563, 37.606632671763876 ], [ 26.48306329390665, 37.606617591230481 ], [ 26.483116552406923, 37.606640337481089 ], [ 26.48317810018386, 37.606686778818386 ], [ 26.483208675732129, 37.60670403441771 ], [ 26.483261143398671, 37.60670293186859 ], [ 26.483311824297019, 37.606648160453112 ], [ 26.483406683511948, 37.606568591431476 ], [ 26.483443364074297, 37.606543950184317 ], [ 26.483504514781639, 37.606578464893396 ], [ 26.483512804839986, 37.606602158200481 ], [ 26.483580856541199, 37.606618626636291 ], [ 26.483602548482448, 37.606594303425744 ], [ 26.483653823364147, 37.606557420178582 ], [ 26.483704902162728, 37.606514574520901 ], [ 26.483717910143788, 37.606454630547837 ], [ 26.483706446050068, 37.606335527160716 ], [ 26.483667184600609, 37.606282651732577 ], [ 26.483599331667779, 37.606272146617975 ], [ 26.483531479900755, 37.606261641503941 ], [ 26.483394781424181, 37.606210814817501 ], [ 26.483317451126641, 37.606140837591191 ], [ 26.483248405465297, 37.606094555402841 ], [ 26.4831665546149, 37.606114180364038 ], [ 26.483083116977323, 37.606086099902406 ], [ 26.482999084256814, 37.606040131351577 ], [ 26.482806194611857, 37.606103864316971 ], [ 26.482628095794713, 37.606161315087064 ], [ 26.482516064985877, 37.606175609314825 ], [ 26.482435006172626, 37.606219084799513 ], [ 26.482413711360117, 37.606255336316345 ], [ 26.482332256467807, 37.606286884347035 ], [ 26.482254226714335, 37.606286139597941 ], [ 26.482176436022293, 37.606292551685016 ], [ 26.482141569756031, 37.606326700601656 ], [ 26.482044997358489, 37.606309638511 ], [ 26.482021965596694, 37.606338764127145 ], [ 26.481920189406647, 37.606345680666543 ], [ 26.481877581735162, 37.606327482456066 ], [ 26.481752297187196, 37.606349212704629 ], [ 26.481729422669737, 37.606383110730818 ], [ 26.481677519986196, 37.606446260728312 ], [ 26.48163491210574, 37.606428061625145 ], [ 26.481627328935215, 37.606380485113434 ], [ 26.481555217939615, 37.606377227828368 ], [ 26.481526033023435, 37.606401710033559 ], [ 26.481496048933334, 37.60640234081793 ], [ 26.481476950654109, 37.606369328006693 ], [ 26.481440975824253, 37.606370084241021 ], [ 26.481433709834654, 37.606332048131904 ], [ 26.481378635245942, 37.606299789799536 ], [ 26.481288219458346, 37.606287371129298 ], [ 26.481180288511638, 37.606289641598352 ], [ 26.481171311576237, 37.606286573373204 ], [ 26.481158707488405, 37.606294669317805 ], [ 26.481117869054653, 37.606313862291216 ], [ 26.481031901186274, 37.606315669832156 ], [ 26.480983589420365, 37.606341128243294 ], [ 26.48096532867471, 37.606346403330377 ], [ 26.480970332190719, 37.606312075953277 ], [ 26.480762041394918, 37.606331122275634 ], [ 26.480677859488331, 37.60638666839035 ], [ 26.480676165179325, 37.606386038489504 ], [ 26.480669092209936, 37.606457627218383 ], [ 26.480689317278816, 37.6065019561794 ], [ 26.480635579472001, 37.606577674205916 ], [ 26.480636571147564, 37.606607488954282 ], [ 26.480579860804195, 37.606593763638763 ], [ 26.480498263975264, 37.606677528187227 ], [ 26.480416667843851, 37.606761291004219 ], [ 26.480269983747217, 37.606861341204763 ], [ 26.480177531077072, 37.606900580679479 ], [ 26.480123050234106, 37.606953939521908 ], [ 26.480125773968723, 37.607035928479448 ], [ 26.480174847744998, 37.607102026772836 ], [ 26.480205184315054, 37.607168519992605 ], [ 26.480281125798701, 37.607196757862624 ], [ 26.480328466935479, 37.607210679346906 ], [ 26.480421415977332, 37.607186348995995 ], [ 26.480418195682624, 37.607089450797169 ], [ 26.480406102011322, 37.607007657060834 ], [ 26.480439864567522, 37.606895064394628 ] ] ] ] } },
{ "type": "Feature", "properties": { "datasetID": 583.0, "BIO_CLASS": "Posidonia beds (posidonion oceanicae) (Posidonia oceanica meadows (= association with Posidonia oceanica))", "fieldNotes": "Not reported", "habitat": "Posidonia beds", "AREA_SQKM": 0.00342629033, "vernacular": "Neptune grass", "FAMILY": "Posidoniaceae", "GENUS": "Posidonia", "scientific": "Posidonia oceanica", "habitatID": "EUNIS:A5.535", "nameAccord": "urn:lsid:marinespecies.org:taxname:145794", "eventDate": "2018-01-17", "verif": "Panayotidis Panayotis", "Shape_Leng": 408.12529480500001, "Shape_Area": 3432.2074469, "Pres_UNEP": 1 }, "geometry": { "type": "MultiPolygon", "coordinates": [ [ [ [ 26.536542502227032, 37.605939564705793 ], [ 26.536487032526285, 37.605932769213197 ], [ 26.536463842296456, 37.605989199549313 ], [ 26.536428975651607, 37.606009533910125 ], [ 26.536432482585944, 37.606019533677596 ], [ 26.536370941097456, 37.60619543125113 ], [ 26.53649493676167, 37.606367335780718 ], [ 26.536615740314573, 37.606445308324268 ], [ 26.536835467081822, 37.606454011206431 ], [ 26.537041060693376, 37.606543591460614 ], [ 26.537061575438198, 37.606650578420499 ], [ 26.537093336429969, 37.607348160859516 ], [ 26.537221560804504, 37.607376217646653 ], [ 26.537265133485999, 37.607365292832526 ], [ 26.537263944897344, 37.607330359228349 ], [ 26.537237327377277, 37.607285985909265 ], [ 26.537240887573191, 37.607206005824963 ], [ 26.537308528896038, 37.607164600058482 ], [ 26.537357014044325, 37.607113616768785 ], [ 26.537365997823219, 37.607008547537845 ], [ 26.537287502093729, 37.606915351980625 ], [ 26.537269022213906, 37.606740959171944 ], [ 26.537266137692562, 37.606656122085255 ], [ 26.537226294741178, 37.606592057647816 ], [ 26.537186286157475, 37.606523001727268 ], [ 26.537095755496054, 37.606445045938734 ], [ 26.537012685019473, 37.606401886680203 ], [ 26.536953516382031, 37.606323254215773 ], [ 26.53690774402143, 37.606269305398065 ], [ 26.536825520806538, 37.606251099243579 ], [ 26.536737194009508, 37.606238017104914 ], [ 26.536698710245911, 37.606213873281597 ], [ 26.536583462078276, 37.606110479549315 ], [ 26.536565016663989, 37.606010995135847 ], [ 26.536542502227032, 37.605939564705793 ] ] ] ] } },
{ "type": "Feature", "properties": { "datasetID": 583.0, "BIO_CLASS": "Posidonia beds (posidonion oceanicae) (Posidonia oceanica meadows (= association with Posidonia oceanica))", "fieldNotes": "Not reported", "habitat": "Posidonia beds", "AREA_SQKM": 0.00280166774, "vernacular": "Neptune grass", "FAMILY": "Posidoniaceae", "GENUS": "Posidonia", "scientific": "Posidonia oceanica", "habitatID": "EUNIS:A5.535", "nameAccord": "urn:lsid:marinespecies.org:taxname:145794", "eventDate": "2018-01-17", "verif": "Panayotidis Panayotis", "Shape_Leng": 295.00078756200003, "Shape_Area": 2806.4741205099999, "Pres_UNEP": 1 }, "geometry": { "type": "MultiPolygon", "coordinates": [ [ [ [ 26.521765719936795, 37.654095763580983 ], [ 26.521686432248153, 37.654027512897095 ], [ 26.521515313804922, 37.65404554406183 ], [ 26.521175222485699, 37.654003858097468 ], [ 26.520987308830531, 37.653909959995239 ], [ 26.520583202340386, 37.653796204262697 ], [ 26.520575246256996, 37.653794065798358 ], [ 26.520489015815745, 37.653837748797514 ], [ 26.520397244999039, 37.653953836542733 ], [ 26.520543899338051, 37.654045807394496 ], [ 26.520806232072502, 37.654021177910728 ], [ 26.52095096032955, 37.654056125056172 ], [ 26.521050444090573, 37.65416812332947 ], [ 26.52112409420026, 37.654223612173432 ], [ 26.521339256204705, 37.654219010930341 ], [ 26.521531797312011, 37.654252935710296 ], [ 26.521652617695072, 37.654288391887825 ], [ 26.521866493690133, 37.654245775372665 ], [ 26.521887826462123, 37.654169235862575 ], [ 26.521765719936795, 37.654095763580983 ] ] ] ] } },
{ "type": "Feature", "properties": { "datasetID": 583.0, "BIO_CLASS": "Posidonia beds (posidonion oceanicae) (Posidonia oceanica meadows (= association with Posidonia oceanica))", "fieldNotes": "Not reported", "habitat": "Posidonia beds", "AREA_SQKM": 0.00584142704, "vernacular": "Neptune grass", "FAMILY": "Posidoniaceae", "GENUS": "Posidonia", "scientific": "Posidonia oceanica", "habitatID": "EUNIS:A5.535", "nameAccord": "urn:lsid:marinespecies.org:taxname:145794", "eventDate": "2018-01-17", "verif": "Panayotidis Panayotis", "Shape_Leng": 555.12611998800003, "Shape_Area": 5851.4860712399995, "Pres_UNEP": 1 }, "geometry": { "type": "MultiPolygon", "coordinates": [ [ [ [ 26.498921509563932, 37.626129361895494 ], [ 26.49904912609442, 37.626012532392885 ], [ 26.499131337494354, 37.625967994084348 ], [ 26.499301729148595, 37.625878788500707 ], [ 26.499377964860514, 37.625834375684668 ], [ 26.499420666490384, 37.62568130276339 ], [ 26.499464958662323, 37.625575750107259 ], [ 26.499511320814104, 37.625531968204442 ], [ 26.499641482571295, 37.62549117001435 ], [ 26.499688641845754, 37.625471149076091 ], [ 26.499733573185804, 37.625384604043596 ], [ 26.499790767210907, 37.625307307017657 ], [ 26.499831792662309, 37.625282661672273 ], [ 26.499920134362281, 37.625242745301946 ], [ 26.499942917913621, 37.625208976578506 ], [ 26.499910976866193, 37.625147836826272 ], [ 26.499886121554781, 37.625119832300896 ], [ 26.499861110901765, 37.625087075245787 ], [ 26.499847887853978, 37.625049314739449 ], [ 26.499833551606663, 37.624978290054422 ], [ 26.499808537769624, 37.624945533906256 ], [ 26.499753018959126, 37.624894403791004 ], [ 26.499745292599101, 37.624842259392246 ], [ 26.499756126781797, 37.624808743427749 ], [ 26.499765685959758, 37.624737212564398 ], [ 26.499764731631782, 37.624708700949078 ], [ 26.499675753010699, 37.62472960887763 ], [ 26.499654084577259, 37.624796640785625 ], [ 26.49957299286665, 37.624874443877097 ], [ 26.49952081464113, 37.624923100975408 ], [ 26.499476043933395, 37.625014397454493 ], [ 26.49947875178384, 37.625095180794432 ], [ 26.499487113732812, 37.62516633186695 ], [ 26.499426169743998, 37.625310280115855 ], [ 26.499338465358338, 37.625369201359327 ], [ 26.499245422526613, 37.625447256483653 ], [ 26.499243110103148, 37.625556675428662 ], [ 26.49916169600888, 37.625624974608968 ], [ 26.499087848908044, 37.625740663235668 ], [ 26.498958639221929, 37.625809975014072 ], [ 26.498858825143337, 37.625864397429339 ], [ 26.498777888910592, 37.625946951727528 ], [ 26.498749768011926, 37.625999855377088 ], [ 26.498691773767863, 37.626053390771254 ], [ 26.498542889058673, 37.626070811512697 ], [ 26.498393050967643, 37.626059719562221 ], [ 26.498332668739568, 37.6260419763302 ], [ 26.498268223549722, 37.626081384826541 ], [ 26.498258025276783, 37.626133910357119 ], [ 26.498272042392014, 37.626195429452402 ], [ 26.498351301281801, 37.626241303724349 ], [ 26.498393442228743, 37.626249920889563 ], [ 26.498465136854502, 37.626248402084308 ], [ 26.498531174484825, 37.626256512981364 ], [ 26.498532764463963, 37.626304031535888 ], [ 26.49854017217719, 37.626346671191577 ], [ 26.498600234891398, 37.626354910206032 ], [ 26.498659342602917, 37.626334634720841 ], [ 26.498771425160655, 37.626289463725058 ], [ 26.498889960048562, 37.626258421427515 ], [ 26.498894399540394, 37.626255753136682 ], [ 26.498876864372352, 37.626243781169968 ], [ 26.498926688699044, 37.626212920005294 ], [ 26.498911309850595, 37.626181884788203 ], [ 26.498921509563932, 37.626129361895494 ] ] ] ] } },
{ "type": "Feature", "properties": { "datasetID": 583.0, "BIO_CLASS": "Posidonia beds (posidonion oceanicae) (Posidonia oceanica meadows (= association with Posidonia oceanica))", "fieldNotes": "Not reported", "habitat": "Posidonia beds", "AREA_SQKM": 0.00733673911, "vernacular": "Neptune grass", "FAMILY": "Posidoniaceae", "GENUS": "Posidonia", "scientific": "Posidonia oceanica", "habitatID": "EUNIS:A5.535", "nameAccord": "urn:lsid:marinespecies.org:taxname:145794", "eventDate": "2018-01-17", "verif": "Panayotidis Panayotis", "Shape_Leng": 585.092438313, "Shape_Area": 7349.3726372700003, "Pres_UNEP": 1 }, "geometry": { "type": "MultiPolygon", "coordinates": [ [ [ [ 26.498319187640458, 37.626532049543073 ], [ 26.498420278693288, 37.626515643066419 ], [ 26.498452539378093, 37.62651496008904 ], [ 26.49854478692102, 37.626484474387013 ], [ 26.49853674352703, 37.626422827972078 ], [ 26.498504961698064, 37.626366437758698 ], [ 26.498337356285496, 37.626360479161796 ], [ 26.498258415837146, 37.626324109105113 ], [ 26.498160597941322, 37.626259608905862 ], [ 26.498063414547005, 37.62621411543536 ], [ 26.497918595161952, 37.626174385304331 ], [ 26.497887291086638, 37.626132251953827 ], [ 26.49789796681095, 37.626093983213075 ], [ 26.497999056450002, 37.626077576772708 ], [ 26.49801570520286, 37.626039181696456 ], [ 26.498013159626645, 37.625963154060166 ], [ 26.497855438299901, 37.625895165768917 ], [ 26.497801189025232, 37.625882047874789 ], [ 26.497657961057747, 37.62588983714906 ], [ 26.497539586799988, 37.625925630175459 ], [ 26.49748063700731, 37.62595065463897 ], [ 26.497445109295743, 37.625960917824173 ], [ 26.49736696496042, 37.625948307960449 ], [ 26.497366009787235, 37.625919796170734 ], [ 26.497393655855191, 37.62585263842012 ], [ 26.497391905640679, 37.625800368306663 ], [ 26.497372392567982, 37.625753228910717 ], [ 26.497276482053362, 37.625745749763752 ], [ 26.497222871700245, 37.625751638542873 ], [ 26.497115648502984, 37.625763420519291 ], [ 26.497019262397572, 37.625741686373971 ], [ 26.496958564672543, 37.625714439839896 ], [ 26.496951474427231, 37.625681301881805 ], [ 26.496980075806132, 37.625642655957776 ], [ 26.496966854411088, 37.625604894461929 ], [ 26.496869673945657, 37.625559398491227 ], [ 26.496820606564992, 37.625522395969355 ], [ 26.496777195226581, 37.625475763789581 ], [ 26.496774331052816, 37.625390231287547 ], [ 26.496665361261059, 37.625349740597336 ], [ 26.496606412222292, 37.625374763220996 ], [ 26.496547940607421, 37.625414044355331 ], [ 26.496557602226392, 37.625434762397965 ], [ 26.496586206940513, 37.625574911632938 ], [ 26.496586261244641, 37.625719468052701 ], [ 26.496638127918605, 37.625840105431649 ], [ 26.496731763452093, 37.625904695615176 ], [ 26.496857386350616, 37.62590679048472 ], [ 26.497034620370393, 37.626021919112205 ], [ 26.497056272243373, 37.626311527492405 ], [ 26.497202295511403, 37.626208577408505 ], [ 26.497258292329374, 37.626273962898345 ], [ 26.497279556393124, 37.626373374436227 ], [ 26.497345594216224, 37.626381486222002 ], [ 26.497410676767732, 37.62636108615483 ], [ 26.497455608373976, 37.626274540733412 ], [ 26.497574938007688, 37.626267258596002 ], [ 26.497689885359193, 37.62630762136051 ], [ 26.497686457860009, 37.626383775475354 ], [ 26.49770597138177, 37.626430915021409 ], [ 26.49779558899953, 37.626429018059255 ], [ 26.497956899608067, 37.626425599639916 ], [ 26.498096063712236, 37.626474960417823 ], [ 26.498109762576899, 37.62652697624948 ], [ 26.498200335765407, 37.626553591163308 ], [ 26.498319187640458, 37.626532049543073 ] ] ] ] } },
{ "type": "Feature", "properties": { "datasetID": 583.0, "BIO_CLASS": "Posidonia beds (posidonion oceanicae) (Posidonia oceanica meadows (= association with Posidonia oceanica))", "fieldNotes": "Not reported", "habitat": "Posidonia beds", "AREA_SQKM": 0.00060785406, "vernacular": "Neptune grass", "FAMILY": "Posidoniaceae", "GENUS": "Posidonia", "scientific": "Posidonia oceanica", "habitatID": "EUNIS:A5.535", "nameAccord": "urn:lsid:marinespecies.org:taxname:145794", "eventDate": "2018-01-17", "verif": "Panayotidis Panayotis", "Shape_Leng": 174.03102942500001, "Shape_Area": 608.90077283000005, "Pres_UNEP": 1 }, "geometry": { "type": "MultiPolygon", "coordinates": [ [ [ [ 26.501106856584919, 37.62693136463961 ], [ 26.501124782394008, 37.626930983832558 ], [ 26.501167559756258, 37.626958606923417 ], [ 26.501208902676165, 37.626943464761595 ], [ 26.501237181076, 37.626895312553344 ], [ 26.50122395803546, 37.626857551702223 ], [ 26.50122332056857, 37.626838544049178 ], [ 26.501151626022676, 37.626840064626073 ], [ 26.501116416297481, 37.626859833009512 ], [ 26.501080727655154, 37.62686534454901 ], [ 26.501020824000562, 37.626861860740107 ], [ 26.500989997885629, 37.626833981435404 ], [ 26.501000353102455, 37.626786210944118 ], [ 26.500973427049548, 37.626696431573301 ], [ 26.500926809509576, 37.626670138249494 ], [ 26.500932516596993, 37.626840432179968 ], [ 26.500974239675578, 37.626970317404719 ], [ 26.501252292341263, 37.627149870250484 ], [ 26.501274819238411, 37.627156318354679 ], [ 26.501329109610296, 37.627140634565237 ], [ 26.501334606250563, 37.627126252237275 ], [ 26.501315407680124, 37.627088617688806 ], [ 26.501284260625578, 37.627051235840987 ], [ 26.501229534876423, 37.627023866314197 ], [ 26.501133464871337, 37.627011638073533 ], [ 26.501078736679972, 37.626984267668647 ], [ 26.50107164644513, 37.626951131265102 ], [ 26.501106856584919, 37.62693136463961 ] ] ] ] } },
{ "type": "Feature", "properties": { "datasetID": 583.0, "BIO_CLASS": "Posidonia beds (posidonion oceanicae) (Posidonia oceanica meadows (= association with Posidonia oceanica))", "fieldNotes": "Not reported", "habitat": "Posidonia beds", "AREA_SQKM": 0.00107288546, "vernacular": "Neptune grass", "FAMILY": "Posidoniaceae", "GENUS": "Posidonia", "scientific": "Posidonia oceanica", "habitatID": "EUNIS:A5.535", "nameAccord": "urn:lsid:marinespecies.org:taxname:145794", "eventDate": "2018-01-17", "verif": "Panayotidis Panayotis", "Shape_Leng": 142.94435615500001, "Shape_Area": 1074.7332650400001, "Pres_UNEP": 1 }, "geometry": { "type": "MultiPolygon", "coordinates": [ [ [ [ 26.500164757287898, 37.624634599041201 ], [ 26.500201209599165, 37.624580567485339 ], [ 26.500263723376712, 37.62459065654356 ], [ 26.500288131794697, 37.624605354992006 ], [ 26.500303234523205, 37.624627859453241 ], [ 26.500309880150152, 37.624628770375473 ], [ 26.500311822345864, 37.624621019142836 ], [ 26.500424697521982, 37.624599606728594 ], [ 26.500556133408807, 37.624596818299608 ], [ 26.500569000007772, 37.624595935650511 ], [ 26.500554124976752, 37.624550259670947 ], [ 26.500542271231385, 37.624482035961599 ], [ 26.500511685121605, 37.624425623329039 ], [ 26.50046726859798, 37.624384718459687 ], [ 26.500451655748808, 37.624347007565063 ], [ 26.500445474656953, 37.624305293397221 ], [ 26.500369003377749, 37.624306914677199 ], [ 26.500269399961656, 37.624331852350124 ], [ 26.500227021005493, 37.624351769800008 ], [ 26.500156476127813, 37.624387504235273 ], [ 26.500119896576152, 37.624437733017167 ], [ 26.500104344784262, 37.624544578558051 ], [ 26.500105491118262, 37.624578794235653 ], [ 26.500107020966375, 37.624624411025124 ], [ 26.500117473792496, 37.624650818936566 ], [ 26.500146403159448, 37.624657813866222 ], [ 26.500164757287898, 37.624634599041201 ] ] ] ] } },
{ "type": "Feature", "properties": { "datasetID": 583.0, "BIO_CLASS": "Posidonia beds (posidonion oceanicae) (Posidonia oceanica meadows (= association with Posidonia oceanica))", "fieldNotes": "Not reported", "habitat": "Posidonia beds", "AREA_SQKM": 0.0021231504, "vernacular": "Neptune grass", "FAMILY": "Posidoniaceae", "GENUS": "Posidonia", "scientific": "Posidonia oceanica", "habitatID": "EUNIS:A5.535", "nameAccord": "urn:lsid:marinespecies.org:taxname:145794", "eventDate": "2018-01-17", "verif": "Panayotidis Panayotis", "Shape_Leng": 169.0551374, "Shape_Area": 2126.8070626600002, "Pres_UNEP": 1 }, "geometry": { "type": "MultiPolygon", "coordinates": [ [ [ [ 26.510794906642221, 37.624111711774979 ], [ 26.510710879404886, 37.624113500924196 ], [ 26.510510568485376, 37.624157892149647 ], [ 26.510413336747639, 37.624266970222784 ], [ 26.510419183124196, 37.624440734366935 ], [ 26.510575378790513, 37.624584544257168 ], [ 26.510877871062519, 37.624578104188267 ], [ 26.510991007822376, 37.624441935969905 ], [ 26.510932944021377, 37.624215780202185 ], [ 26.510794906642221, 37.624111711774979 ] ] ] ] } },
{ "type": "Feature", "properties": { "datasetID": 583.0, "BIO_CLASS": "Posidonia beds (posidonion oceanicae) (Posidonia oceanica meadows (= association with Posidonia oceanica))", "fieldNotes": "Not reported", "habitat": "Posidonia beds", "AREA_SQKM": 0.0174588139, "vernacular": "Neptune grass", "FAMILY": "Posidoniaceae", "GENUS": "Posidonia", "scientific": "Posidonia oceanica", "habitatID": "EUNIS:A5.535", "nameAccord": "urn:lsid:marinespecies.org:taxname:145794", "eventDate": "2018-01-17", "verif": "Panayotidis Panayotis", "Shape_Leng": 558.80733098600001, "Shape_Area": 17488.882793799999, "Pres_UNEP": 1 }, "geometry": { "type": "MultiPolygon", "coordinates": [ [ [ [ 26.508363385258406, 37.624818879318106 ], [ 26.508476976919212, 37.624696077905192 ], [ 26.508556508052745, 37.624560627917589 ], [ 26.50853655899672, 37.624467419684464 ], [ 26.50831674223366, 37.624431966198117 ], [ 26.507923034103943, 37.624226323379112 ], [ 26.507580642683685, 37.624046340254523 ], [ 26.507326320371398, 37.623984868654176 ], [ 26.507107405711238, 37.623976146447625 ], [ 26.506787658318956, 37.623969568568356 ], [ 26.50642064258296, 37.624057624702822 ], [ 26.506188961610285, 37.624169556524969 ], [ 26.506110325353024, 37.624331740137038 ], [ 26.506117958136588, 37.624558969529119 ], [ 26.506145989420606, 37.624892774549458 ], [ 26.50626362615915, 37.624890274148356 ], [ 26.506396271872251, 37.624833951519825 ], [ 26.506582027057121, 37.624856754641307 ], [ 26.506680164282756, 37.624774412845632 ], [ 26.506780996762192, 37.624772269393546 ], [ 26.507000364601236, 37.624794357729314 ], [ 26.507375020801643, 37.624933530205574 ], [ 26.508098993724222, 37.624958262976818 ], [ 26.508363385258406, 37.624818879318106 ] ] ] ] } },
{ "type": "Feature", "properties": { "datasetID": 583.0, "BIO_CLASS": "Posidonia beds (posidonion oceanicae) (Posidonia oceanica meadows (= association with Posidonia oceanica))", "fieldNotes": "Not reported", "habitat": "Posidonia beds", "AREA_SQKM": 0.00045461494, "vernacular": "Neptune grass", "FAMILY": "Posidoniaceae", "GENUS": "Posidonia", "scientific": "Posidonia oceanica", "habitatID": "EUNIS:A5.535", "nameAccord": "urn:lsid:marinespecies.org:taxname:145794", "eventDate": "2018-01-17", "verif": "Panayotidis Panayotis", "Shape_Leng": 83.033303846099997, "Shape_Area": 455.397769391, "Pres_UNEP": 1 }, "geometry": { "type": "MultiPolygon", "coordinates": [ [ [ [ 26.501198969306699, 37.625666423992001 ], [ 26.501166067575834, 37.625644384153382 ], [ 26.50114241147498, 37.625678085802249 ], [ 26.501059953160784, 37.625769099897305 ], [ 26.501073615882003, 37.625779403715796 ], [ 26.50111287174229, 37.625809004004083 ], [ 26.501152510215764, 37.625850010774577 ], [ 26.50119705676601, 37.625894715161706 ], [ 26.501245489582317, 37.625912710188985 ], [ 26.501321580406572, 37.625899682414534 ], [ 26.50133426277386, 37.625849959529212 ], [ 26.501331203399143, 37.625758724512572 ], [ 26.501315079475702, 37.625705807674407 ], [ 26.501257087539202, 37.625688017646631 ], [ 26.501198969306699, 37.625666423992001 ] ] ] ] } },
{ "type": "Feature", "properties": { "datasetID": 583.0, "BIO_CLASS": "Posidonia beds (posidonion oceanicae) (Posidonia oceanica meadows (= association with Posidonia oceanica))", "fieldNotes": "Not reported", "habitat": "Posidonia beds", "AREA_SQKM": 0.00740472744, "vernacular": "Neptune grass", "FAMILY": "Posidoniaceae", "GENUS": "Posidonia", "scientific": "Posidonia oceanica", "habitatID": "EUNIS:A5.535", "nameAccord": "urn:lsid:marinespecies.org:taxname:145794", "eventDate": "2018-01-17", "verif": "Panayotidis Panayotis", "Shape_Leng": 764.97667031799995, "Shape_Area": 7417.4781091599998, "Pres_UNEP": 1 }, "geometry": { "type": "MultiPolygon", "coordinates": [ [ [ [ 26.531080868248328, 37.626487263700511 ], [ 26.53132161548023, 37.626285161742508 ], [ 26.531307702235605, 37.625875181872139 ], [ 26.531015148642027, 37.62576658355804 ], [ 26.53090783808933, 37.625353364834986 ], [ 26.530909164451842, 37.62534342417193 ], [ 26.530905686731575, 37.625240947282919 ], [ 26.530908596083986, 37.625115543597992 ], [ 26.530926592266205, 37.625012608272513 ], [ 26.5309455535401, 37.624938136933935 ], [ 26.530952918379434, 37.624732876158866 ], [ 26.531011156778071, 37.624549314267348 ], [ 26.531020836039428, 37.624412372095001 ], [ 26.531060307672337, 37.624308975048137 ], [ 26.531083530865466, 37.62414895168709 ], [ 26.531078122445372, 37.623989545159226 ], [ 26.531007669568339, 37.623936452087896 ], [ 26.530962513886617, 37.624013406652608 ], [ 26.530858920908869, 37.624268589719271 ], [ 26.530887200292849, 37.624550702296837 ], [ 26.530801293370981, 37.62477574254445 ], [ 26.530750759238323, 37.624940507456166 ], [ 26.530761352530689, 37.625252756618586 ], [ 26.530768244154412, 37.625455924834711 ], [ 26.530806623733845, 37.625488053756314 ], [ 26.530838559718301, 37.625487369898963 ], [ 26.530865811828889, 37.62562208806807 ], [ 26.530876380979283, 37.625933673000688 ], [ 26.530786643603015, 37.626329467751624 ], [ 26.530642310931878, 37.626332563677096 ], [ 26.530456187568181, 37.626320146401554 ], [ 26.53020987583281, 37.626358254381856 ], [ 26.530193149824498, 37.626473491947515 ], [ 26.530279517331909, 37.626586517192251 ], [ 26.530467868935663, 37.626664530386208 ], [ 26.530938206325988, 37.626539558734592 ], [ 26.531080868248328, 37.626487263700511 ] ] ] ] } },
{ "type": "Feature", "properties": { "datasetID": 583.0, "BIO_CLASS": "Posidonia beds (posidonion oceanicae) (Posidonia oceanica meadows (= association with Posidonia oceanica))", "fieldNotes": "Not reported", "habitat": "Posidonia beds", "AREA_SQKM": 0.00034177341, "vernacular": "Neptune grass", "FAMILY": "Posidoniaceae", "GENUS": "Posidonia", "scientific": "Posidonia oceanica", "habitatID": "EUNIS:A5.535", "nameAccord": "urn:lsid:marinespecies.org:taxname:145794", "eventDate": "2018-01-17", "verif": "Panayotidis Panayotis", "Shape_Leng": 99.805759303000002, "Shape_Area": 342.36238647099998, "Pres_UNEP": 1 }, "geometry": { "type": "MultiPolygon", "coordinates": [ [ [ [ 26.516353522188744, 37.619861827520651 ], [ 26.516312808167974, 37.619860003069462 ], [ 26.516293925087083, 37.619905033003796 ], [ 26.516280548050723, 37.61996211758477 ], [ 26.516271449632473, 37.619994767770756 ], [ 26.516201050853162, 37.620024669355715 ], [ 26.516145942364044, 37.620054244045583 ], [ 26.516101710497285, 37.620103872706935 ], [ 26.516113135431397, 37.62014014090083 ], [ 26.516154867113983, 37.620167651721879 ], [ 26.516211203658347, 37.62017456344293 ], [ 26.516249245469794, 37.620092609689017 ], [ 26.51630408152165, 37.620054927883992 ], [ 26.516338527502167, 37.620017679007141 ], [ 26.516398458603906, 37.619979885893862 ], [ 26.516396818848545, 37.619931235311164 ], [ 26.516365005424696, 37.619895401843223 ], [ 26.516377265351835, 37.61988164821814 ], [ 26.516353522188744, 37.619861827520651 ] ] ] ] } },
{ "type": "Feature", "properties": { "datasetID": 583.0, "BIO_CLASS": "Posidonia beds (posidonion oceanicae) (Posidonia oceanica meadows (= association with Posidonia oceanica))", "fieldNotes": "Not reported", "habitat": "Posidonia beds", "AREA_SQKM": 0.01515467852, "vernacular": "Neptune grass", "FAMILY": "Posidoniaceae", "GENUS": "Posidonia", "scientific": "Posidonia oceanica", "habitatID": "EUNIS:A5.535", "nameAccord": "urn:lsid:marinespecies.org:taxname:145794", "eventDate": "2018-01-17", "verif": "Panayotidis Panayotis", "Shape_Leng": 593.59257606200003, "Shape_Area": 15180.7919932, "Pres_UNEP": 1 }, "geometry": { "type": "MultiPolygon", "coordinates": [ [ [ [ 26.530939575883654, 37.621172371813174 ], [ 26.53106821658735, 37.62116391301835 ], [ 26.53118389404597, 37.621195614504657 ], [ 26.531292415615361, 37.621227467961063 ], [ 26.53138584676547, 37.621236857985956 ], [ 26.531451037182173, 37.621258247948511 ], [ 26.53148721171663, 37.621268865181094 ], [ 26.53154408395179, 37.621256250314936 ], [ 26.531571362982334, 37.621215783441258 ], [ 26.531569429994178, 37.621158853114501 ], [ 26.531408491487216, 37.621059756075766 ], [ 26.531288177975689, 37.620891420570338 ], [ 26.531159741460471, 37.620694773845031 ], [ 26.530862040289559, 37.620575822696054 ], [ 26.530606124414032, 37.620421789925807 ], [ 26.530481553399845, 37.620339004683402 ], [ 26.530299916121852, 37.620263140035014 ], [ 26.530175923689239, 37.620197434047576 ], [ 26.53008094970491, 37.620142498101835 ], [ 26.529956377973594, 37.620059711209159 ], [ 26.529759655833349, 37.619961380725236 ], [ 26.529692536824705, 37.619883058292167 ], [ 26.529654435522417, 37.619815508542708 ], [ 26.529595440057996, 37.619765499160422 ], [ 26.52944125870345, 37.619865659299663 ], [ 26.52942615603434, 37.620053993117637 ], [ 26.529472959942034, 37.620166935182482 ], [ 26.529539306245564, 37.620222482526081 ], [ 26.529570638757914, 37.620301573750119 ], [ 26.529634266644504, 37.620488219586747 ], [ 26.529615792392491, 37.620528035161534 ], [ 26.529649117124588, 37.620589445610094 ], [ 26.529724393839846, 37.620602710700581 ], [ 26.529785011672427, 37.620735330731847 ], [ 26.529883016120564, 37.62086714596883 ], [ 26.530037101201987, 37.620997759710981 ], [ 26.530097721127746, 37.62113038000679 ], [ 26.530218958683683, 37.621395617330705 ], [ 26.53029371960972, 37.621559175193624 ], [ 26.530315693884457, 37.621573173669979 ], [ 26.53038010838987, 37.621571791846023 ], [ 26.530486699644683, 37.621546714041145 ], [ 26.530548220168019, 37.621459935707755 ], [ 26.530696017260439, 37.621382700292848 ], [ 26.530826794974327, 37.621226067586079 ], [ 26.530939575883654, 37.621172371813174 ] ] ] ] } },
{ "type": "Feature", "properties": { "datasetID": 583.0, "BIO_CLASS": "Posidonia beds (posidonion oceanicae) (Posidonia oceanica meadows (= association with Posidonia oceanica))", "fieldNotes": "Not reported", "habitat": "Posidonia beds", "AREA_SQKM": 0.00732091089, "vernacular": "Neptune grass", "FAMILY": "Posidoniaceae", "GENUS": "Posidonia", "scientific": "Posidonia oceanica", "habitatID": "EUNIS:A5.535", "nameAccord": "urn:lsid:marinespecies.org:taxname:145794", "eventDate": "2018-01-17", "verif": "Panayotidis Panayotis", "Shape_Leng": 324.42406601499999, "Shape_Area": 7333.5231456299998, "Pres_UNEP": 1 }, "geometry": { "type": "MultiPolygon", "coordinates": [ [ [ [ 26.511798878234643, 37.621963546387967 ], [ 26.511597223550137, 37.621967842066567 ], [ 26.511485440596754, 37.622144110744436 ], [ 26.511509443569793, 37.622357616519672 ], [ 26.511516642760867, 37.622571477701619 ], [ 26.511553851979468, 37.6226776949335 ], [ 26.511958065836271, 37.622695837216703 ], [ 26.512092502379904, 37.622692971947885 ], [ 26.512461307496167, 37.622658365194738 ], [ 26.512542628474588, 37.622576376839064 ], [ 26.51265486042648, 37.622413472826352 ], [ 26.512700772336299, 37.622278734751916 ], [ 26.512663111832637, 37.622159152700355 ], [ 26.512491014551351, 37.622042435980397 ], [ 26.5122884601845, 37.622019998960731 ], [ 26.511798878234643, 37.621963546387967 ] ] ] ] } },
{ "type": "Feature", "properties": { "datasetID": 583.0, "BIO_CLASS": "Posidonia beds (posidonion oceanicae) (Posidonia oceanica meadows (= association with Posidonia oceanica))", "fieldNotes": "Not reported", "habitat": "Posidonia beds", "AREA_SQKM": 0.00392628729, "vernacular": "Neptune grass", "FAMILY": "Posidoniaceae", "GENUS": "Posidonia", "scientific": "Posidonia oceanica", "habitatID": "EUNIS:A5.535", "nameAccord": "urn:lsid:marinespecies.org:taxname:145794", "eventDate": "2018-01-17", "verif": "Panayotidis Panayotis", "Shape_Leng": 355.308216238, "Shape_Area": 3933.04738262, "Pres_UNEP": 1 }, "geometry": { "type": "MultiPolygon", "coordinates": [ [ [ [ 26.502322475157893, 37.62716711172795 ], [ 26.502273244073116, 37.627125358090112 ], [ 26.502056249383649, 37.627072902096671 ], [ 26.501989892495725, 37.627055288654802 ], [ 26.501916763648683, 37.627014041310915 ], [ 26.501873188763959, 37.62696265973532 ], [ 26.501823321762931, 37.626901899365023 ], [ 26.50179766933794, 37.626850137011608 ], [ 26.501782852563462, 37.62676485837612 ], [ 26.501685986650472, 37.626728871702475 ], [ 26.501577330127873, 37.626697890300605 ], [ 26.501516470018618, 37.626665893714033 ], [ 26.501430912985366, 37.626610646734264 ], [ 26.501374594731036, 37.626535756879726 ], [ 26.501317478523131, 37.626437109523131 ], [ 26.501285374848429, 37.626371217710684 ], [ 26.501187234548919, 37.626297215021111 ], [ 26.501084552471315, 37.626266105573478 ], [ 26.501075034891638, 37.626274896797199 ], [ 26.501083871731922, 37.626450861836595 ], [ 26.501149989957739, 37.626639667543664 ], [ 26.501147056187154, 37.626639807143263 ], [ 26.501157202792797, 37.626649737268934 ], [ 26.50119623576126, 37.626744013848246 ], [ 26.501288083604667, 37.626808638784752 ], [ 26.501283224610301, 37.62684202962474 ], [ 26.501279481447547, 37.626908682324348 ], [ 26.501311106581287, 37.626960317462839 ], [ 26.501347591688567, 37.626978566163885 ], [ 26.501395863660854, 37.626991807826698 ], [ 26.501390846543636, 37.627020444350379 ], [ 26.501387898657484, 37.627110856485537 ], [ 26.501418728060852, 37.627138734062115 ], [ 26.501515116496787, 37.627160463943085 ], [ 26.501557258057325, 37.627169081148296 ], [ 26.501641218849098, 37.627176811275554 ], [ 26.501718888803282, 37.627175163465715 ], [ 26.501831448358597, 37.627144242958408 ], [ 26.501914931657691, 37.627137717986223 ], [ 26.501957710473377, 37.627165341105908 ], [ 26.502079114703395, 37.627219828392313 ], [ 26.502186972978414, 37.627227049599945 ], [ 26.502259466335538, 37.627249287528663 ], [ 26.502302083991435, 37.62727215807778 ], [ 26.502349880009657, 37.627271145535694 ], [ 26.502378476663317, 37.627232496650763 ], [ 26.502365095482435, 37.627189984034658 ], [ 26.502322475157893, 37.62716711172795 ] ] ] ] } },
{ "type": "Feature", "properties": { "datasetID": 583.0, "BIO_CLASS": "Posidonia beds (posidonion oceanicae) (Posidonia oceanica meadows (= association with Posidonia oceanica))", "fieldNotes": "Not reported", "habitat": "Posidonia beds", "AREA_SQKM": 0.00091710788, "vernacular": "Neptune grass", "FAMILY": "Posidoniaceae", "GENUS": "Posidonia", "scientific": "Posidonia oceanica", "habitatID": "EUNIS:A5.535", "nameAccord": "urn:lsid:marinespecies.org:taxname:145794", "eventDate": "2018-01-17", "verif": "Panayotidis Panayotis", "Shape_Leng": 186.95581706600001, "Shape_Area": 918.68677251500003, "Pres_UNEP": 1 }, "geometry": { "type": "MultiPolygon", "coordinates": [ [ [ [ 26.503056629428031, 37.627308454090311 ], [ 26.502984776952839, 37.627305222967401 ], [ 26.502950681762133, 37.627358254210314 ], [ 26.502951727651965, 37.627362535869068 ], [ 26.502973106717537, 37.627367288457393 ], [ 26.503022501488879, 37.627556447573113 ], [ 26.503099229164178, 37.627562430061829 ], [ 26.503148814220459, 37.627614634374446 ], [ 26.503131097465335, 37.627656857278573 ], [ 26.503141547971996, 37.62768326382735 ], [ 26.503185332809121, 37.627705159874822 ], [ 26.503195273980509, 37.62771636147734 ], [ 26.503211272406539, 37.627765476067573 ], [ 26.503232430437453, 37.627825893886666 ], [ 26.503209807987137, 37.6278644147731 ], [ 26.503187312175015, 37.627906740221945 ], [ 26.503189419852362, 37.627969516272792 ], [ 26.5031924707082, 37.627971300155501 ], [ 26.50322297916016, 37.627989671762883 ], [ 26.503270936624421, 37.627993410936924 ], [ 26.503293717513177, 37.627959639977291 ], [ 26.503346214266752, 37.627920484685248 ], [ 26.50333848535448, 37.627868341256708 ], [ 26.503325260309044, 37.627830581103517 ], [ 26.503335614883426, 37.627782807721175 ], [ 26.503310600158869, 37.627750051992642 ], [ 26.503290282743002, 37.627679154453077 ], [ 26.503282237808293, 37.627617509433279 ], [ 26.503244635765213, 37.627565999586949 ], [ 26.503182975161522, 37.627510246967951 ], [ 26.503137487893309, 37.62740184125326 ], [ 26.503105861679959, 37.627350205999633 ], [ 26.503056629428031, 37.627308454090311 ] ] ] ] } },
{ "type": "Feature", "properties": { "datasetID": 583.0, "BIO_CLASS": "Posidonia beds (posidonion oceanicae) (Posidonia oceanica meadows (= association with Posidonia oceanica))", "fieldNotes": "Not reported", "habitat": "Posidonia beds", "AREA_SQKM": 0.03405001887, "vernacular": "Neptune grass", "FAMILY": "Posidoniaceae", "GENUS": "Posidonia", "scientific": "Posidonia oceanica", "habitatID": "EUNIS:A5.535", "nameAccord": "urn:lsid:marinespecies.org:taxname:145794", "eventDate": "2018-01-17", "verif": "Panayotidis Panayotis", "Shape_Leng": 2284.83173558, "Shape_Area": 34108.624680200002, "Pres_UNEP": 1 }, "geometry": { "type": "MultiPolygon", "coordinates": [ [ [ [ 26.49639426793571, 37.631577897695323 ], [ 26.496503731692105, 37.631567641287418 ], [ 26.496603487274289, 37.631565529570061 ], [ 26.49666508185712, 37.631318115100527 ], [ 26.496687838118859, 37.631103278738671 ], [ 26.496856356350897, 37.631067953947415 ], [ 26.49695770323935, 37.631113442348259 ], [ 26.497048807982765, 37.631151208428854 ], [ 26.497042433879596, 37.630960807126179 ], [ 26.497152686996223, 37.630787781217705 ], [ 26.497276050688104, 37.630745474591151 ], [ 26.497337067554874, 37.630704485361441 ], [ 26.497246796616377, 37.630617083639613 ], [ 26.497046625238415, 37.630601474678784 ], [ 26.497006230465768, 37.630513015382249 ], [ 26.497066583493581, 37.630452194723901 ], [ 26.497050796524924, 37.630353290951227 ], [ 26.49697233055231, 37.630245791093806 ], [ 26.496944735523122, 37.630166983054089 ], [ 26.49692728582729, 37.630018495093736 ], [ 26.496984652071646, 37.629868423912093 ], [ 26.496966870725156, 37.629710020032952 ], [ 26.496926145894278, 37.629611644113304 ], [ 26.496983511808157, 37.629461570589434 ], [ 26.496979196974365, 37.62933265298885 ], [ 26.496925337390266, 37.629214707435715 ], [ 26.496882618318377, 37.629056830676902 ], [ 26.49688162333004, 37.629027080582659 ], [ 26.496780875840813, 37.628999441299349 ], [ 26.496670648686948, 37.629061319123807 ], [ 26.496643054827146, 37.628982511555527 ], [ 26.496564591027084, 37.628875011558854 ], [ 26.496388369359543, 37.628829122539955 ], [ 26.496189977646363, 37.628726641196451 ], [ 26.495961163347147, 37.628880341143223 ], [ 26.495884893237317, 37.628931575663401 ], [ 26.495857455562064, 37.62904379916219 ], [ 26.495953874742231, 37.629128591058013 ], [ 26.495896093502665, 37.629266267190836 ], [ 26.495788234797406, 37.629305763800751 ], [ 26.49573211100935, 37.629493023359281 ], [ 26.495813774519238, 37.629602939330695 ], [ 26.495924537608861, 37.629650213943471 ], [ 26.496003297555138, 37.629673355137811 ], [ 26.496037373211081, 37.629759467335411 ], [ 26.496039862233438, 37.629833845063274 ], [ 26.496151867781869, 37.629918307730911 ], [ 26.496216704687495, 37.629991363717579 ], [ 26.496064160014939, 37.6300938306955 ], [ 26.496100725013374, 37.630254319194705 ], [ 26.496074115631401, 37.630391335208536 ], [ 26.496156610054495, 37.630526041693756 ], [ 26.496437164921929, 37.630520103293158 ], [ 26.496579101711951, 37.630566717222578 ], [ 26.496642690035891, 37.63060258442971 ], [ 26.496458975210338, 37.630705711743232 ], [ 26.496372093488834, 37.630906027235667 ], [ 26.496232229913481, 37.630921395008663 ], [ 26.496045193162431, 37.63092535424488 ], [ 26.496065995116556, 37.630614792570832 ], [ 26.496000569966682, 37.630057963580526 ], [ 26.495799019048874, 37.629628061450006 ], [ 26.495686596927872, 37.629531201750886 ], [ 26.495745034366738, 37.628946939748914 ], [ 26.495879501181772, 37.628770427340044 ], [ 26.496038855868807, 37.628677162344928 ], [ 26.496035988030634, 37.628676603940839 ], [ 26.495940331743018, 37.628590098150767 ], [ 26.495954925167474, 37.628471748374082 ], [ 26.496019213722267, 37.628175284914903 ], [ 26.496184509552574, 37.627993545241743 ], [ 26.49625392673294, 37.627893550632656 ], [ 26.496264943078256, 37.627756940128165 ], [ 26.496185853315559, 37.627611061319648 ], [ 26.495976995013446, 37.627467931328489 ], [ 26.495969100515826, 37.627232016891192 ], [ 26.496036840625269, 37.627038765511763 ], [ 26.495905097633383, 37.626982533277307 ], [ 26.496008929609367, 37.626759010214393 ], [ 26.495951340517351, 37.626701207121648 ], [ 26.495981509457863, 37.626493995427381 ], [ 26.496069762338294, 37.626359333211575 ], [ 26.496083859851321, 37.626226237603611 ], [ 26.496041850879067, 37.626079575339936 ], [ 26.495945705727614, 37.62597832442188 ], [ 26.495825596647688, 37.625715273016716 ], [ 26.495813701617582, 37.625718251422029 ], [ 26.495703008026453, 37.6257459582799 ], [ 26.495696814910989, 37.625747509772175 ], [ 26.495724723636492, 37.626027267174649 ], [ 26.495825802956606, 37.626275965001327 ], [ 26.495685121594946, 37.62711703422849 ], [ 26.49581718699655, 37.627515580055075 ], [ 26.495912487236236, 37.627702427071334 ], [ 26.495858686923359, 37.627868823679336 ], [ 26.495714324446006, 37.627989920929231 ], [ 26.495703835098968, 37.628119987151926 ], [ 26.495731294663162, 37.628497136298549 ], [ 26.495707945755232, 37.628686498826852 ], [ 26.495596004348201, 37.628889537149988 ], [ 26.495556642971327, 37.629043822134783 ], [ 26.495660148102328, 37.629254105961856 ], [ 26.495557782453758, 37.629388480340658 ], [ 26.49565996532516, 37.629603511874436 ], [ 26.495736838380704, 37.629771864505223 ], [ 26.495873986379756, 37.629967270895875 ], [ 26.495942785465754, 37.630249113272022 ], [ 26.495842946213799, 37.630458978688942 ], [ 26.495848945745095, 37.630638274048557 ], [ 26.495911427614459, 37.630731383577199 ], [ 26.495916797255354, 37.630891805442573 ], [ 26.495838478210594, 37.631035113737809 ], [ 26.495830715674675, 37.631158041013713 ], [ 26.495835767924827, 37.631309025009379 ], [ 26.495874207872955, 37.631393202032029 ], [ 26.49603306020262, 37.631172643641335 ], [ 26.49612766553831, 37.631161197096574 ], [ 26.49620138543899, 37.631235183049327 ], [ 26.496133350182177, 37.631331056642715 ], [ 26.496112777421253, 37.63142592478772 ], [ 26.496149953425562, 37.631472355149363 ], [ 26.49622146145315, 37.631480284246386 ], [ 26.496291390044814, 37.631441030182557 ], [ 26.496316385609255, 37.631478274139774 ], [ 26.496342643217421, 37.631553264822919 ], [ 26.49639118323336, 37.63157979912453 ], [ 26.49639426793571, 37.631577897695323 ] ] ] ] } },
{ "type": "Feature", "properties": { "datasetID": 583.0, "BIO_CLASS": "Posidonia beds (posidonion oceanicae) (Posidonia oceanica meadows (= association with Posidonia oceanica))", "fieldNotes": "Not reported", "habitat": "Posidonia beds", "AREA_SQKM": 0.00165627243, "vernacular": "Neptune grass", "FAMILY": "Posidoniaceae", "GENUS": "Posidonia", "scientific": "Posidonia oceanica", "habitatID": "EUNIS:A5.535", "nameAccord": "urn:lsid:marinespecies.org:taxname:145794", "eventDate": "2018-01-17", "verif": "Panayotidis Panayotis", "Shape_Leng": 240.15101064300001, "Shape_Area": 1659.1222726200001, "Pres_UNEP": 1 }, "geometry": { "type": "MultiPolygon", "coordinates": [ [ [ [ 26.496132368299598, 37.631805737111158 ], [ 26.49624755751336, 37.631668334000835 ], [ 26.496281262992373, 37.631647556990693 ], [ 26.496224935300056, 37.631584086176119 ], [ 26.496070052794217, 37.631568478906161 ], [ 26.495988889207712, 37.631626856852982 ], [ 26.49599173151049, 37.631711785924082 ], [ 26.495945532525834, 37.631750535526223 ], [ 26.495931457843334, 37.63168473118543 ], [ 26.49594111201224, 37.631618423235075 ], [ 26.495985415335664, 37.6315230540173 ], [ 26.496030668281513, 37.631455992441644 ], [ 26.495982889052708, 37.631447559714566 ], [ 26.495911697342059, 37.631449067073383 ], [ 26.495794937060403, 37.631508197781109 ], [ 26.495728797076691, 37.631660691171419 ], [ 26.495756949132911, 37.631792302509517 ], [ 26.495783205479814, 37.631867293311636 ], [ 26.49590375571071, 37.631921399308212 ], [ 26.495953744024987, 37.631995889177496 ], [ 26.495999339008875, 37.632079981669854 ], [ 26.496132368299598, 37.631805737111158 ] ] ] ] } },
{ "type": "Feature", "properties": { "datasetID": 583.0, "BIO_CLASS": "Posidonia beds (posidonion oceanicae) (Posidonia oceanica meadows (= association with Posidonia oceanica))", "fieldNotes": "Not reported", "habitat": "Posidonia beds", "AREA_SQKM": 0.00069739822, "vernacular": "Neptune grass", "FAMILY": "Posidoniaceae", "GENUS": "Posidonia", "scientific": "Posidonia oceanica", "habitatID": "EUNIS:A5.535", "nameAccord": "urn:lsid:marinespecies.org:taxname:145794", "eventDate": "2018-01-17", "verif": "Panayotidis Panayotis", "Shape_Leng": 124.32891104399999, "Shape_Area": 698.59812672600003, "Pres_UNEP": 1 }, "geometry": { "type": "MultiPolygon", "coordinates": [ [ [ [ 26.495636892302571, 37.632213175754764 ], [ 26.495695684235884, 37.632180176312403 ], [ 26.495795703142701, 37.632185997248143 ], [ 26.495886014234529, 37.632199964667343 ], [ 26.495936436775288, 37.632149932718711 ], [ 26.495898206157012, 37.632110383411082 ], [ 26.495860397388029, 37.632045080816162 ], [ 26.495764211758331, 37.63200934323185 ], [ 26.495762632332138, 37.631962159946482 ], [ 26.495760107481239, 37.6318866672434 ], [ 26.495711696635684, 37.631859361548393 ], [ 26.495632111962163, 37.631964921972255 ], [ 26.495563760053663, 37.632051359435359 ], [ 26.495579099969664, 37.632154909848062 ], [ 26.49562877140399, 37.632219960662738 ], [ 26.495667870147546, 37.632223011618308 ], [ 26.495636892302571, 37.632213175754764 ] ] ] ] } },
{ "type": "Feature", "properties": { "datasetID": 583.0, "BIO_CLASS": "Posidonia beds (posidonion oceanicae) (Posidonia oceanica meadows (= association with Posidonia oceanica))", "fieldNotes": "Not reported", "habitat": "Posidonia beds", "AREA_SQKM": 0.01494850062, "vernacular": "Neptune grass", "FAMILY": "Posidoniaceae", "GENUS": "Posidonia", "scientific": "Posidonia oceanica", "habitatID": "EUNIS:A5.535", "nameAccord": "urn:lsid:marinespecies.org:taxname:145794", "eventDate": "2018-01-17", "verif": "Panayotidis Panayotis", "Shape_Leng": 689.59162077600001, "Shape_Area": 14974.1569638, "Pres_UNEP": 1 }, "geometry": { "type": "MultiPolygon", "coordinates": [ [ [ [ 26.518235432684381, 37.650157774926242 ], [ 26.518376297417472, 37.650078683259636 ], [ 26.518569469367403, 37.650131618985149 ], [ 26.518740662840774, 37.650242088978132 ], [ 26.518863402295803, 37.650334572387237 ], [ 26.519122465170504, 37.650343733160859 ], [ 26.519047211303906, 37.650255058266595 ], [ 26.518979892527902, 37.650085140946857 ], [ 26.51852851255812, 37.649482801655459 ], [ 26.518521900692278, 37.649287108252501 ], [ 26.518594359841543, 37.648698056919983 ], [ 26.518621354084583, 37.648644821140294 ], [ 26.518496755437983, 37.648687570762199 ], [ 26.5179068305656, 37.648928423819243 ], [ 26.517792440139523, 37.64908303458364 ], [ 26.517609666971573, 37.649446747229455 ], [ 26.517693458155279, 37.649693823835527 ], [ 26.517750258553381, 37.649958905916613 ], [ 26.517761814564295, 37.650301037968383 ], [ 26.51774625721924, 37.650548644946795 ], [ 26.517824394818181, 37.650737187339971 ], [ 26.517923871268081, 37.650849189036236 ], [ 26.518018850949431, 37.650828139615491 ], [ 26.518089927652948, 37.650807600062805 ], [ 26.518061526612161, 37.650675058851157 ], [ 26.518058314567057, 37.65058002153836 ], [ 26.518168854385891, 37.650311366922189 ], [ 26.518235432684381, 37.650157774926242 ] ] ] ] } },
{ "type": "Feature", "properties": { "datasetID": 583.0, "BIO_CLASS": "Posidonia beds (posidonion oceanicae) (Posidonia oceanica meadows (= association with Posidonia oceanica))", "fieldNotes": "Not reported", "habitat": "Posidonia beds", "AREA_SQKM": 0.00221808895, "vernacular": "Neptune grass", "FAMILY": "Posidoniaceae", "GENUS": "Posidonia", "scientific": "Posidonia oceanica", "habitatID": "EUNIS:A5.535", "nameAccord": "urn:lsid:marinespecies.org:taxname:145794", "eventDate": "2018-01-17", "verif": "Panayotidis Panayotis", "Shape_Leng": 183.58606072500001, "Shape_Area": 2221.8955321499998, "Pres_UNEP": 1 }, "geometry": { "type": "MultiPolygon", "coordinates": [ [ [ [ 26.519583010849821, 37.651099061496645 ], [ 26.519439574428446, 37.651102125998158 ], [ 26.519351018942611, 37.651313247990174 ], [ 26.519355517223236, 37.651446301264166 ], [ 26.519409110192449, 37.651616346115361 ], [ 26.51948404283457, 37.651709849903192 ], [ 26.519699197570219, 37.651705251369563 ], [ 26.519831942086963, 37.651609746992854 ], [ 26.519831893119488, 37.651609129319283 ], [ 26.519828586392734, 37.651511282425673 ], [ 26.519760438066612, 37.651316904541304 ], [ 26.519693944746013, 37.65117145107623 ], [ 26.519662657408404, 37.651128623156424 ], [ 26.519583010849821, 37.651099061496645 ] ] ] ] } },
{ "type": "Feature", "properties": { "datasetID": 583.0, "BIO_CLASS": "Posidonia beds (posidonion oceanicae) (Posidonia oceanica meadows (= association with Posidonia oceanica))", "fieldNotes": "Not reported", "habitat": "Posidonia beds", "AREA_SQKM": 0.01294466798, "vernacular": "Neptune grass", "FAMILY": "Posidoniaceae", "GENUS": "Posidonia", "scientific": "Posidonia oceanica", "habitatID": "EUNIS:A5.535", "nameAccord": "urn:lsid:marinespecies.org:taxname:145794", "eventDate": "2018-01-17", "verif": "Panayotidis Panayotis", "Shape_Leng": 832.35739554899999, "Shape_Area": 12966.887475400001, "Pres_UNEP": 1 }, "geometry": { "type": "MultiPolygon", "coordinates": [ [ [ [ 26.523167501595307, 37.651688140298852 ], [ 26.5231817567444, 37.651402518053736 ], [ 26.523102960936999, 37.651194973870851 ], [ 26.523002833397044, 37.651063967301091 ], [ 26.522991251648175, 37.650721836580921 ], [ 26.522985460647877, 37.650550771884525 ], [ 26.522887266224004, 37.650476789314467 ], [ 26.522765164698907, 37.650403317520535 ], [ 26.522688300352311, 37.650252794359766 ], [ 26.522781350019262, 37.650174718849037 ], [ 26.522949331412093, 37.650190144671413 ], [ 26.523161908058743, 37.650109511912333 ], [ 26.523150325678529, 37.649767381075371 ], [ 26.523142605316803, 37.649539293884935 ], [ 26.523235008322352, 37.649442210599204 ], [ 26.523472131984239, 37.649380072796973 ], [ 26.523517367070891, 37.649303020005476 ], [ 26.523514149564129, 37.649207984235382 ], [ 26.523369432726458, 37.649173039713602 ], [ 26.523366132400209, 37.64917421672515 ], [ 26.52344513517378, 37.649206319453022 ], [ 26.523020220891876, 37.649386768162209 ], [ 26.52280983306316, 37.649538144264383 ], [ 26.522508805635692, 37.649740418418908 ], [ 26.52229666644358, 37.650081143328045 ], [ 26.522376501890729, 37.65037971175478 ], [ 26.522641668352687, 37.65093706272242 ], [ 26.522507709237836, 37.651527430294649 ], [ 26.522513892769279, 37.651710148575752 ], [ 26.522525257425141, 37.651796987889135 ], [ 26.522765605375927, 37.651829888098547 ], [ 26.522806338770433, 37.651619784407451 ], [ 26.52292522690275, 37.651598219734865 ], [ 26.522931015545868, 37.65176928445328 ], [ 26.523004664054803, 37.651824772624387 ], [ 26.523124195215289, 37.651822215329197 ], [ 26.523167501595307, 37.651688140298852 ] ] ] ] } },
{ "type": "Feature", "properties": { "datasetID": 583.0, "BIO_CLASS": "Posidonia beds (posidonion oceanicae) (Posidonia oceanica meadows (= association with Posidonia oceanica))", "fieldNotes": "Not reported", "habitat": "Posidonia beds", "AREA_SQKM": 0.00460213719, "vernacular": "Neptune grass", "FAMILY": "Posidoniaceae", "GENUS": "Posidonia", "scientific": "Posidonia oceanica", "habitatID": "EUNIS:A5.535", "nameAccord": "urn:lsid:marinespecies.org:taxname:145794", "eventDate": "2018-01-17", "verif": "Panayotidis Panayotis", "Shape_Leng": 315.14841732299999, "Shape_Area": 4610.0339277499997, "Pres_UNEP": 1 }, "geometry": { "type": "MultiPolygon", "coordinates": [ [ [ [ 26.523093755624515, 37.652336433783432 ], [ 26.522901863488602, 37.65232151943075 ], [ 26.522449575571109, 37.652388261124543 ], [ 26.522387222460861, 37.652423272488655 ], [ 26.522384509407839, 37.652435799208241 ], [ 26.522511714940247, 37.65255547466333 ], [ 26.522671342033231, 37.652723413826749 ], [ 26.522556557609715, 37.652970662420387 ], [ 26.522596432918505, 37.653239079408337 ], [ 26.52258257885012, 37.653259795945509 ], [ 26.522600630479801, 37.653317059809289 ], [ 26.522814503148339, 37.653274441736066 ], [ 26.522930818286891, 37.65317684762919 ], [ 26.523063961931964, 37.652869661074575 ], [ 26.523151866119765, 37.652639528174269 ], [ 26.523169334717789, 37.652448943604199 ], [ 26.523093755624515, 37.652336433783432 ] ] ] ] } },
{ "type": "Feature", "properties": { "datasetID": 583.0, "BIO_CLASS": "Posidonia beds (posidonion oceanicae) (Posidonia oceanica meadows (= association with Posidonia oceanica))", "fieldNotes": "Not reported", "habitat": "Posidonia beds", "AREA_SQKM": 0.00683079217, "vernacular": "Neptune grass", "FAMILY": "Posidoniaceae", "GENUS": "Posidonia", "scientific": "Posidonia oceanica", "habitatID": "EUNIS:A5.535", "nameAccord": "urn:lsid:marinespecies.org:taxname:145794", "eventDate": "2018-01-17", "verif": "Panayotidis Panayotis", "Shape_Leng": 424.39717902799998, "Shape_Area": 6842.7298767399998, "Pres_UNEP": 1 }, "geometry": { "type": "MultiPolygon", "coordinates": [ [ [ [ 26.494482221943954, 37.513103614119572 ], [ 26.494487116486926, 37.513016611224721 ], [ 26.494479674247994, 37.513027114053713 ], [ 26.494330382514306, 37.512893899299108 ], [ 26.494282869659532, 37.512889100885197 ], [ 26.494145313613068, 37.512881069679324 ], [ 26.494061905756244, 37.512850023044614 ], [ 26.493866923189593, 37.512766653065889 ], [ 26.49383657405199, 37.512679803083486 ], [ 26.493791414304674, 37.512560457490693 ], [ 26.493610877530134, 37.512498653078197 ], [ 26.493636133639335, 37.512432502394937 ], [ 26.493646577621774, 37.512333854356299 ], [ 26.493562808597595, 37.512291879394553 ], [ 26.493452690904398, 37.512283268943406 ], [ 26.493342935206737, 37.512285587787161 ], [ 26.493347301463093, 37.512416731421354 ], [ 26.493277976170884, 37.512396321875855 ], [ 26.493151956664992, 37.512322429678072 ], [ 26.493025936007619, 37.512248536624732 ], [ 26.492915091263662, 37.512218068475015 ], [ 26.492878660798286, 37.51236101026781 ], [ 26.492924911584581, 37.512513141011176 ], [ 26.49299859917824, 37.512664692600396 ], [ 26.493086006948698, 37.512815956435766 ], [ 26.493307337853668, 37.512865961830045 ], [ 26.493486054625553, 37.512873125011652 ], [ 26.493570188177831, 37.512926027659788 ], [ 26.49365614369065, 37.513033576994388 ], [ 26.4938792917421, 37.513138224729389 ], [ 26.494115800500239, 37.513231656185283 ], [ 26.494376833546003, 37.513237076265227 ], [ 26.494430255131473, 37.513192202103326 ], [ 26.494482221943954, 37.513103614119572 ] ] ] ] } },
{ "type": "Feature", "properties": { "datasetID": 583.0, "BIO_CLASS": "Posidonia beds (posidonion oceanicae) (Posidonia oceanica meadows (= association with Posidonia oceanica))", "fieldNotes": "Not reported", "habitat": "Posidonia beds", "AREA_SQKM": 0.01190343948, "vernacular": "Neptune grass", "FAMILY": "Posidoniaceae", "GENUS": "Posidonia", "scientific": "Posidonia oceanica", "habitatID": "EUNIS:A5.535", "nameAccord": "urn:lsid:marinespecies.org:taxname:145794", "eventDate": "2018-01-17", "verif": "Panayotidis Panayotis", "Shape_Leng": 558.75720795899997, "Shape_Area": 11924.2388281, "Pres_UNEP": 1 }, "geometry": { "type": "MultiPolygon", "coordinates": [ [ [ [ 26.496447679279211, 37.513952877824011 ], [ 26.49645512734288, 37.513892424912378 ], [ 26.496395601994699, 37.513829117152525 ], [ 26.496384200126524, 37.513821133592685 ], [ 26.496242898012738, 37.513850275662854 ], [ 26.496144513326364, 37.513919188083669 ], [ 26.49606022814752, 37.513907603483823 ], [ 26.496023129683255, 37.51380145594284 ], [ 26.496018679562027, 37.513667884804605 ], [ 26.495626335610506, 37.513475681796237 ], [ 26.49547719969328, 37.513532301312537 ], [ 26.495481205716782, 37.513652514632803 ], [ 26.495414578074204, 37.513667289636928 ], [ 26.495295419333083, 37.51361634183889 ], [ 26.495227457703592, 37.513591046318517 ], [ 26.495305958321193, 37.513428989406108 ], [ 26.49533415635965, 37.513267994036312 ], [ 26.49509717531792, 37.513206169977096 ], [ 26.494929940258977, 37.513223072183813 ], [ 26.494765815838168, 37.513333473006654 ], [ 26.494720405966632, 37.513481463046269 ], [ 26.494756166048795, 37.513547541669411 ], [ 26.494824129849796, 37.513572837184228 ], [ 26.494994036053924, 37.513636078634505 ], [ 26.495132629609245, 37.513766816078459 ], [ 26.495118086956293, 37.513833954443882 ], [ 26.495024151068414, 37.514036439038215 ], [ 26.495029490430291, 37.51419672506524 ], [ 26.495115557852241, 37.514261738095129 ], [ 26.495221505018719, 37.514419897055284 ], [ 26.495625284333919, 37.514451460514636 ], [ 26.495843719672735, 37.514460210580332 ], [ 26.496077588116112, 37.514428530557517 ], [ 26.496226721230169, 37.514371911669002 ], [ 26.49640761322577, 37.514261154403712 ], [ 26.496502880203565, 37.514098741079643 ], [ 26.496447679279211, 37.513952877824011 ] ] ] ] } },
{ "type": "Feature", "properties": { "datasetID": 583.0, "BIO_CLASS": "Posidonia beds (posidonion oceanicae) (Posidonia oceanica meadows (= association with Posidonia oceanica))", "fieldNotes": "Not reported", "habitat": "Posidonia beds", "AREA_SQKM": 0.017772528, "vernacular": "Neptune grass", "FAMILY": "Posidoniaceae", "GENUS": "Posidonia", "scientific": "Posidonia oceanica", "habitatID": "EUNIS:A5.535", "nameAccord": "urn:lsid:marinespecies.org:taxname:145794", "eventDate": "2018-01-17", "verif": "Panayotidis Panayotis", "Shape_Leng": 748.89630337300002, "Shape_Area": 17803.580914400001, "Pres_UNEP": 1 }, "geometry": { "type": "MultiPolygon", "coordinates": [ [ [ [ 26.488169757119955, 37.514771366675141 ], [ 26.488217926362996, 37.514671952760445 ], [ 26.488259618361226, 37.514687474011865 ], [ 26.488345177662897, 37.51478406837559 ], [ 26.488387686532359, 37.514824171810496 ], [ 26.488584773264868, 37.514869217651153 ], [ 26.488697383647207, 37.51485044325122 ], [ 26.488712453515351, 37.514872942331131 ], [ 26.488737442985947, 37.514816799276758 ], [ 26.48937367780178, 37.514947196641685 ], [ 26.48948191169837, 37.514915899782572 ], [ 26.489552013807234, 37.514857021928606 ], [ 26.489507598001786, 37.514759561263617 ], [ 26.489295325611199, 37.514567240637973 ], [ 26.489107164894865, 37.514481009764793 ], [ 26.48891171531481, 37.514485130923788 ], [ 26.488878677070897, 37.514420228201097 ], [ 26.488861855759648, 37.514223785867038 ], [ 26.488852326418538, 37.513936991057392 ], [ 26.488817927954241, 37.513831119009026 ], [ 26.488830331774114, 37.513584861522489 ], [ 26.488854930436943, 37.513395745693352 ], [ 26.488858682916106, 37.513198869034575 ], [ 26.488844857529948, 37.513092562925486 ], [ 26.488700299554576, 37.513079211418493 ], [ 26.488495654855807, 37.513116324548676 ], [ 26.488394694983086, 37.513175852685045 ], [ 26.488336240180708, 37.513275482195667 ], [ 26.488383919386646, 37.513471274559762 ], [ 26.488366341890384, 37.513561843362218 ], [ 26.488040488213162, 37.513978704104233 ], [ 26.487763615270111, 37.514320734106107 ], [ 26.487643983647175, 37.514438052407861 ], [ 26.48754682860034, 37.514612297901508 ], [ 26.487572028877011, 37.514751165286597 ], [ 26.487595869154159, 37.514849059522106 ], [ 26.487621341174886, 37.514996120843882 ], [ 26.487747778500701, 37.515083656198122 ], [ 26.487893972708324, 37.515146173148835 ], [ 26.488017415294916, 37.515143570814139 ], [ 26.488127851056902, 37.515059246184776 ], [ 26.488174384173682, 37.514910666863081 ], [ 26.488169757119955, 37.514771366675141 ] ] ] ] } },
{ "type": "Feature", "properties": { "datasetID": 583.0, "BIO_CLASS": "Posidonia beds (posidonion oceanicae) (Posidonia oceanica meadows (= association with Posidonia oceanica))", "fieldNotes": "Not reported", "habitat": "Posidonia beds", "AREA_SQKM": 0.00743149446, "vernacular": "Neptune grass", "FAMILY": "Posidoniaceae", "GENUS": "Posidonia", "scientific": "Posidonia oceanica", "habitatID": "EUNIS:A5.535", "nameAccord": "urn:lsid:marinespecies.org:taxname:145794", "eventDate": "2018-01-17", "verif": "Panayotidis Panayotis", "Shape_Leng": 735.52210391999995, "Shape_Area": 7444.48023405, "Pres_UNEP": 1 }, "geometry": { "type": "MultiPolygon", "coordinates": [ [ [ [ 26.500681627544054, 37.515042968124916 ], [ 26.500656374272936, 37.514910711005427 ], [ 26.500568651154179, 37.514779777656521 ], [ 26.500474557264134, 37.514458092158229 ], [ 26.500386281924616, 37.514310571169823 ], [ 26.500376314146553, 37.514012002658305 ], [ 26.500389663325006, 37.513787633724739 ], [ 26.500363301062247, 37.513622201678757 ], [ 26.500326254566158, 37.513448697038704 ], [ 26.500296571004863, 37.513183742607708 ], [ 26.500173187252944, 37.512920773593571 ], [ 26.500165989843875, 37.512705139102557 ], [ 26.500126727840275, 37.512465285003096 ], [ 26.500036792365517, 37.512268003070844 ], [ 26.500013478994429, 37.512193800976384 ], [ 26.499989888026779, 37.512111307240353 ], [ 26.499946027539231, 37.512045839269412 ], [ 26.499873701856682, 37.512063970557406 ], [ 26.499834821710152, 37.512147787938872 ], [ 26.499838142604482, 37.512247310970317 ], [ 26.499876576262029, 37.512462284455758 ], [ 26.49989722784327, 37.512768926875687 ], [ 26.499937319559315, 37.513033660877866 ], [ 26.499963124129707, 37.513182505473658 ], [ 26.500062364296728, 37.513346392721388 ], [ 26.500159390048996, 37.513443932166957 ], [ 26.500172293095154, 37.513518353721459 ], [ 26.500177552330548, 37.513675932816817 ], [ 26.500188072156469, 37.513991089616212 ], [ 26.500147919294818, 37.514348817472509 ], [ 26.500154562363512, 37.51454786402298 ], [ 26.500233257864771, 37.51472048569584 ], [ 26.500333055373986, 37.51490095954783 ], [ 26.500410920839617, 37.515048702618664 ], [ 26.500426876287882, 37.515060753532815 ], [ 26.500444233683208, 37.515044544360222 ], [ 26.500581501839953, 37.515135204833001 ], [ 26.500709619466821, 37.51511999526145 ], [ 26.500681627544054, 37.515042968124916 ] ] ] ] } },
{ "type": "Feature", "properties": { "datasetID": 583.0, "BIO_CLASS": "Posidonia beds (posidonion oceanicae) (Posidonia oceanica meadows (= association with Posidonia oceanica))", "fieldNotes": "Not reported", "habitat": "Posidonia beds", "AREA_SQKM": 0.00432991983, "vernacular": "Neptune grass", "FAMILY": "Posidoniaceae", "GENUS": "Posidonia", "scientific": "Posidonia oceanica", "habitatID": "EUNIS:A5.535", "nameAccord": "urn:lsid:marinespecies.org:taxname:145794", "eventDate": "2018-01-17", "verif": "Panayotidis Panayotis", "Shape_Leng": 403.47717693200002, "Shape_Area": 4337.49640929, "Pres_UNEP": 1 }, "geometry": { "type": "MultiPolygon", "coordinates": [ [ [ [ 26.492649789838588, 37.503322447023486 ], [ 26.492904771561193, 37.503294409354062 ], [ 26.492916712588492, 37.503307890004095 ], [ 26.493070208558301, 37.503224083412753 ], [ 26.493199449070541, 37.50307432089604 ], [ 26.493419184224319, 37.503123146812193 ], [ 26.493622598071738, 37.503185684726041 ], [ 26.493706871466774, 37.503197270467176 ], [ 26.493839665520397, 37.503154365877357 ], [ 26.493971126288351, 37.503071390245928 ], [ 26.494069498848042, 37.503002478052743 ], [ 26.494221725174537, 37.503039361489996 ], [ 26.494340864327739, 37.503090311875894 ], [ 26.494510303705397, 37.503140198269428 ], [ 26.494338196350888, 37.503010168907799 ], [ 26.494150214573313, 37.502907207717918 ], [ 26.493964458525681, 37.502871031580867 ], [ 26.493645905517575, 37.502877760854268 ], [ 26.493411183588133, 37.502882718848149 ], [ 26.49325851191502, 37.502832476673966 ], [ 26.493125719059883, 37.502875381194357 ], [ 26.492843364365392, 37.502961542576429 ], [ 26.492626296569657, 37.502992859628755 ], [ 26.492631628910139, 37.503153144700278 ], [ 26.492649789838588, 37.503322447023486 ] ] ] ] } },
{ "type": "Feature", "properties": { "datasetID": 583.0, "BIO_CLASS": "Posidonia beds (posidonion oceanicae) (Posidonia oceanica meadows (= association with Posidonia oceanica))", "fieldNotes": "Not reported", "habitat": "Posidonia beds", "AREA_SQKM": 0.00664619643, "vernacular": "Neptune grass", "FAMILY": "Posidoniaceae", "GENUS": "Posidonia", "scientific": "Posidonia oceanica", "habitatID": "EUNIS:A5.535", "nameAccord": "urn:lsid:marinespecies.org:taxname:145794", "eventDate": "2018-01-17", "verif": "Panayotidis Panayotis", "Shape_Leng": 399.04239391499999, "Shape_Area": 6657.8240167800004, "Pres_UNEP": 1 }, "geometry": { "type": "MultiPolygon", "coordinates": [ [ [ [ 26.491378623371695, 37.503313258601352 ], [ 26.491277139306963, 37.503288667253919 ], [ 26.491128021257872, 37.503345278571452 ], [ 26.490897736147332, 37.503483803433177 ], [ 26.490853655219453, 37.503671864369601 ], [ 26.490964017820687, 37.503963602393526 ], [ 26.491085822313995, 37.504094697272087 ], [ 26.491139674865948, 37.504200493496356 ], [ 26.491145891682198, 37.504387493747402 ], [ 26.491169319485252, 37.504587498091936 ], [ 26.491207291494003, 37.50472036291189 ], [ 26.491328653279421, 37.504838100271598 ], [ 26.491476635507421, 37.504781920315722 ], [ 26.491477329129221, 37.504768130516048 ], [ 26.491510750798025, 37.504259495345885 ], [ 26.49153156636152, 37.504250647716255 ], [ 26.491528687635721, 37.504237315345826 ], [ 26.49156183479748, 37.504185861357847 ], [ 26.491540287361133, 37.504138573360414 ], [ 26.491537179082385, 37.504045074654435 ], [ 26.491531847869346, 37.503884787098016 ], [ 26.491562271712194, 37.503790578583427 ], [ 26.491451016800148, 37.503472128492483 ], [ 26.491431584417832, 37.503392339450777 ], [ 26.491378623371695, 37.503313258601352 ] ] ] ] } },
{ "type": "Feature", "properties": { "datasetID": 583.0, "BIO_CLASS": "Posidonia beds (posidonion oceanicae) (Posidonia oceanica meadows (= association with Posidonia oceanica))", "fieldNotes": "Not reported", "habitat": "Posidonia beds", "AREA_SQKM": 0.00195726002, "vernacular": "Neptune grass", "FAMILY": "Posidoniaceae", "GENUS": "Posidonia", "scientific": "Posidonia oceanica", "habitatID": "EUNIS:A5.535", "nameAccord": "urn:lsid:marinespecies.org:taxname:145794", "eventDate": "2018-01-17", "verif": "Panayotidis Panayotis", "Shape_Leng": 188.06239833199999, "Shape_Area": 1960.6838877099999, "Pres_UNEP": 1 }, "geometry": { "type": "MultiPolygon", "coordinates": [ [ [ [ 26.491567490182199, 37.505461288779777 ], [ 26.491648658351338, 37.505379376203173 ], [ 26.491749257978395, 37.505377252583422 ], [ 26.491861081431242, 37.505314390801487 ], [ 26.49184363634976, 37.505188129549808 ], [ 26.49167241988383, 37.505084811383014 ], [ 26.49146722489105, 37.504968840760561 ], [ 26.491468449761282, 37.504944541481315 ], [ 26.49136618359751, 37.50495760723323 ], [ 26.491352968461843, 37.505064819366545 ], [ 26.491356077526284, 37.505158319434997 ], [ 26.49132965044236, 37.505372741326859 ], [ 26.491333648414486, 37.505492955894752 ], [ 26.491419258250644, 37.505544615960474 ], [ 26.491519413639551, 37.505529135157829 ], [ 26.491567490182199, 37.505461288779777 ] ] ] ] } },
{ "type": "Feature", "properties": { "datasetID": 583.0, "BIO_CLASS": "Posidonia beds (posidonion oceanicae) (Posidonia oceanica meadows (= association with Posidonia oceanica))", "fieldNotes": "Not reported", "habitat": "Posidonia beds", "AREA_SQKM": 0.00278358991, "vernacular": "Neptune grass", "FAMILY": "Posidoniaceae", "GENUS": "Posidonia", "scientific": "Posidonia oceanica", "habitatID": "EUNIS:A5.535", "nameAccord": "urn:lsid:marinespecies.org:taxname:145794", "eventDate": "2018-01-17", "verif": "Panayotidis Panayotis", "Shape_Leng": 222.63524306799999, "Shape_Area": 2788.4585944199998, "Pres_UNEP": 1 }, "geometry": { "type": "MultiPolygon", "coordinates": [ [ [ [ 26.492133739001488, 37.505609736536137 ], [ 26.492025517111102, 37.505612019981974 ], [ 26.491877284448805, 37.50569534810883 ], [ 26.491897159661111, 37.505788494389215 ], [ 26.491902490822259, 37.505948780831091 ], [ 26.491992099273105, 37.506120655079663 ], [ 26.492196851087385, 37.506223264731041 ], [ 26.492298341433063, 37.506247854675394 ], [ 26.492601917068587, 37.506294911826608 ], [ 26.492641202587585, 37.506245161507401 ], [ 26.492576263939966, 37.506028121448551 ], [ 26.492286790052468, 37.505900568791645 ], [ 26.492160537706521, 37.505635903448187 ], [ 26.492133739001488, 37.505609736536137 ] ] ] ] } },
{ "type": "Feature", "properties": { "datasetID": 583.0, "BIO_CLASS": "Posidonia beds (posidonion oceanicae) (Posidonia oceanica meadows (= association with Posidonia oceanica))", "fieldNotes": "Not reported", "habitat": "Posidonia beds", "AREA_SQKM": 0.01053943404, "vernacular": "Neptune grass", "FAMILY": "Posidoniaceae", "GENUS": "Posidonia", "scientific": "Posidonia oceanica", "habitatID": "EUNIS:A5.535", "nameAccord": "urn:lsid:marinespecies.org:taxname:145794", "eventDate": "2018-01-17", "verif": "Panayotidis Panayotis", "Shape_Leng": 534.97615270100005, "Shape_Area": 10557.8639597, "Pres_UNEP": 1 }, "geometry": { "type": "MultiPolygon", "coordinates": [ [ [ [ 26.493157563117769, 37.50685794110526 ], [ 26.493077096094474, 37.506766073802694 ], [ 26.493003551362794, 37.506767627897048 ], [ 26.492902950805437, 37.506769752414669 ], [ 26.492806350405711, 37.506892089697132 ], [ 26.492826226216312, 37.5069852365381 ], [ 26.492933492386022, 37.507183469528378 ], [ 26.492972806787996, 37.507356405340111 ], [ 26.492960038888366, 37.507476973428822 ], [ 26.492901414892756, 37.507732176212734 ], [ 26.492692333920619, 37.508003922583654 ], [ 26.492535327176814, 37.508328035643714 ], [ 26.492524781832049, 37.508515388567766 ], [ 26.492611284547198, 37.508593761541 ], [ 26.492829701492301, 37.508602515763961 ], [ 26.492953561441379, 37.50859090233422 ], [ 26.492929415212235, 37.508573677337552 ], [ 26.493026463426322, 37.508464695514931 ], [ 26.493256757457775, 37.508326167183313 ], [ 26.493507820036033, 37.508307498479915 ], [ 26.493564218007034, 37.507985509983968 ], [ 26.493356345195807, 37.507789400722636 ], [ 26.493548658046752, 37.50751800873249 ], [ 26.49340118708016, 37.507120126817917 ], [ 26.493157563117769, 37.50685794110526 ] ] ] ] } },
{ "type": "Feature", "properties": { "datasetID": 583.0, "BIO_CLASS": "Posidonia beds (posidonion oceanicae) (Posidonia oceanica meadows (= association with Posidonia oceanica))", "fieldNotes": "Not reported", "habitat": "Posidonia beds", "AREA_SQKM": 0.00353827083, "vernacular": "Neptune grass", "FAMILY": "Posidoniaceae", "GENUS": "Posidonia", "scientific": "Posidonia oceanica", "habitatID": "EUNIS:A5.535", "nameAccord": "urn:lsid:marinespecies.org:taxname:145794", "eventDate": "2018-01-17", "verif": "Panayotidis Panayotis", "Shape_Leng": 316.13594135800003, "Shape_Area": 3544.4520699599998, "Pres_UNEP": 1 }, "geometry": { "type": "MultiPolygon", "coordinates": [ [ [ [ 26.489837658104438, 37.515088793752689 ], [ 26.489774577304967, 37.515049125605564 ], [ 26.489612708060253, 37.515134538142462 ], [ 26.489613406939828, 37.515155557270482 ], [ 26.489634643596105, 37.515175075223418 ], [ 26.489724566563702, 37.515402773925011 ], [ 26.489717541204818, 37.515403648141046 ], [ 26.489881867837038, 37.515489654237513 ], [ 26.489906527194321, 37.515612132874963 ], [ 26.489910613588169, 37.515735044281399 ], [ 26.489913337084396, 37.515816984966882 ], [ 26.489987800034164, 37.515889213916971 ], [ 26.490090940645164, 37.515895238074769 ], [ 26.490185975412999, 37.515967032593146 ], [ 26.4902715409747, 37.516063624929529 ], [ 26.49036521396614, 37.516094448654592 ], [ 26.490458070298423, 37.516100688282741 ], [ 26.490591530439627, 37.516089673122501 ], [ 26.49070359659914, 37.516054509210306 ], [ 26.490629408535, 37.515990475778601 ], [ 26.490576338002761, 37.515942396410821 ], [ 26.490470744055752, 37.51586262620696 ], [ 26.490385723037136, 37.515782421575395 ], [ 26.490330474388472, 37.515668788321229 ], [ 26.490223516817597, 37.515548047485673 ], [ 26.490127936893686, 37.51545986465365 ], [ 26.489969274919751, 37.515332013657222 ], [ 26.489893997736189, 37.515235202680998 ], [ 26.489837658104438, 37.515088793752689 ] ] ] ] } },
{ "type": "Feature", "properties": { "datasetID": 583.0, "BIO_CLASS": "Posidonia beds (posidonion oceanicae) (Posidonia oceanica meadows (= association with Posidonia oceanica))", "fieldNotes": "Not reported", "habitat": "Posidonia beds", "AREA_SQKM": 0.00112098075, "vernacular": "Neptune grass", "FAMILY": "Posidoniaceae", "GENUS": "Posidonia", "scientific": "Posidonia oceanica", "habitatID": "EUNIS:A5.535", "nameAccord": "urn:lsid:marinespecies.org:taxname:145794", "eventDate": "2018-01-17", "verif": "Panayotidis Panayotis", "Shape_Leng": 140.34164060699999, "Shape_Area": 1122.9388863900001, "Pres_UNEP": 1 }, "geometry": { "type": "MultiPolygon", "coordinates": [ [ [ [ 26.500279572870923, 37.516144087517254 ], [ 26.50005924544552, 37.516126874229002 ], [ 26.500041401549165, 37.516152058807869 ], [ 26.500043616602341, 37.516218407649042 ], [ 26.500109685150917, 37.516324901753393 ], [ 26.500173265888726, 37.516356752506994 ], [ 26.50025766831109, 37.516388163506342 ], [ 26.500372198832455, 37.51638573688254 ], [ 26.500446193195181, 37.516417366883118 ], [ 26.500562939607835, 37.516481290953976 ], [ 26.500592514492375, 37.516430866966886 ], [ 26.500559061971909, 37.516365180342888 ], [ 26.500557400787979, 37.516315417790132 ], [ 26.500575054149351, 37.516233897231047 ], [ 26.500567763472095, 37.516231549200647 ], [ 26.500279572870923, 37.516144087517254 ] ] ] ] } },
{ "type": "Feature", "properties": { "datasetID": 583.0, "BIO_CLASS": "Posidonia beds (posidonion oceanicae) (Posidonia oceanica meadows (= association with Posidonia oceanica))", "fieldNotes": "Not reported", "habitat": "Posidonia beds", "AREA_SQKM": 0.00247081016, "vernacular": "Neptune grass", "FAMILY": "Posidoniaceae", "GENUS": "Posidonia", "scientific": "Posidonia oceanica", "habitatID": "EUNIS:A5.535", "nameAccord": "urn:lsid:marinespecies.org:taxname:145794", "eventDate": "2018-01-17", "verif": "Panayotidis Panayotis", "Shape_Leng": 319.737773473, "Shape_Area": 2475.1262293200002, "Pres_UNEP": 1 }, "geometry": { "type": "MultiPolygon", "coordinates": [ [ [ [ 26.48795780246882, 37.515802095891345 ], [ 26.487885222458882, 37.515794982054835 ], [ 26.487852976799243, 37.515804305278159 ], [ 26.487829876414835, 37.515871060205647 ], [ 26.487737541732404, 37.516140382250349 ], [ 26.487670834889048, 37.516310050619211 ], [ 26.487428650426349, 37.516511076285774 ], [ 26.487218452500805, 37.516594795757634 ], [ 26.48716178195102, 37.516631026492078 ], [ 26.487130445448102, 37.516733103789498 ], [ 26.487126565397684, 37.516825384551318 ], [ 26.487128725584238, 37.516832260000513 ], [ 26.487236186919411, 37.516801190672219 ], [ 26.487237085650587, 37.516798623638081 ], [ 26.487308689451208, 37.516776369828754 ], [ 26.487391020810442, 37.516728536642397 ], [ 26.4876923498792, 37.516522230108123 ], [ 26.487794399276083, 37.516436524685083 ], [ 26.487836245486051, 37.516389542841559 ], [ 26.48788151546356, 37.516336728459692 ], [ 26.487997430328964, 37.516123955759326 ], [ 26.488020321191922, 37.515941958420576 ], [ 26.488017833416993, 37.515867098849689 ], [ 26.48795780246882, 37.515802095891345 ] ] ] ] } },
{ "type": "Feature", "properties": { "datasetID": 583.0, "BIO_CLASS": "Posidonia beds (posidonion oceanicae) (Posidonia oceanica meadows (= association with Posidonia oceanica))", "fieldNotes": "Not reported", "habitat": "Posidonia beds", "AREA_SQKM": 0.0203617785, "vernacular": "Neptune grass", "FAMILY": "Posidoniaceae", "GENUS": "Posidonia", "scientific": "Posidonia oceanica", "habitatID": "EUNIS:A5.535", "nameAccord": "urn:lsid:marinespecies.org:taxname:145794", "eventDate": "2018-01-17", "verif": "Panayotidis Panayotis", "Shape_Leng": 790.02435691599999, "Shape_Area": 20397.349206800001, "Pres_UNEP": 1 }, "geometry": { "type": "MultiPolygon", "coordinates": [ [ [ [ 26.494408858032308, 37.514198794914137 ], [ 26.494271663964859, 37.514201693938283 ], [ 26.494054696103994, 37.514282832190219 ], [ 26.493923682845935, 37.51447151705564 ], [ 26.493942134369178, 37.514613299267182 ], [ 26.493962040046394, 37.514798795774979 ], [ 26.494064991279345, 37.515004409979298 ], [ 26.494070451566017, 37.515168339349202 ], [ 26.494032929760753, 37.515278494882494 ], [ 26.494012039547179, 37.515475789515946 ], [ 26.494043847500535, 37.515606353326511 ], [ 26.494101274278421, 37.515681695826288 ], [ 26.494189053285503, 37.515843884383131 ], [ 26.494135991923564, 37.515899685987748 ], [ 26.493899221209535, 37.516210906143456 ], [ 26.493836080005309, 37.516376283828635 ], [ 26.493802926504614, 37.516617582904694 ], [ 26.493809112684364, 37.516803370041075 ], [ 26.493865809776249, 37.516856853017934 ], [ 26.493961852007597, 37.516854823762195 ], [ 26.494071250729466, 37.516841576202566 ], [ 26.494206630796345, 37.516784033836785 ], [ 26.494300124759764, 37.516705504866458 ], [ 26.494546359080299, 37.516678429602713 ], [ 26.49467991939429, 37.51656624404086 ], [ 26.494923970058348, 37.516473595166758 ], [ 26.495208084922435, 37.516347291505788 ], [ 26.495239414046399, 37.516051348773075 ], [ 26.495276934154237, 37.515941191928455 ], [ 26.495300891686494, 37.515908777856268 ], [ 26.495289562515676, 37.515908116452799 ], [ 26.49531860283075, 37.515763683290366 ], [ 26.495280824606819, 37.515645829962608 ], [ 26.494945721927117, 37.515477933552859 ], [ 26.494762630352394, 37.515339630809756 ], [ 26.494607343178757, 37.515211677457359 ], [ 26.49449540265298, 37.515148424026179 ], [ 26.494396815427667, 37.515073953294021 ], [ 26.494322029257127, 37.514889616849558 ], [ 26.494328834154647, 37.514681682126138 ], [ 26.494459845752665, 37.514492997944316 ], [ 26.494622296106321, 37.514423946686925 ], [ 26.494591218878004, 37.514315240698551 ], [ 26.494480006034198, 37.514273844593681 ], [ 26.494408858032308, 37.514198794914137 ] ] ] ] } },
{ "type": "Feature", "properties": { "datasetID": 583.0, "BIO_CLASS": "Posidonia beds (posidonion oceanicae) (Posidonia oceanica meadows (= association with Posidonia oceanica))", "fieldNotes": "Not reported", "habitat": "Posidonia beds", "AREA_SQKM": 0.01628180143, "vernacular": "Neptune grass", "FAMILY": "Posidoniaceae", "GENUS": "Posidonia", "scientific": "Posidonia oceanica", "habitatID": "EUNIS:A5.535", "nameAccord": "urn:lsid:marinespecies.org:taxname:145794", "eventDate": "2018-01-17", "verif": "Panayotidis Panayotis", "Shape_Leng": 642.50572014600004, "Shape_Area": 16310.240357299999, "Pres_UNEP": 1 }, "geometry": { "type": "MultiPolygon", "coordinates": [ [ [ [ 26.50282313870941, 37.517080749442655 ], [ 26.502758172344187, 37.517007432137589 ], [ 26.502746375007142, 37.516966183824955 ], [ 26.502870210869524, 37.516930360999936 ], [ 26.502941985662371, 37.516895641114743 ], [ 26.502961424712982, 37.516853732301726 ], [ 26.502959761384922, 37.516803970509692 ], [ 26.502886322184786, 37.516788928590621 ], [ 26.502760823593821, 37.516774991371506 ], [ 26.502645737979442, 37.516760830741042 ], [ 26.502541340240882, 37.516754744743352 ], [ 26.50251857519352, 37.516697131758612 ], [ 26.502494426615087, 37.516598049791376 ], [ 26.502481242923597, 37.516515334347815 ], [ 26.502406695929764, 37.516467118863254 ], [ 26.502323401487985, 37.516468884082663 ], [ 26.502272726226671, 37.516511455103135 ], [ 26.502264530532152, 37.516578025710253 ], [ 26.50220205844148, 37.516579349404822 ], [ 26.502117377231254, 37.516539646521245 ], [ 26.50201187156453, 37.516500386054354 ], [ 26.501952985939141, 37.516487663933987 ], [ 26.501953063212774, 37.516509625420902 ], [ 26.501619471858586, 37.516570162135572 ], [ 26.501592219002152, 37.516561387251443 ], [ 26.501319805705766, 37.516681041665613 ], [ 26.501080882855824, 37.516702702936335 ], [ 26.500964964374425, 37.516663660551103 ], [ 26.500870426781336, 37.516640765661286 ], [ 26.500775054986004, 37.516592989023039 ], [ 26.500669274373756, 37.516545433159116 ], [ 26.500585701470335, 37.516538904759187 ], [ 26.500502960250156, 37.516557257219894 ], [ 26.500454775526329, 37.516674469109233 ], [ 26.500374800531482, 37.516775756979953 ], [ 26.500297319038204, 37.516951685856334 ], [ 26.500289399474941, 37.51702654936792 ], [ 26.500333538756419, 37.517100309973195 ], [ 26.500377128230117, 37.517157483313731 ], [ 26.500459870195268, 37.517139132563692 ], [ 26.500511652716209, 37.517129735101193 ], [ 26.500606470481603, 37.517160924576061 ], [ 26.500752238218812, 37.517157837418175 ], [ 26.50113748753698, 37.51714967534739 ], [ 26.501482470907415, 37.517183861911782 ], [ 26.501681964444138, 37.517229431055497 ], [ 26.50203166100215, 37.517404607969937 ], [ 26.502261004150562, 37.5174080457043 ], [ 26.502417740164073, 37.517421323325372 ], [ 26.502647914299647, 37.517449641149177 ], [ 26.502772028958212, 37.517422111010575 ], [ 26.502926269933749, 37.517360743964701 ], [ 26.502924054043763, 37.517294395625285 ], [ 26.502890046059452, 37.517212122302276 ], [ 26.5028472878173, 37.517179830767461 ], [ 26.50282313870941, 37.517080749442655 ] ] ] ] } },
{ "type": "Feature", "properties": { "datasetID": 583.0, "BIO_CLASS": "Posidonia beds (posidonion oceanicae) (Posidonia oceanica meadows (= association with Posidonia oceanica))", "fieldNotes": "Not reported", "habitat": "Posidonia beds", "AREA_SQKM": 0.01127870133, "vernacular": "Neptune grass", "FAMILY": "Posidoniaceae", "GENUS": "Posidonia", "scientific": "Posidonia oceanica", "habitatID": "EUNIS:A5.535", "nameAccord": "urn:lsid:marinespecies.org:taxname:145794", "eventDate": "2018-01-17", "verif": "Panayotidis Panayotis", "Shape_Leng": 804.92493878899995, "Shape_Area": 11298.4013985, "Pres_UNEP": 1 }, "geometry": { "type": "MultiPolygon", "coordinates": [ [ [ [ 26.498362883905372, 37.517059040449553 ], [ 26.498435490629266, 37.517049203230023 ], [ 26.498560712128221, 37.51705485300814 ], [ 26.49875549994109, 37.516959435533948 ], [ 26.499044270856601, 37.516870326635988 ], [ 26.499178798279896, 37.516842581112712 ], [ 26.499322628250724, 37.516781440307248 ], [ 26.499434947810208, 37.516712665533383 ], [ 26.499556848354914, 37.516618790032034 ], [ 26.499553526082643, 37.516519267461213 ], [ 26.499500637008893, 37.516495488653582 ], [ 26.499394578339569, 37.516439637430999 ], [ 26.499321692579986, 37.516441181004339 ], [ 26.499189104515409, 37.516526982682016 ], [ 26.499075678687266, 37.516562582905287 ], [ 26.498982247140546, 37.51657285986051 ], [ 26.498846892234617, 37.516575725363303 ], [ 26.498979480763875, 37.516489924547635 ], [ 26.49926354627943, 37.51625982358668 ], [ 26.499366559698519, 37.516224445063216 ], [ 26.499481092779938, 37.516222020207472 ], [ 26.499648236284806, 37.516235079635941 ], [ 26.499750418886936, 37.516174818535063 ], [ 26.499867128893047, 37.516107198116913 ], [ 26.499687315523168, 37.515996233251585 ], [ 26.499351941560917, 37.516003334732915 ], [ 26.499352718543165, 37.515994884835848 ], [ 26.499203182622843, 37.516012118423049 ], [ 26.499121271033456, 37.516055348983627 ], [ 26.498837206336976, 37.516285448824824 ], [ 26.49844137569076, 37.516600908233229 ], [ 26.498117041650982, 37.516873354625467 ], [ 26.497904749637122, 37.517068735498192 ], [ 26.497732720409271, 37.517221765261851 ], [ 26.497654955737669, 37.517389399994364 ], [ 26.497605107260302, 37.517456850418952 ], [ 26.497471130751656, 37.517501183347363 ], [ 26.497305642194092, 37.517537880500697 ], [ 26.497307578801628, 37.517595938789434 ], [ 26.497361300108722, 37.517644596959144 ], [ 26.497467081353111, 37.517692155735148 ], [ 26.497644365295965, 37.517696704359878 ], [ 26.497830125792941, 37.517642978316331 ], [ 26.498038092825112, 37.517630277315966 ], [ 26.498181373365753, 37.517552549826171 ], [ 26.49817805497965, 37.517453026787763 ], [ 26.498173074950625, 37.517303740999033 ], [ 26.49822070760144, 37.517169942328493 ], [ 26.498280416267246, 37.517085683951663 ], [ 26.498362883905372, 37.517059040449553 ] ] ] ] } },
{ "type": "Feature", "properties": { "datasetID": 583.0, "BIO_CLASS": "Posidonia beds (posidonion oceanicae) (Posidonia oceanica meadows (= association with Posidonia oceanica))", "fieldNotes": "Not reported", "habitat": "Posidonia beds", "AREA_SQKM": 0.01272865357, "vernacular": "Neptune grass", "FAMILY": "Posidoniaceae", "GENUS": "Posidonia", "scientific": "Posidonia oceanica", "habitatID": "EUNIS:A5.535", "nameAccord": "urn:lsid:marinespecies.org:taxname:145794", "eventDate": "2018-01-17", "verif": "Panayotidis Panayotis", "Shape_Leng": 644.67287849299998, "Shape_Area": 12750.883949200001, "Pres_UNEP": 1 }, "geometry": { "type": "MultiPolygon", "coordinates": [ [ [ [ 26.496393220062938, 37.517857054270358 ], [ 26.496338905612724, 37.517737903373941 ], [ 26.496202972448138, 37.517687312170523 ], [ 26.495970876019317, 37.517772419420325 ], [ 26.495853489915312, 37.517774901693663 ], [ 26.495782853005931, 37.517669462948099 ], [ 26.495714885706583, 37.517644166028887 ], [ 26.495616052291862, 37.517699721766135 ], [ 26.495515880197793, 37.517715207048752 ], [ 26.495447914072464, 37.517689910123714 ], [ 26.495327860970864, 37.517612249723101 ], [ 26.495276661665507, 37.517586597822593 ], [ 26.495307975464907, 37.517519104084258 ], [ 26.495344205800297, 37.517432669710665 ], [ 26.495275927777598, 37.517409352631788 ], [ 26.495170708487116, 37.517428438991985 ], [ 26.494920061407203, 37.517460470949075 ], [ 26.494786353127473, 37.517476663540663 ], [ 26.494534814918858, 37.517481978653144 ], [ 26.494350354213893, 37.517485875578195 ], [ 26.494114698364978, 37.517464122384716 ], [ 26.494027293850884, 37.517359036143013 ], [ 26.493922230644571, 37.517227591658923 ], [ 26.493818504299306, 37.517136216724026 ], [ 26.493602727911266, 37.517207606368856 ], [ 26.493522440517221, 37.517316235347167 ], [ 26.493508340660668, 37.517396732888997 ], [ 26.493513232452219, 37.517543661871144 ], [ 26.493616071133541, 37.517608321890101 ], [ 26.493752447242485, 37.517672273718702 ], [ 26.494038860499888, 37.517706322616149 ], [ 26.494392791397477, 37.517752309565445 ], [ 26.494496518743091, 37.51784368301746 ], [ 26.494600251113777, 37.517935057394538 ], [ 26.494820030463437, 37.517983879012817 ], [ 26.49498905751306, 37.518020405824764 ], [ 26.495092788033652, 37.518111779400023 ], [ 26.495245490848038, 37.518162017487974 ], [ 26.495481151456875, 37.518183768991733 ], [ 26.49576711962154, 37.518204456411787 ], [ 26.496233986362444, 37.518114385304813 ], [ 26.496397227164888, 37.517977268439942 ], [ 26.496393220062938, 37.517857054270358 ] ] ] ] } },
{ "type": "Feature", "properties": { "datasetID": 583.0, "BIO_CLASS": "Posidonia beds (posidonion oceanicae) (Posidonia oceanica meadows (= association with Posidonia oceanica))", "fieldNotes": "Not reported", "habitat": "Posidonia beds", "AREA_SQKM": 0.0142613471, "vernacular": "Neptune grass", "FAMILY": "Posidoniaceae", "GENUS": "Posidonia", "scientific": "Posidonia oceanica", "habitatID": "EUNIS:A5.535", "nameAccord": "urn:lsid:marinespecies.org:taxname:145794", "eventDate": "2018-01-17", "verif": "Panayotidis Panayotis", "Shape_Leng": 954.27362756599996, "Shape_Area": 14286.255713500001, "Pres_UNEP": 1 }, "geometry": { "type": "MultiPolygon", "coordinates": [ [ [ [ 26.489287811495963, 37.518164868006288 ], [ 26.489345188569445, 37.518097164786759 ], [ 26.489488192497692, 37.518094150025092 ], [ 26.489522683233261, 37.518055427033552 ], [ 26.489472173828929, 37.51797100314959 ], [ 26.489458364601937, 37.517914301127817 ], [ 26.48953049909743, 37.517931776839092 ], [ 26.48973592614399, 37.518012934274445 ], [ 26.4898795626724, 37.518028902614077 ], [ 26.490057687303125, 37.518006147089956 ], [ 26.490019727944194, 37.517940456413136 ], [ 26.489898347073165, 37.517876523925509 ], [ 26.489799539951861, 37.517774121076052 ], [ 26.489786045946207, 37.51772691108777 ], [ 26.489904583795564, 37.517705413071035 ], [ 26.490048533884629, 37.517730872480406 ], [ 26.490057611971555, 37.517645191261877 ], [ 26.490054456441257, 37.517550269781935 ], [ 26.490029043869757, 37.517503310634673 ], [ 26.489919582403886, 37.517439128382939 ], [ 26.489822353152334, 37.517384184676011 ], [ 26.489796625913378, 37.517327735375389 ], [ 26.489842400761873, 37.517269776067074 ], [ 26.49006913954576, 37.517274492462477 ], [ 26.490176075995869, 37.517262737237367 ], [ 26.490198329438588, 37.51721477412498 ], [ 26.490148769472643, 37.51715882556428 ], [ 26.490110808245955, 37.51709313428443 ], [ 26.490205512304794, 37.517072139676962 ], [ 26.490374243299357, 37.517125573275024 ], [ 26.490553311352866, 37.517131293699642 ], [ 26.4906944217418, 37.517071324617859 ], [ 26.490752113142442, 37.517013112830959 ], [ 26.490642333036305, 37.516939437914267 ], [ 26.490592456861137, 37.516873998377037 ], [ 26.49055386624282, 37.516789323324872 ], [ 26.490480788580829, 37.516743370154146 ], [ 26.490419308473101, 37.516687674279055 ], [ 26.49046445140856, 37.516610731307992 ], [ 26.490554421410248, 37.516447350889308 ], [ 26.490632471198946, 37.516284224040405 ], [ 26.490606744839788, 37.516227772403006 ], [ 26.490510778402157, 37.516210800180097 ], [ 26.49040194888844, 37.516165602150778 ], [ 26.490270234339047, 37.516149383174685 ], [ 26.490165193584371, 37.516218090641843 ], [ 26.489953214766413, 37.516298553300174 ], [ 26.489859773402571, 37.51635751723704 ], [ 26.489838149472995, 37.516424466621494 ], [ 26.48985827137248, 37.516671012851575 ], [ 26.489816283962508, 37.516842876942825 ], [ 26.489734444495387, 37.516892098316127 ], [ 26.489688984784038, 37.516959549455002 ], [ 26.4896930867836, 37.51708294825734 ], [ 26.489647313766621, 37.51714090574503 ], [ 26.489618757197675, 37.517172969445561 ], [ 26.489623826192251, 37.517212497610906 ], [ 26.489506429690739, 37.517463647304403 ], [ 26.489214614696003, 37.517946424118151 ], [ 26.488998676697367, 37.518102943521569 ], [ 26.488950419018096, 37.51820907658152 ], [ 26.488935031433208, 37.518314791127928 ], [ 26.488812144408197, 37.518564351822214 ], [ 26.488817822207089, 37.518735211743703 ], [ 26.488857044002966, 37.518838871685226 ], [ 26.488932016517836, 37.518941780194851 ], [ 26.489015122201447, 37.518930529099642 ], [ 26.489035488082699, 37.518825610747363 ], [ 26.489134853900321, 37.518586045087929 ], [ 26.489285676184434, 37.518459378913157 ], [ 26.489303514904094, 37.518278522997818 ], [ 26.489287811495963, 37.518164868006288 ] ] ] ] } },
{ "type": "Feature", "properties": { "datasetID": 583.0, "BIO_CLASS": "Posidonia beds (posidonion oceanicae) (Posidonia oceanica meadows (= association with Posidonia oceanica))", "fieldNotes": "Not reported", "habitat": "Posidonia beds", "AREA_SQKM": 0.00512564902, "vernacular": "Neptune grass", "FAMILY": "Posidoniaceae", "GENUS": "Posidonia", "scientific": "Posidonia oceanica", "habitatID": "EUNIS:A5.535", "nameAccord": "urn:lsid:marinespecies.org:taxname:145794", "eventDate": "2018-01-17", "verif": "Panayotidis Panayotis", "Shape_Leng": 471.68368467800002, "Shape_Area": 5134.5999689700002, "Pres_UNEP": 1 }, "geometry": { "type": "MultiPolygon", "coordinates": [ [ [ [ 26.487795904422267, 37.518705082578968 ], [ 26.487625805301388, 37.518503173399658 ], [ 26.487624483919429, 37.518504920092852 ], [ 26.487583880144044, 37.518457422936493 ], [ 26.487410833516982, 37.518077698648824 ], [ 26.487325043219602, 37.517844648204743 ], [ 26.487240264183555, 37.517511417089352 ], [ 26.487199316650301, 37.517351431277433 ], [ 26.487147278857517, 37.517269597692135 ], [ 26.487098667643362, 37.517242124977145 ], [ 26.487024014277551, 37.517148710180244 ], [ 26.486928992672325, 37.517160209312877 ], [ 26.486897024232565, 37.517274871295463 ], [ 26.486951941642175, 37.517492188549504 ], [ 26.487039773208149, 37.517623321489737 ], [ 26.487169030854439, 37.517924562259616 ], [ 26.487322123464342, 37.518225301025382 ], [ 26.487292361866601, 37.518406407681326 ], [ 26.487240657517624, 37.518644969083994 ], [ 26.487232523399104, 37.518759126811979 ], [ 26.487260455642797, 37.518882022503135 ], [ 26.487335426842453, 37.518984931035128 ], [ 26.487455543811372, 37.51901089572015 ], [ 26.48757282549046, 37.518951432949059 ], [ 26.487796413327914, 37.518861229927559 ], [ 26.487833766605544, 37.518810700252381 ], [ 26.487795904422267, 37.518705082578968 ] ] ] ] } },
{ "type": "Feature", "properties": { "datasetID": 583.0, "BIO_CLASS": "Posidonia beds (posidonion oceanicae) (Posidonia oceanica meadows (= association with Posidonia oceanica))", "fieldNotes": "Not reported", "habitat": "Posidonia beds", "AREA_SQKM": 0.00066675318, "vernacular": "Neptune grass", "FAMILY": "Posidoniaceae", "GENUS": "Posidonia", "scientific": "Posidonia oceanica", "habitatID": "EUNIS:A5.535", "nameAccord": "urn:lsid:marinespecies.org:taxname:145794", "eventDate": "2018-01-17", "verif": "Panayotidis Panayotis", "Shape_Leng": 110.603942241, "Shape_Area": 667.917451744, "Pres_UNEP": 1 }, "geometry": { "type": "MultiPolygon", "coordinates": [ [ [ [ 26.488223782053186, 37.518830461405884 ], [ 26.488198018767786, 37.518768923494484 ], [ 26.488143397695033, 37.518806224895911 ], [ 26.488143417666144, 37.518802573436247 ], [ 26.488072442650846, 37.518848058177348 ], [ 26.487942044732836, 37.51895164841595 ], [ 26.487900293964429, 37.519001508765619 ], [ 26.487898114589026, 37.519044772649615 ], [ 26.487906299729357, 37.519073412139718 ], [ 26.487928659944181, 37.51909310885604 ], [ 26.487965188514426, 37.519103863679014 ], [ 26.488004951337409, 37.519103025652264 ], [ 26.488073246849449, 37.519090062289045 ], [ 26.488109298918683, 37.519086419654755 ], [ 26.488175301141514, 37.51900435575881 ], [ 26.488224664105413, 37.518965860419961 ], [ 26.488245780463227, 37.518948128529644 ], [ 26.488258993644816, 37.5189103926351 ], [ 26.488223782053186, 37.518830461405884 ] ] ] ] } },
{ "type": "Feature", "properties": { "datasetID": 583.0, "BIO_CLASS": "Posidonia beds (posidonion oceanicae) (Posidonia oceanica meadows (= association with Posidonia oceanica))", "fieldNotes": "Not reported", "habitat": "Posidonia beds", "AREA_SQKM": 0.01676586769, "vernacular": "Neptune grass", "FAMILY": "Posidoniaceae", "GENUS": "Posidonia", "scientific": "Posidonia oceanica", "habitatID": "EUNIS:A5.535", "nameAccord": "urn:lsid:marinespecies.org:taxname:145794", "eventDate": "2018-01-17", "verif": "Panayotidis Panayotis", "Shape_Leng": 581.54660454700002, "Shape_Area": 16795.115743400002, "Pres_UNEP": 1 }, "geometry": { "type": "MultiPolygon", "coordinates": [ [ [ [ 26.499912075164161, 37.527316225308113 ], [ 26.500143513617179, 37.527277625036426 ], [ 26.500277973892878, 37.527291627458361 ], [ 26.500331558364454, 37.527285135795452 ], [ 26.500333978319858, 37.527279206667032 ], [ 26.500624641483149, 37.526902351485454 ], [ 26.500809481550061, 37.526735552969072 ], [ 26.500844266392757, 37.526510149695731 ], [ 26.500963805355113, 37.526288567829283 ], [ 26.501268742369355, 37.525917024565828 ], [ 26.501276382650655, 37.525928121515186 ], [ 26.501282649247919, 37.525911113140047 ], [ 26.501118689770784, 37.52585842074415 ], [ 26.501010357040119, 37.52578208355655 ], [ 26.500846959487784, 37.525746229117544 ], [ 26.500762392504082, 37.525748020912161 ], [ 26.500332514302706, 37.525757126478858 ], [ 26.50005051386913, 37.525970916219279 ], [ 26.499997320834272, 37.526067526664285 ], [ 26.499969206786457, 37.526281553407856 ], [ 26.499845915596872, 37.52639088057586 ], [ 26.499620030697731, 37.526384433097363 ], [ 26.499544945811362, 37.52645903788293 ], [ 26.499456891917596, 37.526567618932376 ], [ 26.499459139239047, 37.52663497179902 ], [ 26.499504422923945, 37.526723879313465 ], [ 26.499557126622591, 37.526823861789637 ], [ 26.499581453707602, 37.526918829204547 ], [ 26.499575717114411, 37.526958267466199 ], [ 26.49946614713792, 37.527056070573956 ], [ 26.49948518146153, 37.527163358209883 ], [ 26.499500892519777, 37.527251918019736 ], [ 26.499524096950623, 37.527313210407058 ], [ 26.49955023473419, 37.527321241313125 ], [ 26.4996096031057, 37.527339482615808 ], [ 26.49967321468435, 37.527343752401954 ], [ 26.499912075164161, 37.527316225308113 ] ] ] ] } },
{ "type": "Feature", "properties": { "datasetID": 583.0, "BIO_CLASS": "Posidonia beds (posidonion oceanicae) (Posidonia oceanica meadows (= association with Posidonia oceanica))", "fieldNotes": "Not reported", "habitat": "Posidonia beds", "AREA_SQKM": 0.08075853223, "vernacular": "Neptune grass", "FAMILY": "Posidoniaceae", "GENUS": "Posidonia", "scientific": "Posidonia oceanica", "habitatID": "EUNIS:A5.535", "nameAccord": "urn:lsid:marinespecies.org:taxname:145794", "eventDate": "2018-01-17", "verif": "Panayotidis Panayotis", "Shape_Leng": 1067.3683985800001, "Shape_Area": 80899.394629699993, "Pres_UNEP": 1 }, "geometry": { "type": "MultiPolygon", "coordinates": [ [ [ [ 26.497762214204442, 37.52628881156599 ], [ 26.497261977030931, 37.526172890389198 ], [ 26.496728384156892, 37.526247431512878 ], [ 26.496352991797004, 37.526302811270163 ], [ 26.496176003616124, 37.52635399280846 ], [ 26.495960387223555, 37.526437616636912 ], [ 26.495439958584058, 37.526907199695295 ], [ 26.495367440896221, 37.52711430385083 ], [ 26.495370600413541, 37.527209114212987 ], [ 26.495377447546279, 37.527414540793451 ], [ 26.495439604483806, 37.527492291568528 ], [ 26.495464186357022, 37.527634089251016 ], [ 26.495564971698585, 37.527679396743849 ], [ 26.495930014942413, 37.527908875092983 ], [ 26.496217276180676, 37.528187435698527 ], [ 26.496423595370299, 37.528420267781598 ], [ 26.496510863570176, 37.528655619637178 ], [ 26.496560559852654, 37.528955016424966 ], [ 26.496767405821256, 37.529203649088522 ], [ 26.49696845586022, 37.529278461579729 ], [ 26.497345973880087, 37.52928628768386 ], [ 26.497759483716507, 37.529182658499565 ], [ 26.497976686381076, 37.52914643607388 ], [ 26.498134891921808, 37.529127275290271 ], [ 26.498310301168228, 37.529028684314625 ], [ 26.499056690529265, 37.528190604270904 ], [ 26.499131307844323, 37.528046707056149 ], [ 26.49919432083237, 37.527555168309313 ], [ 26.499104407405046, 37.52724081128266 ], [ 26.4990374987322, 37.527020843788051 ], [ 26.49839151650724, 37.526702445673585 ], [ 26.498127254830692, 37.526518282127519 ], [ 26.497762214204442, 37.52628881156599 ] ] ] ] } },
{ "type": "Feature", "properties": { "datasetID": 583.0, "BIO_CLASS": "Posidonia beds (posidonion oceanicae) (Posidonia oceanica meadows (= association with Posidonia oceanica))", "fieldNotes": "Not reported", "habitat": "Posidonia beds", "AREA_SQKM": 0.00969042493, "vernacular": "Neptune grass", "FAMILY": "Posidoniaceae", "GENUS": "Posidonia", "scientific": "Posidonia oceanica", "habitatID": "EUNIS:A5.535", "nameAccord": "urn:lsid:marinespecies.org:taxname:145794", "eventDate": "2018-01-17", "verif": "Panayotidis Panayotis", "Shape_Leng": 590.99630151999997, "Shape_Area": 9707.3175937699998, "Pres_UNEP": 1 }, "geometry": { "type": "MultiPolygon", "coordinates": [ [ [ [ 26.50359259983318, 37.532353851162377 ], [ 26.503742581142379, 37.532199020541896 ], [ 26.503827067740882, 37.531983796094821 ], [ 26.503857613658447, 37.531842731829649 ], [ 26.503821436146033, 37.531815416061349 ], [ 26.503974232777892, 37.531744775352259 ], [ 26.503982135055384, 37.531559259493697 ], [ 26.503968342943836, 37.530936104842787 ], [ 26.503954449026669, 37.530520768109085 ], [ 26.503913471706937, 37.530086348198381 ], [ 26.503806349674271, 37.530046496019729 ], [ 26.503718959801454, 37.530069411882636 ], [ 26.503659640674702, 37.53014087947188 ], [ 26.503545911894722, 37.530298361358753 ], [ 26.50349747986467, 37.530564162552928 ], [ 26.503490293626015, 37.530771006469003 ], [ 26.503547943885419, 37.530976476472333 ], [ 26.503431112697328, 37.531194632658575 ], [ 26.503402757611706, 37.531527739239372 ], [ 26.503499069308468, 37.531666113301085 ], [ 26.503432722232173, 37.531791086123448 ], [ 26.503446716126234, 37.531998604254454 ], [ 26.503415126850769, 37.53231942177888 ], [ 26.503409198724825, 37.532308889670382 ], [ 26.50343087437782, 37.532368515400556 ], [ 26.50359259983318, 37.532353851162377 ] ] ] ] } },
{ "type": "Feature", "properties": { "datasetID": 583.0, "BIO_CLASS": "Posidonia beds (posidonion oceanicae) (Posidonia oceanica meadows (= association with Posidonia oceanica))", "fieldNotes": "Not reported", "habitat": "Posidonia beds", "AREA_SQKM": 0.02694381718, "vernacular": "Neptune grass", "FAMILY": "Posidoniaceae", "GENUS": "Posidonia", "scientific": "Posidonia oceanica", "habitatID": "EUNIS:A5.535", "nameAccord": "urn:lsid:marinespecies.org:taxname:145794", "eventDate": "2018-01-17", "verif": "Panayotidis Panayotis", "Shape_Leng": 1100.0136151300001, "Shape_Area": 26990.7896793, "Pres_UNEP": 1 }, "geometry": { "type": "MultiPolygon", "coordinates": [ [ [ [ 26.504993086543649, 37.532334286481792 ], [ 26.505091240902328, 37.532300577728698 ], [ 26.505250506789949, 37.532313010314361 ], [ 26.505385699847693, 37.532199449737476 ], [ 26.505479623129098, 37.532039325813649 ], [ 26.505534389907886, 37.531895846176461 ], [ 26.505531215831809, 37.531801035344067 ], [ 26.50564497973215, 37.531640489610659 ], [ 26.505876208813785, 37.531430010759799 ], [ 26.505849489028805, 37.53122500922241 ], [ 26.50615188087761, 37.531360905928793 ], [ 26.50629130318773, 37.531373757936457 ], [ 26.506417499496408, 37.530991566268241 ], [ 26.506452950203364, 37.530864309329878 ], [ 26.506487871785016, 37.530721249137549 ], [ 26.506504270137981, 37.530666447472022 ], [ 26.506479278099729, 37.530520950028532 ], [ 26.506470452000976, 37.530469578430726 ], [ 26.506891309028642, 37.5295896717708 ], [ 26.506897263981166, 37.529577223459434 ], [ 26.506924660228087, 37.529162296678983 ], [ 26.506852692330309, 37.529163825338316 ], [ 26.506714860910968, 37.529198377810289 ], [ 26.506630468413526, 37.529642934762343 ], [ 26.506450571831792, 37.530200212239045 ], [ 26.506161410116455, 37.530459360808898 ], [ 26.505161640810215, 37.530844283812058 ], [ 26.504928297017326, 37.530991553905821 ], [ 26.504795219831369, 37.531168321964941 ], [ 26.504678812204308, 37.53124985659872 ], [ 26.504479862860016, 37.531238266573091 ], [ 26.50434414160511, 37.531336024099353 ], [ 26.504210534463763, 37.531496988184692 ], [ 26.504155236316397, 37.531624666775947 ], [ 26.504201791711438, 37.531829249243948 ], [ 26.504247820849912, 37.532018028484124 ], [ 26.504372689159375, 37.532189322105587 ], [ 26.504435916476396, 37.532298671069761 ], [ 26.504536714529713, 37.532343970795132 ], [ 26.504675609760167, 37.532341023817722 ], [ 26.504716879270262, 37.532387587300342 ], [ 26.504720582083216, 37.532498201005012 ], [ 26.504804182036786, 37.532622929725591 ], [ 26.504924294174113, 37.532652007435487 ], [ 26.505022975440465, 37.532634101231679 ], [ 26.505037530278301, 37.532475661071885 ], [ 26.504993086543649, 37.532334286481792 ] ] ] ] } },
{ "type": "Feature", "properties": { "datasetID": 583.0, "BIO_CLASS": "Posidonia beds (posidonion oceanicae) (Posidonia oceanica meadows (= association with Posidonia oceanica))", "fieldNotes": "Not reported", "habitat": "Posidonia beds", "AREA_SQKM": 0.007532089, "vernacular": "Neptune grass", "FAMILY": "Posidoniaceae", "GENUS": "Posidonia", "scientific": "Posidonia oceanica", "habitatID": "EUNIS:A5.535", "nameAccord": "urn:lsid:marinespecies.org:taxname:145794", "eventDate": "2018-01-17", "verif": "Panayotidis Panayotis", "Shape_Leng": 832.07602371500002, "Shape_Area": 7545.2157929300001, "Pres_UNEP": 1 }, "geometry": { "type": "MultiPolygon", "coordinates": [ [ [ [ 26.496621723634227, 37.532736144366488 ], [ 26.496303039524548, 37.532499642267496 ], [ 26.496199732351545, 37.532454887393058 ], [ 26.495728225657661, 37.532456322467091 ], [ 26.495509387223535, 37.532482286263352 ], [ 26.495101472827397, 37.532623200852015 ], [ 26.494898604629313, 37.532806720961268 ], [ 26.494749709673556, 37.533001902018007 ], [ 26.494700709617884, 37.533139494657604 ], [ 26.4946374451814, 37.533170704308027 ], [ 26.49452527767448, 37.533181609141266 ], [ 26.494467085585153, 37.533204177414298 ], [ 26.494442160172817, 37.533260179947895 ], [ 26.494485421876611, 37.533272067705049 ], [ 26.494556031403643, 37.533300446074172 ], [ 26.494637065064463, 37.533320070901269 ], [ 26.494685258391556, 37.53331905265685 ], [ 26.494905721185702, 37.533163579251926 ], [ 26.495257170118407, 37.532616400804912 ], [ 26.495365255658079, 37.532620992161192 ], [ 26.495532365776587, 37.532583077928486 ], [ 26.49603931207573, 37.532637683185882 ], [ 26.496119591745124, 37.532702636897824 ], [ 26.496149220742858, 37.532707732519611 ], [ 26.49627915742937, 37.53274765764818 ], [ 26.496361329824481, 37.532801396606743 ], [ 26.496433077407225, 37.532863889988505 ], [ 26.496528943362684, 37.533006954372986 ], [ 26.496734186437461, 37.53321598391878 ], [ 26.496833134223007, 37.533290705192698 ], [ 26.496884313627586, 37.533379237707457 ], [ 26.496935780718879, 37.533476299500073 ], [ 26.497015441438933, 37.533615438824221 ], [ 26.497074966695447, 37.533793411155358 ], [ 26.497108661589799, 37.533839638506407 ], [ 26.497185480558784, 37.533893490800814 ], [ 26.497322055787969, 37.533971682143338 ], [ 26.497512467066841, 37.53405726972499 ], [ 26.497562082691186, 37.534098892499884 ], [ 26.49760013659338, 37.534115157097617 ], [ 26.49765804669455, 37.53408406033941 ], [ 26.497709460613756, 37.534018960459377 ], [ 26.497642356070472, 37.533935032293201 ], [ 26.497509283464598, 37.533801290424954 ], [ 26.497316597383616, 37.533647474273394 ], [ 26.497189452213973, 37.533530677156406 ], [ 26.497080168544265, 37.533306815177056 ], [ 26.496678972113855, 37.532845887504976 ], [ 26.496621723634227, 37.532736144366488 ] ] ] ] } },
{ "type": "Feature", "properties": { "datasetID": 583.0, "BIO_CLASS": "Posidonia beds (posidonion oceanicae) (Posidonia oceanica meadows (= association with Posidonia oceanica))", "fieldNotes": "Not reported", "habitat": "Posidonia beds", "AREA_SQKM": 0.00111736579, "vernacular": "Neptune grass", "FAMILY": "Posidoniaceae", "GENUS": "Posidonia", "scientific": "Posidonia oceanica", "habitatID": "EUNIS:A5.535", "nameAccord": "urn:lsid:marinespecies.org:taxname:145794", "eventDate": "2018-01-17", "verif": "Panayotidis Panayotis", "Shape_Leng": 251.965907128, "Shape_Area": 1119.3130460899999, "Pres_UNEP": 1 }, "geometry": { "type": "MultiPolygon", "coordinates": [ [ [ [ 26.502331728056628, 37.534371265735437 ], [ 26.502260546584761, 37.534325833078199 ], [ 26.502211069116527, 37.534288474892428 ], [ 26.502211350047101, 37.534286542603112 ], [ 26.50197730478687, 37.534275757815223 ], [ 26.501801490634605, 37.534237969554582 ], [ 26.501732614643412, 37.534212345534186 ], [ 26.501662586620228, 37.534152275919446 ], [ 26.501591325919048, 37.53405529946015 ], [ 26.501554707643464, 37.533977286476699 ], [ 26.50136374062113, 37.533813905909177 ], [ 26.501252394093747, 37.533841847207299 ], [ 26.501281554204823, 37.533894237924414 ], [ 26.50133638724628, 37.533931482995541 ], [ 26.501428985247475, 37.533976461634289 ], [ 26.501491452683904, 37.534081823369384 ], [ 26.501520652486214, 37.534153751629475 ], [ 26.50158040927225, 37.534178088922047 ], [ 26.50165537878765, 37.534176499288151 ], [ 26.501787460110794, 37.534280384535307 ], [ 26.501865991728145, 37.53438540554307 ], [ 26.501914471251673, 37.534392912155269 ], [ 26.501962665701846, 37.534391892139091 ], [ 26.502020430542157, 37.534356527166807 ], [ 26.502118673021656, 37.53440992037325 ], [ 26.502237480109695, 37.534437275355948 ], [ 26.502323870169096, 37.534456778423248 ], [ 26.502344718994781, 37.534439268582688 ], [ 26.502331728056628, 37.534371265735437 ] ] ] ] } },
{ "type": "Feature", "properties": { "datasetID": 583.0, "BIO_CLASS": "Posidonia beds (posidonion oceanicae) (Posidonia oceanica meadows (= association with Posidonia oceanica))", "fieldNotes": "Not reported", "habitat": "Posidonia beds", "AREA_SQKM": 0.00070103212, "vernacular": "Neptune grass", "FAMILY": "Posidoniaceae", "GENUS": "Posidonia", "scientific": "Posidonia oceanica", "habitatID": "EUNIS:A5.535", "nameAccord": "urn:lsid:marinespecies.org:taxname:145794", "eventDate": "2018-01-17", "verif": "Panayotidis Panayotis", "Shape_Leng": 206.124886441, "Shape_Area": 702.25369341500004, "Pres_UNEP": 1 }, "geometry": { "type": "MultiPolygon", "coordinates": [ [ [ [ 26.501049318256673, 37.535372920480768 ], [ 26.501145742830811, 37.535321136087312 ], [ 26.501178342929961, 37.535325346874984 ], [ 26.501310330360688, 37.535239481442481 ], [ 26.501386038971361, 37.535168594004539 ], [ 26.501506478625757, 37.53516781684624 ], [ 26.501591070170953, 37.535162472117385 ], [ 26.501661636889487, 37.535137882127742 ], [ 26.501701554181022, 37.535140997825103 ], [ 26.501680525835848, 37.535089192296979 ], [ 26.501635975295837, 37.535038927850799 ], [ 26.501588490763819, 37.535061271135667 ], [ 26.501606552201334, 37.535120631868608 ], [ 26.501488457303811, 37.535114601829143 ], [ 26.50143841048672, 37.535060184881189 ], [ 26.501384146571034, 37.535039997325967 ], [ 26.501304393770564, 37.535058757737012 ], [ 26.501254120878244, 37.535157974314785 ], [ 26.501186359705336, 37.535214886144651 ], [ 26.50114044389445, 37.535284138033347 ], [ 26.501007852135952, 37.535325353940195 ], [ 26.500939377642236, 37.535360944284463 ], [ 26.500892748332408, 37.535408873802233 ], [ 26.500887964402871, 37.535426044604264 ], [ 26.500938370194117, 37.535458218114776 ], [ 26.500979880714219, 37.535431240973296 ], [ 26.501049318256673, 37.535372920480768 ] ] ] ] } },
{ "type": "Feature", "properties": { "datasetID": 583.0, "BIO_CLASS": "Posidonia beds (posidonion oceanicae) (Posidonia oceanica meadows (= association with Posidonia oceanica))", "fieldNotes": "Not reported", "habitat": "Posidonia beds", "AREA_SQKM": 0.00026779031, "vernacular": "Neptune grass", "FAMILY": "Posidoniaceae", "GENUS": "Posidonia", "scientific": "Posidonia oceanica", "habitatID": "EUNIS:A5.535", "nameAccord": "urn:lsid:marinespecies.org:taxname:145794", "eventDate": "2018-01-17", "verif": "Panayotidis Panayotis", "Shape_Leng": 129.91007131500001, "Shape_Area": 268.25690711499999, "Pres_UNEP": 1 }, "geometry": { "type": "MultiPolygon", "coordinates": [ [ [ [ 26.500857912887277, 37.535586603994602 ], [ 26.500867440203081, 37.535570608632874 ], [ 26.500807698790972, 37.535589906923974 ], [ 26.500802688373891, 37.535760709951944 ], [ 26.500780899698771, 37.53591053065913 ], [ 26.500745407816787, 37.535971025594932 ], [ 26.500715843725679, 37.536048467087845 ], [ 26.500728369071222, 37.536073779597309 ], [ 26.500742401296524, 37.536068709500157 ], [ 26.500865554691696, 37.535948850003841 ], [ 26.50088766980987, 37.535943050438078 ], [ 26.500829302533475, 37.535798615076487 ], [ 26.500834247058105, 37.535679483447744 ], [ 26.500857912887277, 37.535586603994602 ] ] ] ] } },
{ "type": "Feature", "properties": { "datasetID": 583.0, "BIO_CLASS": "Posidonia beds (posidonion oceanicae) (Posidonia oceanica meadows (= association with Posidonia oceanica))", "fieldNotes": "Not reported", "habitat": "Posidonia beds", "AREA_SQKM": 0.01635781746, "vernacular": "Neptune grass", "FAMILY": "Posidoniaceae", "GENUS": "Posidonia", "scientific": "Posidonia oceanica", "habitatID": "EUNIS:A5.535", "nameAccord": "urn:lsid:marinespecies.org:taxname:145794", "eventDate": "2018-01-17", "verif": "Panayotidis Panayotis", "Shape_Leng": 1476.57598057, "Shape_Area": 16386.322393, "Pres_UNEP": 1 }, "geometry": { "type": "MultiPolygon", "coordinates": [ [ [ [ 26.500391176535871, 37.53591451979208 ], [ 26.500352351342084, 37.535714774472396 ], [ 26.500493291662711, 37.535762998160038 ], [ 26.500597091463909, 37.535982704210745 ], [ 26.500714902118808, 37.535980207579719 ], [ 26.500585610325928, 37.535799447874965 ], [ 26.500510182459429, 37.535707162716839 ], [ 26.500499572276354, 37.535590034978959 ], [ 26.50068860086418, 37.535634038127441 ], [ 26.500631487164707, 37.535528562527638 ], [ 26.500681118537184, 37.535410156998132 ], [ 26.501031791667685, 37.535280037638465 ], [ 26.501144337211915, 37.535240314238571 ], [ 26.501180225853204, 37.535111531172227 ], [ 26.501230569849529, 37.535014446502231 ], [ 26.501226828956554, 37.534902507579901 ], [ 26.501162846384908, 37.534791843964207 ], [ 26.50117427289555, 37.534732924895678 ], [ 26.50135126176615, 37.534617154222637 ], [ 26.501494247985079, 37.534586385027644 ], [ 26.501713375138113, 37.534568938760984 ], [ 26.501855391333162, 37.534489116039602 ], [ 26.501821267432582, 37.534430094617726 ], [ 26.501688614904598, 37.534309152509167 ], [ 26.501394807072632, 37.534336715014057 ], [ 26.501313485110458, 37.534308567877083 ], [ 26.501258512070791, 37.534267058982067 ], [ 26.501292004712912, 37.534146859684782 ], [ 26.501321712822033, 37.534073685331478 ], [ 26.501304364212764, 37.534035647183551 ], [ 26.501181059397684, 37.534033992199397 ], [ 26.501142721003585, 37.534009200112941 ], [ 26.501146649818214, 37.533966443419189 ], [ 26.501097458130761, 37.533937612792947 ], [ 26.500986147483701, 37.533974111628332 ], [ 26.500810574243399, 37.534011970489388 ], [ 26.500701224764523, 37.534027089661514 ], [ 26.500554774310668, 37.534006294618457 ], [ 26.500363319007022, 37.533921588421315 ], [ 26.500301861173146, 37.533878510287693 ], [ 26.500266221688747, 37.533838297915011 ], [ 26.500208594404551, 37.533781482740608 ], [ 26.500056606934514, 37.53372325016224 ], [ 26.499992643601122, 37.533605117712099 ], [ 26.499943129429873, 37.533534473717403 ], [ 26.49987659230473, 37.533467603348434 ], [ 26.499837807942967, 37.533461598969723 ], [ 26.49979633620794, 37.533503444167884 ], [ 26.499803812408455, 37.533598875768142 ], [ 26.49984949817253, 37.533683255953697 ], [ 26.499903867977054, 37.53377086665764 ], [ 26.500027691333131, 37.533884317741524 ], [ 26.500216229224829, 37.534010053216441 ], [ 26.500377018851644, 37.534067030951952 ], [ 26.500646188774667, 37.534104002285154 ], [ 26.500978453447317, 37.534224984009505 ], [ 26.500994050970036, 37.534491368025094 ], [ 26.500920138682623, 37.534684967281002 ], [ 26.500804639908573, 37.534836774225788 ], [ 26.500587383910236, 37.53515076440727 ], [ 26.500485268172962, 37.535302288221715 ], [ 26.500320238918217, 37.535375128319437 ], [ 26.500073283212988, 37.535401697444883 ], [ 26.499956000218312, 37.535500197970876 ], [ 26.499815965061781, 37.535519166845496 ], [ 26.499681911372505, 37.535516671986798 ], [ 26.499660938752164, 37.535490445502816 ], [ 26.499599807473, 37.535465067715691 ], [ 26.499591331472171, 37.535411904723944 ], [ 26.499567868925094, 37.535311050687191 ], [ 26.499515315678128, 37.535141467654242 ], [ 26.499471949089742, 37.535046369137497 ], [ 26.499347190163366, 37.534920988909285 ], [ 26.49900734374587, 37.534773491587345 ], [ 26.498917833582912, 37.534700707347774 ], [ 26.498862326018291, 37.53464320485002 ], [ 26.498783069881448, 37.534676888389804 ], [ 26.498765124793859, 37.534741280213169 ], [ 26.498868732318922, 37.534835103339987 ], [ 26.498944321313019, 37.534892180223117 ], [ 26.499239021915702, 37.534991558330844 ], [ 26.499330112349526, 37.535151790610243 ], [ 26.499370361200658, 37.535394181080605 ], [ 26.499352447606626, 37.535448411778525 ], [ 26.499364338560881, 37.53550349913295 ], [ 26.499383417465324, 37.535546960900021 ], [ 26.499386680552526, 37.535521856877729 ], [ 26.499504917799928, 37.535532156008614 ], [ 26.49964927601992, 37.535682724559983 ], [ 26.499526251628236, 37.535689598895495 ], [ 26.4994965440474, 37.535762773844027 ], [ 26.499513662586018, 37.535954444682851 ], [ 26.499594203504, 37.53610671359592 ], [ 26.499605180611692, 37.536127470883983 ], [ 26.499743701931127, 37.536103199587785 ], [ 26.499875157832225, 37.536027870539861 ], [ 26.50000883312979, 37.535858608356804 ], [ 26.500103885172447, 37.535656026458838 ], [ 26.500145355668749, 37.535774636139479 ], [ 26.500090070559377, 37.536044654580657 ], [ 26.500172818187682, 37.536115446952138 ], [ 26.500200187272362, 37.536127981337593 ], [ 26.500270776714661, 37.536160313043631 ], [ 26.500397444524239, 37.536102153068185 ], [ 26.500391176535871, 37.53591451979208 ] ] ] ] } },
{ "type": "Feature", "properties": { "datasetID": 583.0, "BIO_CLASS": "Posidonia beds (posidonion oceanicae) (Posidonia oceanica meadows (= association with Posidonia oceanica))", "fieldNotes": "Not reported", "habitat": "Posidonia beds", "AREA_SQKM": 0.00012555351, "vernacular": "Neptune grass", "FAMILY": "Posidoniaceae", "GENUS": "Posidonia", "scientific": "Posidonia oceanica", "habitatID": "EUNIS:A5.535", "nameAccord": "urn:lsid:marinespecies.org:taxname:145794", "eventDate": "2018-01-17", "verif": "Panayotidis Panayotis", "Shape_Leng": 53.813851998399997, "Shape_Area": 125.772263411, "Pres_UNEP": 1 }, "geometry": { "type": "MultiPolygon", "coordinates": [ [ [ [ 26.499666476972425, 37.536223803663432 ], [ 26.499664604479396, 37.536167675771786 ], [ 26.499552956951309, 37.536203740512548 ], [ 26.499563728708146, 37.536178404141772 ], [ 26.499552207710959, 37.536181290239426 ], [ 26.499541110684859, 37.536271392497724 ], [ 26.499570616128452, 37.536310082830646 ], [ 26.499633298714031, 37.536286288407439 ], [ 26.499680950908914, 37.536234730742642 ], [ 26.499684956311494, 37.53622940894676 ], [ 26.499666476972425, 37.536223803663432 ] ] ] ] } },
{ "type": "Feature", "properties": { "datasetID": 583.0, "BIO_CLASS": "Posidonia beds (posidonion oceanicae) (Posidonia oceanica meadows (= association with Posidonia oceanica))", "fieldNotes": "Not reported", "habitat": "Posidonia beds", "AREA_SQKM": 5.046541e-05, "vernacular": "Neptune grass", "FAMILY": "Posidoniaceae", "GENUS": "Posidonia", "scientific": "Posidonia oceanica", "habitatID": "EUNIS:A5.535", "nameAccord": "urn:lsid:marinespecies.org:taxname:145794", "eventDate": "2018-01-17", "verif": "Panayotidis Panayotis", "Shape_Leng": 34.353637105700003, "Shape_Area": 50.553334012500002, "Pres_UNEP": 1 }, "geometry": { "type": "MultiPolygon", "coordinates": [ [ [ [ 26.50001097727834, 37.536401855164371 ], [ 26.500100166830546, 37.536326949910169 ], [ 26.500090050697477, 37.536300234059993 ], [ 26.50002987360557, 37.536334054767323 ], [ 26.500007270028505, 37.536327198072399 ], [ 26.499981098022602, 37.536351939226122 ], [ 26.50001097727834, 37.536401855164371 ] ] ] ] } },
{ "type": "Feature", "properties": { "datasetID": 583.0, "BIO_CLASS": "Posidonia beds (posidonion oceanicae) (Posidonia oceanica meadows (= association with Posidonia oceanica))", "fieldNotes": "Not reported", "habitat": "Posidonia beds", "AREA_SQKM": 0.00178221976, "vernacular": "Neptune grass", "FAMILY": "Posidoniaceae", "GENUS": "Posidonia", "scientific": "Posidonia oceanica", "habitatID": "EUNIS:A5.535", "nameAccord": "urn:lsid:marinespecies.org:taxname:145794", "eventDate": "2018-01-17", "verif": "Panayotidis Panayotis", "Shape_Leng": 260.609426251, "Shape_Area": 1785.3235297599999, "Pres_UNEP": 1 }, "geometry": { "type": "MultiPolygon", "coordinates": [ [ [ [ 26.497292539519496, 37.538647172194786 ], [ 26.497311374222274, 37.538594883552527 ], [ 26.497319833119057, 37.538540081481145 ], [ 26.497306124825844, 37.538540372037261 ], [ 26.497265815475608, 37.538565804972649 ], [ 26.497208277597156, 37.538588871070594 ], [ 26.497171935996469, 37.538587712378458 ], [ 26.49715780773295, 37.53859984332059 ], [ 26.496906561012185, 37.538316355160255 ], [ 26.496764022826603, 37.538022124804002 ], [ 26.496726281701847, 37.538020064422092 ], [ 26.496699409033649, 37.538037020845096 ], [ 26.496631045128527, 37.538043929704777 ], [ 26.496609237471645, 37.538109937896252 ], [ 26.496611149053702, 37.538167252404023 ], [ 26.496630563125713, 37.538235120546027 ], [ 26.496693529967558, 37.538272023769629 ], [ 26.496762018415716, 37.538371628771358 ], [ 26.49688579887118, 37.538483716251356 ], [ 26.496943278612331, 37.538561703627039 ], [ 26.496980557313886, 37.538651043040552 ], [ 26.497015170489686, 37.53886607158676 ], [ 26.497057937933604, 37.538914326949836 ], [ 26.497092484313388, 37.538921788692491 ], [ 26.497151900061446, 37.538852252927292 ], [ 26.497237460218674, 37.538743929225298 ], [ 26.497292539519496, 37.538647172194786 ] ] ] ] } },
{ "type": "Feature", "properties": { "datasetID": 583.0, "BIO_CLASS": "Posidonia beds (posidonion oceanicae) (Posidonia oceanica meadows (= association with Posidonia oceanica))", "fieldNotes": "Not reported", "habitat": "Posidonia beds", "AREA_SQKM": 0.00108522901, "vernacular": "Neptune grass", "FAMILY": "Posidoniaceae", "GENUS": "Posidonia", "scientific": "Posidonia oceanica", "habitatID": "EUNIS:A5.535", "nameAccord": "urn:lsid:marinespecies.org:taxname:145794", "eventDate": "2018-01-17", "verif": "Panayotidis Panayotis", "Shape_Leng": 136.19031369000001, "Shape_Area": 1087.11920519, "Pres_UNEP": 1 }, "geometry": { "type": "MultiPolygon", "coordinates": [ [ [ [ 26.495132648790758, 37.539128595388817 ], [ 26.495155425524786, 37.539018627108199 ], [ 26.495141916489448, 37.538898037232379 ], [ 26.495030834781819, 37.53869640956929 ], [ 26.494943749658539, 37.538645367921646 ], [ 26.494821256614728, 37.538670622474271 ], [ 26.494840300594344, 37.538957296666631 ], [ 26.494917906374042, 37.539008538869822 ], [ 26.494937079544279, 37.539042991491591 ], [ 26.495055492908094, 37.539129086421333 ], [ 26.495124182806517, 37.53911731930539 ], [ 26.495132648790758, 37.539128595388817 ] ] ] ] } },
{ "type": "Feature", "properties": { "datasetID": 583.0, "BIO_CLASS": "Posidonia beds (posidonion oceanicae) (Posidonia oceanica meadows (= association with Posidonia oceanica))", "fieldNotes": "Not reported", "habitat": "Posidonia beds", "AREA_SQKM": 0.00328900541, "vernacular": "Neptune grass", "FAMILY": "Posidoniaceae", "GENUS": "Posidonia", "scientific": "Posidonia oceanica", "habitatID": "EUNIS:A5.535", "nameAccord": "urn:lsid:marinespecies.org:taxname:145794", "eventDate": "2018-01-17", "verif": "Panayotidis Panayotis", "Shape_Leng": 382.82457168600001, "Shape_Area": 3294.7336887000001, "Pres_UNEP": 1 }, "geometry": { "type": "MultiPolygon", "coordinates": [ [ [ [ 26.497533022948641, 37.53836692247215 ], [ 26.497500549732138, 37.538247674493853 ], [ 26.497381738889558, 37.538323490998344 ], [ 26.497381979595929, 37.538407354782663 ], [ 26.497365795819714, 37.538421252011332 ], [ 26.497376003764838, 37.538476075245484 ], [ 26.497366301864083, 37.538596452026106 ], [ 26.497345133007407, 37.53868156558282 ], [ 26.497333337640082, 37.538739169045634 ], [ 26.497333096311241, 37.538834763894705 ], [ 26.497333964196439, 37.538860791228203 ], [ 26.497335462916869, 37.538905724176239 ], [ 26.497432311613487, 37.539045693933367 ], [ 26.497416694583642, 37.539220134987993 ], [ 26.49742056732536, 37.539336127365601 ], [ 26.497412406746069, 37.539554108153524 ], [ 26.497404217586329, 37.539617096459871 ], [ 26.497429850348169, 37.539665715864977 ], [ 26.497475954674247, 37.539711168289891 ], [ 26.497525760971861, 37.539764737800368 ], [ 26.497559784626226, 37.539792566891634 ], [ 26.49756807363601, 37.539799347754844 ], [ 26.497629130756888, 37.539778938046005 ], [ 26.49763786348797, 37.539732323374061 ], [ 26.497624575616179, 37.539642476543662 ], [ 26.497622025082777, 37.539566058991156 ], [ 26.497609647599408, 37.539503504329438 ], [ 26.497614134602365, 37.539432398114073 ], [ 26.497625384745835, 37.539358420793938 ], [ 26.497712970443292, 37.539105301373048 ], [ 26.497581197139169, 37.538895061011942 ], [ 26.497570918899601, 37.538844070535944 ], [ 26.497619824546447, 37.538767928833479 ], [ 26.49765147936813, 37.538688738526474 ], [ 26.497661940894332, 37.538616824520872 ], [ 26.497620310728227, 37.53852552894719 ], [ 26.497533373902289, 37.538489816161487 ], [ 26.497498954586909, 37.538470061000666 ], [ 26.497533022948641, 37.53836692247215 ] ] ] ] } },
{ "type": "Feature", "properties": { "datasetID": 583.0, "BIO_CLASS": "Posidonia beds (posidonion oceanicae) (Posidonia oceanica meadows (= association with Posidonia oceanica))", "fieldNotes": "Not reported", "habitat": "Posidonia beds", "AREA_SQKM": 0.00404683424, "vernacular": "Neptune grass", "FAMILY": "Posidoniaceae", "GENUS": "Posidonia", "scientific": "Posidonia oceanica", "habitatID": "EUNIS:A5.535", "nameAccord": "urn:lsid:marinespecies.org:taxname:145794", "eventDate": "2018-01-17", "verif": "Panayotidis Panayotis", "Shape_Leng": 350.84489758799998, "Shape_Area": 4053.88208446, "Pres_UNEP": 1 }, "geometry": { "type": "MultiPolygon", "coordinates": [ [ [ [ 26.497160108317715, 37.539010640768375 ], [ 26.497071254497261, 37.539000771551812 ], [ 26.497006401708102, 37.53904747260092 ], [ 26.496899938749344, 37.539268811701284 ], [ 26.49685187284296, 37.539534242493076 ], [ 26.496924534227308, 37.539721571850762 ], [ 26.496932846878853, 37.539970701076506 ], [ 26.497004752783109, 37.540135382298693 ], [ 26.497157450688889, 37.540162369793634 ], [ 26.497342468471267, 37.540083747683134 ], [ 26.49729235683699, 37.539940430918037 ], [ 26.49738288030423, 37.539810085152624 ], [ 26.497209205430508, 37.539723102357392 ], [ 26.497198968531968, 37.53970065610222 ], [ 26.497282279279553, 37.539638455542878 ], [ 26.497276735859554, 37.539472369635519 ], [ 26.497112543944272, 37.539385187395595 ], [ 26.497394693229499, 37.539311225989572 ], [ 26.497331259898868, 37.539116145594832 ], [ 26.497120168770042, 37.539045066012861 ], [ 26.497160108317715, 37.539010640768375 ] ] ] ] } },
{ "type": "Feature", "properties": { "datasetID": 583.0, "BIO_CLASS": "Posidonia beds (posidonion oceanicae) (Posidonia oceanica meadows (= association with Posidonia oceanica))", "fieldNotes": "Not reported", "habitat": "Posidonia beds", "AREA_SQKM": 0.00025829959, "vernacular": "Neptune grass", "FAMILY": "Posidoniaceae", "GENUS": "Posidonia", "scientific": "Posidonia oceanica", "habitatID": "EUNIS:A5.535", "nameAccord": "urn:lsid:marinespecies.org:taxname:145794", "eventDate": "2018-01-17", "verif": "Panayotidis Panayotis", "Shape_Leng": 69.736346593199997, "Shape_Area": 258.74932941399999, "Pres_UNEP": 1 }, "geometry": { "type": "MultiPolygon", "coordinates": [ [ [ [ 26.497473686279005, 37.540187964554107 ], [ 26.497419616480546, 37.540147672303192 ], [ 26.497367790344068, 37.54021080210287 ], [ 26.497371823208244, 37.540331593252446 ], [ 26.497497844350402, 37.540412027700285 ], [ 26.497535262317726, 37.540396124681457 ], [ 26.497471574685449, 37.540193496647333 ], [ 26.497473686279005, 37.540187964554107 ] ] ] ] } },
{ "type": "Feature", "properties": { "datasetID": 583.0, "BIO_CLASS": "Posidonia beds (posidonion oceanicae) (Posidonia oceanica meadows (= association with Posidonia oceanica))", "fieldNotes": "Not reported", "habitat": "Posidonia beds", "AREA_SQKM": 0.00997510425, "vernacular": "Neptune grass", "FAMILY": "Posidoniaceae", "GENUS": "Posidonia", "scientific": "Posidonia oceanica", "habitatID": "EUNIS:A5.535", "nameAccord": "urn:lsid:marinespecies.org:taxname:145794", "eventDate": "2018-01-17", "verif": "Panayotidis Panayotis", "Shape_Leng": 756.82847757900004, "Shape_Area": 9992.4717918700007, "Pres_UNEP": 1 }, "geometry": { "type": "MultiPolygon", "coordinates": [ [ [ [ 26.496397120574645, 37.540874489316174 ], [ 26.496492122294612, 37.540866643325629 ], [ 26.496609873390145, 37.54088165880647 ], [ 26.496654395283727, 37.54089822158447 ], [ 26.496704877602149, 37.540873813698774 ], [ 26.496754386263017, 37.540820250071221 ], [ 26.496848417720614, 37.540783248343352 ], [ 26.497038812203474, 37.54077921937062 ], [ 26.497119169642701, 37.540771685139013 ], [ 26.497129156782911, 37.540772794387024 ], [ 26.497337741257798, 37.540624866153571 ], [ 26.497340782976586, 37.540570788595019 ], [ 26.497382814191813, 37.540376686384661 ], [ 26.496940199791354, 37.540232798006024 ], [ 26.496801681545083, 37.540199258361966 ], [ 26.49674690360769, 37.540273356987825 ], [ 26.49675206935218, 37.540428245125042 ], [ 26.496805741662069, 37.540664164948147 ], [ 26.496796428715424, 37.540728185136281 ], [ 26.496716030210372, 37.540720769250058 ], [ 26.496633504615602, 37.540649574283108 ], [ 26.496550675306249, 37.540569269563314 ], [ 26.496413369769215, 37.540572174271169 ], [ 26.496319706326343, 37.540510332001197 ], [ 26.496241632407358, 37.540229339564476 ], [ 26.496153030724379, 37.539975923176641 ], [ 26.495733723297775, 37.539419506727654 ], [ 26.495445142902941, 37.539006203817152 ], [ 26.495319281959372, 37.539008864752383 ], [ 26.495264199149336, 37.539073852341232 ], [ 26.495232914566841, 37.53916568865607 ], [ 26.495235039797166, 37.539229465494287 ], [ 26.495316955296119, 37.539282439629915 ], [ 26.495331435905801, 37.539373308105489 ], [ 26.495368191967973, 37.539445471434185 ], [ 26.495560021581166, 37.539532590113495 ], [ 26.495668972914132, 37.539778281863505 ], [ 26.495609759436373, 37.539925413743262 ], [ 26.495579221893063, 37.540108409822047 ], [ 26.495618753984211, 37.540195102227592 ], [ 26.495731028713262, 37.540265668223846 ], [ 26.495842086168814, 37.540299789879676 ], [ 26.495988786538284, 37.540303982226497 ], [ 26.496027102362898, 37.540354228575652 ], [ 26.496126174735004, 37.540578247751434 ], [ 26.496203780798528, 37.54070789809159 ], [ 26.496218526482949, 37.54087534774753 ], [ 26.496238777865695, 37.540933270667331 ], [ 26.49627515911239, 37.540952926276077 ], [ 26.496303868222519, 37.540934813547757 ], [ 26.496353376868303, 37.540881249020565 ], [ 26.496397120574645, 37.540874489316174 ] ] ] ] } },
{ "type": "Feature", "properties": { "datasetID": 583.0, "BIO_CLASS": "Posidonia beds (posidonion oceanicae) (Posidonia oceanica meadows (= association with Posidonia oceanica))", "fieldNotes": "Not reported", "habitat": "Posidonia beds", "AREA_SQKM": 0.00014427425, "vernacular": "Neptune grass", "FAMILY": "Posidoniaceae", "GENUS": "Posidonia", "scientific": "Posidonia oceanica", "habitatID": "EUNIS:A5.535", "nameAccord": "urn:lsid:marinespecies.org:taxname:145794", "eventDate": "2018-01-17", "verif": "Panayotidis Panayotis", "Shape_Leng": 45.480019482199999, "Shape_Area": 144.52539429300001, "Pres_UNEP": 1 }, "geometry": { "type": "MultiPolygon", "coordinates": [ [ [ [ 26.50772391374392, 37.5431407191342 ], [ 26.507696614615774, 37.543137241211717 ], [ 26.507622355613776, 37.54316401538766 ], [ 26.507603838104146, 37.54323513883616 ], [ 26.50760607135026, 37.543237541059057 ], [ 26.507630379577733, 37.543255888920648 ], [ 26.507651702602843, 37.543263819789864 ], [ 26.507680637161933, 37.543263204220146 ], [ 26.507742924655197, 37.543236728542375 ], [ 26.50776610825179, 37.543221565393921 ], [ 26.507773577950584, 37.543208830964332 ], [ 26.507746149400205, 37.54317587724239 ], [ 26.50772391374392, 37.5431407191342 ] ] ] ] } },
{ "type": "Feature", "properties": { "datasetID": 583.0, "BIO_CLASS": "Posidonia beds (posidonion oceanicae) (Posidonia oceanica meadows (= association with Posidonia oceanica))", "fieldNotes": "Not reported", "habitat": "Posidonia beds", "AREA_SQKM": 0.00088936185, "vernacular": "Neptune grass", "FAMILY": "Posidoniaceae", "GENUS": "Posidonia", "scientific": "Posidonia oceanica", "habitatID": "EUNIS:A5.535", "nameAccord": "urn:lsid:marinespecies.org:taxname:145794", "eventDate": "2018-01-17", "verif": "Panayotidis Panayotis", "Shape_Leng": 173.48013595699999, "Shape_Area": 890.90984017599999, "Pres_UNEP": 1 }, "geometry": { "type": "MultiPolygon", "coordinates": [ [ [ [ 26.506797239095377, 37.543608944501287 ], [ 26.506898140582624, 37.543556499114452 ], [ 26.506982314994559, 37.543554710691886 ], [ 26.507026962029919, 37.543551664632986 ], [ 26.507063225962479, 37.543534127495477 ], [ 26.507155887727073, 37.543471376402984 ], [ 26.507155467073257, 37.543458807993552 ], [ 26.507149013603353, 37.543423313347077 ], [ 26.50712517609508, 37.543392934032667 ], [ 26.507123256396714, 37.543393557551326 ], [ 26.506750148843576, 37.543521686259005 ], [ 26.50653170327719, 37.543599303797905 ], [ 26.506527356625643, 37.543592823083316 ], [ 26.506497648580027, 37.543623691705577 ], [ 26.506461664310127, 37.543649608387035 ], [ 26.506456964246354, 37.543666476090287 ], [ 26.506465486222666, 37.543685157830616 ], [ 26.506484671851997, 37.54370780678255 ], [ 26.506501086574097, 37.543726322490365 ], [ 26.506517430012394, 37.543742742431711 ], [ 26.506539174652659, 37.543763240865076 ], [ 26.506558290181268, 37.54378379405729 ], [ 26.506579754106447, 37.543795913835567 ], [ 26.506590417376444, 37.543799879280911 ], [ 26.506627101653393, 37.543794908785003 ], [ 26.506676729742296, 37.543783374550216 ], [ 26.506709101614238, 37.543728192166107 ], [ 26.506721061791502, 37.543692306226227 ], [ 26.506718535189506, 37.543616903646182 ], [ 26.50675266063039, 37.543614084561568 ], [ 26.506797239095377, 37.543608944501287 ] ] ] ] } },
{ "type": "Feature", "properties": { "datasetID": 583.0, "BIO_CLASS": "Posidonia beds (posidonion oceanicae) (Posidonia oceanica meadows (= association with Posidonia oceanica))", "fieldNotes": "Not reported", "habitat": "Posidonia beds", "AREA_SQKM": 0.00040117226, "vernacular": "Neptune grass", "FAMILY": "Posidoniaceae", "GENUS": "Posidonia", "scientific": "Posidonia oceanica", "habitatID": "EUNIS:A5.535", "nameAccord": "urn:lsid:marinespecies.org:taxname:145794", "eventDate": "2018-01-17", "verif": "Panayotidis Panayotis", "Shape_Leng": 129.89686869799999, "Shape_Area": 401.87052968699999, "Pres_UNEP": 1 }, "geometry": { "type": "MultiPolygon", "coordinates": [ [ [ [ 26.50649200257374, 37.54384808020302 ], [ 26.506484989459196, 37.543795830817402 ], [ 26.506479096186457, 37.543777092543607 ], [ 26.506470642782524, 37.543760504796651 ], [ 26.506415858145775, 37.543696692059704 ], [ 26.506413965208349, 37.543640140783168 ], [ 26.506415404234033, 37.543604478301653 ], [ 26.506417332641131, 37.543583479126248 ], [ 26.50644798356646, 37.54355557973318 ], [ 26.506478778970315, 37.543531870109554 ], [ 26.506485123272238, 37.543530034879176 ], [ 26.506464684051839, 37.543503240341025 ], [ 26.506454192422559, 37.543505143575352 ], [ 26.506360759842302, 37.54354485626385 ], [ 26.506316428821691, 37.543635925403407 ], [ 26.506320602291165, 37.543681947499863 ], [ 26.506324564049454, 37.543721686718811 ], [ 26.50636181281266, 37.543733471770935 ], [ 26.506386048968093, 37.54374972567642 ], [ 26.506389380735378, 37.543770613589643 ], [ 26.506400532997773, 37.543789240583074 ], [ 26.506425049706042, 37.543813872269702 ], [ 26.506441393352695, 37.54383029310145 ], [ 26.506417718223137, 37.543830794743648 ], [ 26.506391345964847, 37.543829259789277 ], [ 26.506381383441941, 37.543846238787573 ], [ 26.50637419434053, 37.543867351920092 ], [ 26.506377245596319, 37.543879862065928 ], [ 26.506390959368584, 37.543896339426219 ], [ 26.506436870119654, 37.54393099602575 ], [ 26.506482218471675, 37.543948896182528 ], [ 26.506532128323311, 37.543945739720918 ], [ 26.506528584552452, 37.543918568011691 ], [ 26.50652795467283, 37.543899717563342 ], [ 26.506524692410608, 37.543880922756671 ], [ 26.506505786495087, 37.543866653330127 ], [ 26.50649200257374, 37.54384808020302 ] ] ] ] } },
{ "type": "Feature", "properties": { "datasetID": 583.0, "BIO_CLASS": "Posidonia beds (posidonion oceanicae) (Posidonia oceanica meadows (= association with Posidonia oceanica))", "fieldNotes": "Not reported", "habitat": "Posidonia beds", "AREA_SQKM": 0.00048408139, "vernacular": "Neptune grass", "FAMILY": "Posidoniaceae", "GENUS": "Posidonia", "scientific": "Posidonia oceanica", "habitatID": "EUNIS:A5.535", "nameAccord": "urn:lsid:marinespecies.org:taxname:145794", "eventDate": "2018-01-17", "verif": "Panayotidis Panayotis", "Shape_Leng": 149.26495671800001, "Shape_Area": 484.923941275, "Pres_UNEP": 1 }, "geometry": { "type": "MultiPolygon", "coordinates": [ [ [ [ 26.507282404332884, 37.544026217141244 ], [ 26.507284263720248, 37.544003123033434 ], [ 26.507283701168312, 37.543986366581471 ], [ 26.507280578692477, 37.543971761541414 ], [ 26.507258764092061, 37.543949169082474 ], [ 26.507250591141947, 37.543940959103111 ], [ 26.507181567534321, 37.543923560589505 ], [ 26.507119910629886, 37.543968885928784 ], [ 26.507084768419219, 37.544019936893285 ], [ 26.507034458226723, 37.544072414196762 ], [ 26.507054091099455, 37.544064721752164 ], [ 26.507023487908796, 37.544116887307005 ], [ 26.50703088947915, 37.544176830992043 ], [ 26.507092616322733, 37.544190529910132 ], [ 26.507103324918244, 37.544180932453791 ], [ 26.507104904476826, 37.54414945877059 ], [ 26.507108971340077, 37.544113742323965 ], [ 26.507110129247469, 37.544069701086471 ], [ 26.50711454609004, 37.544044454679131 ], [ 26.507119455902632, 37.544033871607958 ], [ 26.507153442287326, 37.544026860974924 ], [ 26.507171783868944, 37.544024375724128 ], [ 26.507172557244107, 37.544047415960783 ], [ 26.507160035672978, 37.544066544622972 ], [ 26.507155266176493, 37.544081319239375 ], [ 26.507166701535834, 37.544108324050931 ], [ 26.507177574351601, 37.544118572403093 ], [ 26.507209350041478, 37.544124184974606 ], [ 26.507215383221467, 37.544147112176532 ], [ 26.507216365924684, 37.544176434446577 ], [ 26.507207808131181, 37.54423530420928 ], [ 26.507222014127905, 37.544266440533328 ], [ 26.507237795812003, 37.544266106693243 ], [ 26.507277254226999, 37.544265267677197 ], [ 26.507287565079228, 37.544258762211989 ], [ 26.50728651352804, 37.544227345039623 ], [ 26.507303732273986, 37.544191346846326 ], [ 26.507321093251342, 37.544159538438358 ], [ 26.507307027756244, 37.544132589259803 ], [ 26.507276758361378, 37.544093409007793 ], [ 26.507270374810975, 37.544060010019436 ], [ 26.507282404332884, 37.544026217141244 ] ] ] ] } },
{ "type": "Feature", "properties": { "datasetID": 583.0, "BIO_CLASS": "Posidonia beds (posidonion oceanicae) (Posidonia oceanica meadows (= association with Posidonia oceanica))", "fieldNotes": "Not reported", "habitat": "Posidonia beds", "AREA_SQKM": 0.00015399622, "vernacular": "Neptune grass", "FAMILY": "Posidoniaceae", "GENUS": "Posidonia", "scientific": "Posidonia oceanica", "habitatID": "EUNIS:A5.535", "nameAccord": "urn:lsid:marinespecies.org:taxname:145794", "eventDate": "2018-01-17", "verif": "Panayotidis Panayotis", "Shape_Leng": 64.266147953399994, "Shape_Area": 154.26424362899999, "Pres_UNEP": 1 }, "geometry": { "type": "MultiPolygon", "coordinates": [ [ [ [ 26.507105748631393, 37.544331791061254 ], [ 26.507145134996577, 37.54432885803687 ], [ 26.507155726080306, 37.544330728601629 ], [ 26.507156498550529, 37.544353769756995 ], [ 26.507175332599481, 37.544365945210075 ], [ 26.507187995802219, 37.54435100365238 ], [ 26.507200234239978, 37.544323496281201 ], [ 26.507194482791771, 37.54430894685639 ], [ 26.507177717421715, 37.54427995929003 ], [ 26.507160811381212, 37.544246783713504 ], [ 26.50713821547901, 37.544247262394201 ], [ 26.507146904350318, 37.544260223866289 ], [ 26.507077439686643, 37.544278871218729 ], [ 26.506965305909937, 37.544311304050559 ], [ 26.50696079615188, 37.544314337756596 ], [ 26.506963281223307, 37.54432224305603 ], [ 26.50697969694885, 37.544340757054769 ], [ 26.506985799137418, 37.544365780056452 ], [ 26.506999232110253, 37.544373877890123 ], [ 26.507025538194267, 37.544373318840194 ], [ 26.507038480307582, 37.544366757731375 ], [ 26.507074532947975, 37.544342934081349 ], [ 26.507105748631393, 37.544331791061254 ] ] ] ] } },
{ "type": "Feature", "properties": { "datasetID": 583.0, "BIO_CLASS": "Posidonia beds (posidonion oceanicae) (Posidonia oceanica meadows (= association with Posidonia oceanica))", "fieldNotes": "Not reported", "habitat": "Posidonia beds", "AREA_SQKM": 0.00023730029, "vernacular": "Neptune grass", "FAMILY": "Posidoniaceae", "GENUS": "Posidonia", "scientific": "Posidonia oceanica", "habitatID": "EUNIS:A5.535", "nameAccord": "urn:lsid:marinespecies.org:taxname:145794", "eventDate": "2018-01-17", "verif": "Panayotidis Panayotis", "Shape_Leng": 71.712330293999997, "Shape_Area": 237.71329644400001, "Pres_UNEP": 1 }, "geometry": { "type": "MultiPolygon", "coordinates": [ [ [ [ 26.506919686913871, 37.544356702781904 ], [ 26.506898606707718, 37.544356165811394 ], [ 26.506859852764695, 37.544382230961894 ], [ 26.50685590132489, 37.544425244252473 ], [ 26.506896388823424, 37.544475040341538 ], [ 26.506957305560807, 37.544490918074814 ], [ 26.506971271966012, 37.544521530715642 ], [ 26.507023682059803, 37.544541021525589 ], [ 26.507131366888331, 37.544579399941867 ], [ 26.507131880932853, 37.544561793825878 ], [ 26.50712079834361, 37.544545261653461 ], [ 26.507098911497952, 37.544520575119208 ], [ 26.507084986824356, 37.544497814794411 ], [ 26.507076323498787, 37.544474943192043 ], [ 26.507054999071745, 37.544467012274488 ], [ 26.507038724943087, 37.544452685399413 ], [ 26.506979382050723, 37.544409931756554 ], [ 26.506925650521527, 37.544377536885264 ], [ 26.506919686913871, 37.544356702781904 ] ] ] ] } },
{ "type": "Feature", "properties": { "datasetID": 583.0, "BIO_CLASS": "Posidonia beds (posidonion oceanicae) (Posidonia oceanica meadows (= association with Posidonia oceanica))", "fieldNotes": "Not reported", "habitat": "Posidonia beds", "AREA_SQKM": 0.00020721095, "vernacular": "Neptune grass", "FAMILY": "Posidoniaceae", "GENUS": "Posidonia", "scientific": "Posidonia oceanica", "habitatID": "EUNIS:A5.535", "nameAccord": "urn:lsid:marinespecies.org:taxname:145794", "eventDate": "2018-01-17", "verif": "Panayotidis Panayotis", "Shape_Leng": 78.9784940965, "Shape_Area": 207.57158107199999, "Pres_UNEP": 1 }, "geometry": { "type": "MultiPolygon", "coordinates": [ [ [ [ 26.508074669259095, 37.544755659901803 ], [ 26.508117081408738, 37.544734153661153 ], [ 26.508115100623456, 37.544744838334935 ], [ 26.508127327254751, 37.544731376953131 ], [ 26.508139779419164, 37.544710151565305 ], [ 26.508144687571203, 37.544699566692323 ], [ 26.508143775856531, 37.544672340123014 ], [ 26.508139601114539, 37.544626316913849 ], [ 26.508140264760232, 37.544567614838719 ], [ 26.508149523529156, 37.544529691260216 ], [ 26.508147697281665, 37.54447523552237 ], [ 26.508141945498149, 37.54446068520329 ], [ 26.508115499239366, 37.544457053585134 ], [ 26.50809792914135, 37.544482580011646 ], [ 26.508096281087518, 37.544511958854521 ], [ 26.508066050962288, 37.544552425093464 ], [ 26.50804349885988, 37.544586439738453 ], [ 26.50803908190316, 37.544611684448384 ], [ 26.508054410479502, 37.544676334730774 ], [ 26.508073736315588, 37.544703171819698 ], [ 26.508074126839119, 37.544714825336762 ], [ 26.508078635092836, 37.544745273741199 ], [ 26.508074669259095, 37.544755659901803 ] ] ] ] } },
{ "type": "Feature", "properties": { "datasetID": 583.0, "BIO_CLASS": "Posidonia beds (posidonion oceanicae) (Posidonia oceanica meadows (= association with Posidonia oceanica))", "fieldNotes": "Not reported", "habitat": "Posidonia beds", "AREA_SQKM": 0.00038438005, "vernacular": "Neptune grass", "FAMILY": "Posidoniaceae", "GENUS": "Posidonia", "scientific": "Posidonia oceanica", "habitatID": "EUNIS:A5.535", "nameAccord": "urn:lsid:marinespecies.org:taxname:145794", "eventDate": "2018-01-17", "verif": "Panayotidis Panayotis", "Shape_Leng": 134.50265891699999, "Shape_Area": 385.04900957199999, "Pres_UNEP": 1 }, "geometry": { "type": "MultiPolygon", "coordinates": [ [ [ [ 26.50770314036771, 37.544866586074271 ], [ 26.507723999224922, 37.544845536424283 ], [ 26.507808476113198, 37.54479222608046 ], [ 26.507874908504835, 37.544715258976709 ], [ 26.507943408499823, 37.544700066570527 ], [ 26.507995821161458, 37.544719557397983 ], [ 26.508026914070253, 37.544746373296505 ], [ 26.508043819686193, 37.544732170929187 ], [ 26.508040313143216, 37.54472693634014 ], [ 26.508039819420546, 37.544712275605505 ], [ 26.508010533639037, 37.544702417586862 ], [ 26.507989069716238, 37.544690299519615 ], [ 26.507972724481533, 37.544673878616756 ], [ 26.507927305551714, 37.54465388349999 ], [ 26.50786722612991, 37.544667737006975 ], [ 26.507862523851369, 37.544684603913545 ], [ 26.507839412630251, 37.544701862951989 ], [ 26.507813739939415, 37.544721271644278 ], [ 26.507761691690767, 37.544739147143389 ], [ 26.507730126486273, 37.544739817474657 ], [ 26.507709854693697, 37.544763302915541 ], [ 26.507713325883483, 37.54478838161063 ], [ 26.507703156148136, 37.544799076885482 ], [ 26.507679622340785, 37.54480377008889 ], [ 26.507668469447335, 37.544785142117107 ], [ 26.507649282478713, 37.544762494808637 ], [ 26.507604215359621, 37.54475297239474 ], [ 26.5075278604481, 37.544752499011985 ], [ 26.507476373086604, 37.544787128382509 ], [ 26.507472733515847, 37.544816698919895 ], [ 26.507477286690914, 37.54481986952613 ], [ 26.507529812953635, 37.544842793275606 ], [ 26.507556017855471, 37.544852540020898 ], [ 26.507581880022126, 37.544851989801344 ], [ 26.507656073126856, 37.544877888979478 ], [ 26.50770314036771, 37.544866586074271 ] ] ] ] } },
{ "type": "Feature", "properties": { "datasetID": 583.0, "BIO_CLASS": "Posidonia beds (posidonion oceanicae) (Posidonia oceanica meadows (= association with Posidonia oceanica))", "fieldNotes": "Not reported", "habitat": "Posidonia beds", "AREA_SQKM": 0.00154835914, "vernacular": "Neptune grass", "FAMILY": "Posidoniaceae", "GENUS": "Posidonia", "scientific": "Posidonia oceanica", "habitatID": "EUNIS:A5.535", "nameAccord": "urn:lsid:marinespecies.org:taxname:145794", "eventDate": "2018-01-17", "verif": "Panayotidis Panayotis", "Shape_Leng": 283.11470999699998, "Shape_Area": 1551.0534552700001, "Pres_UNEP": 1 }, "geometry": { "type": "MultiPolygon", "coordinates": [ [ [ [ 26.50818253972324, 37.545939888903732 ], [ 26.508108687307587, 37.54592394393277 ], [ 26.508067706688156, 37.545904384098897 ], [ 26.507999127870104, 37.545827031496934 ], [ 26.507995217294948, 37.545710361460884 ], [ 26.50804278884506, 37.545598435939986 ], [ 26.508098565426877, 37.545512604042756 ], [ 26.508155514535787, 37.545461772606387 ], [ 26.508091871564904, 37.545422260016487 ], [ 26.508006007154815, 37.54548538266112 ], [ 26.507953208035282, 37.545550717692933 ], [ 26.507804873204222, 37.545609329091135 ], [ 26.507799307385678, 37.545661986100363 ], [ 26.507814936705596, 37.545690842274496 ], [ 26.507835406920677, 37.545754622091358 ], [ 26.507821436273417, 37.545775351242831 ], [ 26.507679646201773, 37.545810470074471 ], [ 26.50760985044354, 37.545806116872249 ], [ 26.507515875393217, 37.545846057881832 ], [ 26.50747694912544, 37.545887749366045 ], [ 26.507471234963688, 37.545934171182758 ], [ 26.507506769930032, 37.545886093399801 ], [ 26.50757991156058, 37.545880890574828 ], [ 26.507699579200846, 37.54589659178405 ], [ 26.507724063293384, 37.54594350288572 ], [ 26.507801663022789, 37.545934556249904 ], [ 26.507945200861776, 37.545978936159749 ], [ 26.508194059060841, 37.54602107986112 ], [ 26.508236737860148, 37.546063954846915 ], [ 26.508292663764188, 37.546091954392061 ], [ 26.508351582831967, 37.546072459013871 ], [ 26.508377345051208, 37.546020832569845 ], [ 26.50837819273632, 37.546020643568774 ], [ 26.508342112980721, 37.545997792987457 ], [ 26.508297078205253, 37.545966642261043 ], [ 26.50818253972324, 37.545939888903732 ] ] ] ] } },
{ "type": "Feature", "properties": { "datasetID": 583.0, "BIO_CLASS": "Posidonia beds (posidonion oceanicae) (Posidonia oceanica meadows (= association with Posidonia oceanica))", "fieldNotes": "Not reported", "habitat": "Posidonia beds", "AREA_SQKM": 0.00165953445, "vernacular": "Neptune grass", "FAMILY": "Posidoniaceae", "GENUS": "Posidonia", "scientific": "Posidonia oceanica", "habitatID": "EUNIS:A5.535", "nameAccord": "urn:lsid:marinespecies.org:taxname:145794", "eventDate": "2018-01-17", "verif": "Panayotidis Panayotis", "Shape_Leng": 410.360822176, "Shape_Area": 1662.4221992299999, "Pres_UNEP": 1 }, "geometry": { "type": "MultiPolygon", "coordinates": [ [ [ [ 26.508843252689065, 37.546113087192886 ], [ 26.508882114832048, 37.545987480948774 ], [ 26.508917181009348, 37.545940034628231 ], [ 26.509054819419781, 37.545890406859414 ], [ 26.509108789120337, 37.545860069560241 ], [ 26.50928227868204, 37.545786330070989 ], [ 26.509350802113214, 37.545752765642902 ], [ 26.509394761870013, 37.545751831236977 ], [ 26.50942782674483, 37.545754046255844 ], [ 26.509471396262914, 37.545741445024198 ], [ 26.509484680927933, 37.545700299376662 ], [ 26.509512909040922, 37.545667590765568 ], [ 26.509567075238387, 37.545643088676513 ], [ 26.509608348181267, 37.545671399042014 ], [ 26.509655970289369, 37.545670386916498 ], [ 26.509731429804074, 37.545624997599809 ], [ 26.509797172127112, 37.545617763465842 ], [ 26.510043341687105, 37.545612527970086 ], [ 26.509994573380492, 37.545557523480213 ], [ 26.509838703763091, 37.545544493035493 ], [ 26.509712612436875, 37.54554483835917 ], [ 26.509627937680204, 37.545555981447336 ], [ 26.509505951346821, 37.545591266278116 ], [ 26.509417998735412, 37.545679534022653 ], [ 26.509287137756953, 37.545712671861914 ], [ 26.509163158181146, 37.545776018926979 ], [ 26.509014334576694, 37.545820048178449 ], [ 26.508892328161618, 37.545898532134011 ], [ 26.508809541527025, 37.545944073420607 ], [ 26.508736961844676, 37.54596604876216 ], [ 26.508689925083196, 37.545984562031038 ], [ 26.508624281685716, 37.545994712446792 ], [ 26.508536363136283, 37.545996581260951 ], [ 26.508486970195968, 37.545997632248124 ], [ 26.508526074358709, 37.546083344242049 ], [ 26.50859659523644, 37.546136573679505 ], [ 26.508607831446323, 37.546198359411548 ], [ 26.508641961068925, 37.546259660294965 ], [ 26.508699288661081, 37.546192767977686 ], [ 26.508714426569053, 37.546097583799494 ], [ 26.508751426013681, 37.546107743052801 ], [ 26.508771086884391, 37.546147458911243 ], [ 26.508754114963871, 37.546187953745346 ], [ 26.508741968910385, 37.546235643000571 ], [ 26.508743313611618, 37.546275749251819 ], [ 26.508812855363356, 37.546299809826898 ], [ 26.508844908389445, 37.54629912889218 ], [ 26.5088633885672, 37.54630679757733 ], [ 26.508885264004533, 37.546272731412984 ], [ 26.508882940240753, 37.546203458028927 ], [ 26.508843252689065, 37.546113087192886 ] ] ] ] } },
{ "type": "Feature", "properties": { "datasetID": 583.0, "BIO_CLASS": "Posidonia beds (posidonion oceanicae) (Posidonia oceanica meadows (= association with Posidonia oceanica))", "fieldNotes": "Not reported", "habitat": "Posidonia beds", "AREA_SQKM": 0.00016468314, "vernacular": "Neptune grass", "FAMILY": "Posidoniaceae", "GENUS": "Posidonia", "scientific": "Posidonia oceanica", "habitatID": "EUNIS:A5.535", "nameAccord": "urn:lsid:marinespecies.org:taxname:145794", "eventDate": "2018-01-17", "verif": "Panayotidis Panayotis", "Shape_Leng": 71.045159878899995, "Shape_Area": 164.96785735399999, "Pres_UNEP": 1 }, "geometry": { "type": "MultiPolygon", "coordinates": [ [ [ [ 26.428048413295414, 37.595329060642399 ], [ 26.428075803632225, 37.595311816634208 ], [ 26.428124683158195, 37.59531081043928 ], [ 26.428243933728854, 37.595325035862331 ], [ 26.428264517043925, 37.595294569093781 ], [ 26.428225209912291, 37.595286500984017 ], [ 26.428093153140065, 37.595254470600317 ], [ 26.428092417495588, 37.595253914057231 ], [ 26.428074358210257, 37.595267367383144 ], [ 26.4279982691742, 37.595291172413511 ], [ 26.427943128375986, 37.595314547229997 ], [ 26.427937228157163, 37.59534802816983 ], [ 26.427973227560898, 37.595380646914656 ], [ 26.428007961420043, 37.595374372108004 ], [ 26.428048413295414, 37.595329060642399 ] ] ] ] } },
{ "type": "Feature", "properties": { "datasetID": 583.0, "BIO_CLASS": "Posidonia beds (posidonion oceanicae) (Posidonia oceanica meadows (= association with Posidonia oceanica))", "fieldNotes": "Not reported", "habitat": "Posidonia beds", "AREA_SQKM": 0.00235292014, "vernacular": "Neptune grass", "FAMILY": "Posidoniaceae", "GENUS": "Posidonia", "scientific": "Posidonia oceanica", "habitatID": "EUNIS:A5.535", "nameAccord": "urn:lsid:marinespecies.org:taxname:145794", "eventDate": "2018-01-17", "verif": "Panayotidis Panayotis", "Shape_Leng": 196.12165571200001, "Shape_Area": 2356.9955133, "Pres_UNEP": 1 }, "geometry": { "type": "MultiPolygon", "coordinates": [ [ [ [ 26.460789704180367, 37.581083498040954 ], [ 26.460590638615717, 37.581076346531688 ], [ 26.460559223419718, 37.58112365108596 ], [ 26.460513453384625, 37.581211762385081 ], [ 26.460515046373779, 37.581260148179091 ], [ 26.460603669010446, 37.581364823927551 ], [ 26.460653903431776, 37.581412195684408 ], [ 26.460838212112069, 37.581466455740298 ], [ 26.460987317942699, 37.58156018435534 ], [ 26.461158514034221, 37.581585665204209 ], [ 26.461255474113727, 37.581573958287983 ], [ 26.461290678020973, 37.581534488857606 ], [ 26.461336449895885, 37.581446378298423 ], [ 26.461329798044002, 37.581398168243666 ], [ 26.46111726843251, 37.581330868344942 ], [ 26.461036486545613, 37.581187294773656 ], [ 26.460789704180367, 37.581083498040954 ] ] ] ] } },
{ "type": "Feature", "properties": { "datasetID": 583.0, "BIO_CLASS": "Posidonia beds (posidonion oceanicae) (Posidonia oceanica meadows (= association with Posidonia oceanica))", "fieldNotes": "Not reported", "habitat": "Posidonia beds", "AREA_SQKM": 0.00365669623, "vernacular": "Neptune grass", "FAMILY": "Posidoniaceae", "GENUS": "Posidonia", "scientific": "Posidonia oceanica", "habitatID": "EUNIS:A5.535", "nameAccord": "urn:lsid:marinespecies.org:taxname:145794", "eventDate": "2018-01-17", "verif": "Panayotidis Panayotis", "Shape_Leng": 422.01424870099999, "Shape_Area": 3663.0719954400001, "Pres_UNEP": 1 }, "geometry": { "type": "MultiPolygon", "coordinates": [ [ [ [ 26.412732265409147, 37.530800166992229 ], [ 26.412816285543862, 37.530792348776146 ], [ 26.412908355796656, 37.530796566532715 ], [ 26.412982745378972, 37.530802924076774 ], [ 26.412992178284817, 37.530782650408838 ], [ 26.413150990005953, 37.530718393218692 ], [ 26.41324317170411, 37.530788130136166 ], [ 26.413272697828418, 37.530775608451201 ], [ 26.413331371240485, 37.530758687972529 ], [ 26.413280750520986, 37.530703537466486 ], [ 26.413393232869062, 37.530628022362706 ], [ 26.413508662742089, 37.530643966105764 ], [ 26.413592881143174, 37.530642244033018 ], [ 26.413802137949709, 37.530479332491801 ], [ 26.41397272192776, 37.530305011267828 ], [ 26.414113469203244, 37.530155701694227 ], [ 26.414065960839771, 37.530107865287491 ], [ 26.41390577390883, 37.530129444126082 ], [ 26.413860820025807, 37.530160869666126 ], [ 26.413780339333755, 37.530278438408779 ], [ 26.41368336606617, 37.530359737769324 ], [ 26.41354949019567, 37.530484499588979 ], [ 26.413465469350836, 37.530492318676046 ], [ 26.413381058022029, 37.530487942848637 ], [ 26.41321164097285, 37.530460901031894 ], [ 26.413013368508182, 37.530489360246129 ], [ 26.412815686660796, 37.530536108748784 ], [ 26.412687303524699, 37.530593643616221 ], [ 26.412491192224895, 37.530689171844585 ], [ 26.41232393817884, 37.530729196359722 ], [ 26.412279573689396, 37.530778913067515 ], [ 26.412304309406668, 37.530833318245421 ], [ 26.41244997177121, 37.530836442706367 ], [ 26.412617816998658, 37.53081470924586 ], [ 26.412732265409147, 37.530800166992229 ] ] ] ] } },
{ "type": "Feature", "properties": { "datasetID": 583.0, "BIO_CLASS": "Posidonia beds (posidonion oceanicae) (Posidonia oceanica meadows (= association with Posidonia oceanica))", "fieldNotes": "Not reported", "habitat": "Posidonia beds", "AREA_SQKM": 0.01608440324, "vernacular": "Neptune grass", "FAMILY": "Posidoniaceae", "GENUS": "Posidonia", "scientific": "Posidonia oceanica", "habitatID": "EUNIS:A5.535", "nameAccord": "urn:lsid:marinespecies.org:taxname:145794", "eventDate": "2018-01-17", "verif": "Panayotidis Panayotis", "Shape_Leng": 835.87325528099996, "Shape_Area": 16112.3289123, "Pres_UNEP": 1 }, "geometry": { "type": "MultiPolygon", "coordinates": [ [ [ [ 26.448769821974224, 37.56376976268146 ], [ 26.448944729280615, 37.563623075958141 ], [ 26.449171947424855, 37.563701809849263 ], [ 26.449310948548085, 37.563585236181694 ], [ 26.449536335198921, 37.563396212294407 ], [ 26.449860116397467, 37.563222590858793 ], [ 26.449910162219986, 37.563297329608659 ], [ 26.449926500203077, 37.563198255305288 ], [ 26.449950238052633, 37.563178345765202 ], [ 26.450145236006129, 37.563174296906254 ], [ 26.450281838788666, 37.563249125730302 ], [ 26.450405936235715, 37.563314505472079 ], [ 26.450516892850821, 37.563351032672657 ], [ 26.450651271102931, 37.563357950362459 ], [ 26.450772191927925, 37.563326314651867 ], [ 26.450974604076684, 37.563176489154159 ], [ 26.451057690620271, 37.563106806221782 ], [ 26.451054827716924, 37.563019491712915 ], [ 26.451027589658786, 37.562932684232479 ], [ 26.450941326706726, 37.562905353587809 ], [ 26.450868521263946, 37.562916571844163 ], [ 26.450758834716407, 37.562918851532494 ], [ 26.450682532900302, 37.56282335372704 ], [ 26.450641202977348, 37.562678590553226 ], [ 26.450602414037117, 37.56261143832532 ], [ 26.450515833430288, 37.562574404271793 ], [ 26.450466447832277, 37.56255601487814 ], [ 26.450393643877408, 37.562567233997996 ], [ 26.450309605262298, 37.562607811674852 ], [ 26.450181904282417, 37.562804625139869 ], [ 26.450038517610821, 37.562894977077384 ], [ 26.44993974890102, 37.562858194699345 ], [ 26.449864082104305, 37.562782101198387 ], [ 26.449801239015393, 37.562725155851837 ], [ 26.449726528919928, 37.562678168357266 ], [ 26.449638991898496, 37.562612027458101 ], [ 26.449541177513982, 37.562604350193766 ], [ 26.449544355465388, 37.56270136621233 ], [ 26.449619702252608, 37.562767758869541 ], [ 26.449744435941223, 37.562852540968422 ], [ 26.449784811376368, 37.562968200916693 ], [ 26.449713277635535, 37.563018226888218 ], [ 26.449604227926411, 37.563039907345207 ], [ 26.449468260933202, 37.562984481128595 ], [ 26.449357622083504, 37.56295765305056 ], [ 26.449284499269474, 37.562959171371006 ], [ 26.449282275228647, 37.562891260329828 ], [ 26.449207244907896, 37.562834569330079 ], [ 26.449038532050473, 37.562896318746517 ], [ 26.448916338781807, 37.562889148461124 ], [ 26.448864731021935, 37.562802844494342 ], [ 26.448715942664251, 37.562728265800224 ], [ 26.448572874550127, 37.562828318518221 ], [ 26.448503244856933, 37.562936552020467 ], [ 26.448531431563943, 37.563052465512875 ], [ 26.448496457863701, 37.563101731019991 ], [ 26.44851182278061, 37.563198492903091 ], [ 26.448477164711694, 37.56325746193248 ], [ 26.44845247264049, 37.563248265437288 ], [ 26.448368115554388, 37.56327914153232 ], [ 26.448210950981323, 37.563321234144901 ], [ 26.44816442571571, 37.563390156665832 ], [ 26.44818010699084, 37.56349662042075 ], [ 26.448346086633482, 37.563574726263404 ], [ 26.448416114560832, 37.563627636234585 ], [ 26.448535653967728, 37.563702822950397 ], [ 26.448562671702202, 37.563762139251416 ], [ 26.448604808781539, 37.563761264822467 ], [ 26.448638641403495, 37.563879775586926 ], [ 26.448769821974224, 37.56376976268146 ] ] ] ] } },
{ "type": "Feature", "properties": { "datasetID": 583.0, "BIO_CLASS": "Posidonia beds (posidonion oceanicae) (Posidonia oceanica meadows (= association with Posidonia oceanica))", "fieldNotes": "Not reported", "habitat": "Posidonia beds", "AREA_SQKM": 0.0107834272, "vernacular": "Neptune grass", "FAMILY": "Posidoniaceae", "GENUS": "Posidonia", "scientific": "Posidonia oceanica", "habitatID": "EUNIS:A5.535", "nameAccord": "urn:lsid:marinespecies.org:taxname:145794", "eventDate": "2018-01-17", "verif": "Panayotidis Panayotis", "Shape_Leng": 586.35724124499995, "Shape_Area": 10802.146315800001, "Pres_UNEP": 1 }, "geometry": { "type": "MultiPolygon", "coordinates": [ [ [ [ 26.447491976745042, 37.564535398229182 ], [ 26.447603121831182, 37.564270822572489 ], [ 26.447715574224013, 37.564100339488562 ], [ 26.447948497753003, 37.563982414195216 ], [ 26.4480534149282, 37.563844234009665 ], [ 26.448070473930585, 37.563840843167355 ], [ 26.448049686274995, 37.563759504482725 ], [ 26.448009922270209, 37.56373702989525 ], [ 26.447969397010045, 37.563691271660637 ], [ 26.447900131034473, 37.563661642666176 ], [ 26.447792882964624, 37.56366386671764 ], [ 26.447667659441585, 37.563713065248741 ], [ 26.447620943354181, 37.563776164562135 ], [ 26.447497240750444, 37.563871929571356 ], [ 26.447181337718394, 37.564057111718533 ], [ 26.447078404918024, 37.56419127673675 ], [ 26.447061445782392, 37.564269292760073 ], [ 26.446840752130665, 37.564382601401519 ], [ 26.446687544771734, 37.564471209609728 ], [ 26.446667791305572, 37.564463852898477 ], [ 26.446567752579924, 37.564388260475972 ], [ 26.446448212387509, 37.564313074383719 ], [ 26.446301455549044, 37.564300584148555 ], [ 26.446246256589475, 37.564402693898607 ], [ 26.446218529106247, 37.564449868170414 ], [ 26.446111026431861, 37.564444330101729 ], [ 26.446014032164843, 37.564461872619688 ], [ 26.445969853596171, 37.564602586439996 ], [ 26.445969771891843, 37.564603340748505 ], [ 26.44612538841573, 37.564744354979318 ], [ 26.446184743273427, 37.564767204185635 ], [ 26.446591136402496, 37.564923640368278 ], [ 26.446756930656399, 37.564955967047965 ], [ 26.446748982275306, 37.565170716709893 ], [ 26.446953050264725, 37.564999585418107 ], [ 26.447306385877354, 37.564813437864721 ], [ 26.447491976745042, 37.564535398229182 ] ] ] ] } },
{ "type": "Feature", "properties": { "datasetID": 583.0, "BIO_CLASS": "Posidonia beds (posidonion oceanicae) (Posidonia oceanica meadows (= association with Posidonia oceanica))", "fieldNotes": "Not reported", "habitat": "Posidonia beds", "AREA_SQKM": 0.00875358009, "vernacular": "Neptune grass", "FAMILY": "Posidoniaceae", "GENUS": "Posidonia", "scientific": "Posidonia oceanica", "habitatID": "EUNIS:A5.535", "nameAccord": "urn:lsid:marinespecies.org:taxname:145794", "eventDate": "2018-01-17", "verif": "Panayotidis Panayotis", "Shape_Leng": 476.80995603500003, "Shape_Area": 8768.7718277700005, "Pres_UNEP": 1 }, "geometry": { "type": "MultiPolygon", "coordinates": [ [ [ [ 26.44361626965739, 37.566463533472415 ], [ 26.443914429289343, 37.56642159388273 ], [ 26.444062277462685, 37.566435293452685 ], [ 26.444142716758467, 37.566442746513772 ], [ 26.444229893228993, 37.566450824049461 ], [ 26.444886854992195, 37.566389529295549 ], [ 26.44462658423242, 37.56621610044462 ], [ 26.444489937700396, 37.566159325467517 ], [ 26.444469704360927, 37.566110304750978 ], [ 26.444444524336497, 37.566097189046097 ], [ 26.444397978582206, 37.566079853069255 ], [ 26.444312344264301, 37.566038926673556 ], [ 26.444264401310758, 37.565978917207268 ], [ 26.444176575559695, 37.5658709364278 ], [ 26.444151011177599, 37.565792163695235 ], [ 26.444104265349608, 37.565768731412383 ], [ 26.443886449654237, 37.565669541933488 ], [ 26.443803602182268, 37.565713958936946 ], [ 26.4436020139396, 37.56587673510176 ], [ 26.443392965085813, 37.566045767613247 ], [ 26.443287341746078, 37.566096755360483 ], [ 26.443203500932956, 37.566110691625106 ], [ 26.442787368919465, 37.566040006032708 ], [ 26.442619883785415, 37.566073974013499 ], [ 26.442544497150152, 37.566112134892016 ], [ 26.442541230700986, 37.566157565107638 ], [ 26.442784943411898, 37.566230398860746 ], [ 26.442876688688987, 37.566288106594222 ], [ 26.442939279751222, 37.566370261576374 ], [ 26.44361626965739, 37.566463533472415 ] ] ] ] } },
{ "type": "Feature", "properties": { "datasetID": 583.0, "BIO_CLASS": "Posidonia beds (posidonion oceanicae) (Posidonia oceanica meadows (= association with Posidonia oceanica))", "fieldNotes": "Not reported", "habitat": "Posidonia beds", "AREA_SQKM": 0.01633926067, "vernacular": "Neptune grass", "FAMILY": "Posidoniaceae", "GENUS": "Posidonia", "scientific": "Posidonia oceanica", "habitatID": "EUNIS:A5.535", "nameAccord": "urn:lsid:marinespecies.org:taxname:145794", "eventDate": "2018-01-17", "verif": "Panayotidis Panayotis", "Shape_Leng": 1005.35929069, "Shape_Area": 16367.59431, "Pres_UNEP": 1 }, "geometry": { "type": "MultiPolygon", "coordinates": [ [ [ [ 26.439514699378613, 37.572950174212323 ], [ 26.439918050566089, 37.57291799109128 ], [ 26.440098441811315, 37.572938103001476 ], [ 26.440098051221842, 37.572926189902965 ], [ 26.440216932654767, 37.572903029717828 ], [ 26.440440365938631, 37.572859503239854 ], [ 26.440515981330503, 37.57288178188427 ], [ 26.440781510289021, 37.572757075565335 ], [ 26.44085440341923, 37.572695960823673 ], [ 26.440887356938507, 37.572700825163842 ], [ 26.440948411841788, 37.572709839253783 ], [ 26.441089995737464, 37.572571872932059 ], [ 26.441407818856902, 37.57267258955607 ], [ 26.441479154240668, 37.572563820762468 ], [ 26.441100294008333, 37.572428605139187 ], [ 26.440855754103499, 37.572278685321912 ], [ 26.440843281133198, 37.572242939080908 ], [ 26.440756615406467, 37.571994624381325 ], [ 26.440708211300581, 37.571888333609529 ], [ 26.440373092363583, 37.571716444838437 ], [ 26.440051385864187, 37.571496592357754 ], [ 26.439928534406985, 37.571403762392862 ], [ 26.439846309574776, 37.571178956742713 ], [ 26.439293099112319, 37.570749304202465 ], [ 26.439109216352247, 37.570621970547137 ], [ 26.438924349775995, 37.57043030951553 ], [ 26.438921003563294, 37.570426841714337 ], [ 26.438912696476979, 37.570418227859001 ], [ 26.438857790473666, 37.570470871134553 ], [ 26.438836733161697, 37.57054616997172 ], [ 26.438827118941159, 37.570611875402832 ], [ 26.438940491529973, 37.570843482649913 ], [ 26.439039669537127, 37.571000520730081 ], [ 26.439471181840307, 37.571253625176368 ], [ 26.439652914013674, 37.571418312037508 ], [ 26.439775899028838, 37.57158421445115 ], [ 26.439918722929093, 37.571637408329643 ], [ 26.439944663544235, 37.571711737749567 ], [ 26.439988150829109, 37.571963505790343 ], [ 26.440053003608767, 37.572149326164535 ], [ 26.440136469232819, 37.572185031756923 ], [ 26.440291041584487, 37.572237983772538 ], [ 26.440446226061272, 37.572309637902983 ], [ 26.440507720060634, 37.572392589465139 ], [ 26.440579132026876, 37.572419185627659 ], [ 26.440616517198375, 37.572483919165421 ], [ 26.440510772390933, 37.572486107100417 ], [ 26.44032186785018, 37.572461939121325 ], [ 26.440237179525674, 37.572388825724353 ], [ 26.440106411722351, 37.572344741114101 ], [ 26.439943141636, 37.572385549565254 ], [ 26.439785672874052, 37.572604040981524 ], [ 26.439598597774342, 37.57263598291032 ], [ 26.439377495918357, 37.572706059608606 ], [ 26.439297388394259, 37.57277322408607 ], [ 26.439252830729323, 37.572849008729939 ], [ 26.439211772131191, 37.572971814239494 ], [ 26.43923851280336, 37.57297786397843 ], [ 26.439246059896522, 37.572979571402222 ], [ 26.439514699378613, 37.572950174212323 ] ] ] ] } },
{ "type": "Feature", "properties": { "datasetID": 583.0, "BIO_CLASS": "Posidonia beds (posidonion oceanicae) (Posidonia oceanica meadows (= association with Posidonia oceanica))", "fieldNotes": "Not reported", "habitat": "Posidonia beds", "AREA_SQKM": 0.00542560985, "vernacular": "Neptune grass", "FAMILY": "Posidoniaceae", "GENUS": "Posidonia", "scientific": "Posidonia oceanica", "habitatID": "EUNIS:A5.535", "nameAccord": "urn:lsid:marinespecies.org:taxname:145794", "eventDate": "2018-01-17", "verif": "Panayotidis Panayotis", "Shape_Leng": 435.48590187999997, "Shape_Area": 5435.0185812099999, "Pres_UNEP": 1 }, "geometry": { "type": "MultiPolygon", "coordinates": [ [ [ [ 26.454770224028412, 37.572741057764624 ], [ 26.454825790907304, 37.572608768395995 ], [ 26.454901018048538, 37.572619124215841 ], [ 26.45493408462411, 37.572713805265835 ], [ 26.45498094429632, 37.572772437935321 ], [ 26.455040813227111, 37.572771192479976 ], [ 26.455143630572096, 37.572709444406918 ], [ 26.455186184422537, 37.572637033142939 ], [ 26.455180314636262, 37.572458335244704 ], [ 26.455298489304688, 37.572408190297416 ], [ 26.455576120428262, 37.572652759434533 ], [ 26.45569365540597, 37.572573824131872 ], [ 26.45586920927013, 37.572455918534786 ], [ 26.45592644792066, 37.572418532856865 ], [ 26.455963536776718, 37.572376949745049 ], [ 26.455865294188872, 37.572266048829022 ], [ 26.455628335610598, 37.572252156297282 ], [ 26.45558106540917, 37.57225314117602 ], [ 26.455483441238993, 37.572161051944917 ], [ 26.455363415853299, 37.572107077089967 ], [ 26.455198598211709, 37.572129331800994 ], [ 26.455058028863441, 37.572169903483719 ], [ 26.454895679496836, 37.572267402927707 ], [ 26.454755110120278, 37.572307975521952 ], [ 26.454565421809843, 37.57229309810829 ], [ 26.454447250744106, 37.572295557214183 ], [ 26.454376967608628, 37.5723158430715 ], [ 26.454381291040637, 37.572447521884321 ], [ 26.454574068225554, 37.572556456674469 ], [ 26.454643736719206, 37.572517357374664 ], [ 26.454649297404959, 37.57268665965055 ], [ 26.454652386263859, 37.572780717121816 ], [ 26.454771173525671, 37.572797070569258 ], [ 26.45480247322606, 37.572806286939695 ], [ 26.454770224028412, 37.572741057764624 ] ] ] ] } },
{ "type": "Feature", "properties": { "datasetID": 583.0, "BIO_CLASS": "Posidonia beds (posidonion oceanicae) (Posidonia oceanica meadows (= association with Posidonia oceanica))", "fieldNotes": "Not reported", "habitat": "Posidonia beds", "AREA_SQKM": 0.01613213992, "vernacular": "Neptune grass", "FAMILY": "Posidoniaceae", "GENUS": "Posidonia", "scientific": "Posidonia oceanica", "habitatID": "EUNIS:A5.535", "nameAccord": "urn:lsid:marinespecies.org:taxname:145794", "eventDate": "2018-01-17", "verif": "Panayotidis Panayotis", "Shape_Leng": 731.59190866799997, "Shape_Area": 16160.0929185, "Pres_UNEP": 1 }, "geometry": { "type": "MultiPolygon", "coordinates": [ [ [ [ 26.402502191701352, 37.578835562413467 ], [ 26.402614891253801, 37.578758485823094 ], [ 26.402499010575166, 37.578609285550336 ], [ 26.402380451069451, 37.578544284132178 ], [ 26.402283032073228, 37.578553336470854 ], [ 26.402222936529643, 37.578578801033714 ], [ 26.402205241361955, 37.578659958528746 ], [ 26.402198471238648, 37.578765132868782 ], [ 26.40219014135802, 37.578821861987294 ], [ 26.402118085553585, 37.578791009973237 ], [ 26.402046027487991, 37.578760157963984 ], [ 26.402031213223772, 37.578615023646947 ], [ 26.401989071973439, 37.578567401693171 ], [ 26.401987514646635, 37.578518956489837 ], [ 26.402057236469236, 37.578477138017497 ], [ 26.402105368046559, 37.578395359618625 ], [ 26.401801808851523, 37.578110668057946 ], [ 26.401737563814066, 37.57800694006788 ], [ 26.401725599862846, 37.577950624578413 ], [ 26.401712860147978, 37.577870085700702 ], [ 26.401701676871262, 37.577837994530789 ], [ 26.401346332693034, 37.577837148306514 ], [ 26.401283642656384, 37.577781864587664 ], [ 26.401255570754724, 37.57754004332719 ], [ 26.401092984012962, 37.577535273383994 ], [ 26.400843242479301, 37.57766155060586 ], [ 26.400799029809864, 37.577549334117514 ], [ 26.400662212011877, 37.577398602190236 ], [ 26.400622067710671, 37.577391477313377 ], [ 26.400604630690992, 37.577420558931898 ], [ 26.40044826329304, 37.577681345884315 ], [ 26.400358967983603, 37.57768738428377 ], [ 26.400360221224204, 37.577710818857732 ], [ 26.400488325658937, 37.577895216280119 ], [ 26.400583449750687, 37.577930679992456 ], [ 26.400571387368881, 37.578140368994049 ], [ 26.400766601219974, 37.578232513117165 ], [ 26.400981025841659, 37.578311557553832 ], [ 26.401279398992681, 37.578529887664899 ], [ 26.401276009884587, 37.578716958799603 ], [ 26.401688537763668, 37.578977847272306 ], [ 26.401729949788159, 37.579096686008803 ], [ 26.401950304930594, 37.579226842044598 ], [ 26.40222581332791, 37.579318474340553 ], [ 26.402275593194069, 37.579327083282372 ], [ 26.402411796121033, 37.579119638450614 ], [ 26.402458450902856, 37.579101054074052 ], [ 26.402483696752469, 37.579090998247828 ], [ 26.402453365688949, 37.578978256253151 ], [ 26.402502191701352, 37.578835562413467 ] ] ] ] } },
{ "type": "Feature", "properties": { "datasetID": 583.0, "BIO_CLASS": "Posidonia beds (posidonion oceanicae) (Posidonia oceanica meadows (= association with Posidonia oceanica))", "fieldNotes": "Not reported", "habitat": "Posidonia beds", "AREA_SQKM": 0.03740240532, "vernacular": "Neptune grass", "FAMILY": "Posidoniaceae", "GENUS": "Posidonia", "scientific": "Posidonia oceanica", "habitatID": "EUNIS:A5.535", "nameAccord": "urn:lsid:marinespecies.org:taxname:145794", "eventDate": "2018-01-17", "verif": "Panayotidis Panayotis", "Shape_Leng": 2677.70130543, "Shape_Area": 37467.295657299997, "Pres_UNEP": 1 }, "geometry": { "type": "MultiPolygon", "coordinates": [ [ [ [ 26.453312226436026, 37.572153154371335 ], [ 26.45346082245856, 37.571965290041739 ], [ 26.453608919439624, 37.571962210864733 ], [ 26.453634813222962, 37.5719616720529 ], [ 26.453789471905825, 37.571958455964769 ], [ 26.453865789946512, 37.571926073379544 ], [ 26.453686748750915, 37.571775818289083 ], [ 26.453315396853949, 37.57166035724854 ], [ 26.453234029341591, 37.571538867778813 ], [ 26.45311096780161, 37.571325854849171 ], [ 26.453086080268932, 37.571156997148343 ], [ 26.453076990720458, 37.570880023591535 ], [ 26.453063992680008, 37.570826587010458 ], [ 26.453094303248054, 37.570818072949798 ], [ 26.453160017016209, 37.570462555818466 ], [ 26.4533112795284, 37.569766507568033 ], [ 26.453358811294805, 37.568857046935832 ], [ 26.453224385322905, 37.568718099315632 ], [ 26.453209324286554, 37.568546038400896 ], [ 26.453256124019401, 37.568557384168784 ], [ 26.453286650405847, 37.56854443082613 ], [ 26.453313945511951, 37.568432999432993 ], [ 26.453404310910397, 37.568357211176235 ], [ 26.45349952525245, 37.56842914125582 ], [ 26.45364153660276, 37.568512414476935 ], [ 26.453635074384046, 37.568315456675542 ], [ 26.45348942381073, 37.568121394464569 ], [ 26.453256771624925, 37.5679876498806 ], [ 26.452660682936258, 37.567507312026621 ], [ 26.452589563612651, 37.567108446083935 ], [ 26.452429364977522, 37.566942399022444 ], [ 26.452425327392898, 37.566819299581141 ], [ 26.45242028034853, 37.56666542693263 ], [ 26.452454397228195, 37.566526137253476 ], [ 26.452588198438892, 37.566477161493168 ], [ 26.452640132682852, 37.566291307567028 ], [ 26.452695602891506, 37.566213166207298 ], [ 26.452654416743407, 37.566137031672568 ], [ 26.452553725390999, 37.566015943057003 ], [ 26.452528338984951, 37.56583169623233 ], [ 26.452428150664698, 37.565725994370212 ], [ 26.452365112296988, 37.565573325582662 ], [ 26.452341239814061, 37.565435239682515 ], [ 26.452197346984143, 37.565176467662219 ], [ 26.452113464608381, 37.564978038999577 ], [ 26.452014290551187, 37.564903110597697 ], [ 26.451844352299869, 37.565029823179586 ], [ 26.451628186657452, 37.564926531296194 ], [ 26.451507158595952, 37.564775067015375 ], [ 26.451504635406355, 37.564698130143896 ], [ 26.451539766181309, 37.564589615685826 ], [ 26.451787023277447, 37.56446129496009 ], [ 26.451782986205089, 37.56433819617466 ], [ 26.451701627978512, 37.564216704122032 ], [ 26.45160144568851, 37.564110999587108 ], [ 26.451284596250261, 37.56388661556614 ], [ 26.451086754902441, 37.563752143379162 ], [ 26.45094639985415, 37.563601079228583 ], [ 26.450731246872298, 37.563528559997991 ], [ 26.45046113121019, 37.563549568349551 ], [ 26.450425496857978, 37.563642694948804 ], [ 26.450449366275983, 37.563780780484926 ], [ 26.450387029680005, 37.563815762946639 ], [ 26.450483384154847, 37.563825521222576 ], [ 26.450614129043, 37.563838764850196 ], [ 26.450675942148397, 37.563897088405191 ], [ 26.45068023721441, 37.564028134514516 ], [ 26.450726696198355, 37.564074854700102 ], [ 26.450742445789203, 37.564098369809685 ], [ 26.451046055573713, 37.564223198759407 ], [ 26.45113927026366, 37.564406382406766 ], [ 26.451142101448301, 37.564411945205848 ], [ 26.451041634499759, 37.564545167136949 ], [ 26.451195200796715, 37.564661189327275 ], [ 26.451153037702291, 37.564745516470005 ], [ 26.451494004992579, 37.565096071760294 ], [ 26.451768863394321, 37.565257261068261 ], [ 26.451757413713384, 37.565364790163571 ], [ 26.451820403203023, 37.565458852113323 ], [ 26.451950800065951, 37.565325006864526 ], [ 26.45199921442051, 37.565431294120394 ], [ 26.451925947847752, 37.565480501039112 ], [ 26.451928290569096, 37.565551980491762 ], [ 26.452125975200218, 37.565643243447838 ], [ 26.452320536960169, 37.565639200721478 ], [ 26.452367387575727, 37.565697833066878 ], [ 26.452451206068076, 37.565970282340039 ], [ 26.452273956076095, 37.56604549379206 ], [ 26.45213562536405, 37.566394086979642 ], [ 26.452266296640389, 37.566725169857754 ], [ 26.452446169039685, 37.567186362560712 ], [ 26.452521176067613, 37.567447998139336 ], [ 26.452518117091945, 37.567448060852072 ], [ 26.452564612756788, 37.567601146222955 ], [ 26.452546012903248, 37.56794725305997 ], [ 26.452727565985967, 37.568003085205177 ], [ 26.452593648315105, 37.568029711694308 ], [ 26.452765315110849, 37.568240727518877 ], [ 26.452838585482983, 37.568191519915679 ], [ 26.452902752080018, 37.568321319900619 ], [ 26.452966136015416, 37.568427294312983 ], [ 26.45300662252448, 37.568748327931672 ], [ 26.452943906707826, 37.569119193490224 ], [ 26.45306755067627, 37.569235836655189 ], [ 26.45308838161851, 37.569414222500569 ], [ 26.453084361184313, 37.569748104258686 ], [ 26.45297478958361, 37.570060337150821 ], [ 26.452893979416892, 37.570336206333181 ], [ 26.452785186826834, 37.570672266075086 ], [ 26.452846687861108, 37.570887623446531 ], [ 26.452852873320115, 37.570909286214096 ], [ 26.452717273134169, 37.57134127188413 ], [ 26.452730880074043, 37.571442094762418 ], [ 26.452776639729024, 37.571781126905904 ], [ 26.452637519344755, 37.572105895238487 ], [ 26.452528781711298, 37.572215447267389 ], [ 26.452537439065114, 37.57225103097641 ], [ 26.452570892315379, 37.572357627564259 ], [ 26.452741787071151, 37.572544815656883 ], [ 26.452884705880539, 37.572792192978667 ], [ 26.453082020268383, 37.572871538220134 ], [ 26.453291491091946, 37.572949527624132 ], [ 26.453300795973664, 37.572916232425946 ], [ 26.453316125403411, 37.572861374063379 ], [ 26.453303681686251, 37.572838371113633 ], [ 26.453274936091482, 37.572785241394051 ], [ 26.453155911157083, 37.572695328370258 ], [ 26.453034866496949, 37.572543866991793 ], [ 26.453049150379783, 37.572389590652001 ], [ 26.453124964590014, 37.572341821798332 ], [ 26.453238938406333, 37.572277861193818 ], [ 26.453312226436026, 37.572153154371335 ] ] ] ] } },
{ "type": "Feature", "properties": { "datasetID": 583.0, "BIO_CLASS": "Posidonia beds (posidonion oceanicae) (Posidonia oceanica meadows (= association with Posidonia oceanica))", "fieldNotes": "Not reported", "habitat": "Posidonia beds", "AREA_SQKM": 0.00696676578, "vernacular": "Neptune grass", "FAMILY": "Posidoniaceae", "GENUS": "Posidonia", "scientific": "Posidonia oceanica", "habitatID": "EUNIS:A5.535", "nameAccord": "urn:lsid:marinespecies.org:taxname:145794", "eventDate": "2018-01-17", "verif": "Panayotidis Panayotis", "Shape_Leng": 597.91622045099996, "Shape_Area": 6978.8437529900002, "Pres_UNEP": 1 }, "geometry": { "type": "MultiPolygon", "coordinates": [ [ [ [ 26.456553965321255, 37.574510606475123 ], [ 26.456667808534196, 37.574376468927781 ], [ 26.456736240529281, 37.574299747393468 ], [ 26.456992510691613, 37.574181464481377 ], [ 26.45689302633351, 37.574032944264601 ], [ 26.456912333850141, 37.573900774164223 ], [ 26.456882371373602, 37.573620600094543 ], [ 26.45682177229661, 37.573640140577517 ], [ 26.456740970931975, 37.573916012971146 ], [ 26.45677247333213, 37.57396304287591 ], [ 26.456553439087074, 37.574134500773212 ], [ 26.456257215883294, 37.574236038784314 ], [ 26.455987402727349, 37.574229735497781 ], [ 26.455773157337305, 37.574091138321045 ], [ 26.455397004090162, 37.5740393614929 ], [ 26.45501151468779, 37.574031243899661 ], [ 26.454895660382597, 37.574028805971828 ], [ 26.454827447454178, 37.574027369714358 ], [ 26.454821741525077, 37.57401884933325 ], [ 26.454822094806929, 37.574030789879899 ], [ 26.454706050935677, 37.574054662142423 ], [ 26.454634151279322, 37.574132774791536 ], [ 26.45457298795619, 37.574199220739338 ], [ 26.454561233981707, 37.57432619100112 ], [ 26.454729147964731, 37.574397994281682 ], [ 26.454890267118707, 37.57426287457168 ], [ 26.454985423920565, 37.574279717494143 ], [ 26.455199988089898, 37.574331726695306 ], [ 26.455364813979319, 37.574309470853891 ], [ 26.455529639050205, 37.574287216781599 ], [ 26.455650283280754, 37.574360003170682 ], [ 26.455748529486439, 37.574470901724055 ], [ 26.455936989730525, 37.574448155630463 ], [ 26.456197588942093, 37.574461555429444 ], [ 26.45631761858365, 37.5745155282751 ], [ 26.456553965321255, 37.574510606475123 ] ] ] ] } },
{ "type": "Feature", "properties": { "datasetID": 583.0, "BIO_CLASS": "Posidonia beds (posidonion oceanicae) (Posidonia oceanica meadows (= association with Posidonia oceanica))", "fieldNotes": "Not reported", "habitat": "Posidonia beds", "AREA_SQKM": 0.00973075837, "vernacular": "Neptune grass", "FAMILY": "Posidoniaceae", "GENUS": "Posidonia", "scientific": "Posidonia oceanica", "habitatID": "EUNIS:A5.535", "nameAccord": "urn:lsid:marinespecies.org:taxname:145794", "eventDate": "2018-01-17", "verif": "Panayotidis Panayotis", "Shape_Leng": 786.77904645900003, "Shape_Area": 9747.6257308599997, "Pres_UNEP": 1 }, "geometry": { "type": "MultiPolygon", "coordinates": [ [ [ [ 26.43763292689016, 37.574880809737429 ], [ 26.4377032960336, 37.574798780194349 ], [ 26.438079681229233, 37.574837845494329 ], [ 26.438093513686397, 37.574839280874428 ], [ 26.438287322453338, 37.574811433619253 ], [ 26.438403571464349, 37.574701738827123 ], [ 26.438342679788168, 37.574543338403736 ], [ 26.43830285987119, 37.574519306203534 ], [ 26.43822341202171, 37.574451782511531 ], [ 26.438095968514208, 37.574392933818395 ], [ 26.438008125213379, 37.57436400898947 ], [ 26.437872785277627, 37.574359119875957 ], [ 26.437848727405537, 37.574213599240196 ], [ 26.437825671131392, 37.574098799261186 ], [ 26.437823918489666, 37.574045041172489 ], [ 26.437716776538313, 37.574016512999243 ], [ 26.437544596061564, 37.574066180483804 ], [ 26.437424164749714, 37.574222370489494 ], [ 26.437351480774446, 37.574362205273601 ], [ 26.437347591011839, 37.574539044637064 ], [ 26.437494832371261, 37.57461285134135 ], [ 26.437699969675496, 37.574685465604347 ], [ 26.437913005701127, 37.57470411846522 ], [ 26.43787741378755, 37.574797076288 ], [ 26.437664880734001, 37.574793781539512 ], [ 26.437529792362973, 37.574796573684509 ], [ 26.437358359018425, 37.574869279879408 ], [ 26.43733091415093, 37.574915958452372 ], [ 26.437304219447014, 37.574985674681542 ], [ 26.437141938535056, 37.575042824058961 ], [ 26.437084292959664, 37.575051700458751 ], [ 26.43705634527214, 37.575083017396686 ], [ 26.437049950733716, 37.575183056028678 ], [ 26.437082656150469, 37.575297657006431 ], [ 26.437103325056338, 37.575635375184227 ], [ 26.437158834165718, 37.575857096930683 ], [ 26.437181005147554, 37.576240895173505 ], [ 26.437253808840019, 37.576400777393019 ], [ 26.437382257548613, 37.576490345835587 ], [ 26.437526497940574, 37.576471995784559 ], [ 26.4375681914346, 37.576413710932066 ], [ 26.437556571469631, 37.57640147698045 ], [ 26.43755089295604, 37.576227373356076 ], [ 26.437375112172624, 37.575718899641515 ], [ 26.437394100162521, 37.575385903514103 ], [ 26.437420919879798, 37.575292959548435 ], [ 26.437481199644285, 37.57508619908586 ], [ 26.43752117389452, 37.575011079604302 ], [ 26.43763292689016, 37.574880809737429 ] ] ] ] } },
{ "type": "Feature", "properties": { "datasetID": 583.0, "BIO_CLASS": "Posidonia beds (posidonion oceanicae) (Posidonia oceanica meadows (= association with Posidonia oceanica))", "fieldNotes": "Not reported", "habitat": "Posidonia beds", "AREA_SQKM": 0.00834732679, "vernacular": "Neptune grass", "FAMILY": "Posidoniaceae", "GENUS": "Posidonia", "scientific": "Posidonia oceanica", "habitatID": "EUNIS:A5.535", "nameAccord": "urn:lsid:marinespecies.org:taxname:145794", "eventDate": "2018-01-17", "verif": "Panayotidis Panayotis", "Shape_Leng": 654.87466353000002, "Shape_Area": 8361.79466813, "Pres_UNEP": 1 }, "geometry": { "type": "MultiPolygon", "coordinates": [ [ [ [ 26.400983777130246, 37.576979992698838 ], [ 26.400960892661775, 37.576899658262171 ], [ 26.400825374440878, 37.576789299825819 ], [ 26.400781422060177, 37.576685156483457 ], [ 26.400745539677327, 37.576516212072164 ], [ 26.400732282442533, 37.576419524959093 ], [ 26.400539003493463, 37.576407298073832 ], [ 26.400427928249343, 37.57642571790096 ], [ 26.400376164167906, 37.576394451983539 ], [ 26.40031347688776, 37.576339167783459 ], [ 26.400299960399725, 37.576234405472164 ], [ 26.400359536131663, 37.576192795944237 ], [ 26.400418593287299, 37.576135034980538 ], [ 26.400540591322756, 37.576140632557767 ], [ 26.400591317001524, 37.576139600843909 ], [ 26.400578319960594, 37.57605098919111 ], [ 26.400483643038854, 37.575947877949247 ], [ 26.40035019955074, 37.57590211336516 ], [ 26.400247192366471, 37.575855730470863 ], [ 26.400137445482855, 37.575599411072112 ], [ 26.400111967918701, 37.57543833437532 ], [ 26.400089865254362, 37.575382225427091 ], [ 26.399957718972988, 37.575376832799932 ], [ 26.399856009922779, 37.575370821853681 ], [ 26.39983364699696, 37.575306639444449 ], [ 26.399741564123531, 37.575284272196448 ], [ 26.39962008132559, 37.57529482336826 ], [ 26.399600828490648, 37.575327533329151 ], [ 26.399602385595614, 37.575375981286264 ], [ 26.399685877574488, 37.575447000564495 ], [ 26.399821392704244, 37.575557360903986 ], [ 26.399887190803653, 37.575709538301602 ], [ 26.399921513686799, 37.575830035712606 ], [ 26.400058584996113, 37.575988844372056 ], [ 26.400100979724829, 37.576044540099865 ], [ 26.400072879450772, 37.57611782885764 ], [ 26.400063992126768, 37.57618368276475 ], [ 26.400131934306124, 37.576269465211816 ], [ 26.400135090196343, 37.576644900989365 ], [ 26.400145776837729, 37.576977675750229 ], [ 26.400069862331733, 37.577046592415535 ], [ 26.400082924849109, 37.577062957697919 ], [ 26.40011439856163, 37.577094637114882 ], [ 26.400214814429596, 37.577060275052794 ], [ 26.400282979066567, 37.57697001117964 ], [ 26.400413828571658, 37.576935029048386 ], [ 26.400516319047313, 37.576965263332845 ], [ 26.400578229100759, 37.576996323526551 ], [ 26.400712191993797, 37.577058235464868 ], [ 26.400796725078944, 37.577161552214427 ], [ 26.400809982980029, 37.577258239689236 ], [ 26.400882297024133, 37.577297166792306 ], [ 26.401003263413568, 37.57727046662697 ], [ 26.401052172843368, 37.577212912929959 ], [ 26.401027730589714, 37.57708413354603 ], [ 26.400983777130246, 37.576979992698838 ] ] ] ] } },
{ "type": "Feature", "properties": { "datasetID": 583.0, "BIO_CLASS": "Posidonia beds (posidonion oceanicae) (Posidonia oceanica meadows (= association with Posidonia oceanica))", "fieldNotes": "Not reported", "habitat": "Posidonia beds", "AREA_SQKM": 0.01695982328, "vernacular": "Neptune grass", "FAMILY": "Posidoniaceae", "GENUS": "Posidonia", "scientific": "Posidonia oceanica", "habitatID": "EUNIS:A5.535", "nameAccord": "urn:lsid:marinespecies.org:taxname:145794", "eventDate": "2018-01-17", "verif": "Panayotidis Panayotis", "Shape_Leng": 913.04747584799998, "Shape_Area": 16989.2187118, "Pres_UNEP": 1 }, "geometry": { "type": "MultiPolygon", "coordinates": [ [ [ [ 26.40483102683131, 37.575379001330077 ], [ 26.404917064801257, 37.575317512139279 ], [ 26.405472275774898, 37.575334352500988 ], [ 26.405801231334557, 37.575447632128849 ], [ 26.406056794215406, 37.575499256511385 ], [ 26.406187115568589, 37.575603954835678 ], [ 26.406388189929185, 37.575688262779856 ], [ 26.40645963982816, 37.575734532570713 ], [ 26.406520687399315, 37.575774066212183 ], [ 26.406523083233587, 37.57560669575949 ], [ 26.406478864230188, 37.575494480433605 ], [ 26.406324610791494, 37.575432989440579 ], [ 26.406201568840604, 37.575395098829858 ], [ 26.406068904244442, 37.575373565419568 ], [ 26.405797858343874, 37.575152858256153 ], [ 26.405442265060497, 37.575143950052947 ], [ 26.404650698712558, 37.575152004977447 ], [ 26.404361951722997, 37.575327563358044 ], [ 26.404196498016759, 37.575549090431537 ], [ 26.404070050342813, 37.576036451570566 ], [ 26.404075245632548, 37.576197941262059 ], [ 26.404171990360368, 37.576680755785389 ], [ 26.404181030793392, 37.576961803364426 ], [ 26.404183938566621, 37.577052182065472 ], [ 26.404428189289657, 37.577386554555879 ], [ 26.404530679337412, 37.577416785375888 ], [ 26.404652422640908, 37.577414304123472 ], [ 26.404804082998041, 37.577395052115016 ], [ 26.404875844113516, 37.57736137987542 ], [ 26.404934851973692, 37.577126146935491 ], [ 26.404947714324898, 37.576735536588146 ], [ 26.404899728347491, 37.576589231588734 ], [ 26.404840341224226, 37.576408161071939 ], [ 26.404652208011349, 37.575930902384435 ], [ 26.404655288267946, 37.575917990959503 ], [ 26.404687073894518, 37.575590331481997 ], [ 26.40483102683131, 37.575379001330077 ] ] ] ] } },
{ "type": "Feature", "properties": { "datasetID": 583.0, "BIO_CLASS": "Posidonia beds (posidonion oceanicae) (Posidonia oceanica meadows (= association with Posidonia oceanica))", "fieldNotes": "Not reported", "habitat": "Posidonia beds", "AREA_SQKM": 0.01240827216, "vernacular": "Neptune grass", "FAMILY": "Posidoniaceae", "GENUS": "Posidonia", "scientific": "Posidonia oceanica", "habitatID": "EUNIS:A5.535", "nameAccord": "urn:lsid:marinespecies.org:taxname:145794", "eventDate": "2018-01-17", "verif": "Panayotidis Panayotis", "Shape_Leng": 629.81750038500002, "Shape_Area": 12429.775920300001, "Pres_UNEP": 1 }, "geometry": { "type": "MultiPolygon", "coordinates": [ [ [ [ 26.438405337849289, 37.577660398722614 ], [ 26.438462986525472, 37.57765152132275 ], [ 26.438530531810393, 37.57765012567183 ], [ 26.438586676004668, 37.577595170601157 ], [ 26.438716505975489, 37.577431099587393 ], [ 26.438808992888458, 37.57730622611075 ], [ 26.438894084615491, 37.577250671359998 ], [ 26.439067023472933, 37.577224040983239 ], [ 26.439106623664891, 37.577253962615991 ], [ 26.439168282249639, 37.577367965014474 ], [ 26.439170035914863, 37.57742172488701 ], [ 26.439093341265391, 37.577438680259775 ], [ 26.438948346454627, 37.577433990701344 ], [ 26.43887089990179, 37.577427909026902 ], [ 26.438774654871295, 37.577437581406961 ], [ 26.438756859783854, 37.577484060953395 ], [ 26.438768013797262, 37.577529941617826 ], [ 26.438835559771931, 37.577528544201108 ], [ 26.439057249215097, 37.577516277497644 ], [ 26.439269788553077, 37.577519567874688 ], [ 26.439432077878561, 37.577462418667025 ], [ 26.439530953667042, 37.577237504568764 ], [ 26.439528195451572, 37.577153025485003 ], [ 26.439497741407184, 37.577107545052115 ], [ 26.439507475535599, 37.577046716049402 ], [ 26.439483812529094, 37.577051757160447 ], [ 26.439289608256491, 37.577067694032834 ], [ 26.439214766698765, 37.577069240727546 ], [ 26.439046612640098, 37.576965424950153 ], [ 26.438775625283519, 37.576923340926243 ], [ 26.438339983204376, 37.576884659459751 ], [ 26.438234425596331, 37.576862998689698 ], [ 26.437855159550711, 37.576715857976602 ], [ 26.437788454867732, 37.576645625281216 ], [ 26.437686902047705, 37.576653124658591 ], [ 26.43757185889984, 37.576678556294738 ], [ 26.437495415223669, 37.576703192063604 ], [ 26.437429121429908, 37.57674298647742 ], [ 26.437433880416261, 37.576888906462727 ], [ 26.437456685896308, 37.576996026701899 ], [ 26.43768714009471, 37.577252559019108 ], [ 26.437679496710878, 37.577314196324437 ], [ 26.437598161006953, 37.577484950460153 ], [ 26.437609312269384, 37.577530831124811 ], [ 26.437776862664556, 37.577634960777871 ], [ 26.437874109764564, 37.577656007722517 ], [ 26.438084395973963, 37.577590179826139 ], [ 26.43828854108682, 37.577632072310408 ], [ 26.438405337849289, 37.577660398722614 ] ] ] ] } },
{ "type": "Feature", "properties": { "datasetID": 583.0, "BIO_CLASS": "Posidonia beds (posidonion oceanicae) (Posidonia oceanica meadows (= association with Posidonia oceanica))", "fieldNotes": "Not reported", "habitat": "Posidonia beds", "AREA_SQKM": 0.00236550258, "vernacular": "Neptune grass", "FAMILY": "Posidoniaceae", "GENUS": "Posidonia", "scientific": "Posidonia oceanica", "habitatID": "EUNIS:A5.535", "nameAccord": "urn:lsid:marinespecies.org:taxname:145794", "eventDate": "2018-01-17", "verif": "Panayotidis Panayotis", "Shape_Leng": 256.57741000700003, "Shape_Area": 2369.6018853099999, "Pres_UNEP": 1 }, "geometry": { "type": "MultiPolygon", "coordinates": [ [ [ [ 26.460700126071806, 37.577568630259854 ], [ 26.460747486537308, 37.577528906346224 ], [ 26.460825816847365, 37.577542765681365 ], [ 26.460867825553382, 37.577340462766259 ], [ 26.460977979594606, 37.577212274241433 ], [ 26.460987270942141, 37.577124925258424 ], [ 26.461082313552684, 37.577055154394799 ], [ 26.46099414900095, 37.576996930320156 ], [ 26.460749950145043, 37.577053983995143 ], [ 26.460696335782494, 37.577038199055195 ], [ 26.460608079419572, 37.577099200302925 ], [ 26.460579024927995, 37.577184323305019 ], [ 26.460505713737273, 37.577215432999111 ], [ 26.460529581197871, 37.577295226087472 ], [ 26.460574252457445, 37.577361908941519 ], [ 26.460529697469358, 37.577460031029709 ], [ 26.460477471401163, 37.577486475940312 ], [ 26.460478862020111, 37.577528704948833 ], [ 26.460517531788348, 37.577574383342593 ], [ 26.460493782885958, 37.57765939524986 ], [ 26.460554790936769, 37.577738412958531 ], [ 26.460635646986592, 37.577795874942218 ], [ 26.460629444042386, 37.577787024919409 ], [ 26.460716478929907, 37.577769715304001 ], [ 26.460790985641065, 37.577667447625736 ], [ 26.460700126071806, 37.577568630259854 ] ] ] ] } },
{ "type": "Feature", "properties": { "datasetID": 583.0, "BIO_CLASS": "Posidonia beds (posidonion oceanicae) (Posidonia oceanica meadows (= association with Posidonia oceanica))", "fieldNotes": "Not reported", "habitat": "Posidonia beds", "AREA_SQKM": 0.00482535287, "vernacular": "Neptune grass", "FAMILY": "Posidoniaceae", "GENUS": "Posidonia", "scientific": "Posidonia oceanica", "habitatID": "EUNIS:A5.535", "nameAccord": "urn:lsid:marinespecies.org:taxname:145794", "eventDate": "2018-01-17", "verif": "Panayotidis Panayotis", "Shape_Leng": 277.2478402, "Shape_Area": 4833.7144021300001, "Pres_UNEP": 1 }, "geometry": { "type": "MultiPolygon", "coordinates": [ [ [ [ 26.460196523568765, 37.578228850801125 ], [ 26.460233001582242, 37.578223226665081 ], [ 26.460349025760401, 37.57822080723539 ], [ 26.460468597841132, 37.578140498795797 ], [ 26.460468117898483, 37.578125919508565 ], [ 26.460453184986207, 37.578043552076693 ], [ 26.460382812295105, 37.57794775107714 ], [ 26.460356306799831, 37.577885079202112 ], [ 26.460308759724601, 37.577740166356357 ], [ 26.460250921050395, 37.577653832962788 ], [ 26.460200150854245, 37.577596530018404 ], [ 26.460083645129213, 37.577584370193058 ], [ 26.459943835432387, 37.577606738583924 ], [ 26.4598398647083, 37.577604042681806 ], [ 26.45970488171583, 37.57758740440805 ], [ 26.459589017531641, 37.577594681223651 ], [ 26.459553017512217, 37.577614886357111 ], [ 26.45955445857825, 37.57765862675928 ], [ 26.459588029054554, 37.577750332530087 ], [ 26.459615814054828, 37.577851884758388 ], [ 26.459630106034211, 37.577914811020385 ], [ 26.45967621090362, 37.578015981736485 ], [ 26.459664478013792, 37.578030817179879 ], [ 26.459659490373642, 37.578064964762021 ], [ 26.459678289890991, 37.578079162448226 ], [ 26.459697889679184, 37.57811766129965 ], [ 26.459704796316025, 37.578141834384581 ], [ 26.459719408745777, 37.578214481739337 ], [ 26.459740288782118, 37.578291861099096 ], [ 26.459778847158614, 37.578349417759064 ], [ 26.459815966487863, 37.5783632338686 ], [ 26.459996765871278, 37.578286513442173 ], [ 26.460136096891102, 37.578249563028365 ], [ 26.460196523568765, 37.578228850801125 ] ] ] ] } },
{ "type": "Feature", "properties": { "datasetID": 583.0, "BIO_CLASS": "Posidonia beds (posidonion oceanicae) (Posidonia oceanica meadows (= association with Posidonia oceanica))", "fieldNotes": "Not reported", "habitat": "Posidonia beds", "AREA_SQKM": 0.00848640031, "vernacular": "Neptune grass", "FAMILY": "Posidoniaceae", "GENUS": "Posidonia", "scientific": "Posidonia oceanica", "habitatID": "EUNIS:A5.535", "nameAccord": "urn:lsid:marinespecies.org:taxname:145794", "eventDate": "2018-01-17", "verif": "Panayotidis Panayotis", "Shape_Leng": 478.015561811, "Shape_Area": 8501.1034381699992, "Pres_UNEP": 1 }, "geometry": { "type": "MultiPolygon", "coordinates": [ [ [ [ 26.404668349630988, 37.579575401859195 ], [ 26.404606461463992, 37.579404621190648 ], [ 26.404631864775439, 37.579217469907576 ], [ 26.404627683463897, 37.579194138505244 ], [ 26.404567024961594, 37.57917743119831 ], [ 26.404444240974208, 37.579147614391729 ], [ 26.404442421268786, 37.579091094529247 ], [ 26.404450747677711, 37.579034365333719 ], [ 26.404396123883984, 37.57891428290737 ], [ 26.404323806288001, 37.578875356370268 ], [ 26.40418176953419, 37.578878251922191 ], [ 26.40403244523543, 37.578970171139424 ], [ 26.40375254481615, 37.578790040960691 ], [ 26.403566547787246, 37.578688793000339 ], [ 26.403445842670049, 37.578723571392096 ], [ 26.403336061200804, 37.578782364837217 ], [ 26.403310817346419, 37.578944475094701 ], [ 26.403242396614928, 37.579026666234839 ], [ 26.403192964960635, 37.579068071424771 ], [ 26.403158213669741, 37.579109462490038 ], [ 26.403170743326296, 37.57926499750225 ], [ 26.403267319614056, 37.579307236606013 ], [ 26.403279105002898, 37.579426981837749 ], [ 26.403215604553772, 37.579460988327256 ], [ 26.403234615351217, 37.579465374951035 ], [ 26.403373314036489, 37.579349190402866 ], [ 26.403485718599981, 37.579416040013662 ], [ 26.403565087567099, 37.579463240822086 ], [ 26.403999309627665, 37.579521714719966 ], [ 26.404142844639729, 37.579601070603324 ], [ 26.404290963494624, 37.579530732652991 ], [ 26.404269050331315, 37.579433938070714 ], [ 26.404467496776114, 37.579467293545932 ], [ 26.404551296500362, 37.579734870716997 ], [ 26.404652932399443, 37.579680437118164 ], [ 26.404668349630988, 37.579575401859195 ] ] ] ] } },
{ "type": "Feature", "properties": { "datasetID": 583.0, "BIO_CLASS": "Posidonia beds (posidonion oceanicae) (Posidonia oceanica meadows (= association with Posidonia oceanica))", "fieldNotes": "Not reported", "habitat": "Posidonia beds", "AREA_SQKM": 0.02544975695, "vernacular": "Neptune grass", "FAMILY": "Posidoniaceae", "GENUS": "Posidonia", "scientific": "Posidonia oceanica", "habitatID": "EUNIS:A5.535", "nameAccord": "urn:lsid:marinespecies.org:taxname:145794", "eventDate": "2018-01-17", "verif": "Panayotidis Panayotis", "Shape_Leng": 1868.7371331700001, "Shape_Area": 25493.8654561, "Pres_UNEP": 1 }, "geometry": { "type": "MultiPolygon", "coordinates": [ [ [ [ 26.459242072465027, 37.577977139291811 ], [ 26.459340956287686, 37.577946164626859 ], [ 26.459414749915059, 37.577980767989942 ], [ 26.459477805347213, 37.577964997109348 ], [ 26.459476378093949, 37.577921656785655 ], [ 26.459429811556401, 37.577886486338585 ], [ 26.459419308672651, 37.577843336830071 ], [ 26.459380628482414, 37.577771860898743 ], [ 26.459298472072607, 37.577759117185586 ], [ 26.459279131364788, 37.577723378790189 ], [ 26.459267202672759, 37.57763688905569 ], [ 26.459310204660103, 37.577563711035346 ], [ 26.459370882635287, 37.5774757064722 ], [ 26.459469527037811, 37.577437510724906 ], [ 26.45940219550414, 37.577323261839609 ], [ 26.459258644932955, 37.577376852102333 ], [ 26.459185564876666, 37.5773639193836 ], [ 26.459145459480794, 37.577249103448295 ], [ 26.459204236656301, 37.577103313929427 ], [ 26.459156004655078, 37.577017581471011 ], [ 26.459073846359004, 37.577004836922995 ], [ 26.458993117153877, 37.57703543249638 ], [ 26.458963990448712, 37.576978213646036 ], [ 26.45896042450449, 37.576869864718589 ], [ 26.458947546717283, 37.576754481978178 ], [ 26.458925829019417, 37.576646511233413 ], [ 26.458832696815286, 37.576576170797715 ], [ 26.458706587866086, 37.576607711456028 ], [ 26.458591454340713, 37.576696848932492 ], [ 26.458510726107072, 37.576727443575031 ], [ 26.458498085960461, 37.576619283814765 ], [ 26.458559715075712, 37.576560175666152 ], [ 26.458613928635188, 37.576551815940149 ], [ 26.458694897296333, 37.576528444218631 ], [ 26.458674846081784, 37.576471037367789 ], [ 26.458536572666326, 37.576408865034004 ], [ 26.458408324921983, 37.576375396125037 ], [ 26.458334481671397, 37.576376934864463 ], [ 26.458264445702486, 37.576280811375739 ], [ 26.458184738928498, 37.576273438326908 ], [ 26.45809516994079, 37.576311446586793 ], [ 26.458092199329858, 37.576221153904996 ], [ 26.458066540673567, 37.57613133648865 ], [ 26.457962659351008, 37.576079288832943 ], [ 26.457747704287467, 37.576101836367393 ], [ 26.45759815065313, 37.576041706376337 ], [ 26.457503831880324, 37.575935247372755 ], [ 26.457477578140544, 37.575827370705298 ], [ 26.457336398515295, 37.575676711635047 ], [ 26.457015786397914, 37.575593036148859 ], [ 26.456776366433822, 37.575561881660398 ], [ 26.456728286630806, 37.57555119356082 ], [ 26.45662770288369, 37.575528835118398 ], [ 26.456579949105006, 37.57545754816686 ], [ 26.456429801009527, 37.57537935638139 ], [ 26.456415786001259, 37.57529833095893 ], [ 26.456277278785361, 37.57522893084591 ], [ 26.456163834944991, 37.575231293707098 ], [ 26.456106224025515, 37.575205387034558 ], [ 26.456081753305764, 37.57515168517795 ], [ 26.456056691780464, 37.575079924023449 ], [ 26.455943249031609, 37.575082285999571 ], [ 26.455831583907354, 37.575138823269448 ], [ 26.455688558739645, 37.575277327547283 ], [ 26.455620788204389, 37.575287773604465 ], [ 26.455473903877802, 37.575308901565052 ], [ 26.455407320249783, 37.575355464527462 ], [ 26.455420445251011, 37.575409402283888 ], [ 26.455422520243694, 37.575472606014849 ], [ 26.45538730164661, 37.575437198390695 ], [ 26.455250280057495, 37.57541294260399 ], [ 26.455241308167334, 37.575485411413275 ], [ 26.455323682867277, 37.57557405019611 ], [ 26.455324276936004, 37.575592108670271 ], [ 26.455266368350365, 37.57555717271449 ], [ 26.455196818771775, 37.575513442492237 ], [ 26.45509561006811, 37.575542654565922 ], [ 26.455074996537153, 37.575606331795797 ], [ 26.455110511778138, 37.575650769573443 ], [ 26.455179468345328, 37.575676440459162 ], [ 26.455157966293623, 37.575713028234539 ], [ 26.455159449334801, 37.575758172688019 ], [ 26.455172573668822, 37.575812112320548 ], [ 26.455118224391818, 37.57588552553996 ], [ 26.455111384841409, 37.575898691357636 ], [ 26.455153879608261, 37.575889498693023 ], [ 26.455318077003664, 37.57585398146319 ], [ 26.455366929167017, 37.575843413478694 ], [ 26.455720529059914, 37.575664386748763 ], [ 26.455852287344062, 37.575653343551132 ], [ 26.455893570045337, 37.575649883608442 ], [ 26.456061096204902, 37.575635841559276 ], [ 26.456046939899977, 37.575672841835029 ], [ 26.456051199120701, 37.575672753503575 ], [ 26.456142247169318, 37.575403413418826 ], [ 26.456196699045726, 37.575402279244457 ], [ 26.456200735381366, 37.575525074851505 ], [ 26.456214913722341, 37.575683781685711 ], [ 26.45622319811315, 37.575646126871931 ], [ 26.456308428555506, 37.575672757919975 ], [ 26.456537978256488, 37.575744481306259 ], [ 26.456722294929552, 37.575883698842297 ], [ 26.456868809222982, 37.575966480535627 ], [ 26.456839465274967, 37.57616737050926 ], [ 26.456955761504307, 37.576060041371548 ], [ 26.45701563644975, 37.576058795012273 ], [ 26.457162151269632, 37.576141576778681 ], [ 26.45733355509195, 37.57625245159516 ], [ 26.457519755217632, 37.5764488510695 ], [ 26.457572353720913, 37.576590811804309 ], [ 26.457817856841501, 37.576586341328628 ], [ 26.457912030478333, 37.576717253605125 ], [ 26.457982937138027, 37.57668716510598 ], [ 26.458013624166956, 37.576705342046189 ], [ 26.458154031285577, 37.576788507443098 ], [ 26.458265876705653, 37.576910159125482 ], [ 26.458384057246462, 37.576860012169497 ], [ 26.458506625260419, 37.576943290696235 ], [ 26.458566499276305, 37.576942043448106 ], [ 26.45862825221166, 37.576997979706718 ], [ 26.45871520982055, 37.577091536612549 ], [ 26.458792387507998, 37.5772520590425 ], [ 26.458979711369992, 37.577325698041705 ], [ 26.458913936618721, 37.577521240872557 ], [ 26.458909367778535, 37.577929990953393 ], [ 26.459033021157289, 37.578010006926988 ], [ 26.459101310744497, 37.578097813862193 ], [ 26.45912060669438, 37.578122625589046 ], [ 26.459235776952251, 37.578570708826057 ], [ 26.45925356083842, 37.578639893693072 ], [ 26.459271775770468, 37.578710771040818 ], [ 26.459269958943377, 37.578717802332335 ], [ 26.459266394132616, 37.578731577834446 ], [ 26.459197358903388, 37.578998432333016 ], [ 26.458978921898836, 37.579342587460715 ], [ 26.458993100331345, 37.57934602450117 ], [ 26.458871171617631, 37.579462966945854 ], [ 26.458845606438029, 37.57963802034245 ], [ 26.458920785083532, 37.57965624083635 ], [ 26.459015930251464, 37.579525651685991 ], [ 26.459099954215901, 37.579434866408732 ], [ 26.459259809558397, 37.579382069704593 ], [ 26.459270279386054, 37.579322495217383 ], [ 26.459373616276874, 37.579063130917895 ], [ 26.459567152874914, 37.578900812980997 ], [ 26.459600191086476, 37.578771519287365 ], [ 26.45959888786734, 37.578731974448509 ], [ 26.459557393070824, 37.578604233754888 ], [ 26.459468815436686, 37.578556617103722 ], [ 26.459449306752823, 37.578534597520118 ], [ 26.459468644108927, 37.578514531858666 ], [ 26.459403015757491, 37.578176174551061 ], [ 26.459382488616896, 37.578104320436481 ], [ 26.459272863992691, 37.57808491996262 ], [ 26.459208382827821, 37.578057352266057 ], [ 26.459242072465027, 37.577977139291811 ] ] ] ] } },
{ "type": "Feature", "properties": { "datasetID": 583.0, "BIO_CLASS": "Posidonia beds (posidonion oceanicae) (Posidonia oceanica meadows (= association with Posidonia oceanica))", "fieldNotes": "Not reported", "habitat": "Posidonia beds", "AREA_SQKM": 0.00568671508, "vernacular": "Neptune grass", "FAMILY": "Posidoniaceae", "GENUS": "Posidonia", "scientific": "Posidonia oceanica", "habitatID": "EUNIS:A5.535", "nameAccord": "urn:lsid:marinespecies.org:taxname:145794", "eventDate": "2018-01-17", "verif": "Panayotidis Panayotis", "Shape_Leng": 600.14931901299997, "Shape_Area": 5696.5659271100003, "Pres_UNEP": 1 }, "geometry": { "type": "MultiPolygon", "coordinates": [ [ [ [ 26.460726903564964, 37.579587048546706 ], [ 26.460749238166986, 37.579117529012969 ], [ 26.460899245917982, 37.578817144083338 ], [ 26.460848683822977, 37.578273031234573 ], [ 26.46084699264193, 37.5782732591327 ], [ 26.460848344749081, 37.578269384864413 ], [ 26.460846054269108, 37.578244727701275 ], [ 26.460856516944059, 37.578245966124307 ], [ 26.460944118565841, 37.577994888819703 ], [ 26.46071693026709, 37.577956814871477 ], [ 26.460671149544542, 37.578076480671996 ], [ 26.460686174594397, 37.578155310398543 ], [ 26.460688779870416, 37.578234398087588 ], [ 26.460643000608464, 37.578354064938914 ], [ 26.460718830848638, 37.578392055047502 ], [ 26.460723062788922, 37.578520571165782 ], [ 26.460636439815239, 37.578532270835161 ], [ 26.460550136930117, 37.578553856704858 ], [ 26.460538694663391, 37.578583773238265 ], [ 26.460554693575016, 37.578692259134471 ], [ 26.460607636191707, 37.578790082432349 ], [ 26.460472301496971, 37.578832476017681 ], [ 26.460263739457332, 37.578915968255124 ], [ 26.460181994822911, 37.57907595509726 ], [ 26.460148311641841, 37.579185477408998 ], [ 26.460175430601716, 37.579254160758758 ], [ 26.460269468329376, 37.579240326037144 ], [ 26.460410465552354, 37.579219581906536 ], [ 26.460497417403804, 37.579217769312613 ], [ 26.460547754549779, 37.579236503866234 ], [ 26.460551009549597, 37.579335362696369 ], [ 26.460452939238618, 37.579376979066872 ], [ 26.460367614361143, 37.579428221989907 ], [ 26.460358121545045, 37.579517454366986 ], [ 26.460373147216909, 37.579596283782905 ], [ 26.460498341697598, 37.579623350843988 ], [ 26.460610788385647, 37.57964079135418 ], [ 26.460699692283779, 37.57969829363897 ], [ 26.460703273541377, 37.579807038077973 ], [ 26.460704574952786, 37.579846582247882 ], [ 26.460644420047952, 37.579907193042644 ], [ 26.460658468425979, 37.579956364685273 ], [ 26.460746072197335, 37.57997432197498 ], [ 26.460793804933338, 37.57991396997641 ], [ 26.460796032572404, 37.579906551742475 ], [ 26.460726903564964, 37.579587048546706 ] ] ] ] } },
{ "type": "Feature", "properties": { "datasetID": 583.0, "BIO_CLASS": "Posidonia beds (posidonion oceanicae) (Posidonia oceanica meadows (= association with Posidonia oceanica))", "fieldNotes": "Not reported", "habitat": "Posidonia beds", "AREA_SQKM": 0.00719826951, "vernacular": "Neptune grass", "FAMILY": "Posidoniaceae", "GENUS": "Posidonia", "scientific": "Posidonia oceanica", "habitatID": "EUNIS:A5.535", "nameAccord": "urn:lsid:marinespecies.org:taxname:145794", "eventDate": "2018-01-17", "verif": "Panayotidis Panayotis", "Shape_Leng": 548.86413508099997, "Shape_Area": 7210.7407147000004, "Pres_UNEP": 1 }, "geometry": { "type": "MultiPolygon", "coordinates": [ [ [ [ 26.45860576920348, 37.581037893041135 ], [ 26.458562322983294, 37.580850838267438 ], [ 26.458469189109628, 37.580664817174181 ], [ 26.458529021806754, 37.580594320729425 ], [ 26.458587229050714, 37.580474394592329 ], [ 26.458521865100273, 37.580376829280979 ], [ 26.458517962983574, 37.580258198244472 ], [ 26.458539879093212, 37.580168707600436 ], [ 26.458512757899708, 37.58010002305064 ], [ 26.458385938869835, 37.5800235245528 ], [ 26.458371242307805, 37.579954581236485 ], [ 26.458469639834291, 37.579922852779305 ], [ 26.458519652796774, 37.579931702897412 ], [ 26.458617724655877, 37.579890089060505 ], [ 26.458631447331737, 37.579929373546911 ], [ 26.45864614518101, 37.579998316854422 ], [ 26.458721327334118, 37.580016536498078 ], [ 26.45885699196133, 37.579984029813929 ], [ 26.458966834172784, 37.579922384612196 ], [ 26.459038438376137, 37.579831857969943 ], [ 26.458938413239579, 37.579814155976386 ], [ 26.458814847387913, 37.579836517552046 ], [ 26.458788375606645, 37.579787605639005 ], [ 26.458663507677613, 37.579770422165758 ], [ 26.458625919198095, 37.579761313238322 ], [ 26.458599124049211, 37.579702515086481 ], [ 26.458598930557176, 37.579696657708894 ], [ 26.45859723835353, 37.579697608174634 ], [ 26.458472155443186, 37.579538085463682 ], [ 26.458280240314782, 37.57953254697388 ], [ 26.458257230802893, 37.579561636856326 ], [ 26.458322437525766, 37.579722409501798 ], [ 26.45832463171206, 37.579789121438552 ], [ 26.458042495235325, 37.580319537916921 ], [ 26.45799616268372, 37.580368188493892 ], [ 26.457963057134176, 37.580454711219559 ], [ 26.458057904073819, 37.581078155611145 ], [ 26.458183096943081, 37.581036809185221 ], [ 26.45824715931473, 37.581094830394562 ], [ 26.458360906370093, 37.58115181723096 ], [ 26.458522717698845, 37.581158337155614 ], [ 26.45860576920348, 37.581037893041135 ] ] ] ] } },
{ "type": "Feature", "properties": { "datasetID": 583.0, "BIO_CLASS": "Posidonia beds (posidonion oceanicae) (Posidonia oceanica meadows (= association with Posidonia oceanica))", "fieldNotes": "Not reported", "habitat": "Posidonia beds", "AREA_SQKM": 0.00324521008, "vernacular": "Neptune grass", "FAMILY": "Posidoniaceae", "GENUS": "Posidonia", "scientific": "Posidonia oceanica", "habitatID": "EUNIS:A5.535", "nameAccord": "urn:lsid:marinespecies.org:taxname:145794", "eventDate": "2018-01-17", "verif": "Panayotidis Panayotis", "Shape_Leng": 542.76545819099999, "Shape_Area": 3250.8320480399998, "Pres_UNEP": 1 }, "geometry": { "type": "MultiPolygon", "coordinates": [ [ [ [ 26.454451091695482, 37.580760243187719 ], [ 26.454450358675064, 37.580737976908431 ], [ 26.454484224442293, 37.580746184876801 ], [ 26.45452514756483, 37.580798807926492 ], [ 26.454515857927486, 37.580856930650071 ], [ 26.454528074764756, 37.580887871319341 ], [ 26.454534548175275, 37.580914473037737 ], [ 26.454563254567656, 37.580936155450424 ], [ 26.454578872154379, 37.580900182398011 ], [ 26.454594196775133, 37.580855300892104 ], [ 26.454599498175774, 37.580846278481914 ], [ 26.454608494814057, 37.580779247304832 ], [ 26.454601436679887, 37.580734833994931 ], [ 26.454567278345845, 37.580717719339852 ], [ 26.45451073917458, 37.580701071088129 ], [ 26.454487772063118, 37.58068372411833 ], [ 26.454520028673432, 37.580642947526847 ], [ 26.454490443606851, 37.580594545100055 ], [ 26.4544629044582, 37.580608485916478 ], [ 26.454413568602391, 37.580640707385179 ], [ 26.454385005058953, 37.580623475254427 ], [ 26.454372645645201, 37.580588084377453 ], [ 26.454466744693214, 37.58055493188084 ], [ 26.454504010383772, 37.580496227127291 ], [ 26.454525806108542, 37.580477947372593 ], [ 26.454570864121166, 37.580485923012887 ], [ 26.454660389294524, 37.580484060940606 ], [ 26.454682040545183, 37.580461328290951 ], [ 26.454734922208566, 37.580366648842769 ], [ 26.454773212760323, 37.58033911439577 ], [ 26.454840212394164, 37.580333264949338 ], [ 26.454849794023648, 37.580284046396486 ], [ 26.454781916010866, 37.580263177606625 ], [ 26.454704458829166, 37.580291528244764 ], [ 26.454660866663609, 37.580328084188082 ], [ 26.454609922618321, 37.580311319368818 ], [ 26.454575325179778, 37.580280845190444 ], [ 26.454574008505706, 37.580240766516361 ], [ 26.454584321309714, 37.580213815971113 ], [ 26.45458860185855, 37.580173620710404 ], [ 26.454520725320283, 37.580152752815501 ], [ 26.454459029300782, 37.580149578994757 ], [ 26.45443518407933, 37.5801055138596 ], [ 26.454417080516141, 37.580065785021304 ], [ 26.454381899796438, 37.580017499335405 ], [ 26.454374256658451, 37.579955271123204 ], [ 26.454334943006558, 37.579951632672113 ], [ 26.454291414035534, 37.579965266043267 ], [ 26.454296046217536, 37.579986704552091 ], [ 26.454371125581208, 37.580334198635114 ], [ 26.454377285270219, 37.580362706517064 ], [ 26.454386915484534, 37.580407283160703 ], [ 26.454249958284535, 37.580752662388264 ], [ 26.454232128554306, 37.580816460541307 ], [ 26.454177887212104, 37.580837756924893 ], [ 26.454353561955259, 37.581075405780986 ], [ 26.45427076002612, 37.581248959807262 ], [ 26.454129872367869, 37.581337723950213 ], [ 26.45411645285585, 37.581342807570621 ], [ 26.454143660561787, 37.581345837426092 ], [ 26.454109333866928, 37.58142109887455 ], [ 26.454120368425986, 37.581431093868439 ], [ 26.454172189226654, 37.581474577176778 ], [ 26.45421135703695, 37.581473764503592 ], [ 26.454244198499929, 37.581450799421994 ], [ 26.45427660289813, 37.581414474706889 ], [ 26.454292804136792, 37.581396313235146 ], [ 26.454342872504132, 37.581386359759989 ], [ 26.454363937884679, 37.581345815342416 ], [ 26.454385294895673, 37.581314178530029 ], [ 26.454406653816203, 37.581282539956035 ], [ 26.454467618486401, 37.581263447456607 ], [ 26.454505764931323, 37.581231460854994 ], [ 26.454521527528556, 37.581199938011608 ], [ 26.454503717580575, 37.581169117427791 ], [ 26.45448532073916, 37.581120480787803 ], [ 26.454484297766292, 37.581089309530853 ], [ 26.454499329043951, 37.581035523047362 ], [ 26.45453747276396, 37.581003534715862 ], [ 26.454541604440998, 37.580958888154491 ], [ 26.454484626750862, 37.580928879395714 ], [ 26.454467255656617, 37.580911415805403 ], [ 26.454466816522864, 37.580898057087346 ], [ 26.454471239473623, 37.580862316359664 ], [ 26.454459610090336, 37.580849189079359 ], [ 26.454425598879702, 37.580836529085516 ], [ 26.454419126469801, 37.580809926494233 ], [ 26.454435034736807, 37.580782856621092 ], [ 26.454451091695482, 37.580760243187719 ] ] ] ] } },
{ "type": "Feature", "properties": { "datasetID": 583.0, "BIO_CLASS": "Posidonia beds (posidonion oceanicae) (Posidonia oceanica meadows (= association with Posidonia oceanica))", "fieldNotes": "Not reported", "habitat": "Posidonia beds", "AREA_SQKM": 0.00582471027, "vernacular": "Neptune grass", "FAMILY": "Posidoniaceae", "GENUS": "Posidonia", "scientific": "Posidonia oceanica", "habitatID": "EUNIS:A5.535", "nameAccord": "urn:lsid:marinespecies.org:taxname:145794", "eventDate": "2018-01-17", "verif": "Panayotidis Panayotis", "Shape_Leng": 549.699631189, "Shape_Area": 5834.7947115099996, "Pres_UNEP": 1 }, "geometry": { "type": "MultiPolygon", "coordinates": [ [ [ [ 26.455516275131501, 37.580860637133988 ], [ 26.455243311027132, 37.580253111121124 ], [ 26.455231835792294, 37.580227573909902 ], [ 26.455193404890046, 37.580152076180759 ], [ 26.45508468876282, 37.580125728081669 ], [ 26.455057613499868, 37.580064253319478 ], [ 26.45500833685373, 37.579952372021808 ], [ 26.455000705877136, 37.579935045434183 ], [ 26.455000942949514, 37.579942232235801 ], [ 26.45498459507127, 37.579955940689608 ], [ 26.45497973066551, 37.579978322597832 ], [ 26.454986936182006, 37.580027192157885 ], [ 26.454988838593135, 37.580085081455131 ], [ 26.45493979628084, 37.580126207732356 ], [ 26.454923740938696, 37.580148822860089 ], [ 26.454936981671988, 37.580210934532857 ], [ 26.454971723423686, 37.580245860708359 ], [ 26.45502796886527, 37.58025360313885 ], [ 26.455062566405434, 37.580284077313038 ], [ 26.455041502087244, 37.580324620630236 ], [ 26.455030894914255, 37.580342666286896 ], [ 26.455060482352767, 37.580391068652233 ], [ 26.455074305763628, 37.580470991985173 ], [ 26.455025555434421, 37.580521022370348 ], [ 26.454980940770142, 37.580526408954142 ], [ 26.454913942195802, 37.580532258406286 ], [ 26.454807773633011, 37.580538924944562 ], [ 26.454723841424663, 37.580540672183652 ], [ 26.454668327527894, 37.580555195114897 ], [ 26.454618552988123, 37.580574054345355 ], [ 26.454620161186678, 37.580623039769307 ], [ 26.454710858447996, 37.580656801779497 ], [ 26.454772409896968, 37.580655520941171 ], [ 26.454796106460226, 37.580695133297191 ], [ 26.454852354629768, 37.580702876628543 ], [ 26.45494703743385, 37.580687536599861 ], [ 26.455053500059055, 37.580689777625409 ], [ 26.45510945198706, 37.58068861338738 ], [ 26.45512653070714, 37.580697171155137 ], [ 26.455099577780896, 37.580728924469625 ], [ 26.455055400884461, 37.580747668882744 ], [ 26.455034626918284, 37.580797118985039 ], [ 26.455030201816097, 37.580832859700962 ], [ 26.455026070872801, 37.580877508883972 ], [ 26.455043588626992, 37.580899424493808 ], [ 26.455234566843373, 37.580917731670631 ], [ 26.455296848169723, 37.580938717129975 ], [ 26.45531626821824, 37.581018524082964 ], [ 26.455341281932895, 37.581098213584035 ], [ 26.455383526181027, 37.581190914701736 ], [ 26.455428051596328, 37.581267971037114 ], [ 26.455499277951031, 37.581305480283746 ], [ 26.455536807550807, 37.581382682414755 ], [ 26.455588147499075, 37.5814540271463 ], [ 26.455659920879214, 37.581508235979975 ], [ 26.455745682905878, 37.581562153326026 ], [ 26.455818370117075, 37.581644192732867 ], [ 26.455897139809458, 37.581698255867202 ], [ 26.456024135762149, 37.581729033249431 ], [ 26.456038125492704, 37.581728741746723 ], [ 26.456015311927384, 37.581673516126941 ], [ 26.455992864829145, 37.581629419736259 ], [ 26.455962874322971, 37.581568772198288 ], [ 26.455968589072032, 37.581529661405241 ], [ 26.45599565116542, 37.581501246989632 ], [ 26.45602311685791, 37.581463552204433 ], [ 26.455990443414304, 37.581432526644747 ], [ 26.455516275131501, 37.580860637133988 ] ] ] ] } },
{ "type": "Feature", "properties": { "datasetID": 583.0, "BIO_CLASS": "Posidonia beds (posidonion oceanicae) (Posidonia oceanica meadows (= association with Posidonia oceanica))", "fieldNotes": "Not reported", "habitat": "Posidonia beds", "AREA_SQKM": 0.00012000268, "vernacular": "Neptune grass", "FAMILY": "Posidoniaceae", "GENUS": "Posidonia", "scientific": "Posidonia oceanica", "habitatID": "EUNIS:A5.535", "nameAccord": "urn:lsid:marinespecies.org:taxname:145794", "eventDate": "2018-01-17", "verif": "Panayotidis Panayotis", "Shape_Leng": 43.850186011600002, "Shape_Area": 120.210515269, "Pres_UNEP": 1 }, "geometry": { "type": "MultiPolygon", "coordinates": [ [ [ [ 26.456352741727866, 37.581818011375624 ], [ 26.45630592762268, 37.581796959572571 ], [ 26.456306651574877, 37.581818969801617 ], [ 26.456284658548999, 37.581851545687094 ], [ 26.456291777910717, 37.581892693530783 ], [ 26.456344686609263, 37.58192371121239 ], [ 26.45637349352852, 37.581923111422896 ], [ 26.456432361390071, 37.581931212555887 ], [ 26.456435665204044, 37.581885110037739 ], [ 26.456352741727866, 37.581818011375624 ] ] ] ] } },
{ "type": "Feature", "properties": { "datasetID": 583.0, "BIO_CLASS": "Posidonia beds (posidonion oceanicae) (Posidonia oceanica meadows (= association with Posidonia oceanica))", "fieldNotes": "Not reported", "habitat": "Posidonia beds", "AREA_SQKM": 0.00015189975, "vernacular": "Neptune grass", "FAMILY": "Posidoniaceae", "GENUS": "Posidonia", "scientific": "Posidonia oceanica", "habitatID": "EUNIS:A5.535", "nameAccord": "urn:lsid:marinespecies.org:taxname:145794", "eventDate": "2018-01-17", "verif": "Panayotidis Panayotis", "Shape_Leng": 59.659893294, "Shape_Area": 152.162811258, "Pres_UNEP": 1 }, "geometry": { "type": "MultiPolygon", "coordinates": [ [ [ [ 26.457002797752427, 37.58230002160294 ], [ 26.456944729925386, 37.582287465751087 ], [ 26.456889676904254, 37.58236661515533 ], [ 26.456887232503895, 37.582467612356766 ], [ 26.456954042745199, 37.582503095436962 ], [ 26.456962736457815, 37.582484392375157 ], [ 26.456965484044986, 37.582392566930494 ], [ 26.457004154813205, 37.582341288791149 ], [ 26.456997187541916, 37.582304728060073 ], [ 26.457005532837563, 37.582303665397163 ], [ 26.457002797752427, 37.58230002160294 ] ] ] ] } },
{ "type": "Feature", "properties": { "datasetID": 583.0, "BIO_CLASS": "Posidonia beds (posidonion oceanicae) (Posidonia oceanica meadows (= association with Posidonia oceanica))", "fieldNotes": "Not reported", "habitat": "Posidonia beds", "AREA_SQKM": 0.04152931598, "vernacular": "Neptune grass", "FAMILY": "Posidoniaceae", "GENUS": "Posidonia", "scientific": "Posidonia oceanica", "habitatID": "EUNIS:A5.535", "nameAccord": "urn:lsid:marinespecies.org:taxname:145794", "eventDate": "2018-01-17", "verif": "Panayotidis Panayotis", "Shape_Leng": 1239.11302495, "Shape_Area": 41601.2246839, "Pres_UNEP": 1 }, "geometry": { "type": "MultiPolygon", "coordinates": [ [ [ [ 26.456048654769184, 37.582860104038531 ], [ 26.45590273277562, 37.582708902551808 ], [ 26.455776260100965, 37.582613382852614 ], [ 26.455581199329494, 37.582575376918676 ], [ 26.455141943091398, 37.582612562225215 ], [ 26.454827778814671, 37.582703230588905 ], [ 26.45481059636316, 37.582722491945979 ], [ 26.454803225077555, 37.582701382629416 ], [ 26.454802491854597, 37.582679117015537 ], [ 26.45482329369921, 37.582673113797988 ], [ 26.454836368550556, 37.582644990722578 ], [ 26.454834722852851, 37.582594894434074 ], [ 26.454778034145754, 37.582573791314552 ], [ 26.454728705632583, 37.582563677011514 ], [ 26.454712889193083, 37.582508304523977 ], [ 26.454705529227994, 37.582497316596104 ], [ 26.454619949721256, 37.582448965834146 ], [ 26.454563078639652, 37.582422298542483 ], [ 26.454441979910012, 37.582357975166431 ], [ 26.454412356211588, 37.58230845754084 ], [ 26.45424581488361, 37.582139245103356 ], [ 26.454182498195689, 37.582129423209125 ], [ 26.454140349814057, 37.582124728239648 ], [ 26.454105924147282, 37.582142155719787 ], [ 26.454099844162897, 37.582170133855513 ], [ 26.454108117593716, 37.582208953271419 ], [ 26.454166269507603, 37.582274586598267 ], [ 26.454167366179323, 37.582307984951932 ], [ 26.454196988034727, 37.582357499927362 ], [ 26.454289013724914, 37.582389007937799 ], [ 26.454332444916133, 37.582432665475061 ], [ 26.454319916869942, 37.582477489037181 ], [ 26.454341816636681, 37.58250488421254 ], [ 26.454391325871715, 37.582520565352858 ], [ 26.454489247365348, 37.582518528359167 ], [ 26.454602623846487, 37.582560731055345 ], [ 26.454640703863145, 37.582654631556679 ], [ 26.454578118853593, 37.582667075246974 ], [ 26.45452915747164, 37.582668093744587 ], [ 26.45444723420259, 37.582731070118804 ], [ 26.454335686376524, 37.58274453142856 ], [ 26.454272006392834, 37.582723574928544 ], [ 26.454277354671074, 37.582673332868147 ], [ 26.454297060697321, 37.582633930353239 ], [ 26.454345472032564, 37.582616213092578 ], [ 26.454358545849498, 37.582588090025247 ], [ 26.454300946042135, 37.582539156233352 ], [ 26.454258430569585, 37.582523329339601 ], [ 26.454195662496399, 37.582530206180905 ], [ 26.454162151193373, 37.58257546348765 ], [ 26.454163431415779, 37.582614430501586 ], [ 26.454144460351849, 37.582676096856986 ], [ 26.454142917783287, 37.582676750532826 ], [ 26.454175121113401, 37.58272812592692 ], [ 26.454189831895967, 37.582751592896969 ], [ 26.454245743711002, 37.58277858088757 ], [ 26.454402928415245, 37.582854451505355 ], [ 26.454713277915857, 37.582806621830336 ], [ 26.454797351750067, 37.582793664023711 ], [ 26.454850059914126, 37.582785541655134 ], [ 26.454866105371305, 37.583273981477284 ], [ 26.454407134498464, 37.583438506949641 ], [ 26.454292370958385, 37.583738403319238 ], [ 26.454227788433769, 37.583907168378978 ], [ 26.45433330243781, 37.584169366624266 ], [ 26.454341969102554, 37.584190904523062 ], [ 26.454405761338279, 37.584308790595387 ], [ 26.454520335217254, 37.584604439346663 ], [ 26.454692339892393, 37.584623253910948 ], [ 26.454721795112629, 37.584626475504429 ], [ 26.45480938081468, 37.584739096156945 ], [ 26.454880672117696, 37.584785724934811 ], [ 26.454993091389394, 37.584859254545243 ], [ 26.455032464836833, 37.584963343878456 ], [ 26.454942854870158, 37.585016091717108 ], [ 26.454914896090262, 37.58503254864285 ], [ 26.454921785941934, 37.585242221302778 ], [ 26.454927806236462, 37.585310956218201 ], [ 26.455015812264392, 37.585309125901496 ], [ 26.455180884737864, 37.585305690524272 ], [ 26.455345237774079, 37.585280360251261 ], [ 26.455472712589, 37.585171667579004 ], [ 26.455487097474073, 37.585073216600222 ], [ 26.455569609155312, 37.584903235934114 ], [ 26.455688714661854, 37.584774561092459 ], [ 26.455843960124799, 37.5846731775734 ], [ 26.455931076789991, 37.584643319306103 ], [ 26.456280923662764, 37.584565927751015 ], [ 26.456579792168242, 37.584545683041561 ], [ 26.45664775494831, 37.584474326597437 ], [ 26.456716043922935, 37.584402627437846 ], [ 26.456833767117871, 37.584231915047162 ], [ 26.4568486100512, 37.584147474501606 ], [ 26.456719829838654, 37.58398189460312 ], [ 26.456505775953431, 37.583902221610487 ], [ 26.456255588206428, 37.583795256644514 ], [ 26.456127730991511, 37.583657701319943 ], [ 26.456104136688463, 37.583475907953535 ], [ 26.456112071198685, 37.583181284684954 ], [ 26.456122306733633, 37.582956723623532 ], [ 26.456048654769184, 37.582860104038531 ] ] ] ] } },
{ "type": "Feature", "properties": { "datasetID": 583.0, "BIO_CLASS": "Posidonia beds (posidonion oceanicae) (Posidonia oceanica meadows (= association with Posidonia oceanica))", "fieldNotes": "Not reported", "habitat": "Posidonia beds", "AREA_SQKM": 0.01866610426, "vernacular": "Neptune grass", "FAMILY": "Posidoniaceae", "GENUS": "Posidonia", "scientific": "Posidonia oceanica", "habitatID": "EUNIS:A5.535", "nameAccord": "urn:lsid:marinespecies.org:taxname:145794", "eventDate": "2018-01-17", "verif": "Panayotidis Panayotis", "Shape_Leng": 633.29729438000004, "Shape_Area": 18698.410730700001, "Pres_UNEP": 1 }, "geometry": { "type": "MultiPolygon", "coordinates": [ [ [ [ 26.456184806008903, 37.587878087350227 ], [ 26.456375805490111, 37.587791845830154 ], [ 26.456588575609203, 37.587581749991081 ], [ 26.456927437919166, 37.587276480475516 ], [ 26.457073272152801, 37.586995795475531 ], [ 26.457131080999908, 37.586788927408854 ], [ 26.457077806724971, 37.586347858931774 ], [ 26.456926975193056, 37.5860836366763 ], [ 26.456835570283577, 37.58605468982504 ], [ 26.45668128572505, 37.586078469898617 ], [ 26.456592245875687, 37.586121456893835 ], [ 26.456583051049268, 37.586234763884079 ], [ 26.456585752475462, 37.586316973062843 ], [ 26.456666274518263, 37.586407846293298 ], [ 26.456733543249165, 37.586488709298976 ], [ 26.456698857676471, 37.586612831515204 ], [ 26.456595551557491, 37.586614982504813 ], [ 26.456503471012724, 37.586565484133601 ], [ 26.456293480009787, 37.586467025396125 ], [ 26.456189498297839, 37.586448622303799 ], [ 26.455995461566548, 37.586442379581051 ], [ 26.455869369850866, 37.58653755396319 ], [ 26.455742263754001, 37.586601899012543 ], [ 26.455697074919975, 37.586602838911034 ], [ 26.45546141918236, 37.587167008465094 ], [ 26.455496057296788, 37.587309343469343 ], [ 26.455443937192587, 37.587315474915421 ], [ 26.455550097022329, 37.587438839720221 ], [ 26.455516760986406, 37.587604064741548 ], [ 26.455518786953405, 37.587665721164832 ], [ 26.455624797198837, 37.587745781701642 ], [ 26.455742371481694, 37.587784466170255 ], [ 26.455834790837581, 37.587844241074102 ], [ 26.456066559604565, 37.587818851291047 ], [ 26.456184806008903, 37.587878087350227 ] ] ] ] } },
{ "type": "Feature", "properties": { "datasetID": 583.0, "BIO_CLASS": "Posidonia beds (posidonion oceanicae) (Posidonia oceanica meadows (= association with Posidonia oceanica))", "fieldNotes": "Not reported", "habitat": "Posidonia beds", "AREA_SQKM": 0.00049815476, "vernacular": "Neptune grass", "FAMILY": "Posidoniaceae", "GENUS": "Posidonia", "scientific": "Posidonia oceanica", "habitatID": "EUNIS:A5.535", "nameAccord": "urn:lsid:marinespecies.org:taxname:145794", "eventDate": "2018-01-17", "verif": "Panayotidis Panayotis", "Shape_Leng": 94.449397616799999, "Shape_Area": 499.01662226299999, "Pres_UNEP": 1 }, "geometry": { "type": "MultiPolygon", "coordinates": [ [ [ [ 26.42233253939467, 37.589785103605259 ], [ 26.422370840374256, 37.589694038900781 ], [ 26.422311503781252, 37.58954757063352 ], [ 26.42223429055522, 37.589523094043592 ], [ 26.422148981445059, 37.589585657407987 ], [ 26.422063151614381, 37.589723131157491 ], [ 26.422056422893888, 37.589761304536545 ], [ 26.422131947614844, 37.589733692814548 ], [ 26.422308194173731, 37.589782199060416 ], [ 26.42233253939467, 37.589785103605259 ] ] ] ] } },
{ "type": "Feature", "properties": { "datasetID": 583.0, "BIO_CLASS": "Posidonia beds (posidonion oceanicae) (Posidonia oceanica meadows (= association with Posidonia oceanica))", "fieldNotes": "Not reported", "habitat": "Posidonia beds", "AREA_SQKM": 0.00963936908, "vernacular": "Neptune grass", "FAMILY": "Posidoniaceae", "GENUS": "Posidonia", "scientific": "Posidonia oceanica", "habitatID": "EUNIS:A5.535", "nameAccord": "urn:lsid:marinespecies.org:taxname:145794", "eventDate": "2018-01-17", "verif": "Panayotidis Panayotis", "Shape_Leng": 841.40212886799998, "Shape_Area": 9656.0421755799998, "Pres_UNEP": 1 }, "geometry": { "type": "MultiPolygon", "coordinates": [ [ [ [ 26.42942130280089, 37.591703706992689 ], [ 26.429703430140545, 37.591379621223624 ], [ 26.429516766896818, 37.591223755157472 ], [ 26.429452582717779, 37.591195463909834 ], [ 26.429140177705985, 37.591057762110303 ], [ 26.429105780860827, 37.591050109362982 ], [ 26.428998782699026, 37.591026304841989 ], [ 26.428997216018203, 37.591025956789139 ], [ 26.428972163504394, 37.590994600231426 ], [ 26.428683527125958, 37.591317935377901 ], [ 26.428405266969083, 37.591514404543624 ], [ 26.428005292531807, 37.591653773609742 ], [ 26.42781879291643, 37.591907959179728 ], [ 26.427728332182483, 37.592083256777428 ], [ 26.427740970948399, 37.592111011935458 ], [ 26.427813945971153, 37.592188020394666 ], [ 26.427830218285774, 37.592254979457167 ], [ 26.427747892482174, 37.592323966802816 ], [ 26.427749713276345, 37.592380008990219 ], [ 26.427776306770784, 37.59241759454364 ], [ 26.427856350285506, 37.592451837359114 ], [ 26.427923085740808, 37.592423545936136 ], [ 26.427944748464068, 37.592396182959092 ], [ 26.428012941848724, 37.592412723535894 ], [ 26.428034312725973, 37.592376394162414 ], [ 26.427986032699611, 37.592278688719659 ], [ 26.427961457824413, 37.592216388638647 ], [ 26.428004491057894, 37.592152694590922 ], [ 26.428137086420637, 37.59206921356445 ], [ 26.42824219103802, 37.591833763531589 ], [ 26.428308928490988, 37.591805472196818 ], [ 26.428354291828331, 37.59181351101315 ], [ 26.428530795989886, 37.591693233569956 ], [ 26.428716525702868, 37.591509960232976 ], [ 26.428861847495021, 37.591471078042467 ], [ 26.428974822239628, 37.591477724630487 ], [ 26.429100814094973, 37.591537937040094 ], [ 26.429126555967709, 37.591636105011865 ], [ 26.429208350542961, 37.59172414677785 ], [ 26.429143366081501, 37.591806238092168 ], [ 26.429101209032694, 37.591896831154877 ], [ 26.428968904385272, 37.591989280255568 ], [ 26.428870988683407, 37.59209896605946 ], [ 26.428885172930144, 37.592188400250691 ], [ 26.428957156608909, 37.592321505680943 ], [ 26.428960656475034, 37.592429105103307 ], [ 26.428897126585095, 37.592556027850378 ], [ 26.428877505505476, 37.592646157475883 ], [ 26.428899740182057, 37.592691152957826 ], [ 26.428942378453538, 37.592663787293674 ], [ 26.428973714958268, 37.592643676032885 ], [ 26.429175116876344, 37.592514420197794 ], [ 26.429220815609064, 37.592470993655411 ], [ 26.429277858487758, 37.592416788008208 ], [ 26.429156489430255, 37.592270809776842 ], [ 26.429130884980466, 37.592240013090446 ], [ 26.42908489709696, 37.592128586051189 ], [ 26.429120326141543, 37.592083101300148 ], [ 26.429369575842411, 37.591763125306862 ], [ 26.42942130280089, 37.591703706992689 ] ] ] ] } },
{ "type": "Feature", "properties": { "datasetID": 583.0, "BIO_CLASS": "Posidonia beds (posidonion oceanicae) (Posidonia oceanica meadows (= association with Posidonia oceanica))", "fieldNotes": "Not reported", "habitat": "Posidonia beds", "AREA_SQKM": 0.00024950711, "vernacular": "Neptune grass", "FAMILY": "Posidoniaceae", "GENUS": "Posidonia", "scientific": "Posidonia oceanica", "habitatID": "EUNIS:A5.535", "nameAccord": "urn:lsid:marinespecies.org:taxname:145794", "eventDate": "2018-01-17", "verif": "Panayotidis Panayotis", "Shape_Leng": 84.261520878200002, "Shape_Area": 249.93853024399999, "Pres_UNEP": 1 }, "geometry": { "type": "MultiPolygon", "coordinates": [ [ [ [ 26.427905637706242, 37.594591139459659 ], [ 26.427930692825516, 37.59455587418234 ], [ 26.427962673190677, 37.594464868240927 ], [ 26.428036018057373, 37.594437295616736 ], [ 26.428077684751528, 37.594375627370113 ], [ 26.428087744105877, 37.594373955981375 ], [ 26.428079287149679, 37.594344318869446 ], [ 26.428008917968199, 37.594329087326791 ], [ 26.427974186866958, 37.594335362983749 ], [ 26.427961122917608, 37.594363430296504 ], [ 26.42795540252623, 37.594402467648862 ], [ 26.427914592140471, 37.594436667520768 ], [ 26.427866252601039, 37.594454341667792 ], [ 26.427846929946664, 37.594504779294375 ], [ 26.427848734853512, 37.594560340646041 ], [ 26.427851326793476, 37.594576021856469 ], [ 26.427861318386288, 37.594571202033016 ], [ 26.427905637706242, 37.594591139459659 ] ] ] ] } },
{ "type": "Feature", "properties": { "datasetID": 583.0, "BIO_CLASS": "Posidonia beds (posidonion oceanicae) (Posidonia oceanica meadows (= association with Posidonia oceanica))", "fieldNotes": "Not reported", "habitat": "Posidonia beds", "AREA_SQKM": 0.00038160367, "vernacular": "Neptune grass", "FAMILY": "Posidoniaceae", "GENUS": "Posidonia", "scientific": "Posidonia oceanica", "habitatID": "EUNIS:A5.535", "nameAccord": "urn:lsid:marinespecies.org:taxname:145794", "eventDate": "2018-01-17", "verif": "Panayotidis Panayotis", "Shape_Leng": 131.82181308400001, "Shape_Area": 382.26343762900001, "Pres_UNEP": 1 }, "geometry": { "type": "MultiPolygon", "coordinates": [ [ [ [ 26.427786433181083, 37.594578302792073 ], [ 26.427709261682796, 37.594568771803246 ], [ 26.427661645364513, 37.594608671393395 ], [ 26.427643948480185, 37.594709112988859 ], [ 26.427667965675074, 37.594803137619294 ], [ 26.427698425519992, 37.594880350306354 ], [ 26.4276998708653, 37.594924800354022 ], [ 26.427715824961439, 37.594985630424311 ], [ 26.427773312018314, 37.595034486898626 ], [ 26.427870556290841, 37.595036168010253 ], [ 26.427857856930888, 37.595002166800064 ], [ 26.427786223291349, 37.594948042617112 ], [ 26.427785320092227, 37.594920261443313 ], [ 26.427719030129111, 37.594761776847108 ], [ 26.427734906015413, 37.594712801181053 ], [ 26.427706912785929, 37.594657777776717 ], [ 26.427801122237408, 37.594600241117902 ], [ 26.427805308468272, 37.594598219901343 ], [ 26.427786433181083, 37.594578302792073 ] ] ] ] } },
{ "type": "Feature", "properties": { "datasetID": 583.0, "BIO_CLASS": "Posidonia beds (posidonion oceanicae) (Posidonia oceanica meadows (= association with Posidonia oceanica))", "fieldNotes": "Not reported", "habitat": "Posidonia beds", "AREA_SQKM": 0.00014540051, "vernacular": "Neptune grass", "FAMILY": "Posidoniaceae", "GENUS": "Posidonia", "scientific": "Posidonia oceanica", "habitatID": "EUNIS:A5.535", "nameAccord": "urn:lsid:marinespecies.org:taxname:145794", "eventDate": "2018-01-17", "verif": "Panayotidis Panayotis", "Shape_Leng": 53.504470463600001, "Shape_Area": 145.651894204, "Pres_UNEP": 1 }, "geometry": { "type": "MultiPolygon", "coordinates": [ [ [ [ 26.428065301935458, 37.595226989740169 ], [ 26.428054852780942, 37.595151011029721 ], [ 26.42802753832034, 37.595116823402236 ], [ 26.427975844350819, 37.595138736169041 ], [ 26.427924826490074, 37.595181486610329 ], [ 26.427912550613819, 37.595148609945085 ], [ 26.427910501940541, 37.595170661409384 ], [ 26.427926634985116, 37.595237047268235 ], [ 26.427983399073025, 37.595263679180647 ], [ 26.428065301935458, 37.595226989740169 ] ] ] ] } },
{ "type": "Feature", "properties": { "datasetID": 583.0, "BIO_CLASS": "Posidonia beds (posidonion oceanicae) (Posidonia oceanica meadows (= association with Posidonia oceanica))", "fieldNotes": "Not reported", "habitat": "Posidonia beds", "AREA_SQKM": 0.00025855545, "vernacular": "Neptune grass", "FAMILY": "Posidoniaceae", "GENUS": "Posidonia", "scientific": "Posidonia oceanica", "habitatID": "EUNIS:A5.535", "nameAccord": "urn:lsid:marinespecies.org:taxname:145794", "eventDate": "2018-01-17", "verif": "Panayotidis Panayotis", "Shape_Leng": 71.119752849799994, "Shape_Area": 259.00240642199998, "Pres_UNEP": 1 }, "geometry": { "type": "MultiPolygon", "coordinates": [ [ [ [ 26.428757065888107, 37.59635623555797 ], [ 26.42871616142601, 37.596266410787656 ], [ 26.428726156631651, 37.596263077695802 ], [ 26.428686954826102, 37.596244344183582 ], [ 26.428620529565535, 37.59624571169639 ], [ 26.428590586647786, 37.596200993680533 ], [ 26.428533404820001, 37.596194615489473 ], [ 26.428487430137906, 37.596240896249469 ], [ 26.42850886597164, 37.596316011406124 ], [ 26.428539452444486, 37.596352799989603 ], [ 26.428594761254757, 37.596329355261609 ], [ 26.428757065888107, 37.59635623555797 ] ] ] ] } },
{ "type": "Feature", "properties": { "datasetID": 583.0, "BIO_CLASS": "Posidonia beds (posidonion oceanicae) (Posidonia oceanica meadows (= association with Posidonia oceanica))", "fieldNotes": "Not reported", "habitat": "Posidonia beds", "AREA_SQKM": 0.00063693885, "vernacular": "Neptune grass", "FAMILY": "Posidoniaceae", "GENUS": "Posidonia", "scientific": "Posidonia oceanica", "habitatID": "EUNIS:A5.535", "nameAccord": "urn:lsid:marinespecies.org:taxname:145794", "eventDate": "2018-01-17", "verif": "Panayotidis Panayotis", "Shape_Leng": 116.331818674, "Shape_Area": 638.03980583299995, "Pres_UNEP": 1 }, "geometry": { "type": "MultiPolygon", "coordinates": [ [ [ [ 26.429434281076023, 37.597324527610986 ], [ 26.429477308477654, 37.597187639591638 ], [ 26.429351486706391, 37.597114673441418 ], [ 26.429092811635599, 37.597044443238097 ], [ 26.429070636745028, 37.597038457253809 ], [ 26.429051749524795, 37.597241737000815 ], [ 26.429288499036328, 37.597221749836308 ], [ 26.429367117592033, 37.597303244474617 ], [ 26.429414325030223, 37.597334430648459 ], [ 26.429434281076023, 37.597324527610986 ] ] ] ] } },
{ "type": "Feature", "properties": { "datasetID": 583.0, "BIO_CLASS": "Posidonia beds (posidonion oceanicae) (Posidonia oceanica meadows (= association with Posidonia oceanica))", "fieldNotes": "Not reported", "habitat": "Posidonia beds", "AREA_SQKM": 0.00726103286, "vernacular": "Neptune grass", "FAMILY": "Posidoniaceae", "GENUS": "Posidonia", "scientific": "Posidonia oceanica", "habitatID": "EUNIS:A5.535", "nameAccord": "urn:lsid:marinespecies.org:taxname:145794", "eventDate": "2018-01-17", "verif": "Panayotidis Panayotis", "Shape_Leng": 421.58578152600001, "Shape_Area": 7273.5836334599999, "Pres_UNEP": 1 }, "geometry": { "type": "MultiPolygon", "coordinates": [ [ [ [ 26.428776621630803, 37.596665615417777 ], [ 26.428858345840585, 37.59655059925614 ], [ 26.428603108729618, 37.59658607425613 ], [ 26.428437612848128, 37.596461037653384 ], [ 26.428348278570144, 37.596341985325729 ], [ 26.428357637895363, 37.596342536571434 ], [ 26.428319074509286, 37.596319919596631 ], [ 26.428282835956924, 37.596373553863543 ], [ 26.428287745588527, 37.596524567004863 ], [ 26.428290691376287, 37.59661517459152 ], [ 26.428176080333404, 37.596594865930086 ], [ 26.428097710271608, 37.596520922949423 ], [ 26.428012794494695, 37.596537781897197 ], [ 26.427968538965992, 37.59663691702648 ], [ 26.42789581328848, 37.596736637905074 ], [ 26.427764432075936, 37.596784674124521 ], [ 26.427737925738839, 37.596845665545963 ], [ 26.427752078704984, 37.596988933312382 ], [ 26.427707822731627, 37.597088066900447 ], [ 26.427676245966733, 37.597285164589387 ], [ 26.427820063015488, 37.597327538276943 ], [ 26.428097226568571, 37.597382278847093 ], [ 26.428471004061041, 37.597487919842173 ], [ 26.428616454406789, 37.597288478262634 ], [ 26.428588882183867, 37.597024598323038 ], [ 26.428599415064603, 37.596911236578478 ], [ 26.428546749351117, 37.596897018992223 ], [ 26.428581025594713, 37.596782977979402 ], [ 26.428776621630803, 37.596665615417777 ] ] ] ] } },
{ "type": "Feature", "properties": { "datasetID": 583.0, "BIO_CLASS": "Posidonia beds (posidonion oceanicae) (Posidonia oceanica meadows (= association with Posidonia oceanica))", "fieldNotes": "Not reported", "habitat": "Posidonia beds", "AREA_SQKM": 0.00217705214, "vernacular": "Neptune grass", "FAMILY": "Posidoniaceae", "GENUS": "Posidonia", "scientific": "Posidonia oceanica", "habitatID": "EUNIS:A5.535", "nameAccord": "urn:lsid:marinespecies.org:taxname:145794", "eventDate": "2018-01-17", "verif": "Panayotidis Panayotis", "Shape_Leng": 221.71270844599999, "Shape_Area": 2180.8149138799999, "Pres_UNEP": 1 }, "geometry": { "type": "MultiPolygon", "coordinates": [ [ [ [ 26.428841434574281, 37.597782520200674 ], [ 26.428923402739517, 37.597675053034486 ], [ 26.429123915020984, 37.597708700454469 ], [ 26.42964756616071, 37.597750808325003 ], [ 26.429646337752711, 37.597713053911917 ], [ 26.429624411677775, 37.597622838941909 ], [ 26.429441650002993, 37.597551045802653 ], [ 26.429403420013394, 37.597480360487531 ], [ 26.429364259134417, 37.597507304545765 ], [ 26.429275414125769, 37.597403356156256 ], [ 26.429281928032566, 37.597400123754205 ], [ 26.429113844584194, 37.597399128149746 ], [ 26.428980989544229, 37.597401864074747 ], [ 26.428887566577256, 37.597449120402977 ], [ 26.428684442097701, 37.597627083738871 ], [ 26.428841434574281, 37.597782520200674 ] ] ] ] } },
{ "type": "Feature", "properties": { "datasetID": 583.0, "BIO_CLASS": "Posidonia beds (posidonion oceanicae) (Posidonia oceanica meadows (= association with Posidonia oceanica))", "fieldNotes": "Not reported", "habitat": "Posidonia beds", "AREA_SQKM": 0.01161172123, "vernacular": "Neptune grass", "FAMILY": "Posidoniaceae", "GENUS": "Posidonia", "scientific": "Posidonia oceanica", "habitatID": "EUNIS:A5.535", "nameAccord": "urn:lsid:marinespecies.org:taxname:145794", "eventDate": "2018-01-17", "verif": "Panayotidis Panayotis", "Shape_Leng": 608.39166762900004, "Shape_Area": 11631.790527700001, "Pres_UNEP": 1 }, "geometry": { "type": "MultiPolygon", "coordinates": [ [ [ [ 26.432183164408805, 37.59794907896098 ], [ 26.432129294646256, 37.597783086465832 ], [ 26.432126365630221, 37.597693168290583 ], [ 26.432010008879256, 37.597592734900672 ], [ 26.431847729596978, 37.597570371322611 ], [ 26.431808860538872, 37.59758158005549 ], [ 26.431811258389569, 37.597655258408167 ], [ 26.431767746090838, 37.597664521871479 ], [ 26.431439267385436, 37.597734455468277 ], [ 26.431212349247826, 37.597667604981581 ], [ 26.431091790797691, 37.597646245834959 ], [ 26.430401492009583, 37.597612784825941 ], [ 26.429886991927077, 37.597456486287804 ], [ 26.429740426758542, 37.597323690137117 ], [ 26.429649185726834, 37.597525698063592 ], [ 26.429688996569773, 37.597756251031868 ], [ 26.429903888463389, 37.59790607350152 ], [ 26.430181268664242, 37.597990337923747 ], [ 26.430344801732556, 37.598051237840991 ], [ 26.431002119544431, 37.597896299413037 ], [ 26.431069207350671, 37.597972041537425 ], [ 26.431344915637105, 37.59800492220441 ], [ 26.431647225198972, 37.598358605274392 ], [ 26.431778471802673, 37.598420168750138 ], [ 26.432132394082277, 37.59837431063719 ], [ 26.432210187035231, 37.598282727839276 ], [ 26.432254017207121, 37.598140428243525 ], [ 26.432183164408805, 37.59794907896098 ] ] ] ] } },
{ "type": "Feature", "properties": { "datasetID": 583.0, "BIO_CLASS": "Posidonia beds (posidonion oceanicae) (Posidonia oceanica meadows (= association with Posidonia oceanica))", "fieldNotes": "Not reported", "habitat": "Posidonia beds", "AREA_SQKM": 0.007299351, "vernacular": "Neptune grass", "FAMILY": "Posidoniaceae", "GENUS": "Posidonia", "scientific": "Posidonia oceanica", "habitatID": "EUNIS:A5.535", "nameAccord": "urn:lsid:marinespecies.org:taxname:145794", "eventDate": "2018-01-17", "verif": "Panayotidis Panayotis", "Shape_Leng": 452.32317666, "Shape_Area": 7311.9648003599996, "Pres_UNEP": 1 }, "geometry": { "type": "MultiPolygon", "coordinates": [ [ [ [ 26.432493886952262, 37.598840608895038 ], [ 26.432574129439757, 37.598680286307022 ], [ 26.432622081763267, 37.598707121868017 ], [ 26.432687023531983, 37.598647735042221 ], [ 26.432847365617612, 37.598614204956959 ], [ 26.432710574284545, 37.598496135461751 ], [ 26.432599546100874, 37.598294423373964 ], [ 26.432664251831145, 37.598240197582577 ], [ 26.432729204133555, 37.598193525886394 ], [ 26.43277542479435, 37.598154792565467 ], [ 26.432800692610293, 37.598056049796405 ], [ 26.432799465616146, 37.598018296208579 ], [ 26.432723056899942, 37.598004759655126 ], [ 26.432658348923759, 37.598058985382103 ], [ 26.432554699187026, 37.598083789006012 ], [ 26.432340720848568, 37.598511317853628 ], [ 26.431913926811106, 37.598527674307057 ], [ 26.431689367607376, 37.598630526082772 ], [ 26.431578442768767, 37.598723480988347 ], [ 26.431496230568509, 37.598823399918857 ], [ 26.43162648211149, 37.599032272652607 ], [ 26.431857925900431, 37.599140836877538 ], [ 26.432183530399001, 37.599224791744433 ], [ 26.432346580433087, 37.599274319779077 ], [ 26.432497639875013, 37.59924432238256 ], [ 26.432493886952262, 37.598840608895038 ] ] ] ] } },
{ "type": "Feature", "properties": { "datasetID": 583.0, "BIO_CLASS": "Posidonia beds (posidonion oceanicae) (Posidonia oceanica meadows (= association with Posidonia oceanica))", "fieldNotes": "Not reported", "habitat": "Posidonia beds", "AREA_SQKM": 0.02229043599, "vernacular": "Neptune grass", "FAMILY": "Posidoniaceae", "GENUS": "Posidonia", "scientific": "Posidonia oceanica", "habitatID": "EUNIS:A5.535", "nameAccord": "urn:lsid:marinespecies.org:taxname:145794", "eventDate": "2018-01-17", "verif": "Panayotidis Panayotis", "Shape_Leng": 835.14773741099998, "Shape_Area": 22328.958714100001, "Pres_UNEP": 1 }, "geometry": { "type": "MultiPolygon", "coordinates": [ [ [ [ 26.425457959721921, 37.599691289011773 ], [ 26.425509036695324, 37.599558667164381 ], [ 26.425518290067146, 37.599559851831863 ], [ 26.425494396954129, 37.599400300771443 ], [ 26.42549603862566, 37.599158484062968 ], [ 26.425523526897674, 37.599127697790891 ], [ 26.425668318657859, 37.598852974982421 ], [ 26.426091292257428, 37.598481346196685 ], [ 26.426455260557642, 37.598284966418056 ], [ 26.426431129506049, 37.598126794510613 ], [ 26.426197732513913, 37.597957815928112 ], [ 26.426039520754539, 37.597764621372271 ], [ 26.425710494377441, 37.597574940334781 ], [ 26.425413444510689, 37.597785050298334 ], [ 26.425321172789502, 37.597575389991853 ], [ 26.424921135371896, 37.597538280503208 ], [ 26.42466736438552, 37.597619052640638 ], [ 26.424512974962955, 37.598128457098355 ], [ 26.424781210103454, 37.59849316983977 ], [ 26.425210703398143, 37.598559897809849 ], [ 26.425222891938642, 37.598642760527639 ], [ 26.425021962373108, 37.598888672132695 ], [ 26.425072351750266, 37.598978305506158 ], [ 26.425095254801267, 37.599098723416084 ], [ 26.424933927459264, 37.599102041537613 ], [ 26.42456333195528, 37.599094547495426 ], [ 26.424411003947416, 37.599082568335916 ], [ 26.424335576360235, 37.599099226965457 ], [ 26.424346535620817, 37.599144336989909 ], [ 26.424434151801492, 37.599210536894631 ], [ 26.424580911470557, 37.59934352247793 ], [ 26.42477291670599, 37.599407576621267 ], [ 26.424907738819901, 37.599465252489018 ], [ 26.425042557042392, 37.59952292572325 ], [ 26.425072990057071, 37.599582744804131 ], [ 26.425162812414442, 37.599716899404051 ], [ 26.425433487620701, 37.599747099175332 ], [ 26.425457959721921, 37.599691289011773 ] ] ] ] } },
{ "type": "Feature", "properties": { "datasetID": 583.0, "BIO_CLASS": "Posidonia beds (posidonion oceanicae) (Posidonia oceanica meadows (= association with Posidonia oceanica))", "fieldNotes": "Not reported", "habitat": "Posidonia beds", "AREA_SQKM": 0.01122242533, "vernacular": "Neptune grass", "FAMILY": "Posidoniaceae", "GENUS": "Posidonia", "scientific": "Posidonia oceanica", "habitatID": "EUNIS:A5.535", "nameAccord": "urn:lsid:marinespecies.org:taxname:145794", "eventDate": "2018-01-17", "verif": "Panayotidis Panayotis", "Shape_Leng": 846.09094148300005, "Shape_Area": 11241.8176497, "Pres_UNEP": 1 }, "geometry": { "type": "MultiPolygon", "coordinates": [ [ [ [ 26.431182328209765, 37.598807202456783 ], [ 26.431457436153671, 37.598506861019253 ], [ 26.431480740736486, 37.598347711877089 ], [ 26.431422573859777, 37.598311133176232 ], [ 26.431165120713995, 37.598278660596279 ], [ 26.431134686704858, 37.598218841909024 ], [ 26.430995930461286, 37.598040365661831 ], [ 26.430910030831352, 37.598027025224802 ], [ 26.430846553400372, 37.598119001024031 ], [ 26.430917897131565, 37.598268643551286 ], [ 26.431113343956927, 37.598438395387809 ], [ 26.431015102355229, 37.598629312268613 ], [ 26.430920204869022, 37.598631269036936 ], [ 26.430710694051065, 37.598612918703864 ], [ 26.430623073789533, 37.598546723415815 ], [ 26.430420592744444, 37.598452671390675 ], [ 26.430435886572319, 37.598339022602779 ], [ 26.430493562932437, 37.598360500201771 ], [ 26.430655380518139, 37.598372277898875 ], [ 26.430585020664537, 37.598252836604033 ], [ 26.430401028163608, 37.598143293158643 ], [ 26.430098095550004, 37.598172199371398 ], [ 26.429823784555062, 37.597913403184215 ], [ 26.429755636753374, 37.597861916962074 ], [ 26.429622780068524, 37.597864652893449 ], [ 26.429567318101903, 37.597911130161208 ], [ 26.429639394628307, 37.598083425041565 ], [ 26.429699528724466, 37.598180410712146 ], [ 26.429785670720868, 37.598201302589899 ], [ 26.429994445006507, 37.598197002126057 ], [ 26.430098678681674, 37.598481971652177 ], [ 26.430242744469407, 37.598531892621502 ], [ 26.430505848561019, 37.598738029988027 ], [ 26.43073050402678, 37.598929848243692 ], [ 26.43073296396603, 37.599005354890359 ], [ 26.430824269884571, 37.599184808184788 ], [ 26.430881412293662, 37.599343844921293 ], [ 26.430892521879215, 37.599351472369605 ], [ 26.431068596590777, 37.599555251854675 ], [ 26.431133998218368, 37.599778555172968 ], [ 26.431354273284292, 37.600005008145494 ], [ 26.431416770330937, 37.599882829907436 ], [ 26.431410624464604, 37.599694064717568 ], [ 26.431398726784433, 37.599036967139277 ], [ 26.431182328209765, 37.598807202456783 ] ] ] ] } },
{ "type": "Feature", "properties": { "datasetID": 583.0, "BIO_CLASS": "Posidonia beds (posidonion oceanicae) (Posidonia oceanica meadows (= association with Posidonia oceanica))", "fieldNotes": "Not reported", "habitat": "Posidonia beds", "AREA_SQKM": 0.00475377593, "vernacular": "Neptune grass", "FAMILY": "Posidoniaceae", "GENUS": "Posidonia", "scientific": "Posidonia oceanica", "habitatID": "EUNIS:A5.535", "nameAccord": "urn:lsid:marinespecies.org:taxname:145794", "eventDate": "2018-01-17", "verif": "Panayotidis Panayotis", "Shape_Leng": 281.57501022299999, "Shape_Area": 4761.98808672, "Pres_UNEP": 1 }, "geometry": { "type": "MultiPolygon", "coordinates": [ [ [ [ 26.444095823164243, 37.601595219089923 ], [ 26.444223382633631, 37.601285848320344 ], [ 26.444243016852056, 37.601044442755402 ], [ 26.444072892270199, 37.600894603778499 ], [ 26.443743393122258, 37.600923340774564 ], [ 26.443502176501571, 37.601125517570971 ], [ 26.443426072875504, 37.601324276587405 ], [ 26.443258814490218, 37.601262014301071 ], [ 26.443291344650774, 37.601414703498499 ], [ 26.443403567804765, 37.601478105456891 ], [ 26.443515790347419, 37.601541509202413 ], [ 26.443655531398374, 37.601604340505503 ], [ 26.443930714505004, 37.601598639731158 ], [ 26.444095823164243, 37.601595219089923 ] ] ] ] } },
{ "type": "Feature", "properties": { "datasetID": 583.0, "BIO_CLASS": "Posidonia beds (posidonion oceanicae) (Posidonia oceanica meadows (= association with Posidonia oceanica))", "fieldNotes": "Not reported", "habitat": "Posidonia beds", "AREA_SQKM": 0.04589345024, "vernacular": "Neptune grass", "FAMILY": "Posidoniaceae", "GENUS": "Posidonia", "scientific": "Posidonia oceanica", "habitatID": "EUNIS:A5.535", "nameAccord": "urn:lsid:marinespecies.org:taxname:145794", "eventDate": "2018-01-17", "verif": "Panayotidis Panayotis", "Shape_Leng": 1509.73584123, "Shape_Area": 45972.739225800004, "Pres_UNEP": 1 }, "geometry": { "type": "MultiPolygon", "coordinates": [ [ [ [ 26.434762751541442, 37.600591932242416 ], [ 26.435064517389897, 37.60047310712374 ], [ 26.435305643485915, 37.600515815427485 ], [ 26.435799375816114, 37.600493698878097 ], [ 26.436103114690908, 37.600618560456169 ], [ 26.436329658317845, 37.600673488338217 ], [ 26.436640210066248, 37.600547861678677 ], [ 26.436728106407251, 37.600486438889895 ], [ 26.436878228553887, 37.600495259889421 ], [ 26.437030029810895, 37.600353845663278 ], [ 26.436993084226433, 37.600292078399285 ], [ 26.436971490212713, 37.600125422257705 ], [ 26.436966039728372, 37.599958433205877 ], [ 26.436784677119292, 37.599846492093278 ], [ 26.436506861778, 37.599749397830159 ], [ 26.436248129036716, 37.599741887861818 ], [ 26.436195923170125, 37.599627279822634 ], [ 26.435786440864469, 37.599455778678923 ], [ 26.435540502238229, 37.599345170931052 ], [ 26.4353251774954, 37.599182512174544 ], [ 26.435132280425851, 37.599212203898624 ], [ 26.434921563995296, 37.599190844585607 ], [ 26.434870199563157, 37.599101927568775 ], [ 26.434784449588555, 37.59894944863985 ], [ 26.434639149082962, 37.598952447844894 ], [ 26.434275783496069, 37.599204173617068 ], [ 26.433928975966285, 37.599468413360611 ], [ 26.433900454116404, 37.599584686556668 ], [ 26.434114102960773, 37.599695964955202 ], [ 26.434309095076902, 37.599730503207375 ], [ 26.434501993860977, 37.599700814939311 ], [ 26.434584390974333, 37.599750529495005 ], [ 26.434563408860619, 37.600098021115585 ], [ 26.434438857034209, 37.600241987371085 ], [ 26.434447234875023, 37.600498896952622 ], [ 26.434434019030647, 37.60058914680193 ], [ 26.434260195950543, 37.600708420770552 ], [ 26.433988942352382, 37.601109924192656 ], [ 26.43404898137501, 37.601365765950092 ], [ 26.434265017352633, 37.601649238200793 ], [ 26.43443761682526, 37.601789641822663 ], [ 26.434596630140447, 37.601909758423638 ], [ 26.434990478871914, 37.602097011520634 ], [ 26.435074344329202, 37.602290661733974 ], [ 26.435295415125509, 37.602728276999791 ], [ 26.435539977080236, 37.603093424905836 ], [ 26.435870258944817, 37.6033128353669 ], [ 26.435891941947613, 37.60328677660727 ], [ 26.435957321998945, 37.603208206335978 ], [ 26.436082460213743, 37.603082222044883 ], [ 26.436149185680506, 37.602948898247021 ], [ 26.43602489513265, 37.602813699005466 ], [ 26.435862389446303, 37.602613114203109 ], [ 26.435604337702973, 37.602247415036459 ], [ 26.435514647752022, 37.601870528770817 ], [ 26.435307210192992, 37.601669055308697 ], [ 26.434715127823296, 37.601362874486483 ], [ 26.43449218715676, 37.60099697002137 ], [ 26.434762751541442, 37.600591932242416 ] ] ] ] } },
{ "type": "Feature", "properties": { "datasetID": 583.0, "BIO_CLASS": "Posidonia beds (posidonion oceanicae) (Posidonia oceanica meadows (= association with Posidonia oceanica))", "fieldNotes": "Not reported", "habitat": "Posidonia beds", "AREA_SQKM": 0.01921246501, "vernacular": "Neptune grass", "FAMILY": "Posidoniaceae", "GENUS": "Posidonia", "scientific": "Posidonia oceanica", "habitatID": "EUNIS:A5.535", "nameAccord": "urn:lsid:marinespecies.org:taxname:145794", "eventDate": "2018-01-17", "verif": "Panayotidis Panayotis", "Shape_Leng": 1131.03725614, "Shape_Area": 19245.6473482, "Pres_UNEP": 1 }, "geometry": { "type": "MultiPolygon", "coordinates": [ [ [ [ 26.423353721119707, 37.604411784544695 ], [ 26.423898365170494, 37.603923555903705 ], [ 26.424145763269387, 37.603514026925694 ], [ 26.424186660384461, 37.603168720239367 ], [ 26.424298412408827, 37.603070465279501 ], [ 26.424450120567489, 37.602937076998607 ], [ 26.424550375717523, 37.602848927773358 ], [ 26.424505682443254, 37.602769024571927 ], [ 26.424506556342347, 37.602767777161347 ], [ 26.424837739889259, 37.60229534393762 ], [ 26.424846669746056, 37.602244671985694 ], [ 26.42488989575574, 37.601999416140281 ], [ 26.424986610386245, 37.601886856356174 ], [ 26.42532735955627, 37.601309767167244 ], [ 26.425303349598611, 37.601225622363266 ], [ 26.425234234539371, 37.601147580315747 ], [ 26.425101157594707, 37.6011503171759 ], [ 26.424954456909489, 37.601246038394386 ], [ 26.424702059811509, 37.601675022889175 ], [ 26.424372071980439, 37.60227776891977 ], [ 26.42421603693187, 37.602598822891828 ], [ 26.424024584571686, 37.602854385639048 ], [ 26.423714537953188, 37.60304616900801 ], [ 26.423635661054817, 37.60318022435726 ], [ 26.423642534894501, 37.603391981690827 ], [ 26.423435731863869, 37.603687590879296 ], [ 26.42314403322942, 37.603931968024007 ], [ 26.423047230585162, 37.604026663144296 ], [ 26.423000762569472, 37.604133567468757 ], [ 26.422990997386258, 37.604345665062887 ], [ 26.422657007226185, 37.604312793945255 ], [ 26.422355857382311, 37.604266005088412 ], [ 26.422225783635078, 37.604361380618947 ], [ 26.42214561197591, 37.604455733168614 ], [ 26.422149905194249, 37.604588080008398 ], [ 26.422518455646951, 37.604659974642388 ], [ 26.422919848240806, 37.604717947992228 ], [ 26.423049824273718, 37.604687861427379 ], [ 26.423073874468969, 37.604624940802175 ], [ 26.423353721119707, 37.604411784544695 ] ] ] ] } }
]
}
