{
"type": "FeatureCollection",
"name": "Fourni_seagrass_data_panayotidis",
"crs": { "type": "name", "properties": { "name": "urn:ogc:def:crs:OGC:1.3:CRS84" } },
"features": [
{ "type": "Feature", "properties": { "Shape_Leng": 604.32655015900002, "Shape_Area": 0.01751788716, "Region": "North Aegean", "Subregion": "Central Aegean Islands", "Methodolog": "Landsat-8/ Google Earth", "Year": 2015, "Pres_Pan": 1 }, "geometry": { "type": "MultiPolygon", "coordinates": [ [ [ [ 26.543948668632328, 37.510491758119358, 0.0 ], [ 26.543905700472404, 37.51049135129422, 0.0 ], [ 26.543864360914672, 37.510500861429563, 0.0 ], [ 26.543827668088596, 37.510520856984314, 0.0 ], [ 26.543789498874034, 37.510564101034696, 0.0 ], [ 26.543761338601556, 37.510621970096061, 0.0 ], [ 26.543739900345162, 37.510689777940811, 0.0 ], [ 26.543722398212982, 37.510763801661867, 0.0 ], [ 26.543689463552219, 37.510918732381697, 0.0 ], [ 26.543669326008697, 37.51099460072129, 0.0 ], [ 26.543643369655552, 37.511066178002778, 0.0 ], [ 26.543608631644965, 37.511130860720783, 0.0 ], [ 26.543575595827114, 37.511173781429008, 0.0 ], [ 26.543502743667009, 37.511254096304604, 0.0 ], [ 26.543469805255413, 37.51129699055496, 0.0 ], [ 26.543443099761113, 37.51134484639001, 0.0 ], [ 26.543422151589795, 37.511397282970648, 0.0 ], [ 26.543405832772752, 37.511453396439052, 0.0 ], [ 26.543393209589588, 37.511512440053359, 0.0 ], [ 26.543380820828794, 37.511594680889004, 0.0 ], [ 26.543372218754289, 37.511679901274121, 0.0 ], [ 26.543362395454469, 37.511855994401657, 0.0 ], [ 26.543357989499821, 37.512126206383734, 0.0 ], [ 26.543360406477095, 37.512305640299495, 0.0 ], [ 26.543364123845311, 37.51239370144453, 0.0 ], [ 26.543370640601179, 37.512479617062212, 0.0 ], [ 26.543388086504514, 37.51256507192366, 0.0 ], [ 26.54342467787248, 37.512648068716722, 0.0 ], [ 26.543481857886974, 37.512722000789196, 0.0 ], [ 26.543560620844403, 37.512780635204841, 0.0 ], [ 26.543643943630514, 37.512815673473419, 0.0 ], [ 26.543735124586956, 37.512838366296791, 0.0 ], [ 26.543826505801135, 37.512851331552284, 0.0 ], [ 26.543910617469841, 37.512857029894647, 0.0 ], [ 26.543980110540247, 37.512857813063377, 0.0 ], [ 26.544027680272247, 37.512855971480519, 0.0 ], [ 26.544046087802858, 37.512853669794104, 0.0 ], [ 26.544043973917077, 37.512786932688876, 0.0 ], [ 26.54404495041635, 37.512713894972407, 0.0 ], [ 26.544048823443241, 37.512623020064488, 0.0 ], [ 26.544056871741191, 37.512520816294064, 0.0 ], [ 26.544070495642568, 37.512413874976779, 0.0 ], [ 26.544091237082455, 37.512308893412239, 0.0 ], [ 26.544120726411354, 37.512212640885245, 0.0 ], [ 26.544160545375721, 37.512131854383362, 0.0 ], [ 26.544209853692852, 37.512071337001437, 0.0 ], [ 26.544261109212805, 37.512020457559274, 0.0 ], [ 26.544306887307293, 37.51196501748948, 0.0 ], [ 26.544339097640403, 37.511904290944543, 0.0 ], [ 26.544362215033551, 37.511836135924256, 0.0 ], [ 26.544378645965764, 37.511762527204148, 0.0 ], [ 26.544390182749378, 37.511684976097449, 0.0 ], [ 26.544398121401628, 37.511604636952384, 0.0 ], [ 26.544403354250449, 37.511522402478938, 0.0 ], [ 26.544407698746287, 37.511354998922492, 0.0 ], [ 26.544404602557279, 37.511187576412489, 0.0 ], [ 26.544399628738375, 37.511105385305108, 0.0 ], [ 26.544391513682385, 37.511025229967238, 0.0 ], [ 26.544379232965689, 37.510948122818959, 0.0 ], [ 26.544361385330408, 37.510875371861644, 0.0 ], [ 26.544336114263174, 37.510808669777056, 0.0 ], [ 26.54430102465464, 37.510750204758729, 0.0 ], [ 26.544251403203027, 37.510698458150642, 0.0 ], [ 26.54413906236579, 37.510611390875383, 0.0 ], [ 26.544040738719307, 37.510530055371866, 0.0 ], [ 26.543990321367676, 37.510501996660707, 0.0 ], [ 26.543948668632328, 37.510491758119358, 0.0 ] ] ] ] } },
{ "type": "Feature", "properties": { "Shape_Leng": 488.44879302300001, "Shape_Area": 0.00951539417, "Region": "North Aegean", "Subregion": "Central Aegean Islands", "Methodolog": "Landsat-8/ Google Earth", "Year": 2015, "Pres_Pan": 1 }, "geometry": { "type": "MultiPolygon", "coordinates": [ [ [ [ 26.536392070140693, 37.517155299075185, 0.0 ], [ 26.53630006700854, 37.517146407381567, 0.0 ], [ 26.536235701787284, 37.517144862556407, 0.0 ], [ 26.536211924066826, 37.517149679932679, 0.0 ], [ 26.536207099930504, 37.517138314902645, 0.0 ], [ 26.536214078037478, 37.517114667115088, 0.0 ], [ 26.53623168797942, 37.517081524578849, 0.0 ], [ 26.536259800466887, 37.5170420521316, 0.0 ], [ 26.536297982377697, 37.516999028244001, 0.0 ], [ 26.536390510324669, 37.516903228926708, 0.0 ], [ 26.536434980839736, 37.516848574160896, 0.0 ], [ 26.53648175918941, 37.516767029638793, 0.0 ], [ 26.536511391664085, 37.51668014937718, 0.0 ], [ 26.536523089013038, 37.516594958433622, 0.0 ], [ 26.536516507158691, 37.516518932769849, 0.0 ], [ 26.536494302930077, 37.516452554168808, 0.0 ], [ 26.536457973990487, 37.516393544825107, 0.0 ], [ 26.536420689041741, 37.516355610909159, 0.0 ], [ 26.536377592655747, 37.516321418984532, 0.0 ], [ 26.536286784795102, 37.516255688948227, 0.0 ], [ 26.536201815927999, 37.516186456853703, 0.0 ], [ 26.536157768246177, 37.516154501162028, 0.0 ], [ 26.536109218238039, 37.516127729962399, 0.0 ], [ 26.536046045598056, 37.516106051585098, 0.0 ], [ 26.535976993778647, 37.516093264768223, 0.0 ], [ 26.535905307314142, 37.516088433814794, 0.0 ], [ 26.53583407997699, 37.516091215613095, 0.0 ], [ 26.535766448610275, 37.516101837449774, 0.0 ], [ 26.53570576523521, 37.516121101422961, 0.0 ], [ 26.535655794426642, 37.516150400026056, 0.0 ], [ 26.535619604611362, 37.51619071267308, 0.0 ], [ 26.535595859216162, 37.51623951788816, 0.0 ], [ 26.535582707682348, 37.516293815015729, 0.0 ], [ 26.535579012691926, 37.516351019717121, 0.0 ], [ 26.53558429310295, 37.516408815610127, 0.0 ], [ 26.535598691297132, 37.51646502520822, 0.0 ], [ 26.535622945506713, 37.516517494268989, 0.0 ], [ 26.535652423008006, 37.516559270957927, 0.0 ], [ 26.535721411498418, 37.516639210619964, 0.0 ], [ 26.535753525683152, 37.516682409396502, 0.0 ], [ 26.535787646860317, 37.516747661655991, 0.0 ], [ 26.535813455225036, 37.516819996937343, 0.0 ], [ 26.53583381574807, 37.516896890912349, 0.0 ], [ 26.535868552875833, 37.517055607715868, 0.0 ], [ 26.535888088620954, 37.517133231288071, 0.0 ], [ 26.535912876569782, 37.51720666260838, 0.0 ], [ 26.535946372807516, 37.517273159180384, 0.0 ], [ 26.535992806599864, 37.517329358134482, 0.0 ], [ 26.536045554831151, 37.517367196059489, 0.0 ], [ 26.536107787560052, 37.517397367934002, 0.0 ], [ 26.536176117066695, 37.517422430042693, 0.0 ], [ 26.536318906515476, 37.517465997363196, 0.0 ], [ 26.53638749144109, 37.517488475726957, 0.0 ], [ 26.53645008434777, 37.517513976331379, 0.0 ], [ 26.53651297099438, 37.517548516129516, 0.0 ], [ 26.536569433127248, 37.517582961455304, 0.0 ], [ 26.536625643150156, 37.517609894947206, 0.0 ], [ 26.536685623181054, 37.517622511350076, 0.0 ], [ 26.536744762866512, 37.517619335462051, 0.0 ], [ 26.536795629140691, 37.517599123966562, 0.0 ], [ 26.536831661776745, 37.517560784212634, 0.0 ], [ 26.5368533648411, 37.517508710102383, 0.0 ], [ 26.536855547178419, 37.517445185829644, 0.0 ], [ 26.536840160877578, 37.517392470598544, 0.0 ], [ 26.536810101442288, 37.517339488569625, 0.0 ], [ 26.536765375779243, 37.517289816166326, 0.0 ], [ 26.536706226094172, 37.517246762521651, 0.0 ], [ 26.536608077088722, 37.517203052828322, 0.0 ], [ 26.536498997001523, 37.517173426499021, 0.0 ], [ 26.536392070140693, 37.517155299075185, 0.0 ] ] ] ] } },
{ "type": "Feature", "properties": { "Shape_Leng": 1554.9858242299999, "Shape_Area": 0.07453653718, "Region": "North Aegean", "Subregion": "Central Aegean Islands", "Methodolog": "Landsat-8/ Google Earth", "Year": 2015, "Pres_Pan": 1 }, "geometry": { "type": "MultiPolygon", "coordinates": [ [ [ [ 26.494105709850903, 37.517822658750546, 0.0 ], [ 26.494111214857639, 37.517719177489298, 0.0 ], [ 26.494124123453446, 37.517612575959397, 0.0 ], [ 26.494147040927061, 37.517510392095168, 0.0 ], [ 26.494182773511383, 37.517420320884973, 0.0 ], [ 26.494234179851023, 37.517350102161103, 0.0 ], [ 26.494291362742715, 37.517310357672052, 0.0 ], [ 26.494356549266964, 37.517284833396019, 0.0 ], [ 26.494427047917132, 37.51726374307146, 0.0 ], [ 26.494571432852769, 37.517224195021974, 0.0 ], [ 26.494639681722102, 37.517201184932077, 0.0 ], [ 26.494701622296727, 37.517173046378403, 0.0 ], [ 26.494749223054114, 37.517143066140918, 0.0 ], [ 26.494879666702428, 37.517042839603896, 0.0 ], [ 26.494943848333804, 37.517003090168615, 0.0 ], [ 26.495009909032831, 37.516964699548325, 0.0 ], [ 26.495072073956006, 37.516922997552015, 0.0 ], [ 26.495113439012687, 37.516887359164734, 0.0 ], [ 26.495189516497511, 37.516810366476825, 0.0 ], [ 26.495228870479789, 37.516772740297007, 0.0 ], [ 26.495314581592666, 37.516702763808404, 0.0 ], [ 26.495355953745737, 37.516666428609369, 0.0 ], [ 26.495392315653181, 37.516625996404628, 0.0 ], [ 26.495426958157019, 37.516568084231814, 0.0 ], [ 26.495452005215526, 37.516502578254304, 0.0 ], [ 26.495469722276308, 37.516431532038737, 0.0 ], [ 26.49548179493431, 37.516356641039501, 0.0 ], [ 26.495489403634355, 37.516279345552604, 0.0 ], [ 26.495493290611087, 37.516200938339161, 0.0 ], [ 26.495493801627966, 37.516122662868412, 0.0 ], [ 26.495490904185743, 37.516045818365953, 0.0 ], [ 26.495484188803061, 37.51597186612107, 0.0 ], [ 26.495472842454092, 37.515902548997865, 0.0 ], [ 26.495455607579032, 37.515840019361995, 0.0 ], [ 26.495430711169593, 37.515786985661769, 0.0 ], [ 26.495395789990344, 37.515746878915905, 0.0 ], [ 26.495358816368618, 37.515726084563411, 0.0 ], [ 26.495316418942771, 37.515715398461566, 0.0 ], [ 26.495271543524336, 37.51571400318349, 0.0 ], [ 26.495226972204819, 37.515721498389091, 0.0 ], [ 26.495184556166734, 37.515737182614309, 0.0 ], [ 26.49509891651444, 37.515780206277519, 0.0 ], [ 26.495050573629886, 37.515800512402834, 0.0 ], [ 26.494976172319927, 37.515820140115522, 0.0 ], [ 26.494893538937241, 37.515831290845789, 0.0 ], [ 26.4948070096127, 37.515834706488533, 0.0 ], [ 26.494720640904124, 37.515830649145698, 0.0 ], [ 26.494638493671943, 37.515818898731567, 0.0 ], [ 26.494564914993688, 37.515798759630499, 0.0 ], [ 26.494517409663572, 37.515778150619099, 0.0 ], [ 26.494433850717613, 37.515734674709861, 0.0 ], [ 26.494392579471203, 37.515718803662423, 0.0 ], [ 26.494349156847875, 37.51571112974856, 0.0 ], [ 26.494305408919626, 37.51571237133728, 0.0 ], [ 26.494264089919611, 37.515722955946423, 0.0 ], [ 26.494228092353065, 37.515743726303839, 0.0 ], [ 26.494194138162726, 37.515783936970209, 0.0 ], [ 26.494169843531918, 37.51583720917985, 0.0 ], [ 26.494152663549155, 37.515900093085826, 0.0 ], [ 26.494140536700176, 37.515969862150648, 0.0 ], [ 26.494131766295858, 37.516044349843682, 0.0 ], [ 26.494111865067019, 37.516279773452673, 0.0 ], [ 26.494103166825361, 37.516357686642323, 0.0 ], [ 26.494091182525278, 37.516433098313605, 0.0 ], [ 26.494074261578707, 37.516504479865752, 0.0 ], [ 26.494050407913967, 37.516570018027416, 0.0 ], [ 26.494017169780058, 37.516627499134465, 0.0 ], [ 26.493982046211094, 37.516667091036261, 0.0 ], [ 26.493941959282175, 37.516701953185674, 0.0 ], [ 26.493858821433879, 37.51676597458512, 0.0 ], [ 26.493784153954898, 37.516829734082449, 0.0 ], [ 26.493747004772903, 37.516857695374028, 0.0 ], [ 26.493706980194254, 37.516879587859655, 0.0 ], [ 26.493647049736655, 37.516895865013566, 0.0 ], [ 26.493583957772774, 37.516898023214573, 0.0 ], [ 26.493523669706853, 37.516886909676678, 0.0 ], [ 26.493483066616193, 37.51687049523845, 0.0 ], [ 26.493406780667534, 37.516829784674854, 0.0 ], [ 26.493366168769811, 37.516812560258778, 0.0 ], [ 26.493321403784769, 37.51680151974346, 0.0 ], [ 26.493274145623651, 37.516797045291739, 0.0 ], [ 26.493226837445874, 37.51679905466078, 0.0 ], [ 26.493181915058496, 37.516807686545633, 0.0 ], [ 26.49314102043342, 37.516822614302107, 0.0 ], [ 26.493063806164674, 37.516859232611466, 0.0 ], [ 26.493022526495881, 37.516873980121588, 0.0 ], [ 26.492976922095149, 37.51688227939475, 0.0 ], [ 26.492928571100212, 37.516883754665947, 0.0 ], [ 26.492879818736672, 37.516878473553504, 0.0 ], [ 26.492832983839673, 37.516866254621682, 0.0 ], [ 26.492789560240826, 37.516847350185564, 0.0 ], [ 26.49270454520375, 37.516801058015048, 0.0 ], [ 26.492657438574962, 37.516780264117557, 0.0 ], [ 26.492585397028851, 37.516760944708651, 0.0 ], [ 26.492505936072448, 37.516751271794242, 0.0 ], [ 26.492423537227602, 37.516750815514072, 0.0 ], [ 26.492342545753708, 37.51675987881832, 0.0 ], [ 26.492267461801045, 37.516779543586281, 0.0 ], [ 26.492203236477462, 37.516811728355691, 0.0 ], [ 26.492159846543448, 37.516850371431111, 0.0 ], [ 26.492125080157813, 37.51689641280641, 0.0 ], [ 26.492095844258468, 37.516946349281881, 0.0 ], [ 26.492043012337856, 37.51704456671002, 0.0 ], [ 26.492014266317909, 37.517085972567081, 0.0 ], [ 26.49198050715853, 37.517117137382797, 0.0 ], [ 26.491945528152719, 37.517133163594487, 0.0 ], [ 26.491907709509992, 37.517138546926894, 0.0 ], [ 26.491870104860975, 37.517133462619725, 0.0 ], [ 26.491835784001626, 37.517117619687042, 0.0 ], [ 26.491803373335127, 37.517086354000959, 0.0 ], [ 26.491776671611902, 37.517044248764599, 0.0 ], [ 26.491753180115005, 37.516994885580843, 0.0 ], [ 26.491706406520819, 37.516886501788875, 0.0 ], [ 26.491678365400922, 37.516832901048751, 0.0 ], [ 26.491643797743514, 37.516783176879692, 0.0 ], [ 26.491606772675357, 37.516744293891321, 0.0 ], [ 26.491481677526288, 37.516636663770939, 0.0 ], [ 26.491431663942876, 37.516584175532557, 0.0 ], [ 26.49138355225675, 37.516530431496854, 0.0 ], [ 26.491331815841768, 37.516480086434164, 0.0 ], [ 26.491272728307724, 37.516436444154571, 0.0 ], [ 26.491150633612257, 37.516357123571495, 0.0 ], [ 26.491072223558575, 37.516294809155667, 0.0 ], [ 26.491033921253909, 37.516266863007118, 0.0 ], [ 26.490992846168421, 37.516244734528989, 0.0 ], [ 26.490947223573961, 37.516230814038963, 0.0 ], [ 26.490898595728947, 37.516225110441354, 0.0 ], [ 26.490849257685976, 37.516227306766837, 0.0 ], [ 26.490801460602459, 37.516237433013032, 0.0 ], [ 26.490756609128098, 37.516255170279109, 0.0 ], [ 26.490666995703705, 37.516301980089779, 0.0 ], [ 26.490616467361281, 37.516324722148603, 0.0 ], [ 26.490558890796191, 37.516343582099431, 0.0 ], [ 26.490495194113397, 37.516358844935922, 0.0 ], [ 26.490426939150638, 37.516371413980558, 0.0 ], [ 26.490355524314051, 37.516382142839539, 0.0 ], [ 26.490159204076537, 37.516408064819153, 0.0 ], [ 26.490063301466847, 37.516423442680278, 0.0 ], [ 26.48997310241193, 37.516443604152386, 0.0 ], [ 26.489892371833232, 37.516471507574245, 0.0 ], [ 26.489825692105381, 37.516510811357541, 0.0 ], [ 26.489776731762387, 37.516564466876886, 0.0 ], [ 26.489742344547857, 37.516629953344463, 0.0 ], [ 26.489718542635142, 37.516704072934367, 0.0 ], [ 26.489702300641909, 37.51678440141788, 0.0 ], [ 26.489691363193703, 37.516869114701322, 0.0 ], [ 26.489684092155304, 37.516956851472266, 0.0 ], [ 26.489679335822235, 37.517046589799975, 0.0 ], [ 26.489674647757148, 37.517229080833459, 0.0 ], [ 26.489674956875081, 37.517411643091322, 0.0 ], [ 26.48967752068727, 37.51750146312439, 0.0 ], [ 26.489682604891009, 37.517589302464714, 0.0 ], [ 26.489691386565148, 37.517674120703639, 0.0 ], [ 26.489705555066713, 37.517754530502835, 0.0 ], [ 26.489727442405222, 37.517828669585562, 0.0 ], [ 26.489760205021572, 37.517894053619926, 0.0 ], [ 26.489808026056746, 37.517947398930851, 0.0 ], [ 26.489871338681947, 37.517984753884789, 0.0 ], [ 26.489948727085338, 37.518010901823999, 0.0 ], [ 26.490036454775623, 37.518028813290222, 0.0 ], [ 26.490131663792383, 37.518040762644645, 0.0 ], [ 26.490232202924673, 37.518048469564739, 0.0 ], [ 26.490336470976434, 37.518053216793902, 0.0 ], [ 26.490443288826267, 37.518055949260521, 0.0 ], [ 26.490661403573792, 37.51805791219634, 0.0 ], [ 26.491214098732954, 37.518056399869529, 0.0 ], [ 26.491650763785795, 37.518051722744239, 0.0 ], [ 26.491861901990703, 37.518044518359567, 0.0 ], [ 26.491963803613398, 37.518038121071029, 0.0 ], [ 26.492061998441528, 37.518028818282744, 0.0 ], [ 26.492155132908241, 37.518015507652741, 0.0 ], [ 26.492241421584946, 37.51799675623181, 0.0 ], [ 26.492318544697852, 37.517970712514142, 0.0 ], [ 26.492371398474958, 37.517944502608614, 0.0 ], [ 26.492469088679158, 37.517886047678779, 0.0 ], [ 26.492520903750584, 37.517859564967353, 0.0 ], [ 26.492599193513428, 37.517832278097323, 0.0 ], [ 26.492686418980036, 37.517813265970247, 0.0 ], [ 26.492779846776063, 37.517800928194077, 0.0 ], [ 26.492877082261572, 37.517794222244085, 0.0 ], [ 26.492975895659601, 37.517792640100168, 0.0 ], [ 26.49307404974488, 37.517796231710868, 0.0 ], [ 26.493169081630576, 37.517805642944403, 0.0 ], [ 26.493258089715248, 37.517822206598346, 0.0 ], [ 26.493345216457012, 37.517850155241725, 0.0 ], [ 26.493411100016736, 37.517880205217189, 0.0 ], [ 26.49354849592391, 37.517949724692826, 0.0 ], [ 26.493623678468747, 37.517981450680402, 0.0 ], [ 26.493731582625276, 37.518014465169145, 0.0 ], [ 26.493840864643072, 37.518037484771483, 0.0 ], [ 26.493942255786315, 37.518052150729972, 0.0 ], [ 26.494026721204225, 37.518059891213817, 0.0 ], [ 26.494085485920497, 37.518061852272574, 0.0 ], [ 26.494110378501411, 37.518058482343385, 0.0 ], [ 26.494105200899302, 37.51791564524035, 0.0 ], [ 26.494105709850903, 37.517822658750546, 0.0 ] ] ] ] } },
{ "type": "Feature", "properties": { "Shape_Leng": 391.54164183300003, "Shape_Area": 0.00770196856, "Region": "North Aegean", "Subregion": "Central Aegean Islands", "Methodolog": "Landsat-8/ Google Earth", "Year": 2015, "Pres_Pan": 1 }, "geometry": { "type": "MultiPolygon", "coordinates": [ [ [ [ 26.49925415757729, 37.517569769897136, 0.0 ], [ 26.499182575473245, 37.517568290937632, 0.0 ], [ 26.499110854805874, 37.517574254650128, 0.0 ], [ 26.499041920888303, 37.517587957757478, 0.0 ], [ 26.49897872815929, 37.517610230746378, 0.0 ], [ 26.498929731229094, 37.517637112578946, 0.0 ], [ 26.498794632460751, 37.517735008097077, 0.0 ], [ 26.498728013030018, 37.517775194190094, 0.0 ], [ 26.498658761220703, 37.517813761654445, 0.0 ], [ 26.498592210520645, 37.517854689655096, 0.0 ], [ 26.498546505865743, 37.517888738672774, 0.0 ], [ 26.498457870587778, 37.517958536060277, 0.0 ], [ 26.498409419977293, 37.517989598205148, 0.0 ], [ 26.498347090673306, 37.51801881206454, 0.0 ], [ 26.498279369336711, 37.518042632261711, 0.0 ], [ 26.498075554574761, 37.518101679721909, 0.0 ], [ 26.498019085994958, 37.518123619767948, 0.0 ], [ 26.49797556119648, 37.518150110565777, 0.0 ], [ 26.497951661322077, 37.518178184785342, 0.0 ], [ 26.497941241970807, 37.518209025888822, 0.0 ], [ 26.49794419912099, 37.518240091271188, 0.0 ], [ 26.497961125022613, 37.51826875149807, 0.0 ], [ 26.497997947685704, 37.518296017450801, 0.0 ], [ 26.49804960542636, 37.518318426824173, 0.0 ], [ 26.498114126609281, 37.51833873554645, 0.0 ], [ 26.498283477520527, 37.518387693195898, 0.0 ], [ 26.49837547049518, 37.518418698080218, 0.0 ], [ 26.498463915596773, 37.51845512712967, 0.0 ], [ 26.498557395638844, 37.518503165214305, 0.0 ], [ 26.498642008555667, 37.518549853575088, 0.0 ], [ 26.498719631593172, 37.518587370281175, 0.0 ], [ 26.4987881456953, 37.518610967960882, 0.0 ], [ 26.498838243050482, 37.518621352807671, 0.0 ], [ 26.498859388508887, 37.518619540863412, 0.0 ], [ 26.498853298102514, 37.518599558230264, 0.0 ], [ 26.498854998439537, 37.518551340279849, 0.0 ], [ 26.498865906067589, 37.518482824872066, 0.0 ], [ 26.498888559548202, 37.518402281160427, 0.0 ], [ 26.498925964288325, 37.518318170265559, 0.0 ], [ 26.498981539725868, 37.518239189643928, 0.0 ], [ 26.499045216875185, 37.518181341244919, 0.0 ], [ 26.499119629909153, 37.518133278950415, 0.0 ], [ 26.499198597904602, 37.518093836865539, 0.0 ], [ 26.4993439273156, 37.518034449706768, 0.0 ], [ 26.499403310600631, 37.518004670512092, 0.0 ], [ 26.499451087043035, 37.517967928860259, 0.0 ], [ 26.499484161294198, 37.517922664656496, 0.0 ], [ 26.499503953385759, 37.517871256582019, 0.0 ], [ 26.499512244285022, 37.517816762335528, 0.0 ], [ 26.499509903958508, 37.517761993967291, 0.0 ], [ 26.499496969675274, 37.517709694647245, 0.0 ], [ 26.499472675577184, 37.517662712859227, 0.0 ], [ 26.499435461748362, 37.517624172522687, 0.0 ], [ 26.49938428099771, 37.517596594648872, 0.0 ], [ 26.499322528627378, 37.517578934105138, 0.0 ], [ 26.49925415757729, 37.517569769897136, 0.0 ] ] ] ] } },
{ "type": "Feature", "properties": { "Shape_Leng": 523.79871646399999, "Shape_Area": 0.01518269018, "Region": "North Aegean", "Subregion": "Central Aegean Islands", "Methodolog": "Landsat-8/ Google Earth", "Year": 2015, "Pres_Pan": 1 }, "geometry": { "type": "MultiPolygon", "coordinates": [ [ [ [ 26.504048934963013, 37.517841490503315, 0.0 ], [ 26.504006320635991, 37.517826824643926, 0.0 ], [ 26.503973825314628, 37.51782296410974, 0.0 ], [ 26.503956899700619, 37.517829840148423, 0.0 ], [ 26.503952182816906, 37.517811962549608, 0.0 ], [ 26.503956409237659, 37.517762517707787, 0.0 ], [ 26.503968757548559, 37.517690166737417, 0.0 ], [ 26.503989561368481, 37.517603400266829, 0.0 ], [ 26.504019585823688, 37.517510723198974, 0.0 ], [ 26.504059844600349, 37.517420765826223, 0.0 ], [ 26.504096593351061, 37.51735972193881, 0.0 ], [ 26.504169805450434, 37.517255360114127, 0.0 ], [ 26.504195422187802, 37.517210466400556, 0.0 ], [ 26.504207186935435, 37.517170036993257, 0.0 ], [ 26.504204867685338, 37.517135252799733, 0.0 ], [ 26.504190560661243, 37.517103639888667, 0.0 ], [ 26.504164014052286, 37.517077411379411, 0.0 ], [ 26.504109953131692, 37.517054005853204, 0.0 ], [ 26.504041198555637, 37.51704257538983, 0.0 ], [ 26.503964919929476, 37.517041712601618, 0.0 ], [ 26.503887186403986, 37.517051136448437, 0.0 ], [ 26.503813522247846, 37.517071627286086, 0.0 ], [ 26.50374940082661, 37.517105014583919, 0.0 ], [ 26.50369858798237, 37.517152541352679, 0.0 ], [ 26.503657271410145, 37.517209917056825, 0.0 ], [ 26.503582841738631, 37.517334868311679, 0.0 ], [ 26.503540242658993, 37.517393920254683, 0.0 ], [ 26.50348750120359, 37.517445086973751, 0.0 ], [ 26.503431323787048, 37.517480243069215, 0.0 ], [ 26.503367421022254, 37.517509255020059, 0.0 ], [ 26.503229926743533, 37.517559631781197, 0.0 ], [ 26.503162744104728, 37.517586138630435, 0.0 ], [ 26.503101006515511, 37.517617046473674, 0.0 ], [ 26.503048372910548, 37.517655273109575, 0.0 ], [ 26.503002031356676, 37.517711904470261, 0.0 ], [ 26.50296925901683, 37.51777920230343, 0.0 ], [ 26.502946649582125, 37.517854156961242, 0.0 ], [ 26.502931757369044, 37.517934371919885, 0.0 ], [ 26.502922953494998, 37.51801789020957, 0.0 ], [ 26.502919331029734, 37.518103030618249, 0.0 ], [ 26.502920657901416, 37.518188230991797, 0.0 ], [ 26.502927360568002, 37.518271898091115, 0.0 ], [ 26.502940575039354, 37.518352241601882, 0.0 ], [ 26.502962235116161, 37.518427104651806, 0.0 ], [ 26.502995221964323, 37.518493767794091, 0.0 ], [ 26.503043558185528, 37.518548730418651, 0.0 ], [ 26.503104817823459, 37.518586464117604, 0.0 ], [ 26.503179325190491, 37.518613660134633, 0.0 ], [ 26.503263572997518, 37.518632853822467, 0.0 ], [ 26.503354769350427, 37.518645948992834, 0.0 ], [ 26.503450664457954, 37.518654313506545, 0.0 ], [ 26.503549391161691, 37.51865884843783, 0.0 ], [ 26.503649302451027, 37.518660034774285, 0.0 ], [ 26.503748836368388, 37.51865795340283, 0.0 ], [ 26.503846353767816, 37.518652271429737, 0.0 ], [ 26.503939982104068, 37.518642205843946, 0.0 ], [ 26.504027426031762, 37.51862644192768, 0.0 ], [ 26.504105750828515, 37.518603017099103, 0.0 ], [ 26.504171123946868, 37.518569170499191, 0.0 ], [ 26.504223632454487, 37.518518100334887, 0.0 ], [ 26.504259948580067, 37.518454731637028, 0.0 ], [ 26.504280446973521, 37.518376971244528, 0.0 ], [ 26.504283851948944, 37.518285203978849, 0.0 ], [ 26.504271629238861, 37.518186823199386, 0.0 ], [ 26.504245142496309, 37.518089146927984, 0.0 ], [ 26.50420571557223, 37.517999250720337, 0.0 ], [ 26.504154974688774, 37.517923712597181, 0.0 ], [ 26.50409562426643, 37.517868131602192, 0.0 ], [ 26.504048934963013, 37.517841490503315, 0.0 ] ] ] ] } },
{ "type": "Feature", "properties": { "Shape_Leng": 674.59426852599995, "Shape_Area": 0.01857576429, "Region": "North Aegean", "Subregion": "Central Aegean Islands", "Methodolog": "Landsat-8/ Google Earth", "Year": 2015, "Pres_Pan": 1 }, "geometry": { "type": "MultiPolygon", "coordinates": [ [ [ [ 26.497132766276525, 37.518552577046009, 0.0 ], [ 26.497114757924997, 37.518501386849351, 0.0 ], [ 26.497082284887, 37.518462396735394, 0.0 ], [ 26.497047815597789, 37.518444120914253, 0.0 ], [ 26.497007487687753, 37.51843499029016, 0.0 ], [ 26.49696464850923, 37.518434250088902, 0.0 ], [ 26.496922419058386, 37.518441516190066, 0.0 ], [ 26.496870206978823, 37.518461958983544, 0.0 ], [ 26.496819208684236, 37.518487318815559, 0.0 ], [ 26.496764104453504, 37.518508802271825, 0.0 ], [ 26.49671755181005, 37.518517723212788, 0.0 ], [ 26.496668092558778, 37.518519647908391, 0.0 ], [ 26.496618166931487, 37.518514505820434, 0.0 ], [ 26.49657014733663, 37.518501956606926, 0.0 ], [ 26.496511150680039, 37.518474212967519, 0.0 ], [ 26.496453204942778, 37.518439711075281, 0.0 ], [ 26.496389689495746, 37.518405475628882, 0.0 ], [ 26.496315656049436, 37.518376807216889, 0.0 ], [ 26.496233762686781, 37.518352738560971, 0.0 ], [ 26.496062970524015, 37.518309173788609, 0.0 ], [ 26.495982002161387, 37.51828532509839, 0.0 ], [ 26.49590956665271, 37.518257172332746, 0.0 ], [ 26.495862835057146, 37.518232511347527, 0.0 ], [ 26.495780340304478, 37.518184242439403, 0.0 ], [ 26.495739193639192, 37.518166965287946, 0.0 ], [ 26.495695471097065, 37.518158146583829, 0.0 ], [ 26.49565084772242, 37.518158214095827, 0.0 ], [ 26.495607871968769, 37.518167290568563, 0.0 ], [ 26.495569177488857, 37.51818588263577, 0.0 ], [ 26.49552706543983, 37.518225464130644, 0.0 ], [ 26.495492526554486, 37.518276997694279, 0.0 ], [ 26.495428041453849, 37.518393497374539, 0.0 ], [ 26.49538913721592, 37.518448105954477, 0.0 ], [ 26.495339293006182, 37.518493178359222, 0.0 ], [ 26.495274807937452, 37.518524292528276, 0.0 ], [ 26.495199189036796, 37.518542632293837, 0.0 ], [ 26.495117213058375, 37.518550071058542, 0.0 ], [ 26.495033185194103, 37.518547605484663, 0.0 ], [ 26.494951218245529, 37.518535415376945, 0.0 ], [ 26.494875503192812, 37.518512903020138, 0.0 ], [ 26.494808515454523, 37.518480340518522, 0.0 ], [ 26.494744940799553, 37.518443865199764, 0.0 ], [ 26.494677594419937, 37.518411027244099, 0.0 ], [ 26.494612584994545, 37.518390674679459, 0.0 ], [ 26.494542293334085, 37.518377929362288, 0.0 ], [ 26.494469463851374, 37.518372411583684, 0.0 ], [ 26.494396818586605, 37.518374190880209, 0.0 ], [ 26.494327204427762, 37.518383824375675, 0.0 ], [ 26.494263747234875, 37.518402398581145, 0.0 ], [ 26.494210025904316, 37.518431592400923, 0.0 ], [ 26.494163271063485, 37.518480582969431, 0.0 ], [ 26.494131177342538, 37.518542179748444, 0.0 ], [ 26.494110637810167, 37.518612297756817, 0.0 ], [ 26.494099665062109, 37.518687550163968, 0.0 ], [ 26.494097316470004, 37.518764974124515, 0.0 ], [ 26.494103678521924, 37.518841764373498, 0.0 ], [ 26.4941199168561, 37.518915009037464, 0.0 ], [ 26.494148410245927, 37.51898139843798, 0.0 ], [ 26.49419296770337, 37.519036915917169, 0.0 ], [ 26.494252448986035, 37.519075994895687, 0.0 ], [ 26.494326242952539, 37.519104336242279, 0.0 ], [ 26.494410743449031, 37.519124505974588, 0.0 ], [ 26.494503174212554, 37.519138510996314, 0.0 ], [ 26.494601419288479, 37.519147904508621, 0.0 ], [ 26.494708175875406, 37.519153843326734, 0.0 ], [ 26.494833619767665, 37.519157053151432, 0.0 ], [ 26.495118001830413, 37.519157614429908, 0.0 ], [ 26.495404550761819, 37.519153737975188, 0.0 ], [ 26.495729038917812, 37.519146956350383, 0.0 ], [ 26.495783794907997, 37.519146198767402, 0.0 ], [ 26.495800467053144, 37.519147334946695, 0.0 ], [ 26.495792011626303, 37.519131863677266, 0.0 ], [ 26.495796236083748, 37.519107250823019, 0.0 ], [ 26.495813639161042, 37.519076580341725, 0.0 ], [ 26.495846028135684, 37.519043806051663, 0.0 ], [ 26.495908564475918, 37.519005880528844, 0.0 ], [ 26.495993836555666, 37.51897298468792, 0.0 ], [ 26.496097045451151, 37.51894570386613, 0.0 ], [ 26.496212455779887, 37.518923851110827, 0.0 ], [ 26.496333867464603, 37.518906874440887, 0.0 ], [ 26.496454853443463, 37.518894064494397, 0.0 ], [ 26.496670633317091, 37.5188775364756, 0.0 ], [ 26.496766216191034, 37.518868434593074, 0.0 ], [ 26.496856050700988, 37.518855431548602, 0.0 ], [ 26.496937857712499, 37.518837118427285, 0.0 ], [ 26.497008731692095, 37.518811758038694, 0.0 ], [ 26.497064966905405, 37.51877719577621, 0.0 ], [ 26.497105969070049, 37.518727959013596, 0.0 ], [ 26.4971291457788, 37.518670716949437, 0.0 ], [ 26.497137582913744, 37.518610647126799, 0.0 ], [ 26.497132766276525, 37.518552577046009, 0.0 ] ] ] ] } },
{ "type": "Feature", "properties": { "Shape_Leng": 1271.4291834600001, "Shape_Area": 0.04470275993, "Region": "North Aegean", "Subregion": "Central Aegean Islands", "Methodolog": "Landsat-8/ Google Earth", "Year": 2015, "Pres_Pan": 1 }, "geometry": { "type": "MultiPolygon", "coordinates": [ [ [ [ 26.399851471437859, 37.527087029873726, 0.0 ], [ 26.399984989213255, 37.527081427992428, 0.0 ], [ 26.400001532194512, 37.527082080206085, 0.0 ], [ 26.399996391058149, 37.527068713406365, 0.0 ], [ 26.400001624167338, 37.527044920212667, 0.0 ], [ 26.400017143375155, 37.527013140033503, 0.0 ], [ 26.400043802788087, 37.526976474387858, 0.0 ], [ 26.40009715860187, 37.526924489729318, 0.0 ], [ 26.400238797182631, 37.526809801042631, 0.0 ], [ 26.4002919257175, 37.526760617196075, 0.0 ], [ 26.400391134502946, 37.526659777617049, 0.0 ], [ 26.400438933943949, 37.526614241801269, 0.0 ], [ 26.400529658206022, 37.526541415753393, 0.0 ], [ 26.400570586027083, 37.526505974661042, 0.0 ], [ 26.400605808195518, 37.526466348389988, 0.0 ], [ 26.40064026890909, 37.526404350262972, 0.0 ], [ 26.400662681230415, 37.526334155163873, 0.0 ], [ 26.400675848917889, 37.526258724938259, 0.0 ], [ 26.400681538912821, 37.526180445050166, 0.0 ], [ 26.400680640891643, 37.526101336714653, 0.0 ], [ 26.400673273938761, 37.526023243069773, 0.0 ], [ 26.400658841729797, 37.525947997471029, 0.0 ], [ 26.400636043037892, 37.525877574670751, 0.0 ], [ 26.400602844491111, 37.525814229247125, 0.0 ], [ 26.40057033683135, 37.525772255014786, 0.0 ], [ 26.40049801080243, 37.525693447576906, 0.0 ], [ 26.400465292919655, 37.525651194626441, 0.0 ], [ 26.400431182454707, 37.525587348629493, 0.0 ], [ 26.400406090961571, 37.52551644252366, 0.0 ], [ 26.400387057561442, 37.525440847079622, 0.0 ], [ 26.400341733892926, 37.525205377450412, 0.0 ], [ 26.400322860283076, 37.525130031965283, 0.0 ], [ 26.400297914613891, 37.525059536492122, 0.0 ], [ 26.400263818418608, 37.524996298423453, 0.0 ], [ 26.400218937814078, 37.524941586454318, 0.0 ], [ 26.400169205627844, 37.524890723711948, 0.0 ], [ 26.400122234305563, 37.524837708730374, 0.0 ], [ 26.400088672472958, 37.52478700378758, 0.0 ], [ 26.400060005184301, 37.524732445115568, 0.0 ], [ 26.400007023127763, 37.524619858128602, 0.0 ], [ 26.399977547279505, 37.524565873686399, 0.0 ], [ 26.399942407584224, 37.524516307392602, 0.0 ], [ 26.399898486082819, 37.524473605280505, 0.0 ], [ 26.399843517003628, 37.5244395490244, 0.0 ], [ 26.399779889581065, 37.52441225528942, 0.0 ], [ 26.399710863070091, 37.524389167918827, 0.0 ], [ 26.399568378865983, 37.524346401175826, 0.0 ], [ 26.399500615256628, 37.524322292234046, 0.0 ], [ 26.399439133439337, 37.524293308290737, 0.0 ], [ 26.399392212819023, 37.524262645070401, 0.0 ], [ 26.399349886344826, 37.524228534358947, 0.0 ], [ 26.399268938087534, 37.524158271273819, 0.0 ], [ 26.399183944157855, 37.524093312538461, 0.0 ], [ 26.399144562508344, 37.524059715030987, 0.0 ], [ 26.3991113787133, 37.524022542832682, 0.0 ], [ 26.399080687802254, 37.523965072852569, 0.0 ], [ 26.39906392937117, 37.523900992712299, 0.0 ], [ 26.399058997750728, 37.523833692095025, 0.0 ], [ 26.39906477910958, 37.523766335059172, 0.0 ], [ 26.399081074505535, 37.523702071572309, 0.0 ], [ 26.399108530649613, 37.523644242578833, 0.0 ], [ 26.399136430718212, 37.523606627333891, 0.0 ], [ 26.399196442056709, 37.523539097197244, 0.0 ], [ 26.399220116354574, 37.52350470293139, 0.0 ], [ 26.399234537254593, 37.523467610341427, 0.0 ], [ 26.399239172786174, 37.523428978311898, 0.0 ], [ 26.39923396017786, 37.523390625745336, 0.0 ], [ 26.39921843659139, 37.523354385981186, 0.0 ], [ 26.399192590254948, 37.523321480317009, 0.0 ], [ 26.399159471668288, 37.523290500424331, 0.0 ], [ 26.399085638291233, 37.523226179872758, 0.0 ], [ 26.399039540328666, 37.523176493554658, 0.0 ], [ 26.398994462837475, 37.523123659476937, 0.0 ], [ 26.398945893166488, 37.52307190023452, 0.0 ], [ 26.398835383988889, 37.522975731036901, 0.0 ], [ 26.398785919711219, 37.522922174981453, 0.0 ], [ 26.398751600178841, 37.52286573746067, 0.0 ], [ 26.398725673101239, 37.522802713179743, 0.0 ], [ 26.398705680808028, 37.522735286015639, 0.0 ], [ 26.398689509188507, 37.522665450828356, 0.0 ], [ 26.398661244315679, 37.522526329280872, 0.0 ], [ 26.398645693902857, 37.522461226033862, 0.0 ], [ 26.398626846677445, 37.52240237889459, 0.0 ], [ 26.398602762410619, 37.52235286597471, 0.0 ], [ 26.398571243392702, 37.522316487032569, 0.0 ], [ 26.398538345089232, 37.522298897218995, 0.0 ], [ 26.39850206691068, 37.522292918943414, 0.0 ], [ 26.398465854848904, 37.522298330793326, 0.0 ], [ 26.398433175969693, 37.522315463339133, 0.0 ], [ 26.398401561113019, 37.522352712332868, 0.0 ], [ 26.39837839889519, 37.522404156672117, 0.0 ], [ 26.398361830886088, 37.522465925817286, 0.0 ], [ 26.398350452300825, 37.522534995204488, 0.0 ], [ 26.398343267380707, 37.52260899430572, 0.0 ], [ 26.398339637726863, 37.522686041867495, 0.0 ], [ 26.398339258406303, 37.522764600409566, 0.0 ], [ 26.398342135881251, 37.52284335231424, 0.0 ], [ 26.398348596957938, 37.522921090605116, 0.0 ], [ 26.398359293472264, 37.52299661792248, 0.0 ], [ 26.398375239124903, 37.523068660164938, 0.0 ], [ 26.398397848375659, 37.523135773781163, 0.0 ], [ 26.398428988380374, 37.523196271720039, 0.0 ], [ 26.3984613292841, 37.523239861241471, 0.0 ], [ 26.398533000932066, 37.523321273231502, 0.0 ], [ 26.398565240518014, 37.523364627777397, 0.0 ], [ 26.398596618267394, 37.523425652516387, 0.0 ], [ 26.398619261116103, 37.523493345742402, 0.0 ], [ 26.398635260818942, 37.523566074421176, 0.0 ], [ 26.398646306580194, 37.523642530901775, 0.0 ], [ 26.398653755428889, 37.523721669307697, 0.0 ], [ 26.398658715117893, 37.523802644377362, 0.0 ], [ 26.398670878994963, 37.524131829961846, 0.0 ], [ 26.3986759980735, 37.524212409785058, 0.0 ], [ 26.398683792566491, 37.524290890525371, 0.0 ], [ 26.39869550221643, 37.524366307988636, 0.0 ], [ 26.398712682423113, 37.524437450056517, 0.0 ], [ 26.398737293408225, 37.524502779176885, 0.0 ], [ 26.398771803963044, 37.524560350952832, 0.0 ], [ 26.398820958198957, 37.524612069528004, 0.0 ], [ 26.398932925078643, 37.524704640492814, 0.0 ], [ 26.398971125499717, 37.524742185690506, 0.0 ], [ 26.399043093470006, 37.524820174130561, 0.0 ], [ 26.399080874261042, 37.524857261021573, 0.0 ], [ 26.399163230565108, 37.524924342468751, 0.0 ], [ 26.399202357584254, 37.524958170422849, 0.0 ], [ 26.399235731697036, 37.524995228775197, 0.0 ], [ 26.399267091548374, 37.525052229119026, 0.0 ], [ 26.399284687956264, 37.525115715443704, 0.0 ], [ 26.399290310842122, 37.525182544199254, 0.0 ], [ 26.399284720116054, 37.525249807241416, 0.0 ], [ 26.399267687656302, 37.525314658859109, 0.0 ], [ 26.399238000670611, 37.52537413817862, 0.0 ], [ 26.399207005652581, 37.525413983624254, 0.0 ], [ 26.39913538124334, 37.525489831337438, 0.0 ], [ 26.39910214467228, 37.525531159653234, 0.0 ], [ 26.399068510571627, 37.525590911098369, 0.0 ], [ 26.399043201422508, 37.52565799634025, 0.0 ], [ 26.399024269407377, 37.525730631938046, 0.0 ], [ 26.399010163564352, 37.525807413878645, 0.0 ], [ 26.398999673520098, 37.525887256541971, 0.0 ], [ 26.398986053990484, 37.52605295615956, 0.0 ], [ 26.398978589937027, 37.526223007601295, 0.0 ], [ 26.398975360899758, 37.526479329540301, 0.0 ], [ 26.398980693770511, 37.526646161511906, 0.0 ], [ 26.398987592685515, 37.52672640322757, 0.0 ], [ 26.398999079104719, 37.526803056136465, 0.0 ], [ 26.399017229123537, 37.526874454166254, 0.0 ], [ 26.399045004059928, 37.52693827253168, 0.0 ], [ 26.399095544558868, 37.52699219943684, 0.0 ], [ 26.399172831503734, 37.527030911034771, 0.0 ], [ 26.399272791570958, 37.527058010870277, 0.0 ], [ 26.399387860648257, 37.527075509916031, 0.0 ], [ 26.39951053214487, 37.527085378346101, 0.0 ], [ 26.39963346061014, 37.527089459629082, 0.0 ], [ 26.399749466147835, 37.527089466835442, 0.0 ], [ 26.399851471437859, 37.527087029873726, 0.0 ] ] ] ] } },
{ "type": "Feature", "properties": { "Shape_Leng": 2944.2111266500001, "Shape_Area": 0.11691873335, "Region": "North Aegean", "Subregion": "Central Aegean Islands", "Methodolog": "Landsat-8/ Google Earth", "Year": 2015, "Pres_Pan": 1 }, "geometry": { "type": "MultiPolygon", "coordinates": [ [ [ [ 26.49877721588846, 37.528599409928631, 0.0 ], [ 26.498793192058141, 37.528520779292094, 0.0 ], [ 26.498802748305643, 37.528438391661396, 0.0 ], [ 26.498807073502778, 37.528353965565358, 0.0 ], [ 26.49880670582009, 37.528269013430418, 0.0 ], [ 26.498801574730876, 37.528184981268886, 0.0 ], [ 26.498791001119468, 37.528103387451544, 0.0 ], [ 26.498773657694919, 37.52802595871529, 0.0 ], [ 26.498747490009897, 37.527954772411135, 0.0 ], [ 26.498709611622498, 37.527892403804628, 0.0 ], [ 26.498658212902804, 37.527840468179079, 0.0 ], [ 26.498537723238247, 37.527750276627273, 0.0 ], [ 26.498420353808481, 37.527657589440388, 0.0 ], [ 26.498353481830055, 37.527617773451183, 0.0 ], [ 26.498274062544745, 37.527587982290754, 0.0 ], [ 26.498184545401607, 37.527566413185859, 0.0 ], [ 26.49808877059483, 37.527550250795102, 0.0 ], [ 26.497797945030634, 37.527511581218747, 0.0 ], [ 26.497711714702906, 37.527495122824106, 0.0 ], [ 26.497638112477112, 37.527473260680686, 0.0 ], [ 26.497583019844861, 37.527443385029628, 0.0 ], [ 26.497557381627388, 37.527414553213973, 0.0 ], [ 26.497544923723453, 37.527382049729994, 0.0 ], [ 26.497544872372938, 37.527348322217826, 0.0 ], [ 26.497557037263654, 37.527315772626103, 0.0 ], [ 26.497590948416271, 37.527276791964724, 0.0 ], [ 26.497687742941505, 37.527203165681819, 0.0 ], [ 26.497759817986154, 37.527143309109327, 0.0 ], [ 26.497797065279784, 37.527116356437958, 0.0 ], [ 26.497837855223874, 37.527095204189052, 0.0 ], [ 26.497883601018778, 37.527082327608859, 0.0 ], [ 26.497932502293843, 37.527077788221675, 0.0 ], [ 26.497982055021854, 37.527081311904183, 0.0 ], [ 26.498029833543164, 37.527092972519121, 0.0 ], [ 26.498074285837863, 37.527112509145141, 0.0 ], [ 26.498161555452832, 37.527164093168359, 0.0 ], [ 26.498209951082703, 37.527190040764985, 0.0 ], [ 26.49828405725107, 37.527219752490957, 0.0 ], [ 26.498366272141578, 37.52724517344771, 0.0 ], [ 26.498539298383104, 37.527292774764838, 0.0 ], [ 26.498622830072563, 37.527319777093609, 0.0 ], [ 26.49869944935369, 37.527352364945052, 0.0 ], [ 26.498750815837333, 37.527381545776244, 0.0 ], [ 26.49884823806628, 37.527443408068848, 0.0 ], [ 26.498900805559664, 37.527470668319168, 0.0 ], [ 26.498959563586279, 37.527492374451349, 0.0 ], [ 26.499023782682457, 37.527508841978502, 0.0 ], [ 26.499092052803409, 37.527520844182717, 0.0 ], [ 26.49916310963285, 37.527528944002164, 0.0 ], [ 26.499246239867666, 37.527533872965854, 0.0 ], [ 26.499329838289068, 37.527534388109807, 0.0 ], [ 26.499412253592162, 37.527530373910572, 0.0 ], [ 26.49949174586153, 37.527521365283, 0.0 ], [ 26.499566386409395, 37.52750652987644, 0.0 ], [ 26.49963396254628, 37.527484628639165, 0.0 ], [ 26.499691868604682, 37.527453971266809, 0.0 ], [ 26.499738282340704, 37.527413388844273, 0.0 ], [ 26.499775950584983, 37.527365309443212, 0.0 ], [ 26.499808456255948, 37.527312768809885, 0.0 ], [ 26.499871100606729, 37.527205253218746, 0.0 ], [ 26.499907681107832, 37.52715557477142, 0.0 ], [ 26.499952301865708, 37.527112302505792, 0.0 ], [ 26.500017614882047, 37.527072417274439, 0.0 ], [ 26.500093761908332, 37.527041179614287, 0.0 ], [ 26.500342712469337, 37.526963517254643, 0.0 ], [ 26.500418765633626, 37.52693194975825, 0.0 ], [ 26.500469881056869, 37.526903530100746, 0.0 ], [ 26.500566091336609, 37.526842153991673, 0.0 ], [ 26.500617028358285, 37.526814087691555, 0.0 ], [ 26.500681260165404, 37.526787378872655, 0.0 ], [ 26.500749992194748, 37.526765154243222, 0.0 ], [ 26.500888863340762, 37.526726317959749, 0.0 ], [ 26.500952648066537, 37.526705977776913, 0.0 ], [ 26.501007891666131, 37.526682497853379, 0.0 ], [ 26.501050334745205, 37.526653829159358, 0.0 ], [ 26.501078922532965, 37.526612411008088, 0.0 ], [ 26.501085720724337, 37.52656659473832, 0.0 ], [ 26.501071497631063, 37.526521901547355, 0.0 ], [ 26.501047387156024, 37.526491786454592, 0.0 ], [ 26.501015132478805, 37.526463806593739, 0.0 ], [ 26.500941014680897, 37.526408113508303, 0.0 ], [ 26.500869758641016, 37.52634832716182, 0.0 ], [ 26.500832899403356, 37.526321475705828, 0.0 ], [ 26.500792379587359, 37.52630040687945, 0.0 ], [ 26.500746708855836, 37.526287553778694, 0.0 ], [ 26.500697634179748, 37.526282950576253, 0.0 ], [ 26.500647599553076, 37.526286294074097, 0.0 ], [ 26.500598952565166, 37.52629761293597, 0.0 ], [ 26.500553151884162, 37.526316575283175, 0.0 ], [ 26.500461376842679, 37.526365766891359, 0.0 ], [ 26.500409561782867, 37.526389522669461, 0.0 ], [ 26.500335840851957, 37.526413053089378, 0.0 ], [ 26.500252788643511, 37.526430720086871, 0.0 ], [ 26.50016284890323, 37.526443702830512, 0.0 ], [ 26.500068004619827, 37.526452901890643, 0.0 ], [ 26.499969886098825, 37.526458956774761, 0.0 ], [ 26.499869892484927, 37.526462259573343, 0.0 ], [ 26.499769285968593, 37.526462963777519, 0.0 ], [ 26.499669300210545, 37.526460978378395, 0.0 ], [ 26.499571242992719, 37.526455958483602, 0.0 ], [ 26.499476601720158, 37.526447279654036, 0.0 ], [ 26.499387157456965, 37.526433996740693, 0.0 ], [ 26.499305110027716, 37.526414795278434, 0.0 ], [ 26.499233217425811, 37.526387930861851, 0.0 ], [ 26.499183778779653, 37.52635961054655, 0.0 ], [ 26.499140361845892, 37.526327393264715, 0.0 ], [ 26.499061214295295, 37.526261032394039, 0.0 ], [ 26.498983893674957, 37.526202452841254, 0.0 ], [ 26.498951166967647, 37.526173897557726, 0.0 ], [ 26.498927089121427, 37.526143578569105, 0.0 ], [ 26.498914823878785, 37.526110416926805, 0.0 ], [ 26.49891459984412, 37.526075973968275, 0.0 ], [ 26.498926327490611, 37.52604244945833, 0.0 ], [ 26.498950463471669, 37.526012067640309, 0.0 ], [ 26.498993278530342, 37.5259831403866, 0.0 ], [ 26.499048302232151, 37.525958831582479, 0.0 ], [ 26.499176972090851, 37.52591472088185, 0.0 ], [ 26.499242581706302, 37.525890280669337, 0.0 ], [ 26.49930388917408, 37.525860950038883, 0.0 ], [ 26.499356858646429, 37.525823917304244, 0.0 ], [ 26.499401691948776, 37.52577211149994, 0.0 ], [ 26.499434793350396, 37.52571038028681, 0.0 ], [ 26.49945896996012, 37.525641230666075, 0.0 ], [ 26.499476407051759, 37.525566641219726, 0.0 ], [ 26.499488763522734, 37.525488176337468, 0.0 ], [ 26.499497256847704, 37.525407090753156, 0.0 ], [ 26.499502729702364, 37.525324427259427, 0.0 ], [ 26.499505700427889, 37.525241104851993, 0.0 ], [ 26.499506389691589, 37.525158005575349, 0.0 ], [ 26.499504736881857, 37.525076058882362, 0.0 ], [ 26.499500392909521, 37.524996330999073, 0.0 ], [ 26.499492698551496, 37.524920121804819, 0.0 ], [ 26.499480636079269, 37.524849074893353, 0.0 ], [ 26.499462772503154, 37.524785307636932, 0.0 ], [ 26.499437181723962, 37.524731553410732, 0.0 ], [ 26.499401342709895, 37.524691331358873, 0.0 ], [ 26.499364020053729, 37.524671198183547, 0.0 ], [ 26.49932129259118, 37.524661302793319, 0.0 ], [ 26.499276123089416, 37.524660818287273, 0.0 ], [ 26.499231329672181, 37.524669329946704, 0.0 ], [ 26.499188820969056, 37.524686123311859, 0.0 ], [ 26.499103743860459, 37.52473155037908, 0.0 ], [ 26.499056315272426, 37.524753079698193, 0.0 ], [ 26.49898420984519, 37.524774231203679, 0.0 ], [ 26.49890568627681, 37.524786584683262, 0.0 ], [ 26.498825948652097, 37.524790564327873, 0.0 ], [ 26.498750248930961, 37.5247859607314, 0.0 ], [ 26.498684263046137, 37.524771876970917, 0.0 ], [ 26.498634493353297, 37.524746650698219, 0.0 ], [ 26.498611547673313, 37.524719623843517, 0.0 ], [ 26.498600701441624, 37.524687642344013, 0.0 ], [ 26.498601108878962, 37.524653197723744, 0.0 ], [ 26.498612399326856, 37.52461864348485, 0.0 ], [ 26.498642538355099, 37.524574732066661, 0.0 ], [ 26.498681228469103, 37.524530304405026, 0.0 ], [ 26.498718144139815, 37.524480815668753, 0.0 ], [ 26.49874498318275, 37.524423019096105, 0.0 ], [ 26.498761017295195, 37.524359772292854, 0.0 ], [ 26.498766821376002, 37.524295316452829, 0.0 ], [ 26.498762186718828, 37.52423394089513, 0.0 ], [ 26.49874604568954, 37.524180302759596, 0.0 ], [ 26.498716400514922, 37.524139768241078, 0.0 ], [ 26.498672268330292, 37.524117162089347, 0.0 ], [ 26.498619850118164, 37.524112202537196, 0.0 ], [ 26.498566711369527, 37.524124405023045, 0.0 ], [ 26.498529925455262, 37.524144619376543, 0.0 ], [ 26.498494803235833, 37.524171698499487, 0.0 ], [ 26.498421375128537, 37.524234951678437, 0.0 ], [ 26.498336195722793, 37.524298505802157, 0.0 ], [ 26.498293720266709, 37.524332538669491, 0.0 ], [ 26.498255050930169, 37.524370539768633, 0.0 ], [ 26.498212436085272, 37.524429323447279, 0.0 ], [ 26.498176925401204, 37.524494413394343, 0.0 ], [ 26.498144006356473, 37.524561796841276, 0.0 ], [ 26.498109223616687, 37.524627581457253, 0.0 ], [ 26.498067895715675, 37.524687710278535, 0.0 ], [ 26.498014798321812, 37.524737658418751, 0.0 ], [ 26.497945887720704, 37.5247737645144, 0.0 ], [ 26.497864176361208, 37.524797910341405, 0.0 ], [ 26.497773788789907, 37.524812652526137, 0.0 ], [ 26.497678165335525, 37.524819708807357, 0.0 ], [ 26.497580312841585, 37.524820046448795, 0.0 ], [ 26.497483026084012, 37.524813939731708, 0.0 ], [ 26.497389118464312, 37.524801000217735, 0.0 ], [ 26.497301638943888, 37.524780167652999, 0.0 ], [ 26.497224088406252, 37.524749683763154, 0.0 ], [ 26.497174052512225, 37.52471968377445, 0.0 ], [ 26.497128784404833, 37.524685608890351, 0.0 ], [ 26.497040822245559, 37.524615488799604, 0.0 ], [ 26.496993301496481, 37.524583786445504, 0.0 ], [ 26.496895879370499, 37.524525057566628, 0.0 ], [ 26.496850669513762, 37.524495232898246, 0.0 ], [ 26.496748578639565, 37.524414801469135, 0.0 ], [ 26.496698170500029, 37.524386010358853, 0.0 ], [ 26.496656997601722, 37.524375047509835, 0.0 ], [ 26.496614791389366, 37.524373915367079, 0.0 ], [ 26.496574431114659, 37.524382810756649, 0.0 ], [ 26.496538912270715, 37.524402396640632, 0.0 ], [ 26.496505005835093, 37.524441634628666, 0.0 ], [ 26.496480272043044, 37.524494281255528, 0.0 ], [ 26.496462256921081, 37.524556742431137, 0.0 ], [ 26.496448976628528, 37.524626188195349, 0.0 ], [ 26.496438807610602, 37.524700380221894, 0.0 ], [ 26.496414177219876, 37.524934767551656, 0.0 ], [ 26.496404213163792, 37.525012292144787, 0.0 ], [ 26.496391526399339, 37.525087360150465, 0.0 ], [ 26.496374868424919, 37.525158530923349, 0.0 ], [ 26.496352806158804, 37.525224121710714, 0.0 ], [ 26.49632366784882, 37.525282112374136, 0.0 ], [ 26.49628387145453, 37.525335119866263, 0.0 ], [ 26.49624286854014, 37.525382347743275, 0.0 ], [ 26.496210187164049, 37.525429399625025, 0.0 ], [ 26.496194035931243, 37.525480108376406, 0.0 ], [ 26.496195707946931, 37.525531821648642, 0.0 ], [ 26.496215832659249, 37.525580205182301, 0.0 ], [ 26.496254416026712, 37.525622280587321, 0.0 ], [ 26.496358659520812, 37.525701302569082, 0.0 ], [ 26.496437919369153, 37.525768270295011, 0.0 ], [ 26.496480307387625, 37.525801197925446, 0.0 ], [ 26.496527816056201, 37.525830823610328, 0.0 ], [ 26.496590604013427, 37.525858653647433, 0.0 ], [ 26.496660397432827, 37.525881479252611, 0.0 ], [ 26.496883819528207, 37.525940768176739, 0.0 ], [ 26.49695421074172, 37.525964143268375, 0.0 ], [ 26.497017983687673, 37.525992865988187, 0.0 ], [ 26.497066758159946, 37.526023626236245, 0.0 ], [ 26.497110896601718, 37.526058103501953, 0.0 ], [ 26.497195695807395, 37.526129882723261, 0.0 ], [ 26.497285435066129, 37.526197555420403, 0.0 ], [ 26.49732776833546, 37.526233097186569, 0.0 ], [ 26.497364436870058, 37.526272722885203, 0.0 ], [ 26.497400814540711, 37.526334461384359, 0.0 ], [ 26.497424738378939, 37.526404276218202, 0.0 ], [ 26.497438671975299, 37.52647922893167, 0.0 ], [ 26.49744411375994, 37.526556719587781, 0.0 ], [ 26.497441670821427, 37.526634291463317, 0.0 ], [ 26.497431075950999, 37.526709429735732, 0.0 ], [ 26.497411175969091, 37.52677934725952, 0.0 ], [ 26.497379859947813, 37.526840766206604, 0.0 ], [ 26.497333953535552, 37.526889667080297, 0.0 ], [ 26.497280986178477, 37.526918877925795, 0.0 ], [ 26.497218270338216, 37.52693754805037, 0.0 ], [ 26.497149414653194, 37.526947384441186, 0.0 ], [ 26.497077635040199, 37.526949548202197, 0.0 ], [ 26.497005927405919, 37.526944710375531, 0.0 ], [ 26.496937227802185, 37.526933104423705, 0.0 ], [ 26.496874560854334, 37.526914566343741, 0.0 ], [ 26.496826366371284, 37.52689293487861, 0.0 ], [ 26.496740247611367, 37.526846713392807, 0.0 ], [ 26.496697093414259, 37.526829172748499, 0.0 ], [ 26.496651319916516, 37.526819606671225, 0.0 ], [ 26.496604657359267, 37.526818667028813, 0.0 ], [ 26.496559724535647, 37.526826676907497, 0.0 ], [ 26.496519237621861, 37.526844334913463, 0.0 ], [ 26.496480860256025, 37.526876735023876, 0.0 ], [ 26.496449116440633, 37.526919308320437, 0.0 ], [ 26.496421385213214, 37.526968749005178, 0.0 ], [ 26.496368596889042, 37.527077013195822, 0.0 ], [ 26.496339121176192, 37.527130808097716, 0.0 ], [ 26.496304634625055, 37.527181156689259, 0.0 ], [ 26.496256962888683, 37.527233845015893, 0.0 ], [ 26.496207541770058, 37.527284054349096, 0.0 ], [ 26.496164785879991, 37.527337310926015, 0.0 ], [ 26.49613573973069, 37.527397684897565, 0.0 ], [ 26.496120404147753, 37.527463062191444, 0.0 ], [ 26.496117941380415, 37.52752993258251, 0.0 ], [ 26.496128730483044, 37.527594799758759, 0.0 ], [ 26.496154433983037, 37.52765394111038, 0.0 ], [ 26.496198112565793, 37.527703148478004, 0.0 ], [ 26.496262330997737, 37.527739086565475, 0.0 ], [ 26.496343088262748, 37.527763958528141, 0.0 ], [ 26.496435751746752, 37.527780741441028, 0.0 ], [ 26.496536815753579, 37.527791732526822, 0.0 ], [ 26.496643635098728, 37.527798703476989, 0.0 ], [ 26.496754204337652, 37.527803032179783, 0.0 ], [ 26.497094157457461, 37.527810427403239, 0.0 ], [ 26.497206348184442, 37.527813977039479, 0.0 ], [ 26.49731600643414, 37.527819623023888, 0.0 ], [ 26.497421656406782, 37.52782854193223, 0.0 ], [ 26.497521429546872, 37.527842211524536, 0.0 ], [ 26.497612906580162, 37.527862525829519, 0.0 ], [ 26.497692942829367, 37.527891917791536, 0.0 ], [ 26.497743917118552, 37.527921077621521, 0.0 ], [ 26.497789283485616, 37.527954568909308, 0.0 ], [ 26.497874264407137, 37.52802536600479, 0.0 ], [ 26.497961541618885, 37.528092137729253, 0.0 ], [ 26.498001560336771, 37.528126802740594, 0.0 ], [ 26.498035016471572, 37.528164994895299, 0.0 ], [ 26.498065322472787, 37.528223530153568, 0.0 ], [ 26.498080432862519, 37.528288007386692, 0.0 ], [ 26.498081763481231, 37.528354572217914, 0.0 ], [ 26.498069404976551, 37.528419431653809, 0.0 ], [ 26.498042105635349, 37.528478576898159, 0.0 ], [ 26.497997211991201, 37.528527495342338, 0.0 ], [ 26.497932583693878, 37.528562504266326, 0.0 ], [ 26.497852658460356, 37.528585434550529, 0.0 ], [ 26.497762623293998, 37.528598768063624, 0.0 ], [ 26.497666753334496, 37.528604108451624, 0.0 ], [ 26.497568740830669, 37.528602274201802, 0.0 ], [ 26.497472010086177, 37.528593344244221, 0.0 ], [ 26.497380016776098, 37.528576675948031, 0.0 ], [ 26.497296530261462, 37.528550888333939, 0.0 ], [ 26.497225929609243, 37.528513815259487, 0.0 ], [ 26.497171428034733, 37.528464058691426, 0.0 ], [ 26.497129085556416, 37.528405855339621, 0.0 ], [ 26.497061019827957, 37.528285198687072, 0.0 ], [ 26.497026554911724, 37.528233303298251, 0.0 ], [ 26.496986226161599, 37.528194894884535, 0.0 ], [ 26.496950388554097, 37.528178510719044, 0.0 ], [ 26.496912056567584, 37.528173168656039, 0.0 ], [ 26.496874447753843, 37.528178823157951, 0.0 ], [ 26.496840857721583, 37.528195937082707, 0.0 ], [ 26.496806337180832, 37.528236720080812, 0.0 ], [ 26.49678195360962, 37.528293618116649, 0.0 ], [ 26.496765289713387, 37.528361936048583, 0.0 ], [ 26.496754626526439, 37.52843803631135, 0.0 ], [ 26.496748861974144, 37.528519068497296, 0.0 ], [ 26.496747455154381, 37.528602723624616, 0.0 ], [ 26.496750401370196, 37.528687028305953, 0.0 ], [ 26.496758238082499, 37.528770149977163, 0.0 ], [ 26.496772083092882, 37.528850218565523, 0.0 ], [ 26.496793719385266, 37.528925156182211, 0.0 ], [ 26.496825696806695, 37.528992502852752, 0.0 ], [ 26.496871481115132, 37.529049237640152, 0.0 ], [ 26.496923834848296, 37.529087614281117, 0.0 ], [ 26.49698542879419, 37.529118706189507, 0.0 ], [ 26.497052535021044, 37.529145408265599, 0.0 ], [ 26.497189753008822, 37.529196203907254, 0.0 ], [ 26.497253255693607, 37.529225454821137, 0.0 ], [ 26.497308701351241, 37.529260890345924, 0.0 ], [ 26.497359980746726, 37.529312501961947, 0.0 ], [ 26.497400159964851, 37.529372384742999, 0.0 ], [ 26.497433703237956, 37.52943675319235, 0.0 ], [ 26.49749625934767, 37.529565013698857, 0.0 ], [ 26.497532357465012, 37.529621844129139, 0.0 ], [ 26.497574295674291, 37.529670204656298, 0.0 ], [ 26.497615276572283, 37.52971371208568, 0.0 ], [ 26.497645984010635, 37.529757306229975, 0.0 ], [ 26.497656970028721, 37.529792310843852, 0.0 ], [ 26.497656716906999, 37.529828066933931, 0.0 ], [ 26.497645053463632, 37.529862496500492, 0.0 ], [ 26.497621282521532, 37.529893424534819, 0.0 ], [ 26.497570591921669, 37.529926801959611, 0.0 ], [ 26.497504195198694, 37.529953716239405, 0.0 ], [ 26.497351753123723, 37.53000246620109, 0.0 ], [ 26.497278599126339, 37.530031492308368, 0.0 ], [ 26.497216646931843, 37.530068993547751, 0.0 ], [ 26.497177284604451, 37.530110506282284, 0.0 ], [ 26.497150161602452, 37.530158964637522, 0.0 ], [ 26.497134053375827, 37.5302117487958, 0.0 ], [ 26.497128491213154, 37.530266340092318, 0.0 ], [ 26.497133822655929, 37.53032016474247, 0.0 ], [ 26.497151495326381, 37.530370452666787, 0.0 ], [ 26.497192387957419, 37.530414904691838, 0.0 ], [ 26.497275552270946, 37.530455121827373, 0.0 ], [ 26.497388195733052, 37.53048331580645, 0.0 ], [ 26.49751927280483, 37.530501636080345, 0.0 ], [ 26.497657944136659, 37.530512206146135, 0.0 ], [ 26.497793685721767, 37.53051700319876, 0.0 ], [ 26.49791622754552, 37.530517850418249, 0.0 ], [ 26.49810073739766, 37.530514190562911, 0.0 ], [ 26.498096402969406, 37.530502064712259, 0.0 ], [ 26.498103342052651, 37.530478482031327, 0.0 ], [ 26.498120548425426, 37.530445977080284, 0.0 ], [ 26.498147982918546, 37.530407581200699, 0.0 ], [ 26.498185274496464, 37.530365976807332, 0.0 ], [ 26.498275591564074, 37.530273756129404, 0.0 ], [ 26.49831882267501, 37.530221142069585, 0.0 ], [ 26.498358476609376, 37.530154174739287, 0.0 ], [ 26.49838566100291, 37.5300826259381, 0.0 ], [ 26.498399857447687, 37.530010727563479, 0.0 ], [ 26.49840087344004, 37.529943017304454, 0.0 ], [ 26.498388893865471, 37.529883576092288, 0.0 ], [ 26.498366737956388, 37.529829472331222, 0.0 ], [ 26.498334302278138, 37.529780827154603, 0.0 ], [ 26.498297072569944, 37.529743714337698, 0.0 ], [ 26.498167168597391, 37.529641937591869, 0.0 ], [ 26.498115238102951, 37.529591115097539, 0.0 ], [ 26.498066106521129, 37.529538140906276, 0.0 ], [ 26.498014917445197, 37.529487322498298, 0.0 ], [ 26.497931055018022, 37.529419006128819, 0.0 ], [ 26.49789170082202, 37.529384609101626, 0.0 ], [ 26.497858608516257, 37.529347094984011, 0.0 ], [ 26.497831894883465, 37.529298501582986, 0.0 ], [ 26.497816445365242, 37.529245429962238, 0.0 ], [ 26.497811240293135, 37.529190249161779, 0.0 ], [ 26.497815977342817, 37.529135225628089, 0.0 ], [ 26.497831061962398, 37.529082643268076, 0.0 ], [ 26.497857620234345, 37.529034917620422, 0.0 ], [ 26.497897537004828, 37.528994721206054, 0.0 ], [ 26.497962592429179, 37.528959785261506, 0.0 ], [ 26.498042998778004, 37.528935019917533, 0.0 ], [ 26.498133513582584, 37.528916925249554, 0.0 ], [ 26.498424893532238, 37.528874051973887, 0.0 ], [ 26.498516479406991, 37.528854592552342, 0.0 ], [ 26.498598811744966, 37.528827570172631, 0.0 ], [ 26.498667085144767, 37.528789224316149, 0.0 ], [ 26.498717452867808, 37.528736582494766, 0.0 ], [ 26.498752896053684, 37.528672210231477, 0.0 ], [ 26.49877721588846, 37.528599409928631, 0.0 ] ] ] ] } },
{ "type": "Feature", "properties": { "Shape_Leng": 1047.66330122, "Shape_Area": 0.0319067246, "Region": "North Aegean", "Subregion": "Central Aegean Islands", "Methodolog": "Landsat-8/ Google Earth", "Year": 2015, "Pres_Pan": 1 }, "geometry": { "type": "MultiPolygon", "coordinates": [ [ [ [ 26.505920682465888, 37.533008251725832, 0.0 ], [ 26.506008573899653, 37.532654942746071, 0.0 ], [ 26.506037409931299, 37.532248833119006, 0.0 ], [ 26.506211818573171, 37.531965773136172, 0.0 ], [ 26.506256018898721, 37.531975673415928, 0.0 ], [ 26.506257280200749, 37.531964171601423, 0.0 ], [ 26.506269273593077, 37.531897225855168, 0.0 ], [ 26.506286736158579, 37.531837424403783, 0.0 ], [ 26.506311446379975, 37.531787225618984, 0.0 ], [ 26.506345658645621, 37.531749783351444, 0.0 ], [ 26.506396236481933, 37.531726403569401, 0.0 ], [ 26.50645457877302, 37.531720795038886, 0.0 ], [ 26.506513854008006, 37.531731424013223, 0.0 ], [ 26.506555834183217, 37.531749165232078, 0.0 ], [ 26.506639982760341, 37.531796552102691, 0.0 ], [ 26.506687110083636, 37.531819150106557, 0.0 ], [ 26.506748251393024, 37.531839174194836, 0.0 ], [ 26.506814867385547, 37.531852785756548, 0.0 ], [ 26.506845389545379, 37.531856128612908, 0.0 ], [ 26.50687159377442, 37.531816595337247, 0.0 ], [ 26.507016615727483, 37.531606245413407, 0.0 ], [ 26.507032371244801, 37.531562221113013, 0.0 ], [ 26.507030828834655, 37.531560055109843, 0.0 ], [ 26.507000853767291, 37.531497463784362, 0.0 ], [ 26.506978971714439, 37.53142565497685, 0.0 ], [ 26.506963324462458, 37.531347088604349, 0.0 ], [ 26.506952409628841, 37.531263632188534, 0.0 ], [ 26.506945034063168, 37.531176689807118, 0.0 ], [ 26.506940249924174, 37.531087320599539, 0.0 ], [ 26.506935564358166, 37.530904362095256, 0.0 ], [ 26.506930139638392, 37.530538160297972, 0.0 ], [ 26.506926260966488, 37.530450620073857, 0.0 ], [ 26.506919789833674, 37.530366926880504, 0.0 ], [ 26.506909527726066, 37.530288931869585, 0.0 ], [ 26.506893909390914, 37.530219158116729, 0.0 ], [ 26.506870895508186, 37.530161008358675, 0.0 ], [ 26.506837851217991, 37.530119023493711, 0.0 ], [ 26.506805364592545, 37.530100989715628, 0.0 ], [ 26.506768862375854, 37.530094415318935, 0.0 ], [ 26.506731681162183, 37.53009888790838, 0.0 ], [ 26.506697101599002, 37.53011452074054, 0.0 ], [ 26.506663768989771, 37.530145868080325, 0.0 ], [ 26.506635687429739, 37.530188222979952, 0.0 ], [ 26.506610532591644, 37.530237862659824, 0.0 ], [ 26.506560056128187, 37.530346492102225, 0.0 ], [ 26.506530140236102, 37.530399931125217, 0.0 ], [ 26.506493758806918, 37.530449247784986, 0.0 ], [ 26.506441313198597, 37.530499547173221, 0.0 ], [ 26.506325839801168, 37.530592644271721, 0.0 ], [ 26.506273917891942, 37.530643890371998, 0.0 ], [ 26.50622393355442, 37.530696536220709, 0.0 ], [ 26.506170450831284, 37.530746151025056, 0.0 ], [ 26.506125509308603, 37.530779320794501, 0.0 ], [ 26.506030569143686, 37.530841192601805, 0.0 ], [ 26.50598563751505, 37.530873985435335, 0.0 ], [ 26.505944997626525, 37.53091012135242, 0.0 ], [ 26.50586964986892, 37.530986874700226, 0.0 ], [ 26.505830351862183, 37.531023821946157, 0.0 ], [ 26.505701120061346, 37.531125176565716, 0.0 ], [ 26.505662653250702, 37.531162587316906, 0.0 ], [ 26.505621011672002, 37.531220190467216, 0.0 ], [ 26.505587588213672, 37.531284381251758, 0.0 ], [ 26.505529799948196, 37.531420057114147, 0.0 ], [ 26.505498230154146, 37.531485780101391, 0.0 ], [ 26.505460025671205, 37.531546216390581, 0.0 ], [ 26.505425501687327, 37.531586864949219, 0.0 ], [ 26.505351801530267, 37.531664568842913, 0.0 ], [ 26.505319205313274, 37.531706933661994, 0.0 ], [ 26.505293166390281, 37.531754641783607, 0.0 ], [ 26.505273105868834, 37.531807233305386, 0.0 ], [ 26.50525782252253, 37.53186374157913, 0.0 ], [ 26.505246312744251, 37.53192335706354, 0.0 ], [ 26.505235416788544, 37.532006520554411, 0.0 ], [ 26.505228164211356, 37.532092687686422, 0.0 ], [ 26.505208105152008, 37.532532791786103, 0.0 ], [ 26.50520078229194, 37.532615068407935, 0.0 ], [ 26.505189796876316, 37.532691775364462, 0.0 ], [ 26.505173542954669, 37.532760335257009, 0.0 ], [ 26.505149963661086, 37.532817308860089, 0.0 ], [ 26.505116416694051, 37.532858128536446, 0.0 ], [ 26.505071586121641, 37.532878434588852, 0.0 ], [ 26.505021649726014, 37.532878785254596, 0.0 ], [ 26.504974533553508, 37.532859738621646, 0.0 ], [ 26.50493626522562, 37.532821896685533, 0.0 ], [ 26.504905019164674, 37.532770996065338, 0.0 ], [ 26.504849508158525, 37.532655207934056, 0.0 ], [ 26.504818340509878, 37.532602284381248, 0.0 ], [ 26.504779945856608, 37.532561269476311, 0.0 ], [ 26.504744728164884, 37.532542220753747, 0.0 ], [ 26.504706378841416, 37.532533805169173, 0.0 ], [ 26.504668230896595, 37.532536142129523, 0.0 ], [ 26.50463374388093, 37.532549886337485, 0.0 ], [ 26.50459780455137, 37.532586476253115, 0.0 ], [ 26.504571922607738, 37.532639811172047, 0.0 ], [ 26.504553707942513, 37.532705419029355, 0.0 ], [ 26.504541355040729, 37.532779863369889, 0.0 ], [ 26.504533572648899, 37.532860501536668, 0.0 ], [ 26.504532954339219, 37.532950986659429, 0.0 ], [ 26.504542573585734, 37.533051863586095, 0.0 ], [ 26.504562275816863, 37.533156313111576, 0.0 ], [ 26.504591978957393, 37.533257619922814, 0.0 ], [ 26.504631545897411, 37.533349284342577, 0.0 ], [ 26.504667701566248, 37.533405484039541, 0.0 ], [ 26.504799064593772, 37.533410539771154, 0.0 ], [ 26.505023594057246, 37.533361564053671, 0.0 ], [ 26.505077253692527, 37.533342720599443, 0.0 ], [ 26.505190375610507, 37.53331676756747, 0.0 ], [ 26.505315916194615, 37.533297165142201, 0.0 ], [ 26.505316172124008, 37.5332971371814, 0.0 ], [ 26.505676143026058, 37.533202683226158, 0.0 ], [ 26.505920682465888, 37.533008251725832, 0.0 ] ] ] ] } },
{ "type": "Feature", "properties": { "Shape_Leng": 491.49060373999998, "Shape_Area": 0.01111855184, "Region": "North Aegean", "Subregion": "Central Aegean Islands", "Methodolog": "Landsat-8/ Google Earth", "Year": 2015, "Pres_Pan": 1 }, "geometry": { "type": "MultiPolygon", "coordinates": [ [ [ [ 26.498416725624843, 37.534030809165685, 0.0 ], [ 26.498398699856292, 37.534025392837044, 0.0 ], [ 26.498365830199926, 37.534029202036315, 0.0 ], [ 26.498323582402506, 37.534042549094913, 0.0 ], [ 26.498278142277876, 37.534066639450664, 0.0 ], [ 26.498235288421302, 37.534102445665454, 0.0 ], [ 26.498198095727858, 37.534148793361432, 0.0 ], [ 26.498168264143164, 37.534203386517461, 0.0 ], [ 26.498147009943935, 37.534263473463447, 0.0 ], [ 26.49813531516503, 37.534326030838038, 0.0 ], [ 26.498134084398885, 37.534387884625474, 0.0 ], [ 26.498144199602397, 37.534445792800334, 0.0 ], [ 26.498166522586303, 37.534496520068267, 0.0 ], [ 26.498200936892804, 37.534537627714045, 0.0 ], [ 26.498243161338031, 37.534571002306912, 0.0 ], [ 26.498331741139381, 37.534635427388473, 0.0 ], [ 26.498442206381792, 37.534728882347956, 0.0 ], [ 26.498504618481746, 37.534770321789274, 0.0 ], [ 26.49857865997549, 37.534802777608007, 0.0 ], [ 26.498661251932642, 37.534828660617279, 0.0 ], [ 26.49881340695573, 37.5348683621704, 0.0 ], [ 26.498877392280324, 37.534886516133263, 0.0 ], [ 26.49893837573093, 37.534907150460874, 0.0 ], [ 26.498994714493584, 37.534931560628245, 0.0 ], [ 26.499045521015287, 37.534960446692224, 0.0 ], [ 26.499141106692015, 37.535023283693178, 0.0 ], [ 26.49919224415407, 37.535052181608101, 0.0 ], [ 26.499249017563521, 37.535076657241078, 0.0 ], [ 26.499310434555529, 37.53509742366942, 0.0 ], [ 26.499374780546283, 37.535115728319056, 0.0 ], [ 26.499569350215065, 37.535166793312634, 0.0 ], [ 26.499629306045598, 37.535185886472128, 0.0 ], [ 26.499683849539696, 37.535207657955709, 0.0 ], [ 26.499731789989433, 37.535232438473955, 0.0 ], [ 26.499816645517374, 37.535280736187232, 0.0 ], [ 26.49985880730744, 37.535297835224696, 0.0 ], [ 26.499918314348353, 37.535307009946088, 0.0 ], [ 26.499976884264179, 37.53529968039242, 0.0 ], [ 26.500027585075024, 37.535274701173094, 0.0 ], [ 26.500064749191047, 37.535231141629282, 0.0 ], [ 26.500089795960111, 37.535173212444761, 0.0 ], [ 26.500105124696336, 37.535105598262227, 0.0 ], [ 26.500112166063175, 37.535032136446844, 0.0 ], [ 26.500111436217935, 37.534956116920014, 0.0 ], [ 26.500102538280952, 37.53488056328262, 0.0 ], [ 26.50008411961506, 37.534808512170137, 0.0 ], [ 26.500053750688604, 37.53474328255286, 0.0 ], [ 26.500007754632509, 37.534688759595447, 0.0 ], [ 26.499943075239909, 37.534648032219927, 0.0 ], [ 26.4998635093839, 37.53461857159472, 0.0 ], [ 26.499773741714158, 37.534596986627371, 0.0 ], [ 26.499677574533173, 37.534580470835429, 0.0 ], [ 26.499478611890702, 37.534553144787779, 0.0 ], [ 26.499381605541004, 37.534537859450289, 0.0 ], [ 26.499290320279314, 37.534518296853598, 0.0 ], [ 26.499208377716911, 37.534491592214017, 0.0 ], [ 26.499154744085025, 37.534465532559473, 0.0 ], [ 26.499056634656721, 37.534405951622716, 0.0 ], [ 26.499000135541991, 37.534374862961783, 0.0 ], [ 26.498909026391132, 37.534335315484377, 0.0 ], [ 26.498701816650684, 37.534260061969562, 0.0 ], [ 26.498603692583988, 37.534220972750923, 0.0 ], [ 26.498520578328201, 37.534179150666176, 0.0 ], [ 26.498459550310162, 37.534134412608026, 0.0 ], [ 26.498430653701956, 37.534100324318622, 0.0 ], [ 26.49841489163056, 37.534069363375878, 0.0 ], [ 26.498410503034211, 37.534045215757182, 0.0 ], [ 26.498416725624843, 37.534030809165685, 0.0 ] ] ] ] } },
{ "type": "Feature", "properties": { "Shape_Leng": 944.61322719600003, "Shape_Area": 0.05025736096, "Region": "North Aegean", "Subregion": "Central Aegean Islands", "Methodolog": "Landsat-8/ Google Earth", "Year": 2015, "Pres_Pan": 1 }, "geometry": { "type": "MultiPolygon", "coordinates": [ [ [ [ 26.495414349577764, 37.53805674036542, 0.0 ], [ 26.495301900171096, 37.538058247383873, 0.0 ], [ 26.495192199603441, 37.538062065263041, 0.0 ], [ 26.495086523455374, 37.538069185326158, 0.0 ], [ 26.494986626590027, 37.538080956431749, 0.0 ], [ 26.494894891623193, 37.53809919357704, 0.0 ], [ 26.49481451412213, 37.538126301945631, 0.0 ], [ 26.494749725165196, 37.538165435308628, 0.0 ], [ 26.494703966766767, 37.538218990946184, 0.0 ], [ 26.494673946089321, 37.538283784484356, 0.0 ], [ 26.494655863529172, 37.538355992531997, 0.0 ], [ 26.494647232560357, 37.538432549726039, 0.0 ], [ 26.494646678424036, 37.538510880847383, 0.0 ], [ 26.494653799026889, 37.538588665863102, 0.0 ], [ 26.494664447515433, 37.538645282550171, 0.0 ], [ 26.494680222119637, 37.538699310960936, 0.0 ], [ 26.49470195651293, 37.538749653912333, 0.0 ], [ 26.49473079121012, 37.538795083377302, 0.0 ], [ 26.494780805297122, 37.538847181400861, 0.0 ], [ 26.494895335653506, 37.538940781662696, 0.0 ], [ 26.494934914345809, 37.538978536077138, 0.0 ], [ 26.495011208368805, 37.539056035625862, 0.0 ], [ 26.495052463243475, 37.539092163160134, 0.0 ], [ 26.49509809504897, 37.539124716163336, 0.0 ], [ 26.495194606548036, 37.539185316332393, 0.0 ], [ 26.495240417506285, 37.539217367163374, 0.0 ], [ 26.495282045891791, 37.539252608110637, 0.0 ], [ 26.4953601496419, 37.539326870131802, 0.0 ], [ 26.495401513893672, 37.539362059847804, 0.0 ], [ 26.495446877677026, 37.539394031738524, 0.0 ], [ 26.495541934570081, 37.539454396533046, 0.0 ], [ 26.495586569094737, 37.539486792001725, 0.0 ], [ 26.495639251106724, 37.539535312494849, 0.0 ], [ 26.495738256545316, 37.539637240450361, 0.0 ], [ 26.495821357913595, 37.539706663709943, 0.0 ], [ 26.49586153523946, 37.539742456884632, 0.0 ], [ 26.495896849937033, 37.539782087179319, 0.0 ], [ 26.495929816055646, 37.539837075598271, 0.0 ], [ 26.495954187641143, 37.539898862795873, 0.0 ], [ 26.495972485815855, 37.539965474241434, 0.0 ], [ 26.495986867828869, 37.540035222448353, 0.0 ], [ 26.496025066552708, 37.540248815123995, 0.0 ], [ 26.496042101113993, 37.540316826605881, 0.0 ], [ 26.496064531024217, 37.540380717533743, 0.0 ], [ 26.496094690207311, 37.540438667814215, 0.0 ], [ 26.496138564110797, 37.540495088058876, 0.0 ], [ 26.496187449498873, 37.540547786940763, 0.0 ], [ 26.496233780176446, 37.540602741305861, 0.0 ], [ 26.496271998528943, 37.540664329269241, 0.0 ], [ 26.496359926282178, 37.540848187764944, 0.0 ], [ 26.496387886910746, 37.540895244697907, 0.0 ], [ 26.496421220986235, 37.540937931004656, 0.0 ], [ 26.496462195317719, 37.540974314459966, 0.0 ], [ 26.496523599844984, 37.541007674973237, 0.0 ], [ 26.496595850775602, 37.54103130895836, 0.0 ], [ 26.496626673141726, 37.541037409132862, 0.0 ], [ 26.496849337863225, 37.540986302825388, 0.0 ], [ 26.497193585675859, 37.540789779445063, 0.0 ], [ 26.497344177100651, 37.540722700784279, 0.0 ], [ 26.497347874133006, 37.540703536539461, 0.0 ], [ 26.497357909814301, 37.540618895150097, 0.0 ], [ 26.497364166858979, 37.540531305006134, 0.0 ], [ 26.497369906792787, 37.540351006338753, 0.0 ], [ 26.497372532325329, 37.539342029525841, 0.0 ], [ 26.497370092139569, 37.539162832992858, 0.0 ], [ 26.497366709011192, 37.539075153952545, 0.0 ], [ 26.497360803503696, 37.53898957926593, 0.0 ], [ 26.497351133416085, 37.538907068792497, 0.0 ], [ 26.49733596261061, 37.538828973121234, 0.0 ], [ 26.497312885775635, 37.538757174250023, 0.0 ], [ 26.497278614358553, 37.538694249614117, 0.0 ], [ 26.497243876370263, 37.538654204721283, 0.0 ], [ 26.497203643494721, 37.538618511412778, 0.0 ], [ 26.497114942598156, 37.538545590441181, 0.0 ], [ 26.497052988815792, 37.538483978648237, 0.0 ], [ 26.49698914079509, 37.538416703618687, 0.0 ], [ 26.496921133286406, 37.538350930431122, 0.0 ], [ 26.496768954103864, 37.53822365302775, 0.0 ], [ 26.496731900147619, 37.538185100585373, 0.0 ], [ 26.496706317743225, 37.538148619569796, 0.0 ], [ 26.496691593593056, 37.538116959707487, 0.0 ], [ 26.496686759643403, 37.538093159379855, 0.0 ], [ 26.496691738764554, 37.538079554157761, 0.0 ], [ 26.496610702340288, 37.538079426479349, 0.0 ], [ 26.495797673336558, 37.53806068312435, 0.0 ], [ 26.495528641214243, 37.53805682624138, 0.0 ], [ 26.495414349577764, 37.53805674036542, 0.0 ] ] ] ] } },
{ "type": "Feature", "properties": { "Shape_Leng": 588.10059528900001, "Shape_Area": 0.01179561552, "Region": "North Aegean", "Subregion": "Central Aegean Islands", "Methodolog": "Landsat-8/ Google Earth", "Year": 2015, "Pres_Pan": 1 }, "geometry": { "type": "MultiPolygon", "coordinates": [ [ [ [ 26.488534821062167, 37.539126128368302, 0.0 ], [ 26.488507277450253, 37.539120949071453, 0.0 ], [ 26.48845902894649, 37.539130230698497, 0.0 ], [ 26.488401596828595, 37.539157714229013, 0.0 ], [ 26.488348360020286, 37.539205048706989, 0.0 ], [ 26.488301796775321, 37.539271551994567, 0.0 ], [ 26.488263198176181, 37.53935337426222, 0.0 ], [ 26.488232793802254, 37.539445813958416, 0.0 ], [ 26.488210377315497, 37.539543821870502, 0.0 ], [ 26.488195617729911, 37.539642241473636, 0.0 ], [ 26.488188192187373, 37.539735922378014, 0.0 ], [ 26.488173480098212, 37.540707772870256, 0.0 ], [ 26.488175141806593, 37.540972478811284, 0.0 ], [ 26.488178547819892, 37.541058747490638, 0.0 ], [ 26.488184543314773, 37.541142979077641, 0.0 ], [ 26.488194212028898, 37.541224139649692, 0.0 ], [ 26.488209002816888, 37.541300808207872, 0.0 ], [ 26.488230838577969, 37.54137104912175, 0.0 ], [ 26.488262226815408, 37.541432265615647, 0.0 ], [ 26.48830640970786, 37.541481016374959, 0.0 ], [ 26.488368095559334, 37.541515205198301, 0.0 ], [ 26.488441268757072, 37.54153447228461, 0.0 ], [ 26.488520040800701, 37.541540749453389, 0.0 ], [ 26.488598941291787, 37.541534656680383, 0.0 ], [ 26.488672506798558, 37.541515526086421, 0.0 ], [ 26.488734869114577, 37.541481373672148, 0.0 ], [ 26.488778914544952, 37.541434075141929, 0.0 ], [ 26.48881097206133, 37.541374803696378, 0.0 ], [ 26.488833975325733, 37.541306801040882, 0.0 ], [ 26.488850191235414, 37.541232554268625, 0.0 ], [ 26.488861335127311, 37.541153959242173, 0.0 ], [ 26.488868668272808, 37.54107246181934, 0.0 ], [ 26.488873073197883, 37.540989178819913, 0.0 ], [ 26.488875111291424, 37.540904996837043, 0.0 ], [ 26.488872932493198, 37.540736831460691, 0.0 ], [ 26.488868477698926, 37.540654201182342, 0.0 ], [ 26.488861155479952, 37.540573517448287, 0.0 ], [ 26.488850104028284, 37.54049568064341, 0.0 ], [ 26.488834066221219, 37.540421818464345, 0.0 ], [ 26.488811316787842, 37.540353375765918, 0.0 ], [ 26.488779548021082, 37.540292216996022, 0.0 ], [ 26.488746553834766, 37.540249403238747, 0.0 ], [ 26.488671959873685, 37.540170941858129, 0.0 ], [ 26.488637620558968, 37.540129566709133, 0.0 ], [ 26.488603903864661, 37.540072066118839, 0.0 ], [ 26.488578747626764, 37.540007977039302, 0.0 ], [ 26.488560158731513, 37.539933923495418, 0.0 ], [ 26.488546755776852, 37.539844301619738, 0.0 ], [ 26.488537757590716, 37.539743764227175, 0.0 ], [ 26.488532347719822, 37.539637196467709, 0.0 ], [ 26.488529198614483, 37.53942535904487, 0.0 ], [ 26.488534821062167, 37.539126128368302, 0.0 ] ] ] ] } },
{ "type": "Feature", "properties": { "Shape_Leng": 664.56207214999995, "Shape_Area": 0.02756887578, "Region": "North Aegean", "Subregion": "Central Aegean Islands", "Methodolog": "Landsat-8/ Google Earth", "Year": 2015, "Pres_Pan": 1 }, "geometry": { "type": "MultiPolygon", "coordinates": [ [ [ [ 26.508408334416181, 37.543252470290263, 0.0 ], [ 26.508194645846615, 37.543255936031954, 0.0 ], [ 26.508099849962374, 37.543259446558558, 0.0 ], [ 26.508007923344817, 37.543264892941011, 0.0 ], [ 26.507919940945825, 37.543273012897863, 0.0 ], [ 26.507837313405524, 37.543284767707021, 0.0 ], [ 26.507761870168011, 37.543301390903451, 0.0 ], [ 26.507695970253014, 37.543324451708621, 0.0 ], [ 26.507642614280634, 37.543355922037243, 0.0 ], [ 26.507608310751742, 37.5433915805867, 0.0 ], [ 26.507584430066416, 37.543433377852274, 0.0 ], [ 26.507569398444474, 37.543479401735894, 0.0 ], [ 26.507562083228116, 37.543527935320498, 0.0 ], [ 26.507563115122917, 37.543593813152427, 0.0 ], [ 26.507575862188968, 37.5436577200011, 0.0 ], [ 26.507600639896381, 37.543715999576229, 0.0 ], [ 26.507626993902957, 37.543754348665736, 0.0 ], [ 26.50768483205524, 37.543824021631735, 0.0 ], [ 26.50770782691697, 37.543859728771537, 0.0 ], [ 26.507721876866718, 37.543898278908465, 0.0 ], [ 26.507726581940783, 37.543938544217887, 0.0 ], [ 26.507722085345609, 37.543978753637845, 0.0 ], [ 26.507708192760024, 37.544017127957346, 0.0 ], [ 26.507685242619704, 37.544052520951688, 0.0 ], [ 26.507626853904945, 37.544121254574932, 0.0 ], [ 26.507599822157669, 37.544159097047029, 0.0 ], [ 26.507576723200565, 37.544208152535241, 0.0 ], [ 26.507562221424223, 37.544261919394337, 0.0 ], [ 26.507556008623059, 37.544318123411912, 0.0 ], [ 26.507558323631159, 37.544374536422758, 0.0 ], [ 26.507570019797967, 37.544428862233708, 0.0 ], [ 26.50759263950486, 37.544478596265392, 0.0 ], [ 26.507628525081593, 37.544520890727583, 0.0 ], [ 26.507684103504765, 37.544555572096066, 0.0 ], [ 26.507754155714274, 37.544580696665378, 0.0 ], [ 26.507834966561965, 37.544598638539057, 0.0 ], [ 26.507923599629883, 37.544611302009415, 0.0 ], [ 26.508017728652469, 37.544620224263952, 0.0 ], [ 26.508115466735202, 37.544626679941011, 0.0 ], [ 26.50841574831129, 37.544642286335815, 0.0 ], [ 26.508522577400463, 37.544653189270541, 0.0 ], [ 26.508632727045502, 37.544671181011608, 0.0 ], [ 26.508739648676382, 37.544697127970451, 0.0 ], [ 26.508837271455867, 37.54473152957803, 0.0 ], [ 26.508928495691343, 37.544776568916262, 0.0 ], [ 26.50900788108498, 37.544821815721974, 0.0 ], [ 26.509079050692165, 37.544858979179828, 0.0 ], [ 26.509127157252774, 37.544878173269183, 0.0 ], [ 26.509167530141028, 37.544889893779938, 0.0 ], [ 26.509196580381325, 37.544894640559789, 0.0 ], [ 26.50921131252451, 37.544892388094013, 0.0 ], [ 26.509208503669694, 37.544873696176523, 0.0 ], [ 26.509222814981445, 37.544836791547013, 0.0 ], [ 26.509254469404944, 37.544787681806561, 0.0 ], [ 26.509289905464883, 37.544746484684602, 0.0 ], [ 26.50937874087349, 37.544653306696759, 0.0 ], [ 26.509423239211401, 37.544598832417805, 0.0 ], [ 26.509473172596245, 37.54451562442781, 0.0 ], [ 26.50951079063308, 37.544424123856658, 0.0 ], [ 26.509536796250529, 37.544330440756688, 0.0 ], [ 26.509552385594272, 37.544241117143592, 0.0 ], [ 26.509581213179342, 37.543983096001234, 0.0 ], [ 26.509592799690804, 37.543898906537947, 0.0 ], [ 26.509607453789123, 37.54381773911642, 0.0 ], [ 26.509626529447388, 37.543741159044579, 0.0 ], [ 26.509651571297503, 37.543671118665557, 0.0 ], [ 26.509684391541096, 37.543610090891242, 0.0 ], [ 26.509714494175867, 37.543571390557176, 0.0 ], [ 26.509774452792502, 37.543504285129949, 0.0 ], [ 26.509795784389336, 37.543471350206914, 0.0 ], [ 26.509806168604936, 37.543436720574462, 0.0 ], [ 26.509804893840215, 37.543401854079654, 0.0 ], [ 26.50979157545996, 37.543368947749499, 0.0 ], [ 26.509765254133374, 37.543340306348931, 0.0 ], [ 26.509713342099406, 37.543312969706108, 0.0 ], [ 26.509644477134142, 37.543293532412832, 0.0 ], [ 26.509563152455961, 37.543279911899035, 0.0 ], [ 26.509472777501731, 37.543270510026467, 0.0 ], [ 26.509375910108748, 37.543264117137063, 0.0 ], [ 26.509274452867587, 37.543259827675897, 0.0 ], [ 26.509062984155321, 37.543255073630576, 0.0 ], [ 26.50873609280471, 37.543252339412014, 0.0 ], [ 26.508408334416181, 37.543252470290263, 0.0 ] ] ] ] } },
{ "type": "Feature", "properties": { "Shape_Leng": 630.53647768400003, "Shape_Area": 0.01131943608, "Region": "North Aegean", "Subregion": "Central Aegean Islands", "Methodolog": "Landsat-8/ Google Earth", "Year": 2015, "Pres_Pan": 1 }, "geometry": { "type": "MultiPolygon", "coordinates": [ [ [ [ 26.511323968119143, 37.545722321146101, 0.0 ], [ 26.511274708970134, 37.545709788425526, 0.0 ], [ 26.511243590999221, 37.545712033882943, 0.0 ], [ 26.511250858347868, 37.545697208830994, 0.0 ], [ 26.511247163284292, 37.545672428867171, 0.0 ], [ 26.511231458115276, 37.54564100721359, 0.0 ], [ 26.51120159914294, 37.54560701843608, 0.0 ], [ 26.511142941754574, 37.545567096623053, 0.0 ], [ 26.511062068121312, 37.545531826034853, 0.0 ], [ 26.510963503920284, 37.545501976320367, 0.0 ], [ 26.51085273605884, 37.545477553250365, 0.0 ], [ 26.510735703664981, 37.545458211461806, 0.0 ], [ 26.510618535081374, 37.545443477232091, 0.0 ], [ 26.510507412148975, 37.54543285229505, 0.0 ], [ 26.510311978987204, 37.54541714594118, 0.0 ], [ 26.510220647694752, 37.545406339438195, 0.0 ], [ 26.510134774649245, 37.545392153773285, 0.0 ], [ 26.510056204727469, 37.545373546760636, 0.0 ], [ 26.509987223093447, 37.545349274913001, 0.0 ], [ 26.509939272944568, 37.545325076580212, 0.0 ], [ 26.509854132788835, 37.545275616567835, 0.0 ], [ 26.509810666874227, 37.545256753929962, 0.0 ], [ 26.509763478952841, 37.545245524611651, 0.0 ], [ 26.509713946125402, 37.545242057020928, 0.0 ], [ 26.509664231263759, 37.545246118625869, 0.0 ], [ 26.509616456302464, 37.545257808483839, 0.0 ], [ 26.509571891983644, 37.545276850862791, 0.0 ], [ 26.509483010027001, 37.545325497889813, 0.0 ], [ 26.509432704806244, 37.545348807495778, 0.0 ], [ 26.509354513634744, 37.545373577816136, 0.0 ], [ 26.509266024053183, 37.545392256433409, 0.0 ], [ 26.509170639022802, 37.545406929180992, 0.0 ], [ 26.508870876281055, 37.545445130185122, 0.0 ], [ 26.508775134656332, 37.545461964800076, 0.0 ], [ 26.508686337357954, 37.545484300009385, 0.0 ], [ 26.508608177744282, 37.545514748998848, 0.0 ], [ 26.508558380321155, 37.545544102143296, 0.0 ], [ 26.508514255560645, 37.54557721315765, 0.0 ], [ 26.508433009613473, 37.545645067811137, 0.0 ], [ 26.508353212825636, 37.545704806659217, 0.0 ], [ 26.508319250419458, 37.545733815025102, 0.0 ], [ 26.508294023213871, 37.545764454402487, 0.0 ], [ 26.508279130677622, 37.545809122808194, 0.0 ], [ 26.508286258410077, 37.545853952181005, 0.0 ], [ 26.508316394006471, 37.545893088503313, 0.0 ], [ 26.508354907756182, 37.545915608306295, 0.0 ], [ 26.508404718215541, 37.545932543373915, 0.0 ], [ 26.508463116213452, 37.545944812758655, 0.0 ], [ 26.508527837861127, 37.545953114285332, 0.0 ], [ 26.508620701431564, 37.545958840484076, 0.0 ], [ 26.508717606644865, 37.545959035157331, 0.0 ], [ 26.508815270197562, 37.545953797831551, 0.0 ], [ 26.508910670134696, 37.545942685413607, 0.0 ], [ 26.509000803070556, 37.545924694822723, 0.0 ], [ 26.509082459082677, 37.545898232631622, 0.0 ], [ 26.509154060061057, 37.545862712433006, 0.0 ], [ 26.509221734101143, 37.545823523376924, 0.0 ], [ 26.509293545209147, 37.545787456146506, 0.0 ], [ 26.509354297050656, 37.545765941199335, 0.0 ], [ 26.509420736329677, 37.545749061454707, 0.0 ], [ 26.509491722563737, 37.545735949034771, 0.0 ], [ 26.509566308050676, 37.545725882453269, 0.0 ], [ 26.509670008293099, 37.545716200537377, 0.0 ], [ 26.509777209050874, 37.545709826030418, 0.0 ], [ 26.509886713255568, 37.545705992287559, 0.0 ], [ 26.510108846578721, 37.545704200088551, 0.0 ], [ 26.510219803480009, 37.545705952788197, 0.0 ], [ 26.510329543556491, 37.545709656082472, 0.0 ], [ 26.51043704861636, 37.545715759671211, 0.0 ], [ 26.510541039662026, 37.545725001761099, 0.0 ], [ 26.510615741670492, 37.54573463526426, 0.0 ], [ 26.510686645133877, 37.545747258382271, 0.0 ], [ 26.510752641135216, 37.545763652565178, 0.0 ], [ 26.510812361029974, 37.545784785017091, 0.0 ], [ 26.510881426808609, 37.545820717014344, 0.0 ], [ 26.51094455415862, 37.545860251882857, 0.0 ], [ 26.510999330481411, 37.54589051694844, 0.0 ], [ 26.511116885718987, 37.545930877025235, 0.0 ], [ 26.511123208656997, 37.545932524019705, 0.0 ], [ 26.511184661483153, 37.545942595873143, 0.0 ], [ 26.511246853814434, 37.545945701537121, 0.0 ], [ 26.511324490548095, 37.545937964120043, 0.0 ], [ 26.511387249880702, 37.545916557703507, 0.0 ], [ 26.511425913199869, 37.545881772209057, 0.0 ], [ 26.511434579877601, 37.545836280727038, 0.0 ], [ 26.511416126755257, 37.54578894684029, 0.0 ], [ 26.511376260061109, 37.545748937959857, 0.0 ], [ 26.511323968119143, 37.545722321146101, 0.0 ] ] ] ] } },
{ "type": "Feature", "properties": { "Shape_Leng": 700.55880402800005, "Shape_Area": 0.01892364628, "Region": "North Aegean", "Subregion": "Central Aegean Islands", "Methodolog": "Landsat-8/ Google Earth", "Year": 2015, "Pres_Pan": 1 }, "geometry": { "type": "MultiPolygon", "coordinates": [ [ [ [ 26.489332851465448, 37.551553190125567, 0.0 ], [ 26.489485021737462, 37.5513419731463, 0.0 ], [ 26.489486368638413, 37.551279532199068, 0.0 ], [ 26.489486456408095, 37.551086921084831, 0.0 ], [ 26.489483776228965, 37.550996829989259, 0.0 ], [ 26.489478324272557, 37.550909053804112, 0.0 ], [ 26.489468964811987, 37.550824699650619, 0.0 ], [ 26.48945416894486, 37.550745303773169, 0.0 ], [ 26.489431895535439, 37.550672961109711, 0.0 ], [ 26.48939946002141, 37.550610498372464, 0.0 ], [ 26.489353375720679, 37.550561671136286, 0.0 ], [ 26.489300983044899, 37.550533330864049, 0.0 ], [ 26.489239758313591, 37.550516304069959, 0.0 ], [ 26.489173580793416, 37.550509109454524, 0.0 ], [ 26.489105960989637, 37.550511020543929, 0.0 ], [ 26.489040251844244, 37.550522017981287, 0.0 ], [ 26.48897983591975, 37.550542768456381, 0.0 ], [ 26.488928320148965, 37.550574626905224, 0.0 ], [ 26.488882788007484, 37.550626988797283, 0.0 ], [ 26.488849828970071, 37.550691960907493, 0.0 ], [ 26.488825358620538, 37.550765335482374, 0.0 ], [ 26.488805980038741, 37.550843735527266, 0.0 ], [ 26.488770881273144, 37.55100456221713, 0.0 ], [ 26.488749650266463, 37.551081922661332, 0.0 ], [ 26.48872205516761, 37.551153712235674, 0.0 ], [ 26.488684675049679, 37.551216820274313, 0.0 ], [ 26.488648664226574, 37.551256925012432, 0.0 ], [ 26.488608044624378, 37.551292338304833, 0.0 ], [ 26.488524823450465, 37.5513571429126, 0.0 ], [ 26.488451506294268, 37.551420364388477, 0.0 ], [ 26.488415721240418, 37.551447120303493, 0.0 ], [ 26.488377674704314, 37.551466866212373, 0.0 ], [ 26.488321645091823, 37.551478266519332, 0.0 ], [ 26.488264426018116, 37.551472351356871, 0.0 ], [ 26.488212750452576, 37.551448666065014, 0.0 ], [ 26.488176928641472, 37.551413853597161, 0.0 ], [ 26.488147421828508, 37.551368743177228, 0.0 ], [ 26.488121562264684, 37.551316839697364, 0.0 ], [ 26.488070861454279, 37.551204682064956, 0.0 ], [ 26.488041087382978, 37.551149932410738, 0.0 ], [ 26.488004868766513, 37.551099711648313, 0.0 ], [ 26.487966452288301, 37.55106109876241, 0.0 ], [ 26.487923872338889, 37.551026244860047, 0.0 ], [ 26.487837701579725, 37.550960749492766, 0.0 ], [ 26.48776241929982, 37.550895562497125, 0.0 ], [ 26.487725947551507, 37.550867602291703, 0.0 ], [ 26.487687419005098, 37.550846610649451, 0.0 ], [ 26.487645548242281, 37.550835218943185, 0.0 ], [ 26.487602473142505, 37.550833763283755, 0.0 ], [ 26.487561219499547, 37.550842358313012, 0.0 ], [ 26.487524945268067, 37.550861587184492, 0.0 ], [ 26.487491297831415, 37.550899054603001, 0.0 ], [ 26.487467257479551, 37.550949016491735, 0.0 ], [ 26.487450992552525, 37.55100792224669, 0.0 ], [ 26.487441238686635, 37.551072875241864, 0.0 ], [ 26.487437257850452, 37.551141456170043, 0.0 ], [ 26.487438813846225, 37.551211564960589, 0.0 ], [ 26.487446164036335, 37.551281274068785, 0.0 ], [ 26.487460081907845, 37.551348690126702, 0.0 ], [ 26.487481896842091, 37.55141182243981, 0.0 ], [ 26.487513553111274, 37.551468451077781, 0.0 ], [ 26.487548456660654, 37.551509524363105, 0.0 ], [ 26.487588641601381, 37.551546756513048, 0.0 ], [ 26.487672386312624, 37.551618960771783, 0.0 ], [ 26.487772183347445, 37.551724457793384, 0.0 ], [ 26.487825238852608, 37.551774454335956, 0.0 ], [ 26.487870385614624, 37.551807587954031, 0.0 ], [ 26.487967533844877, 37.551868073123948, 0.0 ], [ 26.48801463736352, 37.551899291071422, 0.0 ], [ 26.488144306591185, 37.552001471670259, 0.0 ], [ 26.488192760599162, 37.552031227365006, 0.0 ], [ 26.488262472670968, 37.552059812996148, 0.0 ], [ 26.488341938281572, 37.552080616186181, 0.0 ], [ 26.488435064001735, 37.552095491074994, 0.0 ], [ 26.488548723360029, 37.552105690340944, 0.0 ], [ 26.488676788105192, 37.552112019014196, 0.0 ], [ 26.488812868290701, 37.552115275047761, 0.0 ], [ 26.488950640189064, 37.552116205462269, 0.0 ], [ 26.489206366833965, 37.552113760980141, 0.0 ], [ 26.489269416833572, 37.55211243732586, 0.0 ], [ 26.489274183920394, 37.552086103861683, 0.0 ], [ 26.489289032818004, 37.551788403850999, 0.0 ], [ 26.489332851465448, 37.551553190125567, 0.0 ] ] ] ] } },
{ "type": "Feature", "properties": { "Shape_Leng": 2485.7858792299999, "Shape_Area": 0.12683204612000001, "Region": "North Aegean", "Subregion": "Central Aegean Islands", "Methodolog": "Landsat-8/ Google Earth", "Year": 2015, "Pres_Pan": 1 }, "geometry": { "type": "MultiPolygon", "coordinates": [ [ [ [ 26.486096402566268, 37.557089908680616, 0.0 ], [ 26.486069712617201, 37.557020642126986, 0.0 ], [ 26.486049774928617, 37.556946003131237, 0.0 ], [ 26.486035702448252, 37.556874107973307, 0.0 ], [ 26.486026932903915, 37.556867486461876, 0.0 ], [ 26.485982623629873, 37.556832377287314, 0.0 ], [ 26.485855640291138, 37.556672849192118, 0.0 ], [ 26.485739960909658, 37.556513083733051, 0.0 ], [ 26.485510700120724, 37.556256567806017, 0.0 ], [ 26.485498031498711, 37.556130674984445, 0.0 ], [ 26.485555765734318, 37.555994293331416, 0.0 ], [ 26.485699024804941, 37.555856109245411, 0.0 ], [ 26.485842785979724, 37.555753957970261, 0.0 ], [ 26.485930170757118, 37.55568122400863, 0.0 ], [ 26.485924704041526, 37.555663084901525, 0.0 ], [ 26.4858928512955, 37.555616982558526, 0.0 ], [ 26.485851933392507, 37.555571909225009, 0.0 ], [ 26.485810735996822, 37.555522682129237, 0.0 ], [ 26.485780357617752, 37.555474108424043, 0.0 ], [ 26.485753670692596, 37.555420979215228, 0.0 ], [ 26.485702024961089, 37.55531014446138, 0.0 ], [ 26.485672153098204, 37.555256916511254, 0.0 ], [ 26.485635922802981, 37.555208302924122, 0.0 ], [ 26.485590120942799, 37.555166970244485, 0.0 ], [ 26.485529119692711, 37.555133565064224, 0.0 ], [ 26.485457351781545, 37.555108536479324, 0.0 ], [ 26.485378089208307, 37.555089354559577, 0.0 ], [ 26.485294124654473, 37.555073848215244, 0.0 ], [ 26.485121789093167, 37.555046274054106, 0.0 ], [ 26.485037988049886, 37.555030609988272, 0.0 ], [ 26.484958925434398, 37.555011206399278, 0.0 ], [ 26.484887268239355, 37.554985957957292, 0.0 ], [ 26.484826103970217, 37.554952435987282, 0.0 ], [ 26.484772854704723, 37.55490360376163, 0.0 ], [ 26.484730663217359, 37.55484608964273, 0.0 ], [ 26.484657021613106, 37.55472293674962, 0.0 ], [ 26.484614878660892, 37.554665957738031, 0.0 ], [ 26.484561681150527, 37.554618230012096, 0.0 ], [ 26.484493018718222, 37.554583554580759, 0.0 ], [ 26.484411721652922, 37.554560176796691, 0.0 ], [ 26.484321809086264, 37.554545603289206, 0.0 ], [ 26.484226664204126, 37.554538095718478, 0.0 ], [ 26.484129265514792, 37.554536579398032, 0.0 ], [ 26.484032411537612, 37.554540558363435, 0.0 ], [ 26.483938945646052, 37.554550069186739, 0.0 ], [ 26.483851970018819, 37.554565647636693, 0.0 ], [ 26.483775072662308, 37.554588313987502, 0.0 ], [ 26.483710517034783, 37.554617922395565, 0.0 ], [ 26.483653255537192, 37.554648152226143, 0.0 ], [ 26.48359678733576, 37.554671015680306, 0.0 ], [ 26.483536889409535, 37.554679628657425, 0.0 ], [ 26.483477511245642, 37.554672704117642, 0.0 ], [ 26.483424863053568, 37.554649510311151, 0.0 ], [ 26.483383642221195, 37.554609808716073, 0.0 ], [ 26.483351084949888, 37.554558755224484, 0.0 ], [ 26.483295568094213, 37.554446394083413, 0.0 ], [ 26.483265115831063, 37.554396622737727, 0.0 ], [ 26.483227876450954, 37.554359455095664, 0.0 ], [ 26.483193929113398, 37.554343575958754, 0.0 ], [ 26.483157224501198, 37.554338470224025, 0.0 ], [ 26.483121046133125, 37.554344169723493, 0.0 ], [ 26.483088728053733, 37.554361205359569, 0.0 ], [ 26.483055679132129, 37.554401812024786, 0.0 ], [ 26.483032476247125, 37.554458606749044, 0.0 ], [ 26.48301657413807, 37.554527099572844, 0.0 ], [ 26.483006013410183, 37.554603911921085, 0.0 ], [ 26.482999310898663, 37.554686542814316, 0.0 ], [ 26.482993301339899, 37.554862432865036, 0.0 ], [ 26.482993966680819, 37.555414841385691, 0.0 ], [ 26.482989862761421, 37.555595318647782, 0.0 ], [ 26.482984495711644, 37.55568278665541, 0.0 ], [ 26.482975516257266, 37.55576730826678, 0.0 ], [ 26.482961399518015, 37.555847684616928, 0.0 ], [ 26.482940095021871, 37.555922296255495, 0.0 ], [ 26.482908888245095, 37.555988989811866, 0.0 ], [ 26.482864226133, 37.556044936581394, 0.0 ], [ 26.482813075184406, 37.556082622298597, 0.0 ], [ 26.482752835201644, 37.556113088293415, 0.0 ], [ 26.482687156131608, 37.556139286473872, 0.0 ], [ 26.48255266449452, 37.556189494010177, 0.0 ], [ 26.482490231164576, 37.556218611060096, 0.0 ], [ 26.482435437843655, 37.556253923057817, 0.0 ], [ 26.482390694154535, 37.556297298740517, 0.0 ], [ 26.48235370991841, 37.556346784876325, 0.0 ], [ 26.482257900383122, 37.556504572220895, 0.0 ], [ 26.482220999028161, 37.556551070213189, 0.0 ], [ 26.482176351136296, 37.556589360502166, 0.0 ], [ 26.482111666030189, 37.556620253999476, 0.0 ], [ 26.482037231811166, 37.556637612922444, 0.0 ], [ 26.481958180900129, 37.556643047766286, 0.0 ], [ 26.481879359666195, 37.556637053142516, 0.0 ], [ 26.481805660563673, 37.556619022420897, 0.0 ], [ 26.481742348340127, 37.55658722014185, 0.0 ], [ 26.481699549435437, 37.556547827807464, 0.0 ], [ 26.481665273834182, 37.556499733277526, 0.0 ], [ 26.481636479040272, 37.556445941846825, 0.0 ], [ 26.481584567506552, 37.556331406249825, 0.0 ], [ 26.481556409871892, 37.55627518545522, 0.0 ], [ 26.481523421158204, 37.5562225437249, 0.0 ], [ 26.481489355951854, 37.556180475106743, 0.0 ], [ 26.481417055660511, 37.556099510107607, 0.0 ], [ 26.481385343383021, 37.556055517618887, 0.0 ], [ 26.48135538350752, 37.555994232442764, 0.0 ], [ 26.481334029993398, 37.555926169080735, 0.0 ], [ 26.481318999149231, 37.555853117450994, 0.0 ], [ 26.4813084032921, 37.555776555459801, 0.0 ], [ 26.481300636248644, 37.555697746029466, 0.0 ], [ 26.481280472157653, 37.555459009743295, 0.0 ], [ 26.48127020100123, 37.555382541842754, 0.0 ], [ 26.481255504901142, 37.555309986892667, 0.0 ], [ 26.481234346030373, 37.555243243176314, 0.0 ], [ 26.481204217717117, 37.555184713555796, 0.0 ], [ 26.481162001045149, 37.555137452666507, 0.0 ], [ 26.481100168141008, 37.55510188190307, 0.0 ], [ 26.481025904887797, 37.55508061213267, 0.0 ], [ 26.480944631083464, 37.555071400005033, 0.0 ], [ 26.480861224079213, 37.555073154423425, 0.0 ], [ 26.480780359567316, 37.555085870806813, 0.0 ], [ 26.480706842371021, 37.55511060521151, 0.0 ], [ 26.480658810060515, 37.555137597359987, 0.0 ], [ 26.480615177846119, 37.555169687531567, 0.0 ], [ 26.480531237898095, 37.555239027231558, 0.0 ], [ 26.480442973752783, 37.555305221791336, 0.0 ], [ 26.480401847436237, 37.555339839161995, 0.0 ], [ 26.480366835334234, 37.55537820198272, 0.0 ], [ 26.480340504398807, 37.555421873841659, 0.0 ], [ 26.48032236931391, 37.55546987279547, 0.0 ], [ 26.480311462734736, 37.555520709778932, 0.0 ], [ 26.480307175836447, 37.555573023359571, 0.0 ], [ 26.480311338134406, 37.555642865749988, 0.0 ], [ 26.480327102907275, 37.555710091580899, 0.0 ], [ 26.480355788922356, 37.555771630896409, 0.0 ], [ 26.480386310042594, 37.555812732639396, 0.0 ], [ 26.480458091188112, 37.555889792874879, 0.0 ], [ 26.480492284210463, 37.555930685839023, 0.0 ], [ 26.480525364806301, 37.555982608637919, 0.0 ], [ 26.480553281138349, 37.556038884329013, 0.0 ], [ 26.480628357603862, 37.556214945046477, 0.0 ], [ 26.480657995067752, 37.556269903114, 0.0 ], [ 26.480694052723262, 37.556319705084128, 0.0 ], [ 26.480746071182839, 37.556369834741801, 0.0 ], [ 26.48086027574324, 37.556461680799629, 0.0 ], [ 26.480898915612194, 37.556499302745777, 0.0 ], [ 26.480972664546815, 37.556577194471984, 0.0 ], [ 26.481012453798723, 37.556613803668533, 0.0 ], [ 26.481056564645439, 37.556646996801405, 0.0 ], [ 26.481150053972801, 37.556709240581419, 0.0 ], [ 26.481194444899966, 37.556742240335495, 0.0 ], [ 26.481247556099845, 37.556791067171922, 0.0 ], [ 26.481297941440136, 37.556842104111261, 0.0 ], [ 26.481351576612685, 37.556890650441098, 0.0 ], [ 26.481396787429237, 37.556923177801778, 0.0 ], [ 26.48149357472499, 37.556983273029765, 0.0 ], [ 26.481540582749894, 37.557014389210458, 0.0 ], [ 26.481627349384816, 37.557082060025316, 0.0 ], [ 26.481672001890917, 37.557114606226492, 0.0 ], [ 26.481721450680602, 37.557143032479573, 0.0 ], [ 26.48179832080309, 37.557171500177603, 0.0 ], [ 26.481885315154564, 37.557190558810852, 0.0 ], [ 26.481979046920493, 37.557202117006035, 0.0 ], [ 26.482076623717312, 37.557207394444774, 0.0 ], [ 26.482175459144095, 37.55720697358722, 0.0 ], [ 26.482273066827823, 37.557200835543412, 0.0 ], [ 26.482366874824415, 37.557188361273937, 0.0 ], [ 26.48245402769259, 37.557168302411419, 0.0 ], [ 26.482531197110308, 37.557138736583553, 0.0 ], [ 26.482581001682341, 37.557109432822827, 0.0 ], [ 26.482626127349761, 37.557076019181771, 0.0 ], [ 26.48271421321477, 37.55700697646305, 0.0 ], [ 26.482762125673201, 37.556975577649084, 0.0 ], [ 26.482861665058731, 37.556916416285262, 0.0 ], [ 26.482909009813088, 37.55688551416798, 0.0 ], [ 26.483022876827306, 37.556797268971408, 0.0 ], [ 26.483084207438402, 37.55676046653825, 0.0 ], [ 26.483155522688453, 37.55673583465159, 0.0 ], [ 26.483234081701433, 37.556722948864483, 0.0 ], [ 26.483315503806764, 37.556720713655686, 0.0 ], [ 26.483395550612045, 37.556728977613361, 0.0 ], [ 26.483469850986715, 37.556748534717059, 0.0 ], [ 26.483533627330562, 37.556781164341061, 0.0 ], [ 26.483583469642248, 37.556828073700423, 0.0 ], [ 26.483623355531215, 37.556885036581612, 0.0 ], [ 26.483694615739591, 37.557009198106236, 0.0 ], [ 26.483736312504163, 37.557067103264302, 0.0 ], [ 26.483789396884156, 37.557115781703345, 0.0 ], [ 26.483858198586439, 37.557151316056078, 0.0 ], [ 26.483939829273101, 37.557175387333565, 0.0 ], [ 26.484030231859151, 37.557190442786101, 0.0 ], [ 26.48412599240622, 37.557198186215977, 0.0 ], [ 26.484224102242234, 37.557199674900708, 0.0 ], [ 26.484321729391731, 37.557195390187211, 0.0 ], [ 26.484415991490078, 37.557185284625781, 0.0 ], [ 26.484503718218765, 37.557168820313663, 0.0 ], [ 26.484581226507764, 37.557144982639116, 0.0 ], [ 26.484630869544141, 37.55712208488297, 0.0 ], [ 26.48471697190632, 37.557074857459696, 0.0 ], [ 26.484758655997958, 37.557057334890445, 0.0 ], [ 26.484801846377547, 37.557048014250007, 0.0 ], [ 26.484844632952541, 37.557047458416058, 0.0 ], [ 26.484884127169472, 37.557055909343269, 0.0 ], [ 26.484917233867701, 37.557073999927283, 0.0 ], [ 26.484944160595806, 37.557106818110782, 0.0 ], [ 26.484960354131974, 37.557149712607831, 0.0 ], [ 26.484967242832759, 37.557199375018413, 0.0 ], [ 26.484965666304987, 37.557252935574539, 0.0 ], [ 26.484955913514447, 37.557307815453377, 0.0 ], [ 26.48493775464501, 37.557361595442487, 0.0 ], [ 26.484910452956004, 37.557411895838506, 0.0 ], [ 26.484878969220063, 37.557451820325923, 0.0 ], [ 26.484808227682159, 37.55752765441882, 0.0 ], [ 26.484776765673114, 37.557568338078234, 0.0 ], [ 26.484745877816511, 37.557629404103075, 0.0 ], [ 26.484727254992269, 37.557696141322481, 0.0 ], [ 26.484719915216512, 37.55776539662503, 0.0 ], [ 26.484723811905617, 37.557834165711661, 0.0 ], [ 26.484739879266719, 37.557899392088189, 0.0 ], [ 26.484770100370703, 37.557957767381431, 0.0 ], [ 26.48480302792067, 37.557995494766132, 0.0 ], [ 26.484842212323297, 37.558029559744192, 0.0 ], [ 26.484926968523169, 37.558095228423774, 0.0 ], [ 26.48500794123072, 37.558165884291263, 0.0 ], [ 26.485050441495741, 37.558200023549013, 0.0 ], [ 26.485097708446464, 37.558230552489078, 0.0 ], [ 26.485159891255361, 37.558259110092088, 0.0 ], [ 26.485228819636518, 37.558282395438958, 0.0 ], [ 26.4854488643136, 37.5583416819048, 0.0 ], [ 26.485518127901098, 37.558364558113652, 0.0 ], [ 26.485580932130276, 37.558392459892318, 0.0 ], [ 26.485629098121141, 37.558422169469338, 0.0 ], [ 26.485759197231094, 37.558522379857656, 0.0 ], [ 26.485822340493577, 37.558562619892648, 0.0 ], [ 26.485887141146556, 37.558601502112872, 0.0 ], [ 26.485947937251979, 37.558643490161522, 0.0 ], [ 26.486000815372066, 37.558691674475412, 0.0 ], [ 26.486049666269178, 37.558742997551484, 0.0 ], [ 26.4861002040575, 37.558792964905166, 0.0 ], [ 26.486226534702645, 37.558895378120866, 0.0 ], [ 26.48626401074501, 37.558933147114224, 0.0 ], [ 26.486299019289167, 37.558982462043211, 0.0 ], [ 26.486327400329266, 37.559036988184495, 0.0 ], [ 26.486398616232965, 37.559211500606899, 0.0 ], [ 26.486426102247805, 37.559266713319317, 0.0 ], [ 26.4864600324088, 37.559316848420401, 0.0 ], [ 26.486496667106159, 37.559355245128437, 0.0 ], [ 26.486621726435832, 37.559458493897289, 0.0 ], [ 26.486659557977699, 37.559495943471134, 0.0 ], [ 26.486731878808182, 37.559574018320255, 0.0 ], [ 26.486776546188985, 37.559613605465515, 0.0 ], [ 26.486831426374579, 37.559652209594873, 0.0 ], [ 26.487020428562332, 37.559768503220653, 0.0 ], [ 26.487169911867678, 37.559873120877121, 0.0 ], [ 26.487238190539546, 37.559911692914397, 0.0 ], [ 26.487300855091867, 37.55993496215774, 0.0 ], [ 26.487349064288622, 37.559944513542575, 0.0 ], [ 26.487373541054176, 37.559942271016808, 0.0 ], [ 26.487372477759621, 37.559820936921895, 0.0 ], [ 26.487374457848663, 37.559641325466032, 0.0 ], [ 26.48738305828406, 37.559427870266965, 0.0 ], [ 26.487391223794152, 37.559320553398166, 0.0 ], [ 26.487402806696679, 37.559219396728118, 0.0 ], [ 26.487418461130982, 37.559129365228607, 0.0 ], [ 26.487438796512418, 37.559055202233658, 0.0 ], [ 26.487465243368586, 37.558991352737486, 0.0 ], [ 26.487499754070928, 37.558934542313523, 0.0 ], [ 26.487534237846688, 37.55889417722878, 0.0 ], [ 26.48760728303143, 37.558819347296989, 0.0 ], [ 26.487638259994768, 37.558779427377544, 0.0 ], [ 26.487667254377136, 37.558719347640448, 0.0 ], [ 26.487683204434777, 37.558653629658821, 0.0 ], [ 26.487687606681771, 37.558585473352188, 0.0 ], [ 26.487683598955172, 37.558534548290574, 0.0 ], [ 26.487673095471646, 37.558485169542827, 0.0 ], [ 26.487655518844949, 37.558438627086325, 0.0 ], [ 26.487629947268289, 37.558396303765512, 0.0 ], [ 26.487610654354825, 37.558375138253389, 0.0 ], [ 26.487517855890193, 37.558322930094477, 0.0 ], [ 26.487360053658826, 37.558173060236463, 0.0 ], [ 26.487264524659963, 37.558070323400528, 0.0 ], [ 26.487258912080652, 37.558066397416482, 0.0 ], [ 26.487194893232733, 37.558026387474428, 0.0 ], [ 26.487133695647696, 37.557984176939321, 0.0 ], [ 26.487092440190896, 37.557948894802351, 0.0 ], [ 26.487014902259908, 37.557874525618097, 0.0 ], [ 26.486973690336711, 37.557839323621764, 0.0 ], [ 26.486928358670415, 37.557807403854646, 0.0 ], [ 26.486832865251223, 37.557747472445527, 0.0 ], [ 26.486787650537398, 37.557715560069859, 0.0 ], [ 26.486733623492224, 37.557668117614313, 0.0 ], [ 26.486682592480292, 37.557618351953742, 0.0 ], [ 26.486628726331794, 37.557570842076338, 0.0 ], [ 26.486583768172444, 37.557538809768552, 0.0 ], [ 26.486489306513974, 37.557478331868246, 0.0 ], [ 26.486444858033721, 37.557445896772514, 0.0 ], [ 26.486404872277419, 37.557409938812739, 0.0 ], [ 26.486331304880995, 37.557332935284151, 0.0 ], [ 26.486293139776105, 37.557295490800996, 0.0 ], [ 26.486209533497622, 37.557226250209027, 0.0 ], [ 26.486168977547919, 37.557190600651154, 0.0 ], [ 26.486133197775128, 37.55715115310047, 0.0 ], [ 26.486096402566268, 37.557089908680616, 0.0 ] ] ] ] } },
{ "type": "Feature", "properties": { "Shape_Leng": 705.87560190600004, "Shape_Area": 0.01851243476, "Region": "North Aegean", "Subregion": "Central Aegean Islands", "Methodolog": "Landsat-8/ Google Earth", "Year": 2015, "Pres_Pan": 1 }, "geometry": { "type": "MultiPolygon", "coordinates": [ [ [ [ 26.502049247597128, 37.56136446561613, 0.0 ], [ 26.501998572159636, 37.561350336268482, 0.0 ], [ 26.501970060845345, 37.561356768424787, 0.0 ], [ 26.50196557260854, 37.561342460823866, 0.0 ], [ 26.501966557822961, 37.56130650916019, 0.0 ], [ 26.501972997669558, 37.561253290622986, 0.0 ], [ 26.50198561167791, 37.56118736048824, 0.0 ], [ 26.502005369631238, 37.561113344419283, 0.0 ], [ 26.502033425989357, 37.56103594075821, 0.0 ], [ 26.502071074825079, 37.560959926887051, 0.0 ], [ 26.502126985298862, 37.560877873880287, 0.0 ], [ 26.502187545885764, 37.560802013032493, 0.0 ], [ 26.502241139565381, 37.560729078078644, 0.0 ], [ 26.502277957628767, 37.560657373845018, 0.0 ], [ 26.502300434535808, 37.560584788736691, 0.0 ], [ 26.502313933051187, 37.560508125368251, 0.0 ], [ 26.502320042404232, 37.560430121016608, 0.0 ], [ 26.50231944189505, 37.56035334932394, 0.0 ], [ 26.502311980206084, 37.560280459217815, 0.0 ], [ 26.502296709978424, 37.560214430099244, 0.0 ], [ 26.50227186665758, 37.560158819199884, 0.0 ], [ 26.502234792902772, 37.560118039830542, 0.0 ], [ 26.502183933541659, 37.560095987203113, 0.0 ], [ 26.502124999531173, 37.560091381347561, 0.0 ], [ 26.502064844243726, 37.560102781106863, 0.0 ], [ 26.502021868194348, 37.560121028319905, 0.0 ], [ 26.501933969881982, 37.560169389501965, 0.0 ], [ 26.50188356863335, 37.560192628667728, 0.0 ], [ 26.501805022909554, 37.560216742082346, 0.0 ], [ 26.501716158792327, 37.560233433521859, 0.0 ], [ 26.501620538590547, 37.560243886319789, 0.0 ], [ 26.501521142640843, 37.56024880594201, 0.0 ], [ 26.501420601679474, 37.560248429477909, 0.0 ], [ 26.501321414888217, 37.560242512907202, 0.0 ], [ 26.501226159601046, 37.560230305928251, 0.0 ], [ 26.501137704812045, 37.560210505078857, 0.0 ], [ 26.501059411667008, 37.560181190012109, 0.0 ], [ 26.501008901320208, 37.560152099754511, 0.0 ], [ 26.500963178910631, 37.560118937613026, 0.0 ], [ 26.500874245696764, 37.560050605490993, 0.0 ], [ 26.500826167103646, 37.560019758673953, 0.0 ], [ 26.500727456039925, 37.559962626559013, 0.0 ], [ 26.500681513361396, 37.55993353307197, 0.0 ], [ 26.500577221978688, 37.559854805438086, 0.0 ], [ 26.500525645831505, 37.559826699959565, 0.0 ], [ 26.500483636529843, 37.559816146711945, 0.0 ], [ 26.50044069532672, 37.55981530035352, 0.0 ], [ 26.500399793178438, 37.559824316903843, 0.0 ], [ 26.500364044010354, 37.55984380262592, 0.0 ], [ 26.500328226369447, 37.559886361442672, 0.0 ], [ 26.50030428752077, 37.559943510173476, 0.0 ], [ 26.50028993152187, 37.56001046561007, 0.0 ], [ 26.500283787449323, 37.560083330576738, 0.0 ], [ 26.50028534834647, 37.560158791544396, 0.0 ], [ 26.500294958947887, 37.560233853057724, 0.0 ], [ 26.500313840914149, 37.560305576773324, 0.0 ], [ 26.500344166328166, 37.560370842002484, 0.0 ], [ 26.500389175455368, 37.560426109820291, 0.0 ], [ 26.500441485623451, 37.560463393133155, 0.0 ], [ 26.500503627973135, 37.56049328966072, 0.0 ], [ 26.500571960529548, 37.560518461911045, 0.0 ], [ 26.500714428063457, 37.560564195690027, 0.0 ], [ 26.500782574062491, 37.560589336625462, 0.0 ], [ 26.500844616051939, 37.56061913597167, 0.0 ], [ 26.500906917851051, 37.560661643830869, 0.0 ], [ 26.501018893388718, 37.560756004193365, 0.0 ], [ 26.501138321103859, 37.560843867931659, 0.0 ], [ 26.50119125317654, 37.560892989387369, 0.0 ], [ 26.50122741791089, 37.560942300432011, 0.0 ], [ 26.501256660076738, 37.560997044237695, 0.0 ], [ 26.501281674864579, 37.561055120814785, 0.0 ], [ 26.501328866114235, 37.561173592350372, 0.0 ], [ 26.501355857937536, 37.561230227543398, 0.0 ], [ 26.501388492277083, 37.561282482570455, 0.0 ], [ 26.501423016835815, 37.561323563147944, 0.0 ], [ 26.50149884611924, 37.561400529697124, 0.0 ], [ 26.501533907519843, 37.561441310497194, 0.0 ], [ 26.501563633887933, 37.561486287411938, 0.0 ], [ 26.501589004338133, 37.561534646693026, 0.0 ], [ 26.50165783519364, 37.561687109523326, 0.0 ], [ 26.501864114946198, 37.561777361003003, 0.0 ], [ 26.502007101571017, 37.561864426919222, 0.0 ], [ 26.502012495435089, 37.561874944984609, 0.0 ], [ 26.502043506613273, 37.561874067541915, 0.0 ], [ 26.502118605749448, 37.561859455560757, 0.0 ], [ 26.502180229484928, 37.561825491853028, 0.0 ], [ 26.502218606205968, 37.561767164308421, 0.0 ], [ 26.502233619056298, 37.561691872805696, 0.0 ], [ 26.502227527895215, 37.561608828544628, 0.0 ], [ 26.502202680978861, 37.5615269750054, 0.0 ], [ 26.502161706767307, 37.561454631543945, 0.0 ], [ 26.502108206212473, 37.561399005622953, 0.0 ], [ 26.502049247597128, 37.56136446561613, 0.0 ] ] ] ] } },
{ "type": "Feature", "properties": { "Shape_Leng": 1809.0823014600001, "Shape_Area": 0.14612103423, "Region": "North Aegean", "Subregion": "Central Aegean Islands", "Methodolog": "Landsat-8/ Google Earth", "Year": 2015, "Pres_Pan": 1 }, "geometry": { "type": "MultiPolygon", "coordinates": [ [ [ [ 26.479450756756826, 37.564282301012128, 0.0 ], [ 26.479531891241336, 37.564275918312653, 0.0 ], [ 26.479614676673847, 37.564279379995874, 0.0 ], [ 26.479694466056099, 37.564291969090164, 0.0 ], [ 26.479766506902713, 37.564313747630699, 0.0 ], [ 26.479813231377708, 37.564335850020164, 0.0 ], [ 26.479895926390665, 37.564382489435964, 0.0 ], [ 26.479937042589654, 37.564399909302701, 0.0 ], [ 26.479980466439621, 37.564409085741524, 0.0 ], [ 26.480024360004784, 37.564409317548865, 0.0 ], [ 26.480065984336328, 37.564400213527847, 0.0 ], [ 26.480102480708087, 37.564380979492604, 0.0 ], [ 26.480139862944341, 37.564339035373301, 0.0 ], [ 26.480166855977739, 37.564282574273399, 0.0 ], [ 26.480186940242756, 37.564216151267189, 0.0 ], [ 26.48023402914427, 37.563991309901759, 0.0 ], [ 26.480254055411997, 37.563917238376447, 0.0 ], [ 26.480280964475593, 37.563848117182474, 0.0 ], [ 26.48031823632078, 37.563786987484022, 0.0 ], [ 26.480354632142042, 37.563747807085711, 0.0 ], [ 26.480396150551705, 37.563712693047229, 0.0 ], [ 26.480483303039772, 37.563645732429698, 0.0 ], [ 26.480564854601425, 37.563574317140805, 0.0 ], [ 26.480607147796015, 37.563539871603872, 0.0 ], [ 26.48065387679797, 37.563509025644549, 0.0 ], [ 26.480725865023238, 37.563475732815789, 0.0 ], [ 26.480805639140446, 37.563448748194062, 0.0 ], [ 26.480970526913808, 37.563399144257076, 0.0 ], [ 26.481046847733243, 37.563369416940233, 0.0 ], [ 26.481112783596181, 37.563331306616782, 0.0 ], [ 26.481158167410147, 37.563289646304007, 0.0 ], [ 26.48119561035897, 37.563241548542422, 0.0 ], [ 26.481292634017287, 37.563084497977307, 0.0 ], [ 26.481330055659033, 37.563036036564327, 0.0 ], [ 26.481375314364424, 37.562993753414574, 0.0 ], [ 26.481423303881758, 37.562963387988077, 0.0 ], [ 26.481477567483743, 37.562937948662885, 0.0 ], [ 26.481535828836513, 37.562915598130751, 0.0 ], [ 26.481655765143131, 37.56287323662238, 0.0 ], [ 26.481713163620256, 37.562849789448926, 0.0 ], [ 26.481765836031705, 37.562822424394163, 0.0 ], [ 26.481811270004201, 37.562789150535245, 0.0 ], [ 26.481857687984132, 37.562733342936433, 0.0 ], [ 26.481890642688874, 37.5626668219641, 0.0 ], [ 26.481913501049668, 37.562592597786676, 0.0 ], [ 26.481928696772982, 37.562513087425053, 0.0 ], [ 26.481937846698596, 37.562430278116629, 0.0 ], [ 26.481941849060696, 37.562345891058541, 0.0 ], [ 26.481940926823601, 37.56226152738175, 0.0 ], [ 26.481934635087917, 37.562178822990425, 0.0 ], [ 26.481921820985317, 37.562099604400267, 0.0 ], [ 26.481900533829116, 37.562026046523755, 0.0 ], [ 26.481867893263395, 37.561960861074972, 0.0 ], [ 26.481819904271671, 37.561907486992212, 0.0 ], [ 26.481753291103502, 37.561868694752491, 0.0 ], [ 26.481671522726938, 37.561841873774007, 0.0 ], [ 26.481578818757576, 37.561823769600757, 0.0 ], [ 26.481478358642693, 37.561811916525564, 0.0 ], [ 26.481372497943024, 37.561804469034016, 0.0 ], [ 26.481262964284166, 37.5618000688197, 0.0 ], [ 26.481037482410684, 37.561796741276275, 0.0 ], [ 26.480808041821213, 37.561796992929779, 0.0 ], [ 26.479542562523136, 37.561804634553773, 0.0 ], [ 26.479086883525788, 37.561803565728319, 0.0 ], [ 26.478864611055062, 37.56179819491404, 0.0 ], [ 26.478756813056744, 37.56179270788553, 0.0 ], [ 26.47865262564515, 37.56178423425041, 0.0 ], [ 26.478553573931826, 37.561771553386777, 0.0 ], [ 26.478461704844932, 37.561753033613115, 0.0 ], [ 26.478379732897249, 37.56172652189273, 0.0 ], [ 26.478311203544326, 37.561689217849086, 0.0 ], [ 26.478258617956826, 37.561639157668218, 0.0 ], [ 26.478217345696457, 37.561580013421249, 0.0 ], [ 26.478145693806457, 37.561452922724172, 0.0 ], [ 26.478104482802639, 37.561393810488788, 0.0 ], [ 26.478052166334393, 37.561343935597442, 0.0 ], [ 26.47799180420699, 37.561310301378413, 0.0 ], [ 26.477920928269072, 37.561286201139914, 0.0 ], [ 26.477842651511029, 37.56126985914036, 0.0 ], [ 26.477759679136483, 37.561260072317857, 0.0 ], [ 26.477674458951615, 37.561256171086775, 0.0 ], [ 26.477589327765365, 37.561257996438805, 0.0 ], [ 26.477506662018214, 37.561265902187131, 0.0 ], [ 26.477429029037442, 37.561280776121073, 0.0 ], [ 26.477359343623828, 37.561304085380087, 0.0 ], [ 26.477301038841158, 37.561337940452127, 0.0 ], [ 26.477252605070934, 37.561389770462384, 0.0 ], [ 26.477217922130343, 37.561453336517651, 0.0 ], [ 26.477192626232995, 37.561524813007274, 0.0 ], [ 26.477173132957507, 37.561601108597841, 0.0 ], [ 26.477139645305417, 37.561758099916752, 0.0 ], [ 26.477120238788174, 37.561834317981159, 0.0 ], [ 26.477095394477978, 37.561906037286974, 0.0 ], [ 26.477062033723396, 37.561970775852508, 0.0 ], [ 26.477018636690467, 37.562027317503656, 0.0 ], [ 26.476971288725245, 37.562080573634141, 0.0 ], [ 26.476927907000512, 37.562136932001209, 0.0 ], [ 26.476894617757608, 37.562201341907866, 0.0 ], [ 26.47686997841695, 37.562272663069024, 0.0 ], [ 26.476851050540436, 37.562348544831757, 0.0 ], [ 26.476803638965347, 37.562583717905326, 0.0 ], [ 26.476782981040706, 37.562658260838568, 0.0 ], [ 26.4767554482817, 37.56272733400111, 0.0 ], [ 26.476717707084607, 37.562788277822413, 0.0 ], [ 26.4766811649326, 37.562827425951454, 0.0 ], [ 26.47663976959128, 37.562862740677637, 0.0 ], [ 26.476554135749982, 37.562931337325686, 0.0 ], [ 26.476514733795238, 37.562968532291791, 0.0 ], [ 26.476438346291093, 37.563045201806283, 0.0 ], [ 26.476396869448756, 37.563081070555548, 0.0 ], [ 26.476350949002505, 37.563113475767793, 0.0 ], [ 26.476253751751091, 37.563174267745481, 0.0 ], [ 26.476207649715338, 37.563206765025171, 0.0 ], [ 26.476165905409658, 37.563242767269152, 0.0 ], [ 26.476088967441605, 37.563319686014559, 0.0 ], [ 26.476049481311048, 37.563356881694638, 0.0 ], [ 26.475964858667606, 37.56342476823972, 0.0 ], [ 26.475925047477052, 37.563459090673405, 0.0 ], [ 26.475891256457253, 37.563496560597237, 0.0 ], [ 26.475866236767978, 37.563538760355293, 0.0 ], [ 26.475849694627065, 37.563584646295247, 0.0 ], [ 26.475840882057707, 37.563632585939196, 0.0 ], [ 26.475839438448372, 37.563680987340867, 0.0 ], [ 26.475849077838571, 37.563743451796384, 0.0 ], [ 26.475869762816238, 37.563792045811567, 0.0 ], [ 26.475874376355133, 37.563794385675763, 0.0 ], [ 26.475977569818124, 37.563876861240082, 0.0 ], [ 26.476008450660267, 37.563887016049932, 0.0 ], [ 26.476065934543982, 37.563897382177977, 0.0 ], [ 26.47612696136132, 37.563901926493124, 0.0 ], [ 26.476189360525911, 37.563901147811158, 0.0 ], [ 26.476251062833075, 37.563895290507297, 0.0 ], [ 26.476310019815685, 37.563884370538574, 0.0 ], [ 26.476364116966522, 37.563868187177334, 0.0 ], [ 26.476426790921636, 37.563839339468551, 0.0 ], [ 26.476483120533363, 37.563808873976384, 0.0 ], [ 26.476539030806414, 37.563785230737849, 0.0 ], [ 26.476583313397544, 37.563776643472636, 0.0 ], [ 26.476627927824719, 37.563776912785968, 0.0 ], [ 26.476670148979839, 37.563786404964752, 0.0 ], [ 26.476707132432786, 37.563805882600079, 0.0 ], [ 26.476745029445009, 37.563847881126932, 0.0 ], [ 26.476772505415678, 37.563904074978694, 0.0 ], [ 26.4767932094787, 37.563969868375793, 0.0 ], [ 26.476845159965464, 37.564189677511727, 0.0 ], [ 26.476868791498305, 37.564260455793615, 0.0 ], [ 26.476900983260951, 37.56432503930543, 0.0 ], [ 26.476945787729427, 37.564380003366914, 0.0 ], [ 26.477006068404197, 37.564422938594603, 0.0 ], [ 26.477077428674381, 37.56445720117199, 0.0 ], [ 26.477230789117229, 37.564517275459991, 0.0 ], [ 26.47730196544881, 37.564551549869925, 0.0 ], [ 26.477361803230252, 37.56459467173157, 0.0 ], [ 26.4774056896944, 37.564650272159668, 0.0 ], [ 26.477436198923368, 37.564716329950151, 0.0 ], [ 26.477457010467226, 37.564789953614223, 0.0 ], [ 26.477469362460326, 37.564857331608088, 0.0 ], [ 26.477478248875183, 37.564927396555227, 0.0 ], [ 26.477503145143892, 37.565215742327105, 0.0 ], [ 26.477512266842339, 37.565285491435581, 0.0 ], [ 26.477523184819699, 37.565344196372415, 0.0 ], [ 26.47753794741844, 37.565399864861533, 0.0 ], [ 26.477557816800296, 37.565451503482528, 0.0 ], [ 26.477584311196942, 37.565497920594048, 0.0 ], [ 26.477618362815708, 37.565538380215656, 0.0 ], [ 26.4776576306033, 37.565574728360168, 0.0 ], [ 26.477739558476685, 37.565644741886608, 0.0 ], [ 26.477788996208435, 37.565695486515928, 0.0 ], [ 26.477836773429381, 37.565747533889081, 0.0 ], [ 26.477888585277686, 37.565796401118213, 0.0 ], [ 26.477932958577441, 37.565828707597703, 0.0 ], [ 26.478082962227262, 37.565920398109803, 0.0 ], [ 26.478201515174916, 37.565995490462235, 0.0 ], [ 26.478268507928195, 37.566031876067946, 0.0 ], [ 26.478342362465703, 37.566063112611261, 0.0 ], [ 26.478450786020868, 37.566093396807695, 0.0 ], [ 26.478562311480058, 37.566112274072559, 0.0 ], [ 26.478666742879337, 37.566122392545424, 0.0 ], [ 26.478754107174485, 37.566126226304618, 0.0 ], [ 26.478814594499724, 37.566126117162241, 0.0 ], [ 26.47883865988495, 37.566124201318893, 0.0 ], [ 26.478835311209771, 37.566104397159926, 0.0 ], [ 26.478837104325823, 37.566057753744332, 0.0 ], [ 26.478845182371732, 37.565990682954613, 0.0 ], [ 26.478861335255548, 37.565910085917579, 0.0 ], [ 26.47888762255446, 37.565823076167042, 0.0 ], [ 26.478926336213398, 37.565736947083664, 0.0 ], [ 26.478964172080186, 37.565676721502399, 0.0 ], [ 26.479048060276927, 37.565565868673261, 0.0 ], [ 26.479084632919808, 37.565512208222721, 0.0 ], [ 26.47911740791946, 37.565445007812968, 0.0 ], [ 26.479138219306009, 37.565376237566255, 0.0 ], [ 26.479152194439248, 37.565301944620288, 0.0 ], [ 26.479161380320168, 37.565223740449973, 0.0 ], [ 26.479167325107824, 37.565142873039392, 0.0 ], [ 26.479179663108926, 37.564809962893101, 0.0 ], [ 26.479184111754634, 37.564727982472775, 0.0 ], [ 26.47919088513553, 37.564648104213589, 0.0 ], [ 26.479201155219009, 37.564571429908703, 0.0 ], [ 26.479216395241867, 37.564499373120988, 0.0 ], [ 26.479238491923869, 37.564433765861743, 0.0 ], [ 26.479269859560297, 37.564376987758081, 0.0 ], [ 26.479313574927154, 37.564332108298188, 0.0 ], [ 26.479376156027072, 37.564300143060144, 0.0 ], [ 26.479450756756826, 37.564282301012128, 0.0 ] ] ] ] } },
{ "type": "Feature", "properties": { "Shape_Leng": 1298.99226939, "Shape_Area": 0.05037872136, "Region": "North Aegean", "Subregion": "Central Aegean Islands", "Methodolog": "Landsat-8/ Google Earth", "Year": 2015, "Pres_Pan": 1 }, "geometry": { "type": "MultiPolygon", "coordinates": [ [ [ [ 26.49983935920449, 37.563229081011627, 0.0 ], [ 26.499625822123996, 37.563230005673596, 0.0 ], [ 26.499521292989492, 37.563232321807313, 0.0 ], [ 26.499419289507337, 37.563236707413054, 0.0 ], [ 26.499320961629493, 37.563244071711139, 0.0 ], [ 26.499227872402876, 37.563255626065953, 0.0 ], [ 26.499142117705389, 37.563272977872046, 0.0 ], [ 26.499066468607257, 37.563298223960892, 0.0 ], [ 26.499004541937595, 37.563334074949168, 0.0 ], [ 26.498967115604437, 37.563371993272753, 0.0 ], [ 26.498939221346404, 37.563416903438686, 0.0 ], [ 26.498919107149479, 37.563467122299365, 0.0 ], [ 26.498905433273961, 37.563521210289551, 0.0 ], [ 26.498897222996401, 37.563577920205475, 0.0 ], [ 26.498893834785452, 37.563636143726498, 0.0 ], [ 26.498894932336103, 37.563694861587337, 0.0 ], [ 26.498900470531584, 37.563753096115263, 0.0 ], [ 26.498915219642633, 37.563828287693497, 0.0 ], [ 26.498939689338133, 37.563898392879324, 0.0 ], [ 26.498976202659662, 37.563960603205466, 0.0 ], [ 26.499012604874984, 37.564000791338543, 0.0 ], [ 26.499054262192839, 37.564037157304057, 0.0 ], [ 26.499140967144847, 37.564107646557716, 0.0 ], [ 26.499233723691372, 37.564198646159355, 0.0 ], [ 26.499285545190236, 37.564219992077874, 0.0 ], [ 26.499515111222568, 37.564314251883225, 0.0 ], [ 26.499743751899917, 37.564444574250523, 0.0 ], [ 26.499931085016581, 37.564566764548964, 0.0 ], [ 26.500132365096324, 37.564661622408309, 0.0 ], [ 26.500147854677191, 37.564711586287991, 0.0 ], [ 26.50017353230248, 37.564743800097034, 0.0 ], [ 26.500197222838121, 37.564803288162899, 0.0 ], [ 26.500206510996563, 37.564867465399232, 0.0 ], [ 26.500202546314373, 37.564932759702018, 0.0 ], [ 26.500185235749573, 37.564995712701574, 0.0 ], [ 26.500153253063026, 37.565052752478564, 0.0 ], [ 26.500118994530837, 37.56509001019608, 0.0 ], [ 26.500078665565038, 37.565124074959904, 0.0 ], [ 26.499992854532419, 37.565191428719089, 0.0 ], [ 26.499952697901204, 37.565228382417871, 0.0 ], [ 26.499874292710349, 37.565304883353939, 0.0 ], [ 26.499831774710355, 37.565340692143202, 0.0 ], [ 26.499768591051303, 37.565383170952984, 0.0 ], [ 26.499702550420722, 37.565423054624013, 0.0 ], [ 26.49963993038676, 37.565465093389015, 0.0 ], [ 26.499598239638797, 37.565500256483332, 0.0 ], [ 26.499484914127049, 37.565609628528314, 0.0 ], [ 26.499405972590505, 37.565671601686205, 0.0 ], [ 26.499370588275852, 37.565701785737033, 0.0 ], [ 26.499342596985173, 37.565734124576942, 0.0 ], [ 26.499321546680807, 37.565782593504188, 0.0 ], [ 26.499318902015439, 37.565834061712728, 0.0 ], [ 26.499334367369165, 37.565884155070528, 0.0 ], [ 26.499357601724697, 37.565918863769326, 0.0 ], [ 26.499419743455629, 37.565987285921615, 0.0 ], [ 26.499450926148995, 37.566025416334739, 0.0 ], [ 26.499478050231662, 37.56606858622721, 0.0 ], [ 26.49950166564658, 37.566115908053327, 0.0 ], [ 26.499565103736458, 37.566268908878691, 0.0 ], [ 26.499588424629586, 37.566319234983851, 0.0 ], [ 26.499615355364636, 37.566367011008147, 0.0 ], [ 26.4996214291351, 37.566375245727215, 0.0 ], [ 26.499738284378139, 37.566418172676563, 0.0 ], [ 26.499940472779215, 37.566540048134001, 0.0 ], [ 26.500083676238276, 37.566654167162675, 0.0 ], [ 26.500326758668969, 37.566856268131303, 0.0 ], [ 26.500468122890808, 37.566942031939753, 0.0 ], [ 26.500478699854579, 37.566937326473472, 0.0 ], [ 26.500514315503207, 37.566899400088275, 0.0 ], [ 26.500536381141107, 37.566847117489623, 0.0 ], [ 26.500543293428656, 37.566779926928916, 0.0 ], [ 26.500532311015579, 37.566699366159312, 0.0 ], [ 26.500503618721446, 37.566613836097453, 0.0 ], [ 26.500457857455309, 37.566531226057762, 0.0 ], [ 26.500414132341263, 37.566474663267748, 0.0 ], [ 26.500323021383668, 37.566373627272057, 0.0 ], [ 26.500285508335288, 37.566327903150658, 0.0 ], [ 26.500258010298371, 37.566286093073188, 0.0 ], [ 26.500240909377663, 37.566251296047049, 0.0 ], [ 26.50023427192539, 37.566227053914709, 0.0 ], [ 26.500239198841726, 37.566216734303069, 0.0 ], [ 26.50023655836948, 37.566075965241197, 0.0 ], [ 26.500237891274004, 37.565983700018421, 0.0 ], [ 26.500242961667563, 37.565879941883168, 0.0 ], [ 26.500253415221593, 37.565771451385785, 0.0 ], [ 26.500271026780066, 37.565665094474468, 0.0 ], [ 26.500297687498648, 37.565567830150748, 0.0 ], [ 26.500335286092593, 37.565486612057875, 0.0 ], [ 26.500370772467321, 37.565439590646449, 0.0 ], [ 26.500447021752329, 37.565364440811166, 0.0 ], [ 26.500481754743088, 37.565324412783781, 0.0 ], [ 26.500514537974965, 37.565273103364973, 0.0 ], [ 26.500541726490866, 37.565217289703995, 0.0 ], [ 26.50058983141157, 37.565100605677515, 0.0 ], [ 26.500615600150912, 37.565043638904719, 0.0 ], [ 26.500645745096925, 37.564990184803243, 0.0 ], [ 26.500682875696864, 37.564942344471447, 0.0 ], [ 26.500722494453989, 37.564906213847692, 0.0 ], [ 26.500766634766094, 37.564873710850947, 0.0 ], [ 26.500857399257058, 37.564810676102354, 0.0 ], [ 26.500969253194473, 37.564719169131877, 0.0 ], [ 26.501031174839142, 37.564678188889161, 0.0 ], [ 26.501103628994791, 37.564645637109464, 0.0 ], [ 26.501183470814052, 37.564618974368088, 0.0 ], [ 26.501265985998213, 37.564594395987896, 0.0 ], [ 26.501346634655953, 37.564568235084749, 0.0 ], [ 26.501420722064783, 37.564536697405373, 0.0 ], [ 26.501483071849961, 37.56449560061904, 0.0 ], [ 26.501529734839018, 37.564441745651635, 0.0 ], [ 26.501563882660545, 37.564377659634175, 0.0 ], [ 26.501589808489776, 37.564306774075348, 0.0 ], [ 26.501652897851425, 37.564080964088561, 0.0 ], [ 26.50167956969462, 37.564009745495461, 0.0 ], [ 26.501714669181979, 37.563945082359929, 0.0 ], [ 26.501762258203758, 37.563890295726452, 0.0 ], [ 26.501808166432788, 37.563857374589418, 0.0 ], [ 26.501861036128531, 37.563830089283329, 0.0 ], [ 26.501918328974828, 37.563806502122802, 0.0 ], [ 26.502055784973745, 37.563755980772434, 0.0 ], [ 26.502127508917617, 37.56372353487663, 0.0 ], [ 26.502186391483381, 37.563683320467618, 0.0 ], [ 26.502222274199109, 37.563640218137742, 0.0 ], [ 26.502245359393349, 37.563590961228229, 0.0 ], [ 26.502256969454429, 37.563538226895567, 0.0 ], [ 26.502257642328797, 37.563484558438681, 0.0 ], [ 26.502247133476086, 37.563432491416577, 0.0 ], [ 26.502224397432489, 37.563384679296192, 0.0 ], [ 26.502187541514516, 37.56334403230565, 0.0 ], [ 26.502124950727207, 37.563308472716948, 0.0 ], [ 26.50204552996297, 37.56328352663175, 0.0 ], [ 26.501954028441805, 37.563266364692751, 0.0 ], [ 26.501854005243366, 37.563254822589229, 0.0 ], [ 26.501748082889602, 37.563247265916651, 0.0 ], [ 26.501638171285084, 37.563242482697945, 0.0 ], [ 26.501525635095437, 37.56323957710358, 0.0 ], [ 26.501296221901505, 37.563236994444267, 0.0 ], [ 26.500599667312621, 37.563234854716342, 0.0 ], [ 26.49983935920449, 37.563229081011627, 0.0 ] ] ] ] } },
{ "type": "Feature", "properties": { "Shape_Leng": 669.95939123699998, "Shape_Area": 0.01634045136, "Region": "North Aegean", "Subregion": "Central Aegean Islands", "Methodolog": "Landsat-8/ Google Earth", "Year": 2015, "Pres_Pan": 1 }, "geometry": { "type": "MultiPolygon", "coordinates": [ [ [ [ 26.471761301271833, 37.567210701961294, 0.0 ], [ 26.471682454096264, 37.567204721042167, 0.0 ], [ 26.471604684701408, 37.567210246615652, 0.0 ], [ 26.471533569632115, 37.567227858453045, 0.0 ], [ 26.471475292414009, 37.567259271670501, 0.0 ], [ 26.471439703435507, 37.56729832526392, 0.0 ], [ 26.471416457083745, 37.56734599380227, 0.0 ], [ 26.471403934753543, 37.567399168936923, 0.0 ], [ 26.471401208623266, 37.567455125246987, 0.0 ], [ 26.471408013162119, 37.567511377557153, 0.0 ], [ 26.471424725897201, 37.567565544368257, 0.0 ], [ 26.471452377058963, 37.56761522870481, 0.0 ], [ 26.471485986707062, 37.567653722288838, 0.0 ], [ 26.47152558376407, 37.567689125713436, 0.0 ], [ 26.471609339885021, 37.567759439558813, 0.0 ], [ 26.471660328072161, 37.567811446535586, 0.0 ], [ 26.471709258833688, 37.567865561989322, 0.0 ], [ 26.471760854888796, 37.567917767952778, 0.0 ], [ 26.471875357624199, 37.568013094612503, 0.0 ], [ 26.471925713949599, 37.568065839216999, 0.0 ], [ 26.471963161629255, 37.56812836031073, 0.0 ], [ 26.471989219672373, 37.568199314930766, 0.0 ], [ 26.472006626609055, 37.568276340607817, 0.0 ], [ 26.47201740071154, 37.568357546833923, 0.0 ], [ 26.472022945504296, 37.568441384892708, 0.0 ], [ 26.472024134254333, 37.568526532547317, 0.0 ], [ 26.472021362575287, 37.568611773087795, 0.0 ], [ 26.47201458659211, 37.568695882791104, 0.0 ], [ 26.472003315436059, 37.568777506721695, 0.0 ], [ 26.471986589062332, 37.568855035740292, 0.0 ], [ 26.471962933650239, 37.568926456047386, 0.0 ], [ 26.471930286071508, 37.568989187658723, 0.0 ], [ 26.471888026217076, 37.569041596283981, 0.0 ], [ 26.471843490903595, 37.569088086150842, 0.0 ], [ 26.471806396662849, 37.569134430931165, 0.0 ], [ 26.471788976310254, 37.569171873962851, 0.0 ], [ 26.471781477529682, 37.569210712264777, 0.0 ], [ 26.47178408964945, 37.569249104458571, 0.0 ], [ 26.471797500737217, 37.569285090579015, 0.0 ], [ 26.471832200193653, 37.569327308129594, 0.0 ], [ 26.471868558347072, 37.569357271532894, 0.0 ], [ 26.471919259135181, 37.569356209355284, 0.0 ], [ 26.472005818242927, 37.569363419861368, 0.0 ], [ 26.472033885317323, 37.569398875414308, 0.0 ], [ 26.472033598189931, 37.56947321422912, 0.0 ], [ 26.472049544640598, 37.569483603634723, 0.0 ], [ 26.472115703008175, 37.569519945320053, 0.0 ], [ 26.47219013713023, 37.56955114831792, 0.0 ], [ 26.472284559188783, 37.569577840404136, 0.0 ], [ 26.472383181630782, 37.569595876410389, 0.0 ], [ 26.472479067166208, 37.56960694534083, 0.0 ], [ 26.472565401021789, 37.569612640837626, 0.0 ], [ 26.472635432442612, 37.56961447231518, 0.0 ], [ 26.47268239966753, 37.56961388995424, 0.0 ], [ 26.472699458919401, 37.569612191559813, 0.0 ], [ 26.472699609487091, 37.569553835435613, 0.0 ], [ 26.472717899229195, 37.568849499299574, 0.0 ], [ 26.472719748804586, 37.568661311730423, 0.0 ], [ 26.472716524857798, 37.568493608741143, 0.0 ], [ 26.472711871065787, 37.568412088696888, 0.0 ], [ 26.472704123970647, 37.568332952096164, 0.0 ], [ 26.472692147810292, 37.568257080620178, 0.0 ], [ 26.472674460378553, 37.568185629044187, 0.0 ], [ 26.472649139156598, 37.568120096591223, 0.0 ], [ 26.472613728634183, 37.568062400062487, 0.0 ], [ 26.472577408212452, 37.56802316070803, 0.0 ], [ 26.472452129053544, 37.567917729047323, 0.0 ], [ 26.47240211045165, 37.567866098605819, 0.0 ], [ 26.472354432612367, 37.567812399651288, 0.0 ], [ 26.472303866267936, 37.567760736486832, 0.0 ], [ 26.472175016754573, 37.567655527111505, 0.0 ], [ 26.472136113427275, 37.567617077956669, 0.0 ], [ 26.472098924504319, 37.567567376442788, 0.0 ], [ 26.47206757261463, 37.567513153283599, 0.0 ], [ 26.472011075626924, 37.567400785826635, 0.0 ], [ 26.471980505731683, 37.567347508669982, 0.0 ], [ 26.471944662510051, 37.567299706437005, 0.0 ], [ 26.471900478028438, 37.567260461296065, 0.0 ], [ 26.471835837095391, 37.567228723998667, 0.0 ], [ 26.471761301271833, 37.567210701961294, 0.0 ] ] ] ] } },
{ "type": "Feature", "properties": { "Shape_Leng": 784.90750513600005, "Shape_Area": 0.02892219412, "Region": "North Aegean", "Subregion": "Central Aegean Islands", "Methodolog": "Landsat-8/ Google Earth", "Year": 2015, "Pres_Pan": 1 }, "geometry": { "type": "MultiPolygon", "coordinates": [ [ [ [ 26.46813726693285, 37.56885731169055, 0.0 ], [ 26.468081487307622, 37.568850953991557, 0.0 ], [ 26.468025894063938, 37.568862312295451, 0.0 ], [ 26.467987726666301, 37.56888211828754, 0.0 ], [ 26.467951557408387, 37.568908919440716, 0.0 ], [ 26.467877010470254, 37.568971964946265, 0.0 ], [ 26.467792334295755, 37.569036036886338, 0.0 ], [ 26.467751006294684, 37.569070842525136, 0.0 ], [ 26.467714342811217, 37.56911018243072, 0.0 ], [ 26.467676228981372, 37.569172053110186, 0.0 ], [ 26.467648148288447, 37.569242440542567, 0.0 ], [ 26.467626820176882, 37.569318404451685, 0.0 ], [ 26.467576913508548, 37.56955696135438, 0.0 ], [ 26.467557038016267, 37.569633447266781, 0.0 ], [ 26.467531414003556, 37.569705076423311, 0.0 ], [ 26.46749711238423, 37.56976950854957, 0.0 ], [ 26.467464501065951, 37.569812163622778, 0.0 ], [ 26.467392738609686, 37.569891935151652, 0.0 ], [ 26.467391233870707, 37.569893920280158, 0.0 ], [ 26.467375625652288, 37.570055075022346, 0.0 ], [ 26.467332724456895, 37.570191137962105, 0.0 ], [ 26.467255585393804, 37.570389604055677, 0.0 ], [ 26.467242994588389, 37.570514588985084, 0.0 ], [ 26.467233322577478, 37.57059117957985, 0.0 ], [ 26.467220731867084, 37.570665471131235, 0.0 ], [ 26.467203732636587, 37.57073626564258, 0.0 ], [ 26.467180515914333, 37.570802094239873, 0.0 ], [ 26.467148842025324, 37.570861130290773, 0.0 ], [ 26.467115867073897, 37.570903249489696, 0.0 ], [ 26.467041982875926, 37.57098086370457, 0.0 ], [ 26.46700825042447, 37.571021988540181, 0.0 ], [ 26.466973140587225, 37.57108422512885, 0.0 ], [ 26.466948275935447, 37.571153679161917, 0.0 ], [ 26.466931766497886, 37.571228141828399, 0.0 ], [ 26.466922456664385, 37.571305632266849, 0.0 ], [ 26.466919954731196, 37.571384229337468, 0.0 ], [ 26.466931364719599, 37.571464782966217, 0.0 ], [ 26.466964278800869, 37.571544786048875, 0.0 ], [ 26.467019653609189, 37.571617237469027, 0.0 ], [ 26.467098022772888, 37.571675527022769, 0.0 ], [ 26.467181812147775, 37.571710917077183, 0.0 ], [ 26.46727394375716, 37.571734349380641, 0.0 ], [ 26.467366526367123, 37.571748257092878, 0.0 ], [ 26.46745186180485, 37.571754919772111, 0.0 ], [ 26.467522357728843, 37.571756495834492, 0.0 ], [ 26.467570434975212, 37.571755062332301, 0.0 ], [ 26.467588475638113, 37.571752482659612, 0.0 ], [ 26.467580270587035, 37.571729014779045, 0.0 ], [ 26.46759552775826, 37.571693045883698, 0.0 ], [ 26.467636353716216, 37.571651904995875, 0.0 ], [ 26.467705621855767, 37.571613446663555, 0.0 ], [ 26.467799825234174, 37.571580361083534, 0.0 ], [ 26.467911971702058, 37.571552512392728, 0.0 ], [ 26.468033828060925, 37.571528763409582, 0.0 ], [ 26.468270967961637, 37.571486806676205, 0.0 ], [ 26.468367871185347, 37.571464831934705, 0.0 ], [ 26.468446771954568, 37.571436650053364, 0.0 ], [ 26.468510296351624, 37.571396211775934, 0.0 ], [ 26.46854981016752, 37.571349709243869, 0.0 ], [ 26.468577866595648, 37.571294259340682, 0.0 ], [ 26.46859733288769, 37.571232315350379, 0.0 ], [ 26.468610325564498, 37.571165778544852, 0.0 ], [ 26.468618364453867, 37.571096137342174, 0.0 ], [ 26.468622477069871, 37.571024576864865, 0.0 ], [ 26.468623297961923, 37.570952073283173, 0.0 ], [ 26.468620465196771, 37.570867426752017, 0.0 ], [ 26.468613488710329, 37.570783908628385, 0.0 ], [ 26.468601795911457, 37.570702795183969, 0.0 ], [ 26.468584294524724, 37.570625498820206, 0.0 ], [ 26.468559332126613, 37.57055367975412, 0.0 ], [ 26.468524639603302, 37.570489350830073, 0.0 ], [ 26.468491354488791, 37.57044679541572, 0.0 ], [ 26.468418187812368, 37.570366941907444, 0.0 ], [ 26.468385429859914, 37.570324061837148, 0.0 ], [ 26.468351822685296, 37.570259027991206, 0.0 ], [ 26.468328166150155, 37.570186219136275, 0.0 ], [ 26.468311945848669, 37.57010759197783, 0.0 ], [ 26.468301203246678, 37.570024657242428, 0.0 ], [ 26.468294435584106, 37.569938568281977, 0.0 ], [ 26.468290487916288, 37.569850211644578, 0.0 ], [ 26.468287649456911, 37.56966933837127, 0.0 ], [ 26.468286849590239, 37.569413705710311, 0.0 ], [ 26.468286822665132, 37.56941258165665, 0.0 ], [ 26.468283954411707, 37.56940529470193, 0.0 ], [ 26.468212579983, 37.569001270545691, 0.0 ], [ 26.468148106488432, 37.568862854017965, 0.0 ], [ 26.46813726693285, 37.56885731169055, 0.0 ] ] ] ] } },
{ "type": "Feature", "properties": { "Shape_Leng": 708.239540229, "Shape_Area": 0.0276457659, "Region": "North Aegean", "Subregion": "Central Aegean Islands", "Methodolog": "Landsat-8/ Google Earth", "Year": 2015, "Pres_Pan": 1 }, "geometry": { "type": "MultiPolygon", "coordinates": [ [ [ [ 26.457958394720812, 37.573976737963541, 0.0 ], [ 26.457911106736024, 37.573958843370434, 0.0 ], [ 26.45786119498089, 37.573960317476605, 0.0 ], [ 26.45781634192425, 37.573981625632236, 0.0 ], [ 26.457784792064267, 37.574019425002056, 0.0 ], [ 26.457761697044756, 37.574071123996042, 0.0 ], [ 26.457744836138012, 37.574132954366974, 0.0 ], [ 26.457732392535036, 37.574201965793527, 0.0 ], [ 26.457722856698652, 37.574275841359473, 0.0 ], [ 26.457699345272164, 37.574509729995548, 0.0 ], [ 26.457689419855743, 37.574587322749856, 0.0 ], [ 26.457676436287556, 37.574662710143166, 0.0 ], [ 26.457658947105465, 37.574734603061621, 0.0 ], [ 26.457635230713421, 37.574801536070744, 0.0 ], [ 26.457603200288208, 37.574861782802898, 0.0 ], [ 26.457570187072871, 37.574905088805572, 0.0 ], [ 26.45749696013101, 37.574985791520263, 0.0 ], [ 26.457463733497374, 37.575028773925567, 0.0 ], [ 26.457429053163398, 37.57509365988723, 0.0 ], [ 26.457404001009547, 37.575165981533978, 0.0 ], [ 26.457386301140918, 37.575243701944864, 0.0 ], [ 26.45737428454305, 37.575325163550339, 0.0 ], [ 26.457366829075596, 37.575408984851663, 0.0 ], [ 26.457363295000629, 37.575493959034937, 0.0 ], [ 26.457363514879642, 37.575578953254521, 0.0 ], [ 26.457367788861546, 37.575662799693816, 0.0 ], [ 26.457376925317117, 37.575744188384704, 0.0 ], [ 26.457392319379817, 37.57582154211552, 0.0 ], [ 26.457416064985264, 37.57589287712382, 0.0 ], [ 26.457451104726893, 37.575955643175455, 0.0 ], [ 26.457486257567794, 37.575995849612703, 0.0 ], [ 26.457526675237975, 37.576031957045302, 0.0 ], [ 26.457610878384131, 37.576101534377813, 0.0 ], [ 26.457649397043593, 37.576139110524764, 0.0 ], [ 26.45772344985809, 37.576216498489728, 0.0 ], [ 26.457763786939449, 37.576252523709535, 0.0 ], [ 26.457824844557678, 37.576294768556593, 0.0 ], [ 26.457961006249665, 37.57637608549107, 0.0 ], [ 26.458080770377229, 37.576451006096072, 0.0 ], [ 26.458148314482063, 37.576487317718694, 0.0 ], [ 26.458222676561366, 37.576518488644602, 0.0 ], [ 26.458315704524022, 37.576545146099889, 0.0 ], [ 26.458412024549951, 37.576563147957586, 0.0 ], [ 26.458505174094078, 37.576574188741503, 0.0 ], [ 26.458588810687569, 37.576579861368366, 0.0 ], [ 26.45865669454885, 37.576581679133426, 0.0 ], [ 26.45870264850338, 37.576581096363945, 0.0 ], [ 26.45872066030379, 37.57657941796532, 0.0 ], [ 26.458716453892738, 37.576564338602516, 0.0 ], [ 26.458717630805207, 37.576528458770554, 0.0 ], [ 26.458724130498652, 37.576475926759251, 0.0 ], [ 26.45873660491657, 37.576411210331358, 0.0 ], [ 26.458755940634379, 37.576338888605719, 0.0 ], [ 26.458783199729197, 37.576263644277248, 0.0 ], [ 26.458819572025003, 37.576190257402551, 0.0 ], [ 26.45885903683682, 37.576130719609424, 0.0 ], [ 26.458944034673745, 37.576023197141282, 0.0 ], [ 26.458979602342616, 37.575972473441091, 0.0 ], [ 26.459004612411061, 37.575922553706576, 0.0 ], [ 26.459019354432677, 37.575873978898969, 0.0 ], [ 26.459026969292918, 37.575823344850122, 0.0 ], [ 26.45902830370882, 37.575771574700198, 0.0 ], [ 26.459020792456549, 37.575702884444667, 0.0 ], [ 26.459002421451771, 37.575637098701065, 0.0 ], [ 26.45897199565022, 37.575576987231408, 0.0 ], [ 26.458940901820178, 37.575536695748298, 0.0 ], [ 26.45887087310642, 37.575459467992232, 0.0 ], [ 26.458839414977472, 37.575417151108958, 0.0 ], [ 26.45880734786714, 37.575352398702101, 0.0 ], [ 26.458784820845697, 37.575279731041846, 0.0 ], [ 26.458769071265817, 37.575201487383502, 0.0 ], [ 26.458757856337307, 37.57511953025832, 0.0 ], [ 26.458733427232676, 37.574865929716232, 0.0 ], [ 26.458722789686849, 37.574783210804853, 0.0 ], [ 26.458707811653706, 37.574703806608873, 0.0 ], [ 26.458686121672745, 37.574629556201913, 0.0 ], [ 26.458654766867937, 37.574562762240248, 0.0 ], [ 26.458610017451694, 37.574506340116635, 0.0 ], [ 26.458558761432755, 37.57446799067823, 0.0 ], [ 26.458498413313016, 37.574436679307929, 0.0 ], [ 26.458432668853671, 37.574409522845784, 0.0 ], [ 26.458298410523476, 37.574357372565984, 0.0 ], [ 26.458236435226215, 37.574327460182943, 0.0 ], [ 26.458182483981975, 37.574291630437422, 0.0 ], [ 26.458139122314677, 37.574248160985036, 0.0 ], [ 26.45810420703841, 37.574199153782949, 0.0 ], [ 26.458021278307822, 37.57404843169882, 0.0 ], [ 26.457992284400159, 37.574007303192019, 0.0 ], [ 26.457958394720812, 37.573976737963541, 0.0 ] ] ] ] } },
{ "type": "Feature", "properties": { "Shape_Leng": 992.65604990199995, "Shape_Area": 0.03748709605, "Region": "North Aegean", "Subregion": "Central Aegean Islands", "Methodolog": "Landsat-8/ Google Earth", "Year": 2015, "Pres_Pan": 1 }, "geometry": { "type": "MultiPolygon", "coordinates": [ [ [ [ 26.496950991905109, 37.575398647939856, 0.0 ], [ 26.496865128825345, 37.575393630924644, 0.0 ], [ 26.496805271002181, 37.575393245909879, 0.0 ], [ 26.49678042901083, 37.575395779342394, 0.0 ], [ 26.496787219609821, 37.57524871456603, 0.0 ], [ 26.496787266621038, 37.575150312019147, 0.0 ], [ 26.496782275714665, 37.575041041226697, 0.0 ], [ 26.4967697792829, 37.574929052859218, 0.0 ], [ 26.496747096342709, 37.574822685030078, 0.0 ], [ 26.496711350231212, 37.574730518788968, 0.0 ], [ 26.49665961892153, 37.574661302847936, 0.0 ], [ 26.496609625485178, 37.574628959479888, 0.0 ], [ 26.496553098714383, 37.574611680649518, 0.0 ], [ 26.496491828857437, 37.574602119403636, 0.0 ], [ 26.496428030274537, 37.574598914132778, 0.0 ], [ 26.496363773531996, 37.574601618217926, 0.0 ], [ 26.496300988050379, 37.574610169208604, 0.0 ], [ 26.4962415701468, 37.574624869415281, 0.0 ], [ 26.496187472764561, 37.574646360580928, 0.0 ], [ 26.496139900571716, 37.574674914599044, 0.0 ], [ 26.496096765415633, 37.574708316522795, 0.0 ], [ 26.496013182243708, 37.574779578136329, 0.0 ], [ 26.495895351796854, 37.574870999754609, 0.0 ], [ 26.495845316493664, 37.574923310883939, 0.0 ], [ 26.495809189142157, 37.574985694382704, 0.0 ], [ 26.495785384717095, 37.575056150843594, 0.0 ], [ 26.495771388328748, 37.575131687653787, 0.0 ], [ 26.495766380714379, 37.575190143540141, 0.0 ], [ 26.495765721651001, 37.575249067039913, 0.0 ], [ 26.495769383600624, 37.575307531473008, 0.0 ], [ 26.495777614907201, 37.575364598916124, 0.0 ], [ 26.495790939455205, 37.575419276054625, 0.0 ], [ 26.495810171186246, 37.575470474225213, 0.0 ], [ 26.495836439658991, 37.5755169611149, 0.0 ], [ 26.495871213465662, 37.575557316109482, 0.0 ], [ 26.495931992141148, 37.575600323574847, 0.0 ], [ 26.496004270392202, 37.575634608095584, 0.0 ], [ 26.496140584257393, 37.575687064371927, 0.0 ], [ 26.496196836962941, 37.575711200474508, 0.0 ], [ 26.496248431878175, 37.575738932382507, 0.0 ], [ 26.496292872085402, 37.575772214315947, 0.0 ], [ 26.496338273462534, 37.575827356223229, 0.0 ], [ 26.49637106235825, 37.575892269192387, 0.0 ], [ 26.496395439918793, 37.575963650913508, 0.0 ], [ 26.4964532064451, 37.57618911676451, 0.0 ], [ 26.496478526591719, 37.576259289928224, 0.0 ], [ 26.496513142139619, 37.57632206907148, 0.0 ], [ 26.496561790582597, 37.576373734100656, 0.0 ], [ 26.49662253841171, 37.576408905619857, 0.0 ], [ 26.496696010629655, 37.576434024274079, 0.0 ], [ 26.496778868084945, 37.576451727121359, 0.0 ], [ 26.496868435745739, 37.576464128033088, 0.0 ], [ 26.496962548244603, 37.576472939010401, 0.0 ], [ 26.497255298892153, 37.576491171578787, 0.0 ], [ 26.497351464110825, 37.576498387951531, 0.0 ], [ 26.497444444130402, 37.576508137160126, 0.0 ], [ 26.497532498415001, 37.576521798739833, 0.0 ], [ 26.497613557575438, 37.576541007903977, 0.0 ], [ 26.497685112374363, 37.576567756116887, 0.0 ], [ 26.497735013185487, 37.576596020641489, 0.0 ], [ 26.497779866429436, 37.576628311918633, 0.0 ], [ 26.497866482211418, 37.576695507347701, 0.0 ], [ 26.498009301510734, 37.576786743444629, 0.0 ], [ 26.498054138850463, 37.576819534175392, 0.0 ], [ 26.498107368817582, 37.576868599100045, 0.0 ], [ 26.498157587975086, 37.5769202635285, 0.0 ], [ 26.498210977919353, 37.576969672852044, 0.0 ], [ 26.49827182908296, 37.577013452500999, 0.0 ], [ 26.498399921593265, 37.57709659872021, 0.0 ], [ 26.49848736667294, 37.577165943326044, 0.0 ], [ 26.498532554245429, 37.577199307677816, 0.0 ], [ 26.498582650571201, 37.577228521083903, 0.0 ], [ 26.498639946075571, 37.577251583184982, 0.0 ], [ 26.498703506261815, 37.577268956216706, 0.0 ], [ 26.49877174960438, 37.577281527034394, 0.0 ], [ 26.498843264022856, 37.577289933800166, 0.0 ], [ 26.498927336098806, 37.577294955733457, 0.0 ], [ 26.499012130887696, 37.577295315176301, 0.0 ], [ 26.499095782668494, 37.577290883136534, 0.0 ], [ 26.499176303973542, 37.577281140313943, 0.0 ], [ 26.499251454389341, 37.577265147439157, 0.0 ], [ 26.499318615845471, 37.577241506463309, 0.0 ], [ 26.499374652443908, 37.57720829954728, 0.0 ], [ 26.499422883496845, 37.577155731404055, 0.0 ], [ 26.499455589548646, 37.577091490008762, 0.0 ], [ 26.499476272596425, 37.577019400367071, 0.0 ], [ 26.499487280037584, 37.576942584727654, 0.0 ], [ 26.499489939549044, 37.576863703933753, 0.0 ], [ 26.499484637716524, 37.576785175634633, 0.0 ], [ 26.49947516013345, 37.576727937561323, 0.0 ], [ 26.499460374130848, 37.576673289150477, 0.0 ], [ 26.499439419195699, 37.5766223804481, 0.0 ], [ 26.499411106814243, 37.576576507221141, 0.0 ], [ 26.499374766329314, 37.576536470357425, 0.0 ], [ 26.499332841097353, 37.576500543791504, 0.0 ], [ 26.499244204835747, 37.576432143290923, 0.0 ], [ 26.499160943970089, 37.576359629644713, 0.0 ], [ 26.499117714633975, 37.576324786746007, 0.0 ], [ 26.499069898182114, 37.576293686061632, 0.0 ], [ 26.499007208671411, 37.576264642271987, 0.0 ], [ 26.498937801205894, 37.576241067313781, 0.0 ], [ 26.49871534342773, 37.576182525067281, 0.0 ], [ 26.498644491905956, 37.576160691761238, 0.0 ], [ 26.498579414801078, 37.576134424220108, 0.0 ], [ 26.498528514112319, 37.576106765158023, 0.0 ], [ 26.498433521406437, 37.576046281690743, 0.0 ], [ 26.498383072351995, 37.576018446290952, 0.0 ], [ 26.498307377316628, 37.5759880392716, 0.0 ], [ 26.498224467536524, 37.57596338008404, 0.0 ], [ 26.498052029677027, 37.575919427310602, 0.0 ], [ 26.497970009171421, 37.57589420212711, 0.0 ], [ 26.497896350720779, 37.575862423454559, 0.0 ], [ 26.497833933341415, 37.57582181538001, 0.0 ], [ 26.497720851630817, 37.57573139939452, 0.0 ], [ 26.497674229062792, 37.575700827947614, 0.0 ], [ 26.497522728283688, 37.575610235646593, 0.0 ], [ 26.497406195188159, 37.575533508473299, 0.0 ], [ 26.497340728865858, 37.575495902348493, 0.0 ], [ 26.497268589014052, 37.575463299935933, 0.0 ], [ 26.497162568140823, 37.575431109109793, 0.0 ], [ 26.49705337753446, 37.575410382759387, 0.0 ], [ 26.496950991905109, 37.575398647939856, 0.0 ] ] ] ] } },
{ "type": "Feature", "properties": { "Shape_Leng": 809.13621235699998, "Shape_Area": 0.02914905103, "Region": "North Aegean", "Subregion": "Central Aegean Islands", "Methodolog": "Landsat-8/ Google Earth", "Year": 2015, "Pres_Pan": 1 }, "geometry": { "type": "MultiPolygon", "coordinates": [ [ [ [ 26.403226682811866, 37.578015513233012, 0.0 ], [ 26.40319319255747, 37.577974453425, 0.0 ], [ 26.403120539750454, 37.577896707224028, 0.0 ], [ 26.403088648038704, 37.577854299152499, 0.0 ], [ 26.4030567195102, 37.577789370391358, 0.0 ], [ 26.403034997296007, 37.577716344217123, 0.0 ], [ 26.403020700316056, 37.577637396772417, 0.0 ], [ 26.403011741177885, 37.577554163799327, 0.0 ], [ 26.403006563752701, 37.577467865603708, 0.0 ], [ 26.403003209232057, 37.577289515199922, 0.0 ], [ 26.403005240055833, 37.576926156236553, 0.0 ], [ 26.403004286568038, 37.576837199233516, 0.0 ], [ 26.403001385039687, 37.576750583430673, 0.0 ], [ 26.402995520988704, 37.576667576675149, 0.0 ], [ 26.402985350378717, 37.576589902296213, 0.0 ], [ 26.402969080075898, 37.576519894734083, 0.0 ], [ 26.402944343660447, 37.576460686803195, 0.0 ], [ 26.402908036527709, 37.57641643382928, 0.0 ], [ 26.402871713379415, 37.576395593838022, 0.0 ], [ 26.402829804118007, 37.5763849424075, 0.0 ], [ 26.402785203762367, 37.576383701461225, 0.0 ], [ 26.402740632440594, 37.576391534445015, 0.0 ], [ 26.402683771982346, 37.576414659594057, 0.0 ], [ 26.402625597832387, 37.576445490130851, 0.0 ], [ 26.402559758836706, 37.576476159514996, 0.0 ], [ 26.402481314614576, 37.576500702718675, 0.0 ], [ 26.402392618859967, 37.576519605270171, 0.0 ], [ 26.402297339966555, 37.576534837155158, 0.0 ], [ 26.402099581810702, 37.576561944534177, 0.0 ], [ 26.402003045986248, 37.5765778803354, 0.0 ], [ 26.401912312460322, 37.576598559620457, 0.0 ], [ 26.401831159390216, 37.576626937847927, 0.0 ], [ 26.401764176887191, 37.576666679379088, 0.0 ], [ 26.401715036724525, 37.576720740951195, 0.0 ], [ 26.401680597542075, 37.576786604746985, 0.0 ], [ 26.401656871910149, 37.576861074476604, 0.0 ], [ 26.401640835796268, 37.576941724537924, 0.0 ], [ 26.401630237467888, 37.577026731791364, 0.0 ], [ 26.401623433087639, 37.577114727515401, 0.0 ], [ 26.401619261649579, 37.577204675595233, 0.0 ], [ 26.401616009795124, 37.577387332866159, 0.0 ], [ 26.401617738182381, 37.577569373303717, 0.0 ], [ 26.40162490191609, 37.577732824202698, 0.0 ], [ 26.401631108483858, 37.577804581367147, 0.0 ], [ 26.401640065280251, 37.577872707703051, 0.0 ], [ 26.401652720197237, 37.577935905189165, 0.0 ], [ 26.401670303719129, 37.577992508691665, 0.0 ], [ 26.401694382401018, 37.578040388452493, 0.0 ], [ 26.401726925779524, 37.578076847797909, 0.0 ], [ 26.401763381415897, 37.578097425002127, 0.0 ], [ 26.401804912898239, 37.578108027716254, 0.0 ], [ 26.401848472101758, 37.57810957047036, 0.0 ], [ 26.401891124897642, 37.578102568973854, 0.0 ], [ 26.401930812904801, 37.578087871657559, 0.0 ], [ 26.402007490930128, 37.57804914918345, 0.0 ], [ 26.402048895942077, 37.578032742543613, 0.0 ], [ 26.402110452170167, 37.57802103061502, 0.0 ], [ 26.402174744756962, 37.578022061013613, 0.0 ], [ 26.402235485445285, 37.5780367241356, 0.0 ], [ 26.402275650780719, 37.578057063442223, 0.0 ], [ 26.402312419815367, 37.578083123872901, 0.0 ], [ 26.402384318073629, 37.578141573491273, 0.0 ], [ 26.402460810256546, 37.578196859317345, 0.0 ], [ 26.402495226262793, 37.578225305173596, 0.0 ], [ 26.402522355848813, 37.578256594718859, 0.0 ], [ 26.40253908127713, 37.578291942208011, 0.0 ], [ 26.402545354993581, 37.578329939222222, 0.0 ], [ 26.402541561726448, 37.578368571077824, 0.0 ], [ 26.402527641599121, 37.578405834845626, 0.0 ], [ 26.402503983965698, 37.578440387997162, 0.0 ], [ 26.402442423415181, 37.578507906366745, 0.0 ], [ 26.402413116698224, 37.578545379795038, 0.0 ], [ 26.402383543531055, 37.578603060523349, 0.0 ], [ 26.402365183348216, 37.578667225563265, 0.0 ], [ 26.402357807566574, 37.578734356094614, 0.0 ], [ 26.402362263060994, 37.578800891570786, 0.0 ], [ 26.402380710882479, 37.578862906753237, 0.0 ], [ 26.402425983439947, 37.578916746625048, 0.0 ], [ 26.40248466656373, 37.578948777827307, 0.0 ], [ 26.402561012700165, 37.578973499687727, 0.0 ], [ 26.402650484486262, 37.578991853450852, 0.0 ], [ 26.402748555401558, 37.579004800874998, 0.0 ], [ 26.402865458852627, 37.579014169213551, 0.0 ], [ 26.402981287883438, 37.579018997720212, 0.0 ], [ 26.403089693222398, 37.579020501600098, 0.0 ], [ 26.403184402816787, 37.579019832328726, 0.0 ], [ 26.40332236127697, 37.579016425656249, 0.0 ], [ 26.403328252321071, 37.57878242328443, 0.0 ], [ 26.403328375769753, 37.578560010872657, 0.0 ], [ 26.403324732633735, 37.578443626453463, 0.0 ], [ 26.403317335093767, 37.578331965715357, 0.0 ], [ 26.403305135874749, 37.578231227342343, 0.0 ], [ 26.403287101973575, 37.578147596210052, 0.0 ], [ 26.403261766471559, 37.578077742725768, 0.0 ], [ 26.403226682811866, 37.578015513233012, 0.0 ] ] ] ] } },
{ "type": "Feature", "properties": { "Shape_Leng": 608.067858237, "Shape_Area": 0.01999622035, "Region": "North Aegean", "Subregion": "Central Aegean Islands", "Methodolog": "Landsat-8/ Google Earth", "Year": 2015, "Pres_Pan": 1 }, "geometry": { "type": "MultiPolygon", "coordinates": [ [ [ [ 26.454935212535645, 37.582520177901173, 0.0 ], [ 26.455266652557381, 37.582511190023666, 0.0 ], [ 26.455279957220604, 37.582512461286775, 0.0 ], [ 26.455302030323306, 37.581121380444543, 0.0 ], [ 26.455301881583594, 37.580948928606006, 0.0 ], [ 26.455300403319857, 37.580880712722944, 0.0 ], [ 26.455195820998657, 37.580690243369752, 0.0 ], [ 26.455086871212636, 37.580418932845205, 0.0 ], [ 26.455077245523924, 37.580419102511051, 0.0 ], [ 26.455034962369201, 37.580429544344604, 0.0 ], [ 26.454995676451173, 37.580449259566706, 0.0 ], [ 26.454958001345307, 37.580475510541326, 0.0 ], [ 26.454878554695025, 37.580535569013705, 0.0 ], [ 26.454736871888436, 37.580622665126228, 0.0 ], [ 26.454691401648649, 37.580655113116464, 0.0 ], [ 26.454637381452322, 37.580704418109505, 0.0 ], [ 26.454535337770722, 37.580808896720775, 0.0 ], [ 26.454450010206319, 37.580880255858688, 0.0 ], [ 26.454408788993604, 37.580917006582858, 0.0 ], [ 26.454372503406628, 37.580957652055872, 0.0 ], [ 26.454343511058674, 37.58100409329532, 0.0 ], [ 26.454321009641639, 37.58105569006846, 0.0 ], [ 26.454303600432741, 37.581111328835362, 0.0 ], [ 26.454290103439369, 37.581170074435057, 0.0 ], [ 26.45427649235609, 37.581251892397283, 0.0 ], [ 26.454266097961696, 37.581336290980445, 0.0 ], [ 26.454238203329254, 37.581592361421748, 0.0 ], [ 26.45422500423571, 37.581674660121777, 0.0 ], [ 26.45420707953026, 37.581753118256337, 0.0 ], [ 26.454182325548253, 37.581825914232027, 0.0 ], [ 26.454148164287687, 37.581890747002717, 0.0 ], [ 26.454103489221819, 37.581946368074647, 0.0 ], [ 26.454055007598747, 37.581997621202753, 0.0 ], [ 26.454011581838394, 37.58205080931922, 0.0 ], [ 26.453987171213818, 37.582095142933269, 0.0 ], [ 26.453970130267198, 37.582142804340805, 0.0 ], [ 26.453959966616633, 37.582192453884318, 0.0 ], [ 26.453956556971686, 37.58224275053567, 0.0 ], [ 26.453960162243163, 37.582292294810465, 0.0 ], [ 26.453971476363076, 37.582339563771896, 0.0 ], [ 26.453991677041699, 37.582382836081017, 0.0 ], [ 26.454022497639073, 37.582420104893174, 0.0 ], [ 26.45408211793087, 37.58245800017518, 0.0 ], [ 26.454159090673961, 37.582484573943425, 0.0 ], [ 26.454259293787683, 37.582502723594537, 0.0 ], [ 26.45438571818849, 37.582514221560217, 0.0 ], [ 26.454529284556624, 37.582520401996611, 0.0 ], [ 26.454681049010215, 37.582522551218574, 0.0 ], [ 26.454935212535645, 37.582520177901173, 0.0 ] ] ] ] } },
{ "type": "Feature", "properties": { "Shape_Leng": 1655.2885601600001, "Shape_Area": 0.04811060584, "Region": "North Aegean", "Subregion": "Central Aegean Islands", "Methodolog": "Landsat-8/ Google Earth", "Year": 2015, "Pres_Pan": 1 }, "geometry": { "type": "MultiPolygon", "coordinates": [ [ [ [ 26.504548639486718, 37.57840123843576, 0.0 ], [ 26.504529743554251, 37.578343439328663, 0.0 ], [ 26.504504563012713, 37.578294370389777, 0.0 ], [ 26.504470482418327, 37.578257411396898, 0.0 ], [ 26.504433911859746, 37.578238150234995, 0.0 ], [ 26.504392088795246, 37.578228956219675, 0.0 ], [ 26.504347883325362, 37.578229048420646, 0.0 ], [ 26.504304040671339, 37.578238041454171, 0.0 ], [ 26.50426239869897, 37.57825523307956, 0.0 ], [ 26.504178519144997, 37.578301172377664, 0.0 ], [ 26.504131259866845, 37.578322751831195, 0.0 ], [ 26.504069646004957, 37.57834122516963, 0.0 ], [ 26.504002026790516, 37.578352741266933, 0.0 ], [ 26.503931450771042, 37.578357450781176, 0.0 ], [ 26.503860856686732, 37.578355099397889, 0.0 ], [ 26.503793228341785, 37.578344986695861, 0.0 ], [ 26.503731749912923, 37.578325904277797, 0.0 ], [ 26.503679964892438, 37.578296081032306, 0.0 ], [ 26.503635206080279, 37.578246064869603, 0.0 ], [ 26.503604430674496, 37.578182803642612, 0.0 ], [ 26.503583933175559, 37.578109890394344, 0.0 ], [ 26.503570875343094, 37.578030038279849, 0.0 ], [ 26.503563105998481, 37.577945278135644, 0.0 ], [ 26.503559004509476, 37.577857119499832, 0.0 ], [ 26.503557346359166, 37.577766694942667, 0.0 ], [ 26.503558622712184, 37.577397871262171, 0.0 ], [ 26.503554528434783, 37.577219144580084, 0.0 ], [ 26.503548479975965, 37.577134647081074, 0.0 ], [ 26.50353812715883, 37.577055601730514, 0.0 ], [ 26.503521761559945, 37.576984411142384, 0.0 ], [ 26.503497149122502, 37.57692431451607, 0.0 ], [ 26.503461387575705, 37.576879626755932, 0.0 ], [ 26.503412819276267, 37.576854402057336, 0.0 ], [ 26.503357152511178, 37.576847818206751, 0.0 ], [ 26.503301610408492, 37.576859017253078, 0.0 ], [ 26.503251255553966, 37.576887032105361, 0.0 ], [ 26.503152498417041, 37.576968537568931, 0.0 ], [ 26.503067461352572, 37.577032733159669, 0.0 ], [ 26.503025882302239, 37.577067647302201, 0.0 ], [ 26.502988912519211, 37.577107125180149, 0.0 ], [ 26.502953652863567, 37.577162574409286, 0.0 ], [ 26.50292670255914, 37.57722522308228, 0.0 ], [ 26.502905595334173, 37.577292865298105, 0.0 ], [ 26.502888210959359, 37.577363654570931, 0.0 ], [ 26.502857255768063, 37.577508453039314, 0.0 ], [ 26.502840260274102, 37.577579632353213, 0.0 ], [ 26.502819942932881, 37.577648112065852, 0.0 ], [ 26.502794410915786, 37.577712345442876, 0.0 ], [ 26.502761535783861, 37.577770579881971, 0.0 ], [ 26.502727638887812, 37.577813756507148, 0.0 ], [ 26.502653636834129, 37.577894461586219, 0.0 ], [ 26.50262055016216, 37.577937391206888, 0.0 ], [ 26.502586724915322, 37.578001882461535, 0.0 ], [ 26.50256355620785, 37.578073133208164, 0.0 ], [ 26.502549215610632, 37.578148678902473, 0.0 ], [ 26.502542700037733, 37.578226289806082, 0.0 ], [ 26.502543816407702, 37.578303817220203, 0.0 ], [ 26.502553204503659, 37.578379030797898, 0.0 ], [ 26.502572401244127, 37.578449441460357, 0.0 ], [ 26.502603951960818, 37.578512107995543, 0.0 ], [ 26.502651568922612, 37.578563434542964, 0.0 ], [ 26.502699952598217, 37.57859251847966, 0.0 ], [ 26.502757687175837, 37.578614558159167, 0.0 ], [ 26.502822689567274, 37.578631082818063, 0.0 ], [ 26.502893235130543, 37.578643370786963, 0.0 ], [ 26.502967878876667, 37.578652497119592, 0.0 ], [ 26.503045404901684, 37.578659378820703, 0.0 ], [ 26.503311871515962, 37.578675836120773, 0.0 ], [ 26.503416703094555, 37.578683666507793, 0.0 ], [ 26.503517287952974, 37.578694751678597, 0.0 ], [ 26.503611060210044, 37.578711113256453, 0.0 ], [ 26.503694887148331, 37.578735224651574, 0.0 ], [ 26.503764848472297, 37.578770181552869, 0.0 ], [ 26.503818051993765, 37.578818269348481, 0.0 ], [ 26.503858673417728, 37.57887620854595, 0.0 ], [ 26.503892003736865, 37.578939841702883, 0.0 ], [ 26.503922719448138, 37.579005493898045, 0.0 ], [ 26.503955188094235, 37.579069731055185, 0.0 ], [ 26.503993761807731, 37.579129132036115, 0.0 ], [ 26.504028584174275, 37.579169029313427, 0.0 ], [ 26.50410387820601, 37.57924433976563, 0.0 ], [ 26.504138244107065, 37.579284566597167, 0.0 ], [ 26.504170801147545, 37.57933582196695, 0.0 ], [ 26.504197756203787, 37.579391481998321, 0.0 ], [ 26.504269406981731, 37.579565684634424, 0.0 ], [ 26.504298088006948, 37.57961996622295, 0.0 ], [ 26.504333348184712, 37.579669063633673, 0.0 ], [ 26.504370988535278, 37.579706676999209, 0.0 ], [ 26.504497457362501, 37.579808839417161, 0.0 ], [ 26.504547418313393, 37.579859161103592, 0.0 ], [ 26.504594625877175, 37.579911651661469, 0.0 ], [ 26.504644114768812, 37.579962343776849, 0.0 ], [ 26.504753991864309, 37.580055143087144, 0.0 ], [ 26.504802106375259, 37.580106915927288, 0.0 ], [ 26.504834544625798, 37.580162067390106, 0.0 ], [ 26.504857782596304, 37.58022446370228, 0.0 ], [ 26.504874006765139, 37.580292384151299, 0.0 ], [ 26.504884942399183, 37.580364468352819, 0.0 ], [ 26.504891947496272, 37.58043964757411, 0.0 ], [ 26.504898156227362, 37.58059615063582, 0.0 ], [ 26.50489796300279, 37.581107376971381, 0.0 ], [ 26.504900768972089, 37.581194829484254, 0.0 ], [ 26.504906439890423, 37.581280026019883, 0.0 ], [ 26.504916259824526, 37.581361954381549, 0.0 ], [ 26.504931945370512, 37.581439264276582, 0.0 ], [ 26.504955771262889, 37.581510163722065, 0.0 ], [ 26.504966211325559, 37.581528715236054, 0.0 ], [ 26.504987465563815, 37.581553942469839, 0.0 ], [ 26.505114000153931, 37.581687394391537, 0.0 ], [ 26.505149248940459, 37.581716448889658, 0.0 ], [ 26.505187464119469, 37.58175360099478, 0.0 ], [ 26.505261111324725, 37.581830098136628, 0.0 ], [ 26.505301166732622, 37.581865801761317, 0.0 ], [ 26.505345792607603, 37.581897905630541, 0.0 ], [ 26.505440797519142, 37.58195758282163, 0.0 ], [ 26.50548586915917, 37.58198933474057, 0.0 ], [ 26.505539271863086, 37.582036943464125, 0.0 ], [ 26.505588913893167, 37.582087512936312, 0.0 ], [ 26.505640562642935, 37.582136501541875, 0.0 ], [ 26.505771568846416, 37.582235621219098, 0.0 ], [ 26.505814694642986, 37.582276430112998, 0.0 ], [ 26.505860381548931, 37.582334417745571, 0.0 ], [ 26.505902604343913, 37.582400967557646, 0.0 ], [ 26.505983480354679, 37.5825408302195, 0.0 ], [ 26.506025316585479, 37.582604861433417, 0.0 ], [ 26.506069609022664, 37.58265924164958, 0.0 ], [ 26.506116521606106, 37.582700452987623, 0.0 ], [ 26.506171568228201, 37.582729730902955, 0.0 ], [ 26.506217479845606, 37.582741097410526, 0.0 ], [ 26.506244764265709, 37.582736646541136, 0.0 ], [ 26.506240279868518, 37.582721780396056, 0.0 ], [ 26.506242115575919, 37.58268536290101, 0.0 ], [ 26.506249693939914, 37.582631952508741, 0.0 ], [ 26.506263252758124, 37.582566343568644, 0.0 ], [ 26.506283303243592, 37.582493413832438, 0.0 ], [ 26.506310537726719, 37.582418140832438, 0.0 ], [ 26.506345760787909, 37.582345607849874, 0.0 ], [ 26.506382973420941, 37.582287797554855, 0.0 ], [ 26.506458723409892, 37.582187470648925, 0.0 ], [ 26.506486649866687, 37.582142723905299, 0.0 ], [ 26.506503495058492, 37.582087700942516, 0.0 ], [ 26.506498701633323, 37.582036956690658, 0.0 ], [ 26.506475067461309, 37.581989171927951, 0.0 ], [ 26.506445194803302, 37.581957333578934, 0.0 ], [ 26.506328378303426, 37.58186567640989, 0.0 ], [ 26.506290992976385, 37.581830328233131, 0.0 ], [ 26.506217554822829, 37.581755773744433, 0.0 ], [ 26.506177088158982, 37.581720546857873, 0.0 ], [ 26.506116191120764, 37.581678489969356, 0.0 ], [ 26.506052134878029, 37.581638521384775, 0.0 ], [ 26.50599126932115, 37.581595812245467, 0.0 ], [ 26.505950649696725, 37.581559732455815, 0.0 ], [ 26.505875780211021, 37.581482455201922, 0.0 ], [ 26.505836923373597, 37.581444914146942, 0.0 ], [ 26.505751962938078, 37.581375532352808, 0.0 ], [ 26.505710833786072, 37.581339783198153, 0.0 ], [ 26.5056745799128, 37.581300206123849, 0.0 ], [ 26.50563729950639, 37.581238760655445, 0.0 ], [ 26.505610247805762, 37.581169332018369, 0.0 ], [ 26.505590058844366, 37.581094632009808, 0.0 ], [ 26.505544481328382, 37.580860837385941, 0.0 ], [ 26.505526791932446, 37.580786387054864, 0.0 ], [ 26.505504166164073, 37.580717282512296, 0.0 ], [ 26.505474125626723, 37.58065616262494, 0.0 ], [ 26.505445916144126, 37.580616759762002, 0.0 ], [ 26.505387780300833, 37.580546721497676, 0.0 ], [ 26.505365706562849, 37.580511365939593, 0.0 ], [ 26.505352986092554, 37.580473360684472, 0.0 ], [ 26.505349870568924, 37.580433728577255, 0.0 ], [ 26.505356124861557, 37.580394136291204, 0.0 ], [ 26.505371886336455, 37.580356249795827, 0.0 ], [ 26.50539680540685, 37.580321091181119, 0.0 ], [ 26.505459709083745, 37.580251592236884, 0.0 ], [ 26.505489614926955, 37.580212491600015, 0.0 ], [ 26.505520795501191, 37.580151807112983, 0.0 ], [ 26.505542582582965, 37.580083251615584, 0.0 ], [ 26.505556385296689, 37.580009576966511, 0.0 ], [ 26.505562961410931, 37.579933188404418, 0.0 ], [ 26.505562409165364, 37.579856306024062, 0.0 ], [ 26.5055541277803, 37.579781137730741, 0.0 ], [ 26.505536758489811, 37.579710045398265, 0.0 ], [ 26.505508086274702, 37.57964572087252, 0.0 ], [ 26.505464916912491, 37.579591368805076, 0.0 ], [ 26.505414422591414, 37.579554633424657, 0.0 ], [ 26.505354447786903, 37.579524886640904, 0.0 ], [ 26.5052888091246, 37.579499284535281, 0.0 ], [ 26.505154297952185, 37.579450099821294, 0.0 ], [ 26.50509209499122, 37.579421398663079, 0.0 ], [ 26.505037910760752, 37.579386347275367, 0.0 ], [ 26.504987996862923, 37.579334963266483, 0.0 ], [ 26.504948963138194, 37.579275005583931, 0.0 ], [ 26.504852753612312, 37.579078680357192, 0.0 ], [ 26.504814120684866, 37.579018410434685, 0.0 ], [ 26.504767288836618, 37.578964617055014, 0.0 ], [ 26.504717881896195, 37.578912905862822, 0.0 ], [ 26.504673506893919, 37.57885734723957, 0.0 ], [ 26.504642931350158, 37.578800151158433, 0.0 ], [ 26.504620122488259, 37.57873712569674, 0.0 ], [ 26.504602738065589, 37.578670276030593, 0.0 ], [ 26.504563482577126, 37.578465000732209, 0.0 ], [ 26.504548639486718, 37.57840123843576, 0.0 ] ] ] ] } },
{ "type": "Feature", "properties": { "Shape_Leng": 307.56450036299998, "Shape_Area": 0.00611371262, "Region": "North Aegean", "Subregion": "Central Aegean Islands", "Methodolog": "Landsat-8/ Google Earth", "Year": 2015, "Pres_Pan": 1 }, "geometry": { "type": "MultiPolygon", "coordinates": [ [ [ [ 26.50725693725694, 37.583822490983898, 0.0 ], [ 26.507251319642958, 37.583811689619566, 0.0 ], [ 26.507255175223072, 37.583788440611634, 0.0 ], [ 26.507267575767443, 37.58375595818088, 0.0 ], [ 26.507288679592214, 37.583717779486818, 0.0 ], [ 26.507318991821691, 37.583677552363731, 0.0 ], [ 26.507358556048928, 37.583638465866755, 0.0 ], [ 26.507496096531998, 37.583530195433681, 0.0 ], [ 26.507531436425477, 37.583494465251817, 0.0 ], [ 26.507553322528008, 37.583457974816312, 0.0 ], [ 26.507560803033158, 37.583423436931859, 0.0 ], [ 26.507556108031942, 37.583391407053611, 0.0 ], [ 26.507541203690884, 37.583361527093167, 0.0 ], [ 26.507515299190246, 37.58333600990116, 0.0 ], [ 26.507470144883712, 37.583313620549674, 0.0 ], [ 26.507412694270528, 37.583297966221771, 0.0 ], [ 26.507346624840622, 37.58328711512236, 0.0 ], [ 26.507274593165189, 37.583279654581716, 0.0 ], [ 26.50719850721071, 37.583274572625733, 0.0 ], [ 26.507039294030953, 37.58326898273183, 0.0 ], [ 26.506876286699317, 37.583267382334313, 0.0 ], [ 26.506714484857184, 37.583269616524134, 0.0 ], [ 26.506635672400389, 37.583272840151039, 0.0 ], [ 26.506559427777201, 37.583278216026798, 0.0 ], [ 26.506486991022669, 37.583286626146425, 0.0 ], [ 26.506420034844741, 37.583299293853564, 0.0 ], [ 26.506360818348465, 37.583317876995956, 0.0 ], [ 26.50631236998602, 37.583344588394525, 0.0 ], [ 26.506278916758141, 37.58337892284284, 0.0 ], [ 26.506255786736308, 37.583420374948993, 0.0 ], [ 26.506240920758316, 37.58346669870037, 0.0 ], [ 26.506232973512255, 37.583515966333323, 0.0 ], [ 26.50623125820713, 37.583566437945116, 0.0 ], [ 26.506235734031268, 37.583616423888735, 0.0 ], [ 26.506247027435514, 37.583664142843958, 0.0 ], [ 26.50626650394236, 37.583707567099559, 0.0 ], [ 26.506296378002521, 37.583744254410902, 0.0 ], [ 26.506333885113758, 37.58376973443837, 0.0 ], [ 26.506380009227243, 37.583788934358026, 0.0 ], [ 26.506432841142313, 37.583803168014633, 0.0 ], [ 26.506496188054705, 37.58381355841577, 0.0 ], [ 26.506572463921419, 37.583820809399349, 0.0 ], [ 26.506667893412274, 37.583825806052069, 0.0 ], [ 26.506769734416991, 37.583828245063501, 0.0 ], [ 26.506873092955853, 37.583828766582663, 0.0 ], [ 26.507065255430586, 37.583826311392045, 0.0 ], [ 26.50724569908235, 37.583821754807268, 0.0 ], [ 26.50725693725694, 37.583822490983898, 0.0 ] ] ] ] } },
{ "type": "Feature", "properties": { "Shape_Leng": 384.3807619, "Shape_Area": 0.01028623705, "Region": "North Aegean", "Subregion": "Central Aegean Islands", "Methodolog": "Landsat-8/ Google Earth", "Year": 2015, "Pres_Pan": 1 }, "geometry": { "type": "MultiPolygon", "coordinates": [ [ [ [ 26.455308236429534, 37.583609021945108, 0.0 ], [ 26.455234559236491, 37.583606872341633, 0.0 ], [ 26.455161187495207, 37.5836125021493, 0.0 ], [ 26.455091176715545, 37.583626236173146, 0.0 ], [ 26.455027719607543, 37.583649059606444, 0.0 ], [ 26.454979377817143, 37.583677010430257, 0.0 ], [ 26.45493567734, 37.583710127288455, 0.0 ], [ 26.454850848688423, 37.583781040198616, 0.0 ], [ 26.454758739089947, 37.583847650231426, 0.0 ], [ 26.454714596869533, 37.583882561351366, 0.0 ], [ 26.454676012769021, 37.583921765166679, 0.0 ], [ 26.454645645667245, 37.583967230312595, 0.0 ], [ 26.45462273405359, 37.584018146297609, 0.0 ], [ 26.454605925198585, 37.584073181456702, 0.0 ], [ 26.454594189780412, 37.584131197446318, 0.0 ], [ 26.454586072801551, 37.584199882393094, 0.0 ], [ 26.454583013392764, 37.584269823728178, 0.0 ], [ 26.454584852828795, 37.584339739734411, 0.0 ], [ 26.45459192123241, 37.58440830427994, 0.0 ], [ 26.454605087121081, 37.584474034947405, 0.0 ], [ 26.454625831699961, 37.584535176142317, 0.0 ], [ 26.454658718253615, 37.584590966073797, 0.0 ], [ 26.454703676897491, 37.584636588713607, 0.0 ], [ 26.454759889096522, 37.584679975755364, 0.0 ], [ 26.454885398260497, 37.584765687184749, 0.0 ], [ 26.455004613105753, 37.584851196938246, 0.0 ], [ 26.455061550290949, 37.584887620986805, 0.0 ], [ 26.455117113462315, 37.584916034569119, 0.0 ], [ 26.455169792327425, 37.584934999365828, 0.0 ], [ 26.455214949118091, 37.584945492309103, 0.0 ], [ 26.455247373410756, 37.584948878929744, 0.0 ], [ 26.455262225013019, 37.584946006111736, 0.0 ], [ 26.455257417765875, 37.584933693014847, 0.0 ], [ 26.455263879258009, 37.584909580220483, 0.0 ], [ 26.455280923230443, 37.584876285390287, 0.0 ], [ 26.455308885961891, 37.584836943781248, 0.0 ], [ 26.455347736432973, 37.584794299088479, 0.0 ], [ 26.455444362247402, 37.584698878106792, 0.0 ], [ 26.45549215480106, 37.584643416935911, 0.0 ], [ 26.455541222355063, 37.584565768479685, 0.0 ], [ 26.455577842934247, 37.584481124036529, 0.0 ], [ 26.455602334000851, 37.584394835162357, 0.0 ], [ 26.455615380872434, 37.584312558446435, 0.0 ], [ 26.455621546452434, 37.584232280398993, 0.0 ], [ 26.455624128111381, 37.584151105524462, 0.0 ], [ 26.455623331638424, 37.58407016136583, 0.0 ], [ 26.455618891762619, 37.583990575358492, 0.0 ], [ 26.455610093449494, 37.583913605952283, 0.0 ], [ 26.455595735279804, 37.583840768631525, 0.0 ], [ 26.455574070581022, 37.583773974112027, 0.0 ], [ 26.455542710616712, 37.583715683548121, 0.0 ], [ 26.455498493197801, 37.583669079777046, 0.0 ], [ 26.455443816483683, 37.583638706862018, 0.0 ], [ 26.455379112835871, 37.583619287750409, 0.0 ], [ 26.455308236429534, 37.583609021945108, 0.0 ] ] ] ] } },
{ "type": "Feature", "properties": { "Shape_Leng": 747.75119982900003, "Shape_Area": 0.03293171697, "Region": "North Aegean", "Subregion": "Central Aegean Islands", "Methodolog": "Landsat-8/ Google Earth", "Year": 2015, "Pres_Pan": 1 }, "geometry": { "type": "MultiPolygon", "coordinates": [ [ [ [ 26.509585744917374, 37.583272900495849, 0.0 ], [ 26.509367793361754, 37.583275631684515, 0.0 ], [ 26.509154769847303, 37.583283021911832, 0.0 ], [ 26.509052068360429, 37.583289701927306, 0.0 ], [ 26.508953439638304, 37.583299478917333, 0.0 ], [ 26.508860500072963, 37.583313550357389, 0.0 ], [ 26.508775376740278, 37.583333484945094, 0.0 ], [ 26.50870083706376, 37.583361307252808, 0.0 ], [ 26.508650798764446, 37.583389911534184, 0.0 ], [ 26.508606626689506, 37.583422452431442, 0.0 ], [ 26.508525370115329, 37.58348970657498, 0.0 ], [ 26.508420694891683, 37.583569549023316, 0.0 ], [ 26.508382687567906, 37.583611685519223, 0.0 ], [ 26.508366677209082, 37.583647189694688, 0.0 ], [ 26.508361777546909, 37.583684726667492, 0.0 ], [ 26.508367729635289, 37.583722249178351, 0.0 ], [ 26.508384786579576, 37.583757717100148, 0.0 ], [ 26.508424143676169, 37.583799796416642, 0.0 ], [ 26.508530598218304, 37.583879648904244, 0.0 ], [ 26.508639179011496, 37.583970311947567, 0.0 ], [ 26.508701273898417, 37.584011691384028, 0.0 ], [ 26.508763490679577, 37.584040647068143, 0.0 ], [ 26.508831988320622, 37.584064941889508, 0.0 ], [ 26.508975410089356, 37.584108753934906, 0.0 ], [ 26.509044315100166, 37.584132834510079, 0.0 ], [ 26.509107128878718, 37.584161622318, 0.0 ], [ 26.509160267588403, 37.584197915895729, 0.0 ], [ 26.509206564142829, 37.584252464912666, 0.0 ], [ 26.509238853869604, 37.584317873933493, 0.0 ], [ 26.509260938469303, 37.584391155975702, 0.0 ], [ 26.509275827860908, 37.584469956360948, 0.0 ], [ 26.509285938417069, 37.584552386299094, 0.0 ], [ 26.509306720264831, 37.584806560179352, 0.0 ], [ 26.509316412701015, 37.584888944935884, 0.0 ], [ 26.509330894226927, 37.58496749716101, 0.0 ], [ 26.509352906594781, 37.585040068821961, 0.0 ], [ 26.509386006719748, 37.585103867359528, 0.0 ], [ 26.509419940803493, 37.585144519843425, 0.0 ], [ 26.509459547995377, 37.585180688387084, 0.0 ], [ 26.509502319999413, 37.585214897229527, 0.0 ], [ 26.50960539211296, 37.585290504240817, 0.0 ], [ 26.509664692948764, 37.58533050347728, 0.0 ], [ 26.509730545133145, 37.585367858178309, 0.0 ], [ 26.509803989687647, 37.585399478752393, 0.0 ], [ 26.509912708772042, 37.58542959725618, 0.0 ], [ 26.510025152814979, 37.585447801014823, 0.0 ], [ 26.510130782634914, 37.58545701313912, 0.0 ], [ 26.510219277182124, 37.585459975514269, 0.0 ], [ 26.510280451279183, 37.585459328035796, 0.0 ], [ 26.510304260761391, 37.585457593161372, 0.0 ], [ 26.510300202087514, 37.585444912373468, 0.0 ], [ 26.510306350531764, 37.585421955119429, 0.0 ], [ 26.510322225917861, 37.585390742027428, 0.0 ], [ 26.510348205050459, 37.58535392790273, 0.0 ], [ 26.510384304403804, 37.585313857117974, 0.0 ], [ 26.510474513722912, 37.585223289195881, 0.0 ], [ 26.510519596224324, 37.585170153720334, 0.0 ], [ 26.510570054807054, 37.585088603958681, 0.0 ], [ 26.510607753316876, 37.584998441529535, 0.0 ], [ 26.510633203367551, 37.584905556129108, 0.0 ], [ 26.510646908222189, 37.584820744257918, 0.0 ], [ 26.510659366048269, 37.584654951303143, 0.0 ], [ 26.510671082998368, 37.5843107944156, 0.0 ], [ 26.51067612638403, 37.583964493381458, 0.0 ], [ 26.510672765226857, 37.583795660545277, 0.0 ], [ 26.510667554381925, 37.583714016776931, 0.0 ], [ 26.510658529662877, 37.583635365711295, 0.0 ], [ 26.510644101050538, 37.583560946892291, 0.0 ], [ 26.510622147735166, 37.583492412159352, 0.0 ], [ 26.510589881529445, 37.583431939391431, 0.0 ], [ 26.510543675867734, 37.583382366806184, 0.0 ], [ 26.510480632125169, 37.583345955719366, 0.0 ], [ 26.51040371060482, 37.583320359656994, 0.0 ], [ 26.510316558866101, 37.58330269126543, 0.0 ], [ 26.510221961095379, 37.583290754710532, 0.0 ], [ 26.510122021250183, 37.583282902105054, 0.0 ], [ 26.510018319922288, 37.583277916627935, 0.0 ], [ 26.509804073956804, 37.583273317518767, 0.0 ], [ 26.509585744917374, 37.583272900495849, 0.0 ] ] ] ] } },
{ "type": "Feature", "properties": { "Shape_Leng": 827.92159851700001, "Shape_Area": 0.03507713776, "Region": "North Aegean", "Subregion": "Central Aegean Islands", "Methodolog": "Landsat-8/ Google Earth", "Year": 2015, "Pres_Pan": 1 }, "geometry": { "type": "MultiPolygon", "coordinates": [ [ [ [ 26.49469384102197, 37.582943754664562, 0.0 ], [ 26.49458530291022, 37.582944649410216, 0.0 ], [ 26.494568598460265, 37.582945347758866, 0.0 ], [ 26.494388433979303, 37.582995040883262, 0.0 ], [ 26.493957481028328, 37.583229434209166, 0.0 ], [ 26.493777275369784, 37.583405691771162, 0.0 ], [ 26.493784379800537, 37.583424458998763, 0.0 ], [ 26.493808423433002, 37.583460176142758, 0.0 ], [ 26.493870584052868, 37.583531563430448, 0.0 ], [ 26.493900510760664, 37.583571910547633, 0.0 ], [ 26.493930038499755, 37.583629444314113, 0.0 ], [ 26.49395203243532, 37.583694359885399, 0.0 ], [ 26.493967964204341, 37.583764712157155, 0.0 ], [ 26.493978964398227, 37.583838922783478, 0.0 ], [ 26.493985848176802, 37.583915699435586, 0.0 ], [ 26.493989132690086, 37.583993947123417, 0.0 ], [ 26.493989055040799, 37.584072695725773, 0.0 ], [ 26.493985573062755, 37.584151021575899, 0.0 ], [ 26.493978360712433, 37.58422797727065, 0.0 ], [ 26.493966785385492, 37.584302522763124, 0.0 ], [ 26.493949879185376, 37.584373444868, 0.0 ], [ 26.493926294560836, 37.58443928340526, 0.0 ], [ 26.493894253865868, 37.584498244855766, 0.0 ], [ 26.493861318429303, 37.584540274074982, 0.0 ], [ 26.493789223172271, 37.584617384792836, 0.0 ], [ 26.493757504023097, 37.5846577932749, 0.0 ], [ 26.493726480182374, 37.584718050637157, 0.0 ], [ 26.49370776924285, 37.58478379782575, 0.0 ], [ 26.493700229280901, 37.584852134820459, 0.0 ], [ 26.493703699930084, 37.584920223753194, 0.0 ], [ 26.49371906175957, 37.584985100218454, 0.0 ], [ 26.493748325542814, 37.585043464125619, 0.0 ], [ 26.493780421284828, 37.585081368404069, 0.0 ], [ 26.493818615109145, 37.585115822204649, 0.0 ], [ 26.493900158590794, 37.585183478142383, 0.0 ], [ 26.493937977669841, 37.585220576527277, 0.0 ], [ 26.49401142204043, 37.585297606828135, 0.0 ], [ 26.494051720996438, 37.585333650692661, 0.0 ], [ 26.494096968425954, 37.585365930440744, 0.0 ], [ 26.49424968023953, 37.585457912360333, 0.0 ], [ 26.494370155461478, 37.585533416389502, 0.0 ], [ 26.494438087753032, 37.585570038295636, 0.0 ], [ 26.494512839532391, 37.585601515600175, 0.0 ], [ 26.494622367352672, 37.585632112407509, 0.0 ], [ 26.494734852760374, 37.585651274323887, 0.0 ], [ 26.494840056387027, 37.585661631104635, 0.0 ], [ 26.494927944556181, 37.585665630668174, 0.0 ], [ 26.494988619412744, 37.585665582915141, 0.0 ], [ 26.495012366713901, 37.585663564981381, 0.0 ], [ 26.49500689928826, 37.585647786506513, 0.0 ], [ 26.495006835197387, 37.585611146169541, 0.0 ], [ 26.495012892017325, 37.585558347103721, 0.0 ], [ 26.495026580481259, 37.585494446931492, 0.0 ], [ 26.495049683913049, 37.58542462997444, 0.0 ], [ 26.495084210975016, 37.585354216361097, 0.0 ], [ 26.495132380102344, 37.585288670464351, 0.0 ], [ 26.495195321960377, 37.585232587539053, 0.0 ], [ 26.495268934223354, 37.585186380540272, 0.0 ], [ 26.495347044569538, 37.585148832817801, 0.0 ], [ 26.495490552068709, 37.585093093852052, 0.0 ], [ 26.495548940258995, 37.585065079000273, 0.0 ], [ 26.495595633690609, 37.58503008716459, 0.0 ], [ 26.495631500813623, 37.584978522792511, 0.0 ], [ 26.495649664197874, 37.584919010101565, 0.0 ], [ 26.495652636213155, 37.584856013308936, 0.0 ], [ 26.495641333541698, 37.584793515836651, 0.0 ], [ 26.495615216170439, 37.584735350790147, 0.0 ], [ 26.495572354963823, 37.584685495097801, 0.0 ], [ 26.495521138571821, 37.584651650762218, 0.0 ], [ 26.495460224556709, 37.58462403648273, 0.0 ], [ 26.495326285951585, 37.584576766835077, 0.0 ], [ 26.495260961732068, 37.584552174401885, 0.0 ], [ 26.495201825113767, 37.584523661813812, 0.0 ], [ 26.49515300220958, 37.584488579902882, 0.0 ], [ 26.495117826861975, 37.584445002747401, 0.0 ], [ 26.495095107527145, 37.584394718168184, 0.0 ], [ 26.49508308235939, 37.584340170349954, 0.0 ], [ 26.495080664572104, 37.584283537781324, 0.0 ], [ 26.495087392715028, 37.584226837937614, 0.0 ], [ 26.495103394438839, 37.584172028974052, 0.0 ], [ 26.495129368033531, 37.584121101129917, 0.0 ], [ 26.495160390571439, 37.584080680890246, 0.0 ], [ 26.495232426241653, 37.584003064181495, 0.0 ], [ 26.495265916956047, 37.583960637162647, 0.0 ], [ 26.495301451587196, 37.583895801787371, 0.0 ], [ 26.495327678084148, 37.583822990045597, 0.0 ], [ 26.495346651016728, 37.583744454561568, 0.0 ], [ 26.495359835908584, 37.583662034182112, 0.0 ], [ 26.495368154273176, 37.583577281886882, 0.0 ], [ 26.49537200834331, 37.583491594929548, 0.0 ], [ 26.495371273998241, 37.583406342047027, 0.0 ], [ 26.495365269808744, 37.583322987568828, 0.0 ], [ 26.495352687260525, 37.583243239776557, 0.0 ], [ 26.495331480182003, 37.583169198323645, 0.0 ], [ 26.495298721157273, 37.583103530287268, 0.0 ], [ 26.495250412205024, 37.583049667011075, 0.0 ], [ 26.495183317476439, 37.583010398324213, 0.0 ], [ 26.495100992255914, 37.582983175403498, 0.0 ], [ 26.495007806353748, 37.582964850974747, 0.0 ], [ 26.494907168386234, 37.582953129842466, 0.0 ], [ 26.494801774698463, 37.582946427554852, 0.0 ], [ 26.49469384102197, 37.582943754664562, 0.0 ] ] ] ] } },
{ "type": "Feature", "properties": { "Shape_Leng": 1197.5573335, "Shape_Area": 0.02919144633, "Region": "North Aegean", "Subregion": "Central Aegean Islands", "Methodolog": "Landsat-8/ Google Earth", "Year": 2015, "Pres_Pan": 1 }, "geometry": { "type": "MultiPolygon", "coordinates": [ [ [ [ 26.518429862413143, 37.585409223107973, 0.0 ], [ 26.518413716127963, 37.585355037148709, 0.0 ], [ 26.518386224239862, 37.585305636857989, 0.0 ], [ 26.518352298835001, 37.585267738880852, 0.0 ], [ 26.518311827253349, 37.585233365257977, 0.0 ], [ 26.518223963266237, 37.585166968951235, 0.0 ], [ 26.518110226404573, 37.585072687150287, 0.0 ], [ 26.518045165277876, 37.585031602266689, 0.0 ], [ 26.517967286366382, 37.585000639319965, 0.0 ], [ 26.517878781898212, 37.584978186242381, 0.0 ], [ 26.517783193597239, 37.584961514510503, 0.0 ], [ 26.517483317348926, 37.584923188681401, 0.0 ], [ 26.517388673578736, 37.584906651464124, 0.0 ], [ 26.517302540446295, 37.58488359135297, 0.0 ], [ 26.517225156883502, 37.584845673270443, 0.0 ], [ 26.5171671284251, 37.584796492612341, 0.0 ], [ 26.517116214160236, 37.584735940225904, 0.0 ], [ 26.517070074493663, 37.58466925381402, 0.0 ], [ 26.516983175396927, 37.584538106361812, 0.0 ], [ 26.516938825494744, 37.584483263940292, 0.0 ], [ 26.516892712482491, 37.584441022599499, 0.0 ], [ 26.516852033701426, 37.584416195787782, 0.0 ], [ 26.516814959817495, 37.584402010034225, 0.0 ], [ 26.516785626620283, 37.584397505722698, 0.0 ], [ 26.516767073219444, 37.584402613518243, 0.0 ], [ 26.516768459158726, 37.584720773857924, 0.0 ], [ 26.516762276169711, 37.584946684402645, 0.0 ], [ 26.51675535926206, 37.585057898307113, 0.0 ], [ 26.516744963529803, 37.585160130121203, 0.0 ], [ 26.516730352505956, 37.585247316567816, 0.0 ], [ 26.516710821252847, 37.58531352345868, 0.0 ], [ 26.516684925722409, 37.585363179087111, 0.0 ], [ 26.516650651751235, 37.585397636652502, 0.0 ], [ 26.516616024051071, 37.585411946295302, 0.0 ], [ 26.516578341002969, 37.585414281176689, 0.0 ], [ 26.516541283456093, 37.585405132284819, 0.0 ], [ 26.516508427292145, 37.585384362064119, 0.0 ], [ 26.516477457339146, 37.585343008655059, 0.0 ], [ 26.516455545590571, 37.58528812176263, 0.0 ], [ 26.516440541909965, 37.585223674358652, 0.0 ], [ 26.516430870328943, 37.585152666565747, 0.0 ], [ 26.51642544139246, 37.585077380744302, 0.0 ], [ 26.516423573047788, 37.584999587736242, 0.0 ], [ 26.516424945214858, 37.584920710937759, 0.0 ], [ 26.516429569469508, 37.584841968422886, 0.0 ], [ 26.516437775769653, 37.58476448316366, 0.0 ], [ 26.516450223862769, 37.584689386416329, 0.0 ], [ 26.516467931090276, 37.584617903635589, 0.0 ], [ 26.516492306951061, 37.584551439343848, 0.0 ], [ 26.516525203385992, 37.584491658059648, 0.0 ], [ 26.516558948716259, 37.584448676353063, 0.0 ], [ 26.516633419324247, 37.584368303277046, 0.0 ], [ 26.516667115467865, 37.584325276632384, 0.0 ], [ 26.516702328947737, 37.584260098595863, 0.0 ], [ 26.516727944403492, 37.584187180088193, 0.0 ], [ 26.516746415631363, 37.584108471066877, 0.0 ], [ 26.516759636631999, 37.584025472052836, 0.0 ], [ 26.516769034367258, 37.583939332177891, 0.0 ], [ 26.516775655223142, 37.583850928442217, 0.0 ], [ 26.516783243870343, 37.583669905354256, 0.0 ], [ 26.516785289132038, 37.583486610738944, 0.0 ], [ 26.516784151615589, 37.583395325808212, 0.0 ], [ 26.516781068922128, 37.583305087128352, 0.0 ], [ 26.516775319542795, 37.583216728312898, 0.0 ], [ 26.516765835132198, 37.583131375130002, 0.0 ], [ 26.516751116346814, 37.583050568949133, 0.0 ], [ 26.516729125558189, 37.582976409604584, 0.0 ], [ 26.516697145640745, 37.58291173322489, 0.0 ], [ 26.516651624431802, 37.582860335422644, 0.0 ], [ 26.516599694433953, 37.58282958031738, 0.0 ], [ 26.516538732099729, 37.582810089986154, 0.0 ], [ 26.516472523590199, 37.582800477922966, 0.0 ], [ 26.51640457428557, 37.5828000646937, 0.0 ], [ 26.516338293989349, 37.582808863172559, 0.0 ], [ 26.516277179131468, 37.582827575556621, 0.0 ], [ 26.516224995821389, 37.582857615593419, 0.0 ], [ 26.516179028319375, 37.582908284058533, 0.0 ], [ 26.516146476977482, 37.582972317511576, 0.0 ], [ 26.516123826425449, 37.583045896275543, 0.0 ], [ 26.516108785723862, 37.583123497559214, 0.0 ], [ 26.516098624705535, 37.583205452634353, 0.0 ], [ 26.516091937421656, 37.58329036050074, 0.0 ], [ 26.516089709808227, 37.58333574361842, 0.0 ], [ 26.51616494586699, 37.58355988074468, 0.0 ], [ 26.516193750176832, 37.583973784841227, 0.0 ], [ 26.51611989932108, 37.584407890981389, 0.0 ], [ 26.516070840749315, 37.584821429081273, 0.0 ], [ 26.516066947019358, 37.58506618738312, 0.0 ], [ 26.51606911436572, 37.585238811117655, 0.0 ], [ 26.516073586617416, 37.585322450065348, 0.0 ], [ 26.516078020310307, 37.585365873529859, 0.0 ], [ 26.516138264569904, 37.585592143388759, 0.0 ], [ 26.51614861738177, 37.585612374508187, 0.0 ], [ 26.516194896328752, 37.585663365215716, 0.0 ], [ 26.516242936081905, 37.585693374402844, 0.0 ], [ 26.516300241219316, 37.585716167078367, 0.0 ], [ 26.51636487386445, 37.585733277728821, 0.0 ], [ 26.516435261491772, 37.585745960008957, 0.0 ], [ 26.516530446772702, 37.585757200428453, 0.0 ], [ 26.516630807674694, 37.585764562757696, 0.0 ], [ 26.516734854384779, 37.58576923490984, 0.0 ], [ 26.516841488358445, 37.585772086468388, 0.0 ], [ 26.517169830111914, 37.585775038413487, 0.0 ], [ 26.517501860343998, 37.585774305330432, 0.0 ], [ 26.517720555778993, 37.58577127367289, 0.0 ], [ 26.51782758077761, 37.585768087469354, 0.0 ], [ 26.517931943497207, 37.58576301696958, 0.0 ], [ 26.518032409154635, 37.585755207237042, 0.0 ], [ 26.518127293605449, 37.585743506548553, 0.0 ], [ 26.518214324766191, 37.585726386450311, 0.0 ], [ 26.518290464958479, 37.585701844625156, 0.0 ], [ 26.518351712341332, 37.585667291985644, 0.0 ], [ 26.518391257348203, 37.585625697146547, 0.0 ], [ 26.518417243942434, 37.585576423095091, 0.0 ], [ 26.518431674496536, 37.585522268338735, 0.0 ], [ 26.518435740086247, 37.585465746823004, 0.0 ], [ 26.518429862413143, 37.585409223107973, 0.0 ] ] ] ] } },
{ "type": "Feature", "properties": { "Shape_Leng": 384.67825124799998, "Shape_Area": 0.00663945469, "Region": "North Aegean", "Subregion": "Central Aegean Islands", "Methodolog": "Landsat-8/ Google Earth", "Year": 2015, "Pres_Pan": 1 }, "geometry": { "type": "MultiPolygon", "coordinates": [ [ [ [ 26.521893238047301, 37.585258954261121, 0.0 ], [ 26.521818820239169, 37.585259026698154, 0.0 ], [ 26.521744687584114, 37.585266238905433, 0.0 ], [ 26.521673519959617, 37.585280680483386, 0.0 ], [ 26.521607976972664, 37.585303014586806, 0.0 ], [ 26.521556475409643, 37.585329182883569, 0.0 ], [ 26.521458123145258, 37.585388644315827, 0.0 ], [ 26.521404224659694, 37.585415595491064, 0.0 ], [ 26.521330420810891, 37.585441045469899, 0.0 ], [ 26.521248468289855, 37.585460113878973, 0.0 ], [ 26.52116114952856, 37.58547472010568, 0.0 ], [ 26.520891224463469, 37.585507257199879, 0.0 ], [ 26.5208068273928, 37.585518954081401, 0.0 ], [ 26.520730147337101, 37.585533438092078, 0.0 ], [ 26.520665133188125, 37.585552364941933, 0.0 ], [ 26.520616802491968, 37.585577683807806, 0.0 ], [ 26.520592902138926, 37.5856045748816, 0.0 ], [ 26.520583901225898, 37.585634484468379, 0.0 ], [ 26.520589507668308, 37.585664460421583, 0.0 ], [ 26.52061025791895, 37.585691506753896, 0.0 ], [ 26.520656918649479, 37.585717509246173, 0.0 ], [ 26.520722129687915, 37.585736464150763, 0.0 ], [ 26.52080083346905, 37.585750136674996, 0.0 ], [ 26.520889143058216, 37.585759949823029, 0.0 ], [ 26.520984068672529, 37.585767067736661, 0.0 ], [ 26.521388649475114, 37.585787294177472, 0.0 ], [ 26.52149287941619, 37.58579695223321, 0.0 ], [ 26.521602372973845, 37.585814505974724, 0.0 ], [ 26.521709926351797, 37.585840901462362, 0.0 ], [ 26.521808731494986, 37.585876732093531, 0.0 ], [ 26.521879414066966, 37.585912010390949, 0.0 ], [ 26.522001112291221, 37.585983598265713, 0.0 ], [ 26.522055431229727, 37.586012232659613, 0.0 ], [ 26.522105435052342, 37.586032657228579, 0.0 ], [ 26.522147623578483, 37.58604503872585, 0.0 ], [ 26.522177988803577, 37.586049897192559, 0.0 ], [ 26.522193110736822, 37.586047124631776, 0.0 ], [ 26.522202507282675, 37.585837600792942, 0.0 ], [ 26.522202303958462, 37.585741453430252, 0.0 ], [ 26.522197302575425, 37.585640300178014, 0.0 ], [ 26.522185507025686, 37.585540419488439, 0.0 ], [ 26.522164760220864, 37.58544825185168, 0.0 ], [ 26.522132779192891, 37.585370399945191, 0.0 ], [ 26.5220872918057, 37.585313519376108, 0.0 ], [ 26.522030925345454, 37.585283085060333, 0.0 ], [ 26.521965046625255, 37.585266554757339, 0.0 ], [ 26.521893238047301, 37.585258954261121, 0.0 ] ] ] ] } },
{ "type": "Feature", "properties": { "Shape_Leng": 427.08189227100002, "Shape_Area": 0.01220340167, "Region": "North Aegean", "Subregion": "Central Aegean Islands", "Methodolog": "Landsat-8/ Google Earth", "Year": 2015, "Pres_Pan": 1 }, "geometry": { "type": "MultiPolygon", "coordinates": [ [ [ [ 26.545038377158672, 37.587519546557722, 0.0 ], [ 26.544954975323773, 37.58751140560971, 0.0 ], [ 26.544869271698079, 37.587513445544978, 0.0 ], [ 26.544785624221845, 37.58752548403956, 0.0 ], [ 26.544708336258964, 37.58754832938812, 0.0 ], [ 26.544656398383939, 37.587572890573718, 0.0 ], [ 26.544558464918872, 37.587631012141344, 0.0 ], [ 26.544506407809195, 37.587658924394255, 0.0 ], [ 26.544440456215842, 37.587686267639015, 0.0 ], [ 26.544369350693785, 37.58770987513104, 0.0 ], [ 26.54422263669391, 37.587753884501694, 0.0 ], [ 26.544152579702878, 37.587778425338442, 0.0 ], [ 26.544088787876913, 37.587807713284334, 0.0 ], [ 26.544034846409065, 37.587844443777207, 0.0 ], [ 26.543987995495225, 37.587899285228019, 0.0 ], [ 26.543955930403847, 37.587964477960902, 0.0 ], [ 26.543935470477038, 37.588036669026955, 0.0 ], [ 26.543924547915029, 37.588113029353082, 0.0 ], [ 26.543922115395461, 37.588191034962911, 0.0 ], [ 26.54392812926427, 37.588268239357049, 0.0 ], [ 26.543943590007441, 37.588342032041808, 0.0 ], [ 26.543970671839514, 37.588409387024257, 0.0 ], [ 26.544012919965464, 37.588466570197149, 0.0 ], [ 26.544063713428727, 37.588505006902594, 0.0 ], [ 26.544125391539886, 37.588535397935985, 0.0 ], [ 26.544196882692219, 37.588561223987547, 0.0 ], [ 26.544373287680827, 37.588615632495483, 0.0 ], [ 26.544466220697633, 37.58864727039807, 0.0 ], [ 26.544554403702762, 37.588683372103453, 0.0 ], [ 26.544624523768562, 37.588718338683627, 0.0 ], [ 26.544748626477446, 37.58878518566722, 0.0 ], [ 26.544804579067499, 37.58881080496667, 0.0 ], [ 26.544855816057797, 37.588828569985665, 0.0 ], [ 26.544898610522974, 37.588839007186948, 0.0 ], [ 26.54492870683146, 37.588843012187553, 0.0 ], [ 26.544942167866019, 37.588841057416928, 0.0 ], [ 26.544937562158278, 37.588826724451764, 0.0 ], [ 26.544938594629389, 37.588790818704723, 0.0 ], [ 26.5449451833993, 37.588737684436083, 0.0 ], [ 26.544958012916737, 37.588671856630199, 0.0 ], [ 26.544978023609534, 37.588597938639666, 0.0 ], [ 26.545006347663037, 37.588520611680352, 0.0 ], [ 26.545044255778425, 37.588444634176817, 0.0 ], [ 26.545100424773512, 37.588362541478915, 0.0 ], [ 26.545161143206268, 37.588286519662319, 0.0 ], [ 26.54521472632447, 37.58821325600119, 0.0 ], [ 26.545251292463018, 37.588141008284751, 0.0 ], [ 26.54527320770611, 37.588067597032847, 0.0 ], [ 26.545285739528225, 37.587989719538349, 0.0 ], [ 26.545290322930168, 37.58790997520903, 0.0 ], [ 26.545287423143755, 37.587830750984828, 0.0 ], [ 26.545276599087813, 37.587754455161665, 0.0 ], [ 26.54525652039948, 37.587683751314323, 0.0 ], [ 26.545224909873522, 37.587621796531437, 0.0 ], [ 26.545178446784572, 37.587572494910781, 0.0 ], [ 26.545114719202907, 37.587539104655129, 0.0 ], [ 26.545038377158672, 37.587519546557722, 0.0 ] ] ] ] } },
{ "type": "Feature", "properties": { "Shape_Leng": 692.35105196999996, "Shape_Area": 0.01975007331, "Region": "North Aegean", "Subregion": "Central Aegean Islands", "Methodolog": "Landsat-8/ Google Earth", "Year": 2015, "Pres_Pan": 1 }, "geometry": { "type": "MultiPolygon", "coordinates": [ [ [ [ 26.488889090022592, 37.587786966052768, 0.0 ], [ 26.4887800687703, 37.587787444015859, 0.0 ], [ 26.488672295126882, 37.587791550539855, 0.0 ], [ 26.488567674442571, 37.587799815850076, 0.0 ], [ 26.488492567628995, 37.587809347263338, 0.0 ], [ 26.488421513245626, 37.587822436414775, 0.0 ], [ 26.488355774836393, 37.58783992715086, 0.0 ], [ 26.488296851045604, 37.587862888149253, 0.0 ], [ 26.488229992047739, 37.58790269819935, 0.0 ], [ 26.488207434082085, 37.587920766744737, 0.0 ], [ 26.488006268400465, 37.588113047352707, 0.0 ], [ 26.487913148665857, 37.588444460595539, 0.0 ], [ 26.487919805567635, 37.588467192674052, 0.0 ], [ 26.487945758903781, 37.588518935168317, 0.0 ], [ 26.487988043622153, 37.588572642819905, 0.0 ], [ 26.488036104091684, 37.588623812712839, 0.0 ], [ 26.488081029613074, 37.588678707289773, 0.0 ], [ 26.488115768675428, 37.588742358500546, 0.0 ], [ 26.488141043587902, 37.588813843682274, 0.0 ], [ 26.488159112216316, 37.588891152558865, 0.0 ], [ 26.488171759548713, 37.588972730884258, 0.0 ], [ 26.488180376383283, 37.589057394978951, 0.0 ], [ 26.48818603700381, 37.58914424989181, 0.0 ], [ 26.488191612227492, 37.589321999920266, 0.0 ], [ 26.488193606848565, 37.589592496706828, 0.0 ], [ 26.488197626463233, 37.589687878467004, 0.0 ], [ 26.488209075535497, 37.589789911553403, 0.0 ], [ 26.488228504051534, 37.589892770276279, 0.0 ], [ 26.488242045383483, 37.589940154394419, 0.0 ], [ 26.488244956424591, 37.589946328807578, 0.0 ], [ 26.488244327191776, 37.589948142536088, 0.0 ], [ 26.488256467532409, 37.589990625223088, 0.0 ], [ 26.488293392627789, 37.590077756030958, 0.0 ], [ 26.488339232467411, 37.590148811873661, 0.0 ], [ 26.488392770349822, 37.590199359619042, 0.0 ], [ 26.488435410034789, 37.590222584302325, 0.0 ], [ 26.488475006753092, 37.590234756830199, 0.0 ], [ 26.488506326219799, 37.5902377078786, 0.0 ], [ 26.488525097888761, 37.590232487244499, 0.0 ], [ 26.488523129986053, 37.590092208521632, 0.0 ], [ 26.488525357694698, 37.590000537412003, 0.0 ], [ 26.488531410527386, 37.589897404347731, 0.0 ], [ 26.488542817533059, 37.589789480573053, 0.0 ], [ 26.488561237973585, 37.589683539115569, 0.0 ], [ 26.488588431155751, 37.589586432893427, 0.0 ], [ 26.488626134408719, 37.589505000867383, 0.0 ], [ 26.48866132023981, 37.589457492683287, 0.0 ], [ 26.488735696963516, 37.589380281910543, 0.0 ], [ 26.488768667128735, 37.589338502058695, 0.0 ], [ 26.488802726393519, 37.589274757624331, 0.0 ], [ 26.488827929462758, 37.589203788235622, 0.0 ], [ 26.488847771208565, 37.589128387557764, 0.0 ], [ 26.488882996935502, 37.588973561178761, 0.0 ], [ 26.488903735446662, 37.588898398392793, 0.0 ], [ 26.488930283638673, 37.588827701579497, 0.0 ], [ 26.488965881523814, 37.58876405980601, 0.0 ], [ 26.489014395321714, 37.588710571576897, 0.0 ], [ 26.489078465202184, 37.588669360100916, 0.0 ], [ 26.489153478303855, 37.588636737941819, 0.0 ], [ 26.489313298863955, 37.588579014892581, 0.0 ], [ 26.489387148509614, 37.58854539886152, 0.0 ], [ 26.489449168958533, 37.588502709329042, 0.0 ], [ 26.489494555398284, 37.588447547723547, 0.0 ], [ 26.489525454836084, 37.588382325233361, 0.0 ], [ 26.489544810593291, 37.588310411255513, 0.0 ], [ 26.489554442444838, 37.588234693358352, 0.0 ], [ 26.489555133182964, 37.588157796234114, 0.0 ], [ 26.489546665272677, 37.588082298098385, 0.0 ], [ 26.489527797382532, 37.588010943852048, 0.0 ], [ 26.489496181479478, 37.587946875715936, 0.0 ], [ 26.48944823918281, 37.587893864723576, 0.0 ], [ 26.489381032372673, 37.587854948384219, 0.0 ], [ 26.489298329428451, 37.587827741157916, 0.0 ], [ 26.489204641754636, 37.587809217347505, 0.0 ], [ 26.489103460461184, 37.587797166688702, 0.0 ], [ 26.488997531730842, 37.587790064183196, 0.0 ], [ 26.488889090022592, 37.587786966052768, 0.0 ] ] ] ] } },
{ "type": "Feature", "properties": { "Shape_Leng": 1012.73483893, "Shape_Area": 0.02933800052, "Region": "North Aegean", "Subregion": "Central Aegean Islands", "Methodolog": "Landsat-8/ Google Earth", "Year": 2015, "Pres_Pan": 1 }, "geometry": { "type": "MultiPolygon", "coordinates": [ [ [ [ 26.547160030698262, 37.589927623853356, 0.0 ], [ 26.5470595383178, 37.589927866220805, 0.0 ], [ 26.546974393196919, 37.589930489506315, 0.0 ], [ 26.546973216863886, 37.589513728512436, 0.0 ], [ 26.546976380080356, 37.589288201169971, 0.0 ], [ 26.546985298925325, 37.589083021170538, 0.0 ], [ 26.546992839244933, 37.588999251651153, 0.0 ], [ 26.547003280395202, 37.588921150614688, 0.0 ], [ 26.547017582243456, 37.588846182312942, 0.0 ], [ 26.547036911010899, 37.588775372269062, 0.0 ], [ 26.547062738325039, 37.588710034977716, 0.0 ], [ 26.547096889733147, 37.588651835033829, 0.0 ], [ 26.547130801399366, 37.58861108141442, 0.0 ], [ 26.54720327086514, 37.588535552772747, 0.0 ], [ 26.547234327960346, 37.588495339256845, 0.0 ], [ 26.547263819028341, 37.588434838415132, 0.0 ], [ 26.547280657916001, 37.588368494876569, 0.0 ], [ 26.547286349304752, 37.588299321936759, 0.0 ], [ 26.547281365833275, 37.588230120882159, 0.0 ], [ 26.547265180540965, 37.588163668623991, 0.0 ], [ 26.547236270960823, 37.588102904140634, 0.0 ], [ 26.547205612992684, 37.588062330027135, 0.0 ], [ 26.547133431338427, 37.587986079679325, 0.0 ], [ 26.547098810406553, 37.587945513608204, 0.0 ], [ 26.547064841092666, 37.587894034421701, 0.0 ], [ 26.547035349852987, 37.587838487305454, 0.0 ], [ 26.546979545560408, 37.587723989386411, 0.0 ], [ 26.546948005663594, 37.587669495730452, 0.0 ], [ 26.546910245584961, 37.587620081701445, 0.0 ], [ 26.546862993928016, 37.587578571742142, 0.0 ], [ 26.546792859349306, 37.587542944479978, 0.0 ], [ 26.546709987127056, 37.587519087738357, 0.0 ], [ 26.546618807356825, 37.587504517889933, 0.0 ], [ 26.546523121964796, 37.587497656986415, 0.0 ], [ 26.546426403945816, 37.587497741594184, 0.0 ], [ 26.546332079266389, 37.587504787872859, 0.0 ], [ 26.546243822073542, 37.587519581598606, 0.0 ], [ 26.546165856149969, 37.587543718515441, 0.0 ], [ 26.546103279283685, 37.58757968564278, 0.0 ], [ 26.546065351150581, 37.587621508781901, 0.0 ], [ 26.546040478672374, 37.587671187239771, 0.0 ], [ 26.546026559497349, 37.587725810727491, 0.0 ], [ 26.546022172538038, 37.587782788563302, 0.0 ], [ 26.546026502200704, 37.587839719746583, 0.0 ], [ 26.546039285032233, 37.587894256238677, 0.0 ], [ 26.54606075936691, 37.587943987805332, 0.0 ], [ 26.546086352960057, 37.587982212378868, 0.0 ], [ 26.546141230121613, 37.588050372668143, 0.0 ], [ 26.546161643418557, 37.588084419706064, 0.0 ], [ 26.546173125484803, 37.588132716070135, 0.0 ], [ 26.546165342803512, 37.588180929023011, 0.0 ], [ 26.546137072841141, 37.588224122484895, 0.0 ], [ 26.546095838089901, 37.588254191616642, 0.0 ], [ 26.546042786985808, 37.588279248724469, 0.0 ], [ 26.545856626528348, 37.588346994514133, 0.0 ], [ 26.545799168970795, 37.588374405717097, 0.0 ], [ 26.545751063481276, 37.588408121151886, 0.0 ], [ 26.545715877977905, 37.588449794883715, 0.0 ], [ 26.545692731013791, 37.588497286863834, 0.0 ], [ 26.545680142307127, 37.588547665262119, 0.0 ], [ 26.545677282635737, 37.588598095933747, 0.0 ], [ 26.545683955438609, 37.588645701341683, 0.0 ], [ 26.545700585053577, 37.588687414829415, 0.0 ], [ 26.545728219296397, 37.588719823769893, 0.0 ], [ 26.54576187664253, 37.58873817322084, 0.0 ], [ 26.545801580478624, 37.588747502632252, 0.0 ], [ 26.545843933575977, 37.588748542230853, 0.0 ], [ 26.545885693843591, 37.588741689991117, 0.0 ], [ 26.545924517763268, 37.58872772639819, 0.0 ], [ 26.545998352336554, 37.588692144465682, 0.0 ], [ 26.546037096112343, 37.588678189774903, 0.0 ], [ 26.546078720930709, 37.588671352105436, 0.0 ], [ 26.546120882169628, 37.588672411966087, 0.0 ], [ 26.546160332143064, 37.588681768362619, 0.0 ], [ 26.546193671267712, 37.588700147986501, 0.0 ], [ 26.546220854202325, 37.588732598989523, 0.0 ], [ 26.546236928571656, 37.588774358623432, 0.0 ], [ 26.546242936426193, 37.588822012588196, 0.0 ], [ 26.546239289478017, 37.588872490897245, 0.0 ], [ 26.54622577957387, 37.588922909956239, 0.0 ], [ 26.546201569321216, 37.588970430388002, 0.0 ], [ 26.546165174578682, 37.589012108724923, 0.0 ], [ 26.546115712201846, 37.589045789617145, 0.0 ], [ 26.546056759742321, 37.58907310976192, 0.0 ], [ 26.545865618601585, 37.589139904271789, 0.0 ], [ 26.545810984473274, 37.589164252924633, 0.0 ], [ 26.545768432028272, 37.589193289767657, 0.0 ], [ 26.545739273601981, 37.589234719897291, 0.0 ], [ 26.545731817778794, 37.589280339554442, 0.0 ], [ 26.545745624018394, 37.589324896615238, 0.0 ], [ 26.54576974666065, 37.589355137535108, 0.0 ], [ 26.545802413502628, 37.589383622505153, 0.0 ], [ 26.545879006300343, 37.589442339096721, 0.0 ], [ 26.545955826160903, 37.589509906933806, 0.0 ], [ 26.545997041155999, 37.589543525761691, 0.0 ], [ 26.546043247891731, 37.58957408927656, 0.0 ], [ 26.546115122146482, 37.589607684325863, 0.0 ], [ 26.546195115435413, 37.589635553192402, 0.0 ], [ 26.54636031776846, 37.589688126082912, 0.0 ], [ 26.546436281136714, 37.589719819613364, 0.0 ], [ 26.546501220634461, 37.589760218882091, 0.0 ], [ 26.54654507066839, 37.589804154309419, 0.0 ], [ 26.546580238498553, 37.589854931011139, 0.0 ], [ 26.54660994345787, 37.589910021243682, 0.0 ], [ 26.546664655167586, 37.590023989587912, 0.0 ], [ 26.546695335820608, 37.590078431553216, 0.0 ], [ 26.54673218577318, 37.590128086040956, 0.0 ], [ 26.546771202583866, 37.59016626304247, 0.0 ], [ 26.546814684537015, 37.590200985158745, 0.0 ], [ 26.546904668512937, 37.590268197846164, 0.0 ], [ 26.547017844396372, 37.590363067873092, 0.0 ], [ 26.547082302732129, 37.590403843048023, 0.0 ], [ 26.547159528857286, 37.59043378228418, 0.0 ], [ 26.547247345233721, 37.590454018425739, 0.0 ], [ 26.547342172968204, 37.590466498554754, 0.0 ], [ 26.547440867536416, 37.59047242506977, 0.0 ], [ 26.54754046671929, 37.590472302580842, 0.0 ], [ 26.547637915440809, 37.590465938445071, 0.0 ], [ 26.547729767662059, 37.590452401446136, 0.0 ], [ 26.547811834564925, 37.590429932973755, 0.0 ], [ 26.547878775386838, 37.590395803571901, 0.0 ], [ 26.547925743995105, 37.59034784081279, 0.0 ], [ 26.5479545504922, 37.590289610998127, 0.0 ], [ 26.547967476077101, 37.590225742574169, 0.0 ], [ 26.547965176160385, 37.590160608935413, 0.0 ], [ 26.547946573989378, 37.590098729018401, 0.0 ], [ 26.547899317753046, 37.590044036254291, 0.0 ], [ 26.54781345636253, 37.590001360163427, 0.0 ], [ 26.547697960756249, 37.589970632169127, 0.0 ], [ 26.547564044414877, 37.589949836615489, 0.0 ], [ 26.547422688768826, 37.589936961093507, 0.0 ], [ 26.547284546865249, 37.589930126490664, 0.0 ], [ 26.547160030698262, 37.589927623853356, 0.0 ] ] ] ] } },
{ "type": "Feature", "properties": { "Shape_Leng": 480.69555990200001, "Shape_Area": 0.0105659724, "Region": "North Aegean", "Subregion": "Central Aegean Islands", "Methodolog": "Landsat-8/ Google Earth", "Year": 2015, "Pres_Pan": 1 }, "geometry": { "type": "MultiPolygon", "coordinates": [ [ [ [ 26.540898988322464, 37.589387320544496, 0.0 ], [ 26.540831185083622, 37.589388176318863, 0.0 ], [ 26.540765279525768, 37.589398180803208, 0.0 ], [ 26.540704725457179, 37.589418032774489, 0.0 ], [ 26.540653225092338, 37.589449142056687, 0.0 ], [ 26.540611045341024, 37.589496426633076, 0.0 ], [ 26.54058042461098, 37.589555181317124, 0.0 ], [ 26.54055832547424, 37.589622200467609, 0.0 ], [ 26.540542289967117, 37.58969496793172, 0.0 ], [ 26.540530292320021, 37.589771489005891, 0.0 ], [ 26.540502076825369, 37.590008314456249, 0.0 ], [ 26.540490185341355, 37.590085262171215, 0.0 ], [ 26.540474299289134, 37.590158932030775, 0.0 ], [ 26.540452373824582, 37.590227668558839, 0.0 ], [ 26.540421910099731, 37.590289452990589, 0.0 ], [ 26.540379800016506, 37.590341766940327, 0.0 ], [ 26.540318597748808, 37.590385738542842, 0.0 ], [ 26.540245661407521, 37.590419991905371, 0.0 ], [ 26.540087624171502, 37.590476980994225, 0.0 ], [ 26.540013915048473, 37.590508062693317, 0.0 ], [ 26.539952246914456, 37.590546769885272, 0.0 ], [ 26.53991355678011, 37.590588840896906, 0.0 ], [ 26.539887348521351, 37.590637548430742, 0.0 ], [ 26.539872291572635, 37.590690361962402, 0.0 ], [ 26.539867846240572, 37.590744830354872, 0.0 ], [ 26.539874312906207, 37.590798430313313, 0.0 ], [ 26.539893109169697, 37.590848424348543, 0.0 ], [ 26.539935170590255, 37.590892504419095, 0.0 ], [ 26.540019750945287, 37.590932206847818, 0.0 ], [ 26.540133799043744, 37.590959840369969, 0.0 ], [ 26.540266212173517, 37.590977593113585, 0.0 ], [ 26.540406106131101, 37.590987618800995, 0.0 ], [ 26.540542913377056, 37.590991925609998, 0.0 ], [ 26.540640443459683, 37.590992273430651, 0.0 ], [ 26.540730580226892, 37.590882134610617, 0.0 ], [ 26.540846819591675, 37.590699399778437, 0.0 ], [ 26.540876176469681, 37.590563603077854, 0.0 ], [ 26.540919741063156, 37.590346391440541, 0.0 ], [ 26.54100534976704, 37.590137298855801, 0.0 ], [ 26.541179263749019, 37.589944315559201, 0.0 ], [ 26.541210437631033, 37.589877198133316, 0.0 ], [ 26.541205096822619, 37.589794570556741, 0.0 ], [ 26.541195426808773, 37.589709845616397, 0.0 ], [ 26.541180327318184, 37.589629826137866, 0.0 ], [ 26.541164267115892, 37.589574159391439, 0.0 ], [ 26.541142968357107, 37.589523484152096, 0.0 ], [ 26.541115100508367, 37.589479233023326, 0.0 ], [ 26.5410790431226, 37.589443171056892, 0.0 ], [ 26.541026605831046, 37.589413743619289, 0.0 ], [ 26.540965302081222, 37.589395608939775, 0.0 ], [ 26.540898988322464, 37.589387320544496, 0.0 ] ] ] ] } },
{ "type": "Feature", "properties": { "Shape_Leng": 1153.22239737, "Shape_Area": 0.03799531894, "Region": "North Aegean", "Subregion": "Central Aegean Islands", "Methodolog": "Landsat-8/ Google Earth", "Year": 2015, "Pres_Pan": 1 }, "geometry": { "type": "MultiPolygon", "coordinates": [ [ [ [ 26.523072783385651, 37.587488398028697, 0.0 ], [ 26.523035679110478, 37.587481606845124, 0.0 ], [ 26.522997874150715, 37.587485820736717, 0.0 ], [ 26.52296267610917, 37.587501171716696, 0.0 ], [ 26.522928679042987, 37.587532200879686, 0.0 ], [ 26.522900042612495, 37.587574293825249, 0.0 ], [ 26.52287452824261, 37.58762380022096, 0.0 ], [ 26.522824455423486, 37.58773301489741, 0.0 ], [ 26.522795708764388, 37.587787506930724, 0.0 ], [ 26.522761536594544, 37.587838706934214, 0.0 ], [ 26.522753803949687, 37.587847639328039, 0.0 ], [ 26.522752823524588, 37.58785270928913, 0.0 ], [ 26.522565651890599, 37.588262223684936, 0.0 ], [ 26.522516696267804, 37.588452871393955, 0.0 ], [ 26.522515347756798, 37.588475277826738, 0.0 ], [ 26.522509801487086, 37.588654561379201, 0.0 ], [ 26.522507659415524, 37.588836164617106, 0.0 ], [ 26.522502021267428, 37.589747195572464, 0.0 ], [ 26.522502796930443, 37.590016773426655, 0.0 ], [ 26.52250896799309, 37.590191733308558, 0.0 ], [ 26.522515609965541, 37.590276347320881, 0.0 ], [ 26.522526005795772, 37.59035797223472, 0.0 ], [ 26.522541632708794, 37.590435450056432, 0.0 ], [ 26.522564440037975, 37.590507250443764, 0.0 ], [ 26.52259695616258, 37.590571384613412, 0.0 ], [ 26.522628759361272, 37.590613635825797, 0.0 ], [ 26.522699890407786, 37.590692189392676, 0.0 ], [ 26.522732288824169, 37.590733954756267, 0.0 ], [ 26.522766280866904, 37.590796884949185, 0.0 ], [ 26.522791562810617, 37.590866670617487, 0.0 ], [ 26.522811119638831, 37.590940961780277, 0.0 ], [ 26.522843646564329, 37.591094723138319, 0.0 ], [ 26.522861789031758, 37.591170118675578, 0.0 ], [ 26.522884970465086, 37.591241545128874, 0.0 ], [ 26.522916629119663, 37.591306291373691, 0.0 ], [ 26.52296100648487, 37.591361019040839, 0.0 ], [ 26.523011840124443, 37.591397848371038, 0.0 ], [ 26.523071937576873, 37.591427380492888, 0.0 ], [ 26.523137728111553, 37.591452427576279, 0.0 ], [ 26.523272950566351, 37.591499652061785, 0.0 ], [ 26.523335477130839, 37.591527268564491, 0.0 ], [ 26.523389445984137, 37.591561626465896, 0.0 ], [ 26.523437527903987, 37.591613432557537, 0.0 ], [ 26.523472097025063, 37.591675882496943, 0.0 ], [ 26.52350035076844, 37.591751377911521, 0.0 ], [ 26.523557548126472, 37.591934111326225, 0.0 ], [ 26.523590460581271, 37.592027460119688, 0.0 ], [ 26.523628661329507, 37.592113056048476, 0.0 ], [ 26.523673305846685, 37.59218460888129, 0.0 ], [ 26.523724289816972, 37.592236819538158, 0.0 ], [ 26.523777918313701, 37.592267216886363, 0.0 ], [ 26.5238239187087, 37.592278513212811, 0.0 ], [ 26.52385240988999, 37.592273109665271, 0.0 ], [ 26.523848084116263, 37.592253342373724, 0.0 ], [ 26.523850564860361, 37.592206509315346, 0.0 ], [ 26.523860380968284, 37.592139145830977, 0.0 ], [ 26.52387895808576, 37.592058253777807, 0.0 ], [ 26.523908082006642, 37.59197103726661, 0.0 ], [ 26.523949812004226, 37.591884884689804, 0.0 ], [ 26.52398989148513, 37.591824825179351, 0.0 ], [ 26.524077739586751, 37.59171499461695, 0.0 ], [ 26.524115771362784, 37.591662305908841, 0.0 ], [ 26.524151268471499, 37.591592621282196, 0.0 ], [ 26.524172489699971, 37.591521421851986, 0.0 ], [ 26.524184777973431, 37.591445390707463, 0.0 ], [ 26.524189812703881, 37.591366839339479, 0.0 ], [ 26.524188412105588, 37.591287728204904, 0.0 ], [ 26.524180632167631, 37.59120984753708, 0.0 ], [ 26.524165829998566, 37.591134982698421, 0.0 ], [ 26.524142672335142, 37.591065065385905, 0.0 ], [ 26.524109112978763, 37.59100231018234, 0.0 ], [ 26.524076344126865, 37.590960801848347, 0.0 ], [ 26.524003632065575, 37.590882830851648, 0.0 ], [ 26.52397080528867, 37.590840911912181, 0.0 ], [ 26.523936602303426, 37.590777433306549, 0.0 ], [ 26.523911394895219, 37.590706867733701, 0.0 ], [ 26.523892164287339, 37.590631637124794, 0.0 ], [ 26.523845525344633, 37.590397637438308, 0.0 ], [ 26.523825981812717, 37.590322927148293, 0.0 ], [ 26.523800292978287, 37.590253119775468, 0.0 ], [ 26.523765435128478, 37.59019059048493, 0.0 ], [ 26.523719857092757, 37.590136552925081, 0.0 ], [ 26.523669617798159, 37.590086227668323, 0.0 ], [ 26.523622500202812, 37.590033475565313, 0.0 ], [ 26.52358927539067, 37.589982639397576, 0.0 ], [ 26.523561586267391, 37.589927456728638, 0.0 ], [ 26.52348920739621, 37.589753542890058, 0.0 ], [ 26.523461501521009, 37.589698395695663, 0.0 ], [ 26.523428303461095, 37.589647572420901, 0.0 ], [ 26.523393672354054, 37.589607492341322, 0.0 ], [ 26.523319598890129, 37.589531094524347, 0.0 ], [ 26.523286852949717, 37.589489493541521, 0.0 ], [ 26.523253460693105, 37.589425908155192, 0.0 ], [ 26.523230134724741, 37.589354350577601, 0.0 ], [ 26.52321427811156, 37.589276857030292, 0.0 ], [ 26.523203888248684, 37.589194988743053, 0.0 ], [ 26.523197448056418, 37.589109929801893, 0.0 ], [ 26.523193819658818, 37.589022557909438, 0.0 ], [ 26.523192219792225, 37.588779571812779, 0.0 ], [ 26.523201953745588, 37.588105565805634, 0.0 ], [ 26.523199914720031, 37.587924771988988, 0.0 ], [ 26.523196217174039, 37.587837628643619, 0.0 ], [ 26.52318967934994, 37.587754265884449, 0.0 ], [ 26.523179156811672, 37.587676505930176, 0.0 ], [ 26.52316774590815, 37.587623336807113, 0.0 ], [ 26.523152423203168, 37.587576085222665, 0.0 ], [ 26.523132188903094, 37.587536463967858, 0.0 ], [ 26.523105835080401, 37.587506594888566, 0.0 ], [ 26.523072783385651, 37.587488398028697, 0.0 ] ] ] ] } },
{ "type": "Feature", "properties": { "Shape_Leng": 730.09389264900005, "Shape_Area": 0.02870804558, "Region": "North Aegean", "Subregion": "Central Aegean Islands", "Methodolog": "Landsat-8/ Google Earth", "Year": 2015, "Pres_Pan": 1 }, "geometry": { "type": "MultiPolygon", "coordinates": [ [ [ [ 26.502780545573909, 37.59272702903116, 0.0 ], [ 26.502797257408069, 37.592729631959131, 0.0 ], [ 26.502827227781957, 37.59272414622076, 0.0 ], [ 26.50286737659815, 37.592711322013564, 0.0 ], [ 26.502913805898441, 37.592691260956684, 0.0 ], [ 26.502962992560807, 37.592664368510221, 0.0 ], [ 26.50306793715135, 37.592601787902012, 0.0 ], [ 26.503125621662107, 37.592574319478636, 0.0 ], [ 26.503209473356176, 37.592550583317554, 0.0 ], [ 26.503295065982773, 37.592544192879728, 0.0 ], [ 26.503373269799173, 37.592556030368776, 0.0 ], [ 26.503422346525145, 37.592576344665751, 0.0 ], [ 26.503510099065956, 37.592629562792148, 0.0 ], [ 26.503560112073743, 37.592654427672052, 0.0 ], [ 26.503629943434312, 37.592678317719312, 0.0 ], [ 26.503708430357165, 37.592696737107836, 0.0 ], [ 26.503792764485684, 37.592711447655802, 0.0 ], [ 26.504059387509074, 37.592747513986517, 0.0 ], [ 26.504146785609791, 37.592760990478126, 0.0 ], [ 26.50423053854632, 37.592777243159837, 0.0 ], [ 26.504308714796824, 37.59279763679897, 0.0 ], [ 26.504379098993919, 37.592823717011605, 0.0 ], [ 26.504430824944567, 37.592850378940405, 0.0 ], [ 26.504526636906327, 37.592907405459073, 0.0 ], [ 26.504577378179118, 37.592931953460102, 0.0 ], [ 26.504653402087584, 37.592955393313957, 0.0 ], [ 26.504736584024045, 37.592968894000862, 0.0 ], [ 26.504823237186358, 37.592973586306613, 0.0 ], [ 26.50490990792305, 37.59296982020701, 0.0 ], [ 26.504993150894279, 37.592957180455222, 0.0 ], [ 26.505069309075921, 37.592934477736598, 0.0 ], [ 26.505120211362961, 37.592910371193483, 0.0 ], [ 26.50521610312471, 37.592853748149814, 0.0 ], [ 26.505267345477847, 37.592826818303799, 0.0 ], [ 26.505332702828856, 37.592800798871224, 0.0 ], [ 26.505403795126846, 37.592778836120296, 0.0 ], [ 26.505627292642078, 37.592719136624176, 0.0 ], [ 26.505697227703497, 37.592695191471535, 0.0 ], [ 26.505760531391822, 37.59266585693134, 0.0 ], [ 26.505808924745455, 37.592634590778616, 0.0 ], [ 26.505852687419043, 37.592599713039206, 0.0 ], [ 26.505936494553346, 37.592527790894593, 0.0 ], [ 26.505946549472984, 37.592520054695918, 0.0 ], [ 26.506050850572795, 37.592263775522937, 0.0 ], [ 26.506052172539139, 37.59202944209823, 0.0 ], [ 26.505988866808, 37.591984506035644, 0.0 ], [ 26.50593135263092, 37.591964618958094, 0.0 ], [ 26.505842352323448, 37.591944412161816, 0.0 ], [ 26.505746940545087, 37.591928438006043, 0.0 ], [ 26.505550027559622, 37.591900091739213, 0.0 ], [ 26.505454304228795, 37.591883536427638, 0.0 ], [ 26.505364198333631, 37.591862537229041, 0.0 ], [ 26.505282830614163, 37.59183468765476, 0.0 ], [ 26.505228798454763, 37.591808334592272, 0.0 ], [ 26.505178348002183, 37.591779508445327, 0.0 ], [ 26.505104660475983, 37.591761207078626, 0.0 ], [ 26.505085380521162, 37.591730177120027, 0.0 ], [ 26.505073374077277, 37.591724397245997, 0.0 ], [ 26.505013034273382, 37.591703344185646, 0.0 ], [ 26.504947022566615, 37.591686932485054, 0.0 ], [ 26.504876528452691, 37.591674297027495, 0.0 ], [ 26.50480256472952, 37.59166474045503, 0.0 ], [ 26.504700023879238, 37.591655866301835, 0.0 ], [ 26.504594577959235, 37.591650595164651, 0.0 ], [ 26.504487730116448, 37.591648398602267, 0.0 ], [ 26.504380872258242, 37.591649111892032, 0.0 ], [ 26.504275405864615, 37.591652923354594, 0.0 ], [ 26.504172876546921, 37.59166040213573, 0.0 ], [ 26.504075102058231, 37.591672533336677, 0.0 ], [ 26.503984329833408, 37.591690789464288, 0.0 ], [ 26.503903394153156, 37.591717224417103, 0.0 ], [ 26.503850402042151, 37.591743332936908, 0.0 ], [ 26.503753311775714, 37.59180273955802, 0.0 ], [ 26.503702516408385, 37.591830601837913, 0.0 ], [ 26.503626762722124, 37.591861230399275, 0.0 ], [ 26.503543996231514, 37.591886131499813, 0.0 ], [ 26.503371775399764, 37.591930274904151, 0.0 ], [ 26.503289723308587, 37.591955479666296, 0.0 ], [ 26.503216041005846, 37.591987337302477, 0.0 ], [ 26.50315383853431, 37.592028358155034, 0.0 ], [ 26.503098420185527, 37.592074775147623, 0.0 ], [ 26.502991943069055, 37.592171185940813, 0.0 ], [ 26.502942191911838, 37.592218937933069, 0.0 ], [ 26.502895449008584, 37.592271639043723, 0.0 ], [ 26.502855665720123, 37.592330174150739, 0.0 ], [ 26.502821944871105, 37.592403862821783, 0.0 ], [ 26.502799468935159, 37.592480480363633, 0.0 ], [ 26.502785976217144, 37.592554782452318, 0.0 ], [ 26.502779330644113, 37.592621623922597, 0.0 ], [ 26.502777499596636, 37.592675939415301, 0.0 ], [ 26.502778510920443, 37.592712710948483, 0.0 ], [ 26.502780545573909, 37.59272702903116, 0.0 ] ] ] ] } },
{ "type": "Feature", "properties": { "Shape_Leng": 220.01301022199999, "Shape_Area": 0.00352839105, "Region": "North Aegean", "Subregion": "Central Aegean Islands", "Methodolog": "Landsat-8/ Google Earth", "Year": 2015, "Pres_Pan": 1 }, "geometry": { "type": "MultiPolygon", "coordinates": [ [ [ [ 26.524260752385988, 37.592538148697784, 0.0 ], [ 26.524120941693162, 37.592538698360578, 0.0 ], [ 26.524057636779961, 37.592541835341294, 0.0 ], [ 26.524003620727111, 37.592547666141392, 0.0 ], [ 26.523960694131478, 37.592556827188403, 0.0 ], [ 26.523923806294974, 37.592570292538163, 0.0 ], [ 26.523893914492469, 37.592589446564951, 0.0 ], [ 26.523872354884997, 37.59261532401085, 0.0 ], [ 26.523857488675525, 37.592646546982898, 0.0 ], [ 26.523847450932845, 37.592681513538835, 0.0 ], [ 26.523840926816511, 37.592719015471111, 0.0 ], [ 26.523837043448744, 37.592758121672304, 0.0 ], [ 26.523835412953893, 37.59283826095141, 0.0 ], [ 26.523837494318158, 37.592878038830456, 0.0 ], [ 26.523841840468357, 37.592916773413997, 0.0 ], [ 26.523849052562085, 37.592953721930336, 0.0 ], [ 26.523860054488658, 37.592987973401584, 0.0 ], [ 26.523876152614665, 37.593018373472923, 0.0 ], [ 26.523899116664964, 37.593043437975588, 0.0 ], [ 26.523930381591462, 37.593061963842786, 0.0 ], [ 26.52396842051553, 37.593075081305045, 0.0 ], [ 26.524011351878404, 37.593084182299158, 0.0 ], [ 26.524057709895523, 37.593090294825139, 0.0 ], [ 26.52410634248416, 37.593094145505347, 0.0 ], [ 26.524156308612326, 37.593096205034591, 0.0 ], [ 26.524257033129036, 37.59309571946109, 0.0 ], [ 26.524306216897987, 37.593093026026892, 0.0 ], [ 26.524353409596621, 37.593088216091118, 0.0 ], [ 26.524397453727957, 37.593080582715324, 0.0 ], [ 26.524436840277961, 37.593069070541844, 0.0 ], [ 26.524469578562687, 37.59305217765359, 0.0 ], [ 26.524493951421306, 37.593028587319033, 0.0 ], [ 26.524511246519189, 37.592999373157419, 0.0 ], [ 26.524523193281393, 37.592965310071513, 0.0 ], [ 26.524531068409392, 37.592922389580629, 0.0 ], [ 26.52453565210584, 37.592872050300926, 0.0 ], [ 26.524537758389641, 37.592760812114953, 0.0 ], [ 26.524530312424911, 37.592546246588249, 0.0 ], [ 26.524260752385988, 37.592538148697784, 0.0 ] ] ] ] } },
{ "type": "Feature", "properties": { "Shape_Leng": 312.52924803299999, "Shape_Area": 0.00696680692, "Region": "North Aegean", "Subregion": "Central Aegean Islands", "Methodolog": "Landsat-8/ Google Earth", "Year": 2015, "Pres_Pan": 1 }, "geometry": { "type": "MultiPolygon", "coordinates": [ [ [ [ 26.49020088961452, 37.593494472348461, 0.0 ], [ 26.490201967394803, 37.593484577733918, 0.0 ], [ 26.490189522657452, 37.59348532795142, 0.0 ], [ 26.489997371377243, 37.593478336240075, 0.0 ], [ 26.489795907058152, 37.593473668345162, 0.0 ], [ 26.489689060721595, 37.593473290349884, 0.0 ], [ 26.489585265439196, 37.593475159261047, 0.0 ], [ 26.489490006329692, 37.593480072172817, 0.0 ], [ 26.48940886996084, 37.59348887992504, 0.0 ], [ 26.489344625747925, 37.593502481103577, 0.0 ], [ 26.489289744907417, 37.593522301597169, 0.0 ], [ 26.489245785832907, 37.593550315347471, 0.0 ], [ 26.489215857640414, 37.593586399988318, 0.0 ], [ 26.489196115684042, 37.593629403913752, 0.0 ], [ 26.489184295619641, 37.593676932850599, 0.0 ], [ 26.489178942973737, 37.593727038613793, 0.0 ], [ 26.489179293530455, 37.593778062131747, 0.0 ], [ 26.489185185916881, 37.593828491111083, 0.0 ], [ 26.489197024493368, 37.593876831958198, 0.0 ], [ 26.489215767620756, 37.59392149558338, 0.0 ], [ 26.489242952201039, 37.593960684240649, 0.0 ], [ 26.489275532245401, 37.593990230501355, 0.0 ], [ 26.489313464515561, 37.594015972784625, 0.0 ], [ 26.489394110574111, 37.594064367364453, 0.0 ], [ 26.489431594032094, 37.594090946315653, 0.0 ], [ 26.489464587217334, 37.594121059624008, 0.0 ], [ 26.489524527818165, 37.594185752737374, 0.0 ], [ 26.489556464729745, 37.594216213617749, 0.0 ], [ 26.489593239520293, 37.594242456932129, 0.0 ], [ 26.489636943359606, 37.594262631778662, 0.0 ], [ 26.489686487422802, 37.594277300906157, 0.0 ], [ 26.489740179006983, 37.594287393052177, 0.0 ], [ 26.489796520310144, 37.594293534569573, 0.0 ], [ 26.489854118135856, 37.594296058541431, 0.0 ], [ 26.48991161274613, 37.594295010788194, 0.0 ], [ 26.489967577611207, 37.594290132159344, 0.0 ], [ 26.490020427942724, 37.594280832528902, 0.0 ], [ 26.49006830822626, 37.594266146310886, 0.0 ], [ 26.490108970992033, 37.594244662928219, 0.0 ], [ 26.490144652730088, 37.594209991232951, 0.0 ], [ 26.490170157335236, 37.594166540202124, 0.0 ], [ 26.490187948124213, 37.59411557078576, 0.0 ], [ 26.490199897269093, 37.594051109534703, 0.0 ], [ 26.490207105684242, 37.593975368008408, 0.0 ], [ 26.490210581493891, 37.593892801731791, 0.0 ], [ 26.490211267785384, 37.593807783797345, 0.0 ], [ 26.490207589764275, 37.593647436242989, 0.0 ], [ 26.49020088961452, 37.593494472348461, 0.0 ] ] ] ] } },
{ "type": "Feature", "properties": { "Shape_Leng": 1907.51090144, "Shape_Area": 0.0518880298, "Region": "North Aegean", "Subregion": "Central Aegean Islands", "Methodolog": "Landsat-8/ Google Earth", "Year": 2015, "Pres_Pan": 1 }, "geometry": { "type": "MultiPolygon", "coordinates": [ [ [ [ 26.544576178409464, 37.593255061024706, 0.0 ], [ 26.544588843974189, 37.592611170855768, 0.0 ], [ 26.544589258596822, 37.592428818693087, 0.0 ], [ 26.544587254378474, 37.592339308725379, 0.0 ], [ 26.544582749833896, 37.592251829746786, 0.0 ], [ 26.544575615386588, 37.592178001778024, 0.0 ], [ 26.544495817449896, 37.592125615399745, 0.0 ], [ 26.544193778315286, 37.592069051823906, 0.0 ], [ 26.54386266639872, 37.592031144019558, 0.0 ], [ 26.543791690901084, 37.592028435730334, 0.0 ], [ 26.543704095811929, 37.592083126623116, 0.0 ], [ 26.54364184085825, 37.592126196283978, 0.0 ], [ 26.543586938524054, 37.59217510972443, 0.0 ], [ 26.543535346117775, 37.592226512750742, 0.0 ], [ 26.543481194689207, 37.592275632528434, 0.0 ], [ 26.543436178146248, 37.59230877401977, 0.0 ], [ 26.543341804978805, 37.592371154064303, 0.0 ], [ 26.543297398329944, 37.592404384180604, 0.0 ], [ 26.543257392056763, 37.592441031069704, 0.0 ], [ 26.543183521789974, 37.592518946689012, 0.0 ], [ 26.543145025709773, 37.59255651346507, 0.0 ], [ 26.543018264522523, 37.592659727359923, 0.0 ], [ 26.542980597560149, 37.592697702439004, 0.0 ], [ 26.542949180128293, 37.592740653029196, 0.0 ], [ 26.542922884260385, 37.592787679804069, 0.0 ], [ 26.542834230419292, 37.592988775199316, 0.0 ], [ 26.542807943932022, 37.593035682799318, 0.0 ], [ 26.542776539741499, 37.593078463649228, 0.0 ], [ 26.542725283855869, 37.593127943298306, 0.0 ], [ 26.542612257584061, 37.593218405434619, 0.0 ], [ 26.542561548320009, 37.593268279637009, 0.0 ], [ 26.542512737718315, 37.593319671830848, 0.0 ], [ 26.542460360487837, 37.593368190614157, 0.0 ], [ 26.542416177722597, 37.593400640620253, 0.0 ], [ 26.542322474544623, 37.593461242842103, 0.0 ], [ 26.542277943311415, 37.593493406543068, 0.0 ], [ 26.542237482424991, 37.593528839174176, 0.0 ], [ 26.542161435537718, 37.593603621933603, 0.0 ], [ 26.542120987352813, 37.593639065065538, 0.0 ], [ 26.542076455896062, 37.593671227796101, 0.0 ], [ 26.541982544813557, 37.593731662120987, 0.0 ], [ 26.54193802737257, 37.593763840718559, 0.0 ], [ 26.541897574652012, 37.593799289280334, 0.0 ], [ 26.541821276556423, 37.593873896114694, 0.0 ], [ 26.541780414288496, 37.593909027257226, 0.0 ], [ 26.541735149911982, 37.593940627136341, 0.0 ], [ 26.54163830421605, 37.593998772505699, 0.0 ], [ 26.541591242909512, 37.594028953938732, 0.0 ], [ 26.541474827008859, 37.594116796403263, 0.0 ], [ 26.541410017108412, 37.594155457620737, 0.0 ], [ 26.541333135796965, 37.594184460251292, 0.0 ], [ 26.541246165013419, 37.594205404314046, 0.0 ], [ 26.54115241645415, 37.594220961451327, 0.0 ], [ 26.540856935459086, 37.59425668767247, 0.0 ], [ 26.540836187276302, 37.594259750537418, 0.0 ], [ 26.540527725040583, 37.59434686794647, 0.0 ], [ 26.540434060896644, 37.594397843901717, 0.0 ], [ 26.540379097569588, 37.594422800039069, 0.0 ], [ 26.540302754587461, 37.594446673856019, 0.0 ], [ 26.540218050842288, 37.594463967472386, 0.0 ], [ 26.540127145596681, 37.594476367225489, 0.0 ], [ 26.540031873219739, 37.594485263677704, 0.0 ], [ 26.539933850727007, 37.594491816884762, 0.0 ], [ 26.539638532648482, 37.594507040598849, 0.0 ], [ 26.539545316380615, 37.594513627877618, 0.0 ], [ 26.539458295976345, 37.594522581402799, 0.0 ], [ 26.539380430881138, 37.594535074715694, 0.0 ], [ 26.539315495893014, 37.594552513421803, 0.0 ], [ 26.539268322548605, 37.594576606588589, 0.0 ], [ 26.539246417795354, 37.594601815658628, 0.0 ], [ 26.53923919008361, 37.594629956416917, 0.0 ], [ 26.5392462490077, 37.594658305976303, 0.0 ], [ 26.539267889917639, 37.594684159122878, 0.0 ], [ 26.539319171613929, 37.594711548590304, 0.0 ], [ 26.539390026243044, 37.594732312467634, 0.0 ], [ 26.539473979099448, 37.594748841106686, 0.0 ], [ 26.539661148270692, 37.594777660012213, 0.0 ], [ 26.53975609097909, 37.59479405726713, 0.0 ], [ 26.539846882352105, 37.594814726826513, 0.0 ], [ 26.539929589403538, 37.594842270212794, 0.0 ], [ 26.539999805953428, 37.594879793861978, 0.0 ], [ 26.540054417708134, 37.594929463564604, 0.0 ], [ 26.540097615826138, 37.594987710769857, 0.0 ], [ 26.540171547603368, 37.595111550935734, 0.0 ], [ 26.540212586718017, 37.595168180219765, 0.0 ], [ 26.540263507612227, 37.595214807822501, 0.0 ], [ 26.54031833199749, 37.595243514580993, 0.0 ], [ 26.540381487637802, 37.595262582839823, 0.0 ], [ 26.540449986301283, 37.595273357433619, 0.0 ], [ 26.540521133565459, 37.595276665039044, 0.0 ], [ 26.540592407425141, 37.595272841119893, 0.0 ], [ 26.540661343475499, 37.595261750422146, 0.0 ], [ 26.540725417402403, 37.59524279491135, 0.0 ], [ 26.540792473639897, 37.595210937782809, 0.0 ], [ 26.54085687564292, 37.595174332120521, 0.0 ], [ 26.540926174889272, 37.595139968348938, 0.0 ], [ 26.541006229648328, 37.595113201772087, 0.0 ], [ 26.541095399882021, 37.595093161172151, 0.0 ], [ 26.541190596669825, 37.59507766478054, 0.0 ], [ 26.541486482960256, 37.595039282360744, 0.0 ], [ 26.541580316627638, 37.595022837311049, 0.0 ], [ 26.541667172902315, 37.595000933063105, 0.0 ], [ 26.541743618149816, 37.594970810501067, 0.0 ], [ 26.541792496159609, 37.59494151800925, 0.0 ], [ 26.541836254823433, 37.594908186158349, 0.0 ], [ 26.541919708451633, 37.594838455160534, 0.0 ], [ 26.542008898163036, 37.594773553944897, 0.0 ], [ 26.54205204343986, 37.594740007251275, 0.0 ], [ 26.542090808569451, 37.594702977494343, 0.0 ], [ 26.542127480741499, 37.594654566639896, 0.0 ], [ 26.542158049544003, 37.594601287900552, 0.0 ], [ 26.542212519377475, 37.594489452967586, 0.0 ], [ 26.542242011182807, 37.594435379201975, 0.0 ], [ 26.542276858132897, 37.594385620817199, 0.0 ], [ 26.542320250361652, 37.594342737617836, 0.0 ], [ 26.542384463840598, 37.594303631892252, 0.0 ], [ 26.542459563713368, 37.594273272945273, 0.0 ], [ 26.542623034494223, 37.594223190416166, 0.0 ], [ 26.542702434912261, 37.594196244872407, 0.0 ], [ 26.542774181050749, 37.594163118593762, 0.0 ], [ 26.542835199935197, 37.59412133397889, 0.0 ], [ 26.542944267988034, 37.59402717675934, 0.0 ], [ 26.543030960171595, 37.593960288497485, 0.0 ], [ 26.543072066577878, 37.59392496062901, 0.0 ], [ 26.54310785888573, 37.593885294884728, 0.0 ], [ 26.543143904490218, 37.593822903754834, 0.0 ], [ 26.543168913529126, 37.59375148345049, 0.0 ], [ 26.543186089407072, 37.593673583565511, 0.0 ], [ 26.543198023139698, 37.593591263167561, 0.0 ], [ 26.543222887702296, 37.593334083874765, 0.0 ], [ 26.543233763493632, 37.593249963316012, 0.0 ], [ 26.543249340634745, 37.593169449498959, 0.0 ], [ 26.543272217992271, 37.593094733780703, 0.0 ], [ 26.543305630823912, 37.593028604753123, 0.0 ], [ 26.543353685446306, 37.59297465494307, 0.0 ], [ 26.543419554414292, 37.592935893249468, 0.0 ], [ 26.543499509018982, 37.592910005768452, 0.0 ], [ 26.543588823124711, 37.592894187370618, 0.0 ], [ 26.543683499184972, 37.592886642700059, 0.0 ], [ 26.543779964831824, 37.592886489088364, 0.0 ], [ 26.543874784734705, 37.592893708700949, 0.0 ], [ 26.543964366440093, 37.592909156682623, 0.0 ], [ 26.544044661717773, 37.59293460364281, 0.0 ], [ 26.544110861120657, 37.592972844969971, 0.0 ], [ 26.544157510981538, 37.593023821692086, 0.0 ], [ 26.544190324715903, 37.593086208512176, 0.0 ], [ 26.544212881974843, 37.593156912189734, 0.0 ], [ 26.54422794403488, 37.593233582529898, 0.0 ], [ 26.544237609432166, 37.593314460345177, 0.0 ], [ 26.544243461185108, 37.593398244520152, 0.0 ], [ 26.544248092627303, 37.593571003556988, 0.0 ], [ 26.544245833300813, 37.593924085419808, 0.0 ], [ 26.54423988737155, 37.594276555623296, 0.0 ], [ 26.544234883505872, 37.594450103682497, 0.0 ], [ 26.544225461407002, 37.594619384717667, 0.0 ], [ 26.54421756336577, 37.594701227964848, 0.0 ], [ 26.544206237774961, 37.594780160633093, 0.0 ], [ 26.544190050939044, 37.594855020563124, 0.0 ], [ 26.544167081339662, 37.594924221776736, 0.0 ], [ 26.544134780950273, 37.594985639420081, 0.0 ], [ 26.544101859436172, 37.595027162936603, 0.0 ], [ 26.544027553468741, 37.595102405849438, 0.0 ], [ 26.543995690800319, 37.595145726760748, 0.0 ], [ 26.543969006235724, 37.595215888450198, 0.0 ], [ 26.543960888879454, 37.595295059184792, 0.0 ], [ 26.543970161872, 37.595376183357629, 0.0 ], [ 26.543995486067281, 37.595452262020345, 0.0 ], [ 26.544035150908751, 37.595516730458883, 0.0 ], [ 26.544086409696241, 37.595564058259924, 0.0 ], [ 26.544126618102755, 37.595585204476116, 0.0 ], [ 26.544219800280679, 37.595568549698747, 0.0 ], [ 26.544221410794009, 37.595561172647223, 0.0 ], [ 26.544236859279813, 37.595529394004181, 0.0 ], [ 26.544263426717436, 37.595492731167155, 0.0 ], [ 26.54430163993263, 37.595453983354417, 0.0 ], [ 26.544451892272061, 37.595331037789407, 0.0 ], [ 26.544489713396413, 37.595270649000533, 0.0 ], [ 26.544560782544512, 37.59513395265374, 0.0 ], [ 26.544618700588934, 37.594943466538126, 0.0 ], [ 26.544619260644801, 37.594835327429081, 0.0 ], [ 26.544576957178375, 37.594674039538909, 0.0 ], [ 26.544504592265749, 37.594585485079186, 0.0 ], [ 26.54449070753655, 37.594468632847743, 0.0 ], [ 26.544504364839216, 37.594288126216426, 0.0 ], [ 26.544577818047141, 37.594034225783183, 0.0 ], [ 26.54460128831229, 37.593963450249483, 0.0 ], [ 26.544600414438328, 37.593959373515766, 0.0 ], [ 26.544589181467298, 37.593877573472724, 0.0 ], [ 26.544581896396846, 37.593792750617723, 0.0 ], [ 26.544577458307401, 37.593705764938235, 0.0 ], [ 26.544574095190871, 37.593527643044965, 0.0 ], [ 26.544576178409464, 37.593255061024706, 0.0 ] ] ] ] } },
{ "type": "Feature", "properties": { "Shape_Leng": 1351.85110074, "Shape_Area": 0.03497097683, "Region": "North Aegean", "Subregion": "Central Aegean Islands", "Methodolog": "Landsat-8/ Google Earth", "Year": 2015, "Pres_Pan": 1 }, "geometry": { "type": "MultiPolygon", "coordinates": [ [ [ [ 26.507012727323659, 37.59608702116391, 0.0 ], [ 26.507109422693851, 37.59604319708999, 0.0 ], [ 26.50721740927289, 37.596015637053242, 0.0 ], [ 26.507328142995267, 37.596003046590113, 0.0 ], [ 26.50743908645866, 37.595998829325417, 0.0 ], [ 26.507892997479072, 37.595991475852109, 0.0 ], [ 26.508002392488429, 37.595988128123544, 0.0 ], [ 26.508106882223579, 37.595982679538594, 0.0 ], [ 26.508203996119924, 37.595974169778074, 0.0 ], [ 26.508290434383159, 37.595961395737483, 0.0 ], [ 26.50836179198393, 37.595942820075258, 0.0 ], [ 26.508412223098123, 37.595916493641802, 0.0 ], [ 26.508432650427313, 37.595890907053032, 0.0 ], [ 26.508438210970326, 37.59586254755034, 0.0 ], [ 26.508429778358558, 37.595835676901409, 0.0 ], [ 26.508429349145111, 37.595835744601807, 0.0 ], [ 26.508083571344478, 37.595888146140105, 0.0 ], [ 26.507840558548441, 37.595902336738774, 0.0 ], [ 26.507480553538549, 37.595783831517686, 0.0 ], [ 26.507264844088656, 37.595599178569806, 0.0 ], [ 26.507006993757678, 37.595361347907826, 0.0 ], [ 26.506927146422392, 37.595237561369032, 0.0 ], [ 26.506915075508427, 37.595234504464564, 0.0 ], [ 26.506834709456527, 37.595226165741181, 0.0 ], [ 26.506773428840912, 37.595226107328152, 0.0 ], [ 26.506713315167847, 37.595231090212025, 0.0 ], [ 26.506656231638782, 37.595241121660358, 0.0 ], [ 26.506604148269954, 37.595256422043278, 0.0 ], [ 26.506558342653651, 37.595276725421627, 0.0 ], [ 26.506477108775481, 37.595320276376079, 0.0 ], [ 26.506436480539623, 37.595336485821164, 0.0 ], [ 26.506393300130608, 37.595344746585646, 0.0 ], [ 26.506349267875454, 37.595344463841336, 0.0 ], [ 26.506306946278499, 37.595335390300782, 0.0 ], [ 26.506268975401657, 37.595316923791025, 0.0 ], [ 26.506227914613177, 37.595277553728955, 0.0 ], [ 26.506194387148554, 37.59522606386173, 0.0 ], [ 26.506130915931315, 37.595108142992054, 0.0 ], [ 26.506091381794707, 37.595051488396464, 0.0 ], [ 26.506039541040014, 37.595002973777156, 0.0 ], [ 26.505971059636924, 37.594966515567251, 0.0 ], [ 26.505888669700838, 37.594940340856802, 0.0 ], [ 26.505796101444734, 37.59492181028002, 0.0 ], [ 26.505696239882507, 37.59490891519814, 0.0 ], [ 26.505591308146634, 37.594900171977628, 0.0 ], [ 26.505483034341747, 37.594894531936276, 0.0 ], [ 26.505372800954731, 37.594891311485213, 0.0 ], [ 26.505261772355627, 37.594890144363568, 0.0 ], [ 26.505151015101511, 37.594890955653341, 0.0 ], [ 26.505041604193, 37.594893955918138, 0.0 ], [ 26.50493474027116, 37.59489965763791, 0.0 ], [ 26.504831858395171, 37.594908910747073, 0.0 ], [ 26.504760240145785, 37.594919274242294, 0.0 ], [ 26.504750933553524, 37.594931675802108, 0.0 ], [ 26.504419790122792, 37.595082895879166, 0.0 ], [ 26.504400297707651, 37.595092020902626, 0.0 ], [ 26.504386307513315, 37.595102917867003, 0.0 ], [ 26.504339614576541, 37.595134230259923, 0.0 ], [ 26.504243695473857, 37.595194736156259, 0.0 ], [ 26.504198912495401, 37.595227520937499, 0.0 ], [ 26.504158488102796, 37.595263806864658, 0.0 ], [ 26.50408272472021, 37.59534048258719, 0.0 ], [ 26.504042232262936, 37.595376734776558, 0.0 ], [ 26.50399734279662, 37.595409456862654, 0.0 ], [ 26.503901131288149, 37.595469704664033, 0.0 ], [ 26.503868974495127, 37.595491042845424, 0.0 ], [ 26.503800226591199, 37.595582652522609, 0.0 ], [ 26.503641843300517, 37.595757221826908, 0.0 ], [ 26.503439745696383, 37.595914706968244, 0.0 ], [ 26.503137510967044, 37.595894083457083, 0.0 ], [ 26.50293695363338, 37.59584426618941, 0.0 ], [ 26.502692729613262, 37.595759350719753, 0.0 ], [ 26.502549371761706, 37.595663270107771, 0.0 ], [ 26.502478142899935, 37.595565640229601, 0.0 ], [ 26.502369467429851, 37.595471581057105, 0.0 ], [ 26.502369401730647, 37.595471580648599, 0.0 ], [ 26.502305467005961, 37.595477932760033, 0.0 ], [ 26.502250101934294, 37.595491585102906, 0.0 ], [ 26.502207578605127, 37.595513559959635, 0.0 ], [ 26.502184017678722, 37.595540088765375, 0.0 ], [ 26.502173029998122, 37.595571286331939, 0.0 ], [ 26.502174067556567, 37.595604519481739, 0.0 ], [ 26.502187152486183, 37.595637270899459, 0.0 ], [ 26.502212008124712, 37.59566773879056, 0.0 ], [ 26.502245436933975, 37.595696821813796, 0.0 ], [ 26.502323859330801, 37.595757101652183, 0.0 ], [ 26.502403668262691, 37.595825533345526, 0.0 ], [ 26.502447273812763, 37.595858835761632, 0.0 ], [ 26.502496834528465, 37.595888262238191, 0.0 ], [ 26.502570879967156, 37.59591717284713, 0.0 ], [ 26.502655572218721, 37.595938174524782, 0.0 ], [ 26.502748076564391, 37.595953226966031, 0.0 ], [ 26.502846223222178, 37.595963854938319, 0.0 ], [ 26.502948360346078, 37.595971222588517, 0.0 ], [ 26.503053243117911, 37.595976203379202, 0.0 ], [ 26.503159932390574, 37.595979430899021, 0.0 ], [ 26.503267711347767, 37.595981346587465, 0.0 ], [ 26.503484369066193, 37.595982208546417, 0.0 ], [ 26.503699493319811, 37.595979387312802, 0.0 ], [ 26.503805314764151, 37.595976220255906, 0.0 ], [ 26.50390919755138, 37.595971404644679, 0.0 ], [ 26.504010363955413, 37.595964375767501, 0.0 ], [ 26.504107810792831, 37.595954363739104, 0.0 ], [ 26.504200236796173, 37.595940355393573, 0.0 ], [ 26.504285969474164, 37.59592104086915, 0.0 ], [ 26.504362875087825, 37.595894763254769, 0.0 ], [ 26.504416608841453, 37.595868367493999, 0.0 ], [ 26.504516616759684, 37.595810319417524, 0.0 ], [ 26.504569737051305, 37.595784410605312, 0.0 ], [ 26.504649605302252, 37.595758173532396, 0.0 ], [ 26.504737979974092, 37.595740552571684, 0.0 ], [ 26.504831868456957, 37.595730045995289, 0.0 ], [ 26.504928574965188, 37.595725763051519, 0.0 ], [ 26.505025523206413, 37.595727404301485, 0.0 ], [ 26.505120061669189, 37.595735263951489, 0.0 ], [ 26.505209258711339, 37.595750265744662, 0.0 ], [ 26.505289675617362, 37.595774017342556, 0.0 ], [ 26.505357125138669, 37.595808904664899, 0.0 ], [ 26.505408484553943, 37.595856570127168, 0.0 ], [ 26.505447799766575, 37.595913013326872, 0.0 ], [ 26.505510822857879, 37.596032270532525, 0.0 ], [ 26.505543853728962, 37.596085265204238, 0.0 ], [ 26.505584152177409, 37.59612661884897, 0.0 ], [ 26.505621374823612, 37.59614681000118, 0.0 ], [ 26.50566272393084, 37.596157772471983, 0.0 ], [ 26.50570541831561, 37.59616008888915, 0.0 ], [ 26.505746682816167, 37.596153981306315, 0.0 ], [ 26.505796619435774, 37.596134149178688, 0.0 ], [ 26.505844492253232, 37.596108198075392, 0.0 ], [ 26.505895967901367, 37.596085091864339, 0.0 ], [ 26.505955040071214, 37.596072606215166, 0.0 ], [ 26.506017662481916, 37.596072636537855, 0.0 ], [ 26.506077633015082, 37.596086383326451, 0.0 ], [ 26.506130483581448, 37.596114477681525, 0.0 ], [ 26.506238446970094, 37.596194844106591, 0.0 ], [ 26.506293738070504, 37.59622927731364, 0.0 ], [ 26.506419833411524, 37.596303062176382, 0.0 ], [ 26.506482489867711, 37.596343615128951, 0.0 ], [ 26.506648033420539, 37.596465577316408, 0.0 ], [ 26.506698464747153, 37.596495744040944, 0.0 ], [ 26.506746035189106, 37.596516829624591, 0.0 ], [ 26.506787015237954, 37.596529202589331, 0.0 ], [ 26.506817260031923, 37.5965335097248, 0.0 ], [ 26.506833315070498, 37.596529674866815, 0.0 ], [ 26.506828903359434, 37.596509651904498, 0.0 ], [ 26.50682752328888, 37.596460137370492, 0.0 ], [ 26.506833011421108, 37.596390025839206, 0.0 ], [ 26.506849683414245, 37.596308416169983, 0.0 ], [ 26.5068821378248, 37.596224569716178, 0.0 ], [ 26.506935351565282, 37.596148020931288, 0.0 ], [ 26.507012727323659, 37.59608702116391, 0.0 ] ] ] ] } },
{ "type": "Feature", "properties": { "Shape_Leng": 283.33941396799997, "Shape_Area": 0.00510183173, "Region": "North Aegean", "Subregion": "Central Aegean Islands", "Methodolog": "Landsat-8/ Google Earth", "Year": 2015, "Pres_Pan": 1 }, "geometry": { "type": "MultiPolygon", "coordinates": [ [ [ [ 26.488872724206789, 37.595638733463453, 0.0 ], [ 26.488848875193909, 37.59563824180718, 0.0 ], [ 26.488818118568133, 37.595656395153654, 0.0 ], [ 26.488529840025599, 37.595968868877939, 0.0 ], [ 26.488529426072684, 37.596275250474747, 0.0 ], [ 26.488625161016529, 37.596453725004473, 0.0 ], [ 26.488630974497408, 37.596457606070125, 0.0 ], [ 26.488711225740325, 37.596505265066689, 0.0 ], [ 26.488747957305311, 37.59653123829694, 0.0 ], [ 26.48877976887794, 37.596560430520363, 0.0 ], [ 26.488835565919715, 37.596621555487623, 0.0 ], [ 26.488864050344848, 37.596648883163589, 0.0 ], [ 26.48889591797753, 37.596670681314109, 0.0 ], [ 26.488932670149335, 37.596684695175306, 0.0 ], [ 26.488972479931725, 37.596690954279822, 0.0 ], [ 26.489012735433977, 37.596689688555834, 0.0 ], [ 26.489050795569295, 37.596680625721355, 0.0 ], [ 26.489083854509701, 37.596662968011586, 0.0 ], [ 26.489113530550782, 37.596630460794039, 0.0 ], [ 26.489134757470076, 37.596587814840618, 0.0 ], [ 26.489149702820491, 37.596537813058575, 0.0 ], [ 26.489160031161198, 37.596482554196875, 0.0 ], [ 26.489166998594527, 37.59642360494545, 0.0 ], [ 26.489174310675935, 37.59629898590309, 0.0 ], [ 26.489175715575936, 37.596105357844749, 0.0 ], [ 26.489174219727545, 37.596040872223973, 0.0 ], [ 26.489168472582353, 37.595974217183141, 0.0 ], [ 26.489154480913317, 37.595904713728899, 0.0 ], [ 26.489131813265956, 37.595836575627203, 0.0 ], [ 26.489100031592347, 37.595773988846162, 0.0 ], [ 26.489058905337419, 37.595720943033008, 0.0 ], [ 26.48900887323806, 37.595680883847137, 0.0 ], [ 26.488961308145935, 37.595658335579067, 0.0 ], [ 26.488914121866415, 37.595644910433158, 0.0 ], [ 26.488872724206789, 37.595638733463453, 0.0 ] ] ] ] } },
{ "type": "Feature", "properties": { "Shape_Leng": 554.063097965, "Shape_Area": 0.0198079301, "Region": "North Aegean", "Subregion": "Central Aegean Islands", "Methodolog": "Landsat-8/ Google Earth", "Year": 2015, "Pres_Pan": 1 }, "geometry": { "type": "MultiPolygon", "coordinates": [ [ [ [ 26.546328913144482, 37.596720954616238, 0.0 ], [ 26.546298886923672, 37.596717639670949, 0.0 ], [ 26.546283124649602, 37.59671880535025, 0.0 ], [ 26.546067143981439, 37.596840601086527, 0.0 ], [ 26.545952492387549, 37.596924185407111, 0.0 ], [ 26.545735895851454, 37.597027981390951, 0.0 ], [ 26.545633343895595, 37.597065829343862, 0.0 ], [ 26.545612648591437, 37.597111590500958, 0.0 ], [ 26.545595053175212, 37.597166892478342, 0.0 ], [ 26.545581779082475, 37.597225605644297, 0.0 ], [ 26.54556923215052, 37.597307910609779, 0.0 ], [ 26.545561035845985, 37.597393555845578, 0.0 ], [ 26.54555297649841, 37.597570996831884, 0.0 ], [ 26.545551212097259, 37.597752467834376, 0.0 ], [ 26.545553034559038, 37.597934772456135, 0.0 ], [ 26.545558716881221, 37.59803096583429, 0.0 ], [ 26.545572453179386, 37.598133784335104, 0.0 ], [ 26.545594521918268, 37.598237375491422, 0.0 ], [ 26.545625259519781, 37.598335892792768, 0.0 ], [ 26.545664900951156, 37.598423603655114, 0.0 ], [ 26.545713230416119, 37.598495141162545, 0.0 ], [ 26.545768853906658, 37.59854605863719, 0.0 ], [ 26.545812666181902, 37.598569471165874, 0.0 ], [ 26.545852980669864, 37.598581740253195, 0.0 ], [ 26.545884410393118, 37.598584676275209, 0.0 ], [ 26.545902411746116, 37.59857928112865, 0.0 ], [ 26.545894407982271, 37.598563500487337, 0.0 ], [ 26.545899096803893, 37.598539352952677, 0.0 ], [ 26.545916830227117, 37.598509556807201, 0.0 ], [ 26.545949235336895, 37.598477788630902, 0.0 ], [ 26.546017268186194, 37.598438020867178, 0.0 ], [ 26.546110160877721, 37.598403452071899, 0.0 ], [ 26.546221088155594, 37.598374099758445, 0.0 ], [ 26.546341989098266, 37.598348982657591, 0.0 ], [ 26.546578812663647, 37.598305407594083, 0.0 ], [ 26.546676825706463, 37.598283607489236, 0.0 ], [ 26.546758008624938, 37.598256512564184, 0.0 ], [ 26.546825362442796, 37.598218338662235, 0.0 ], [ 26.546876239438468, 37.598167064998755, 0.0 ], [ 26.54691518445069, 37.59810650881856, 0.0 ], [ 26.547009229446161, 37.597911535295971, 0.0 ], [ 26.547045852372396, 37.597854294865854, 0.0 ], [ 26.547077778118023, 37.597817028205249, 0.0 ], [ 26.547140700527358, 37.597749757205641, 0.0 ], [ 26.547164008504367, 37.597715239394091, 0.0 ], [ 26.547177275078234, 37.597677889033783, 0.0 ], [ 26.547180021727875, 37.597642170686633, 0.0 ], [ 26.547113891721455, 37.59758395461678, 0.0 ], [ 26.547057768625727, 37.597495051124632, 0.0 ], [ 26.547045077244913, 37.597459315601604, 0.0 ], [ 26.547016352750592, 37.597434606329777, 0.0 ], [ 26.546968773165133, 37.597384704323375, 0.0 ], [ 26.546922368642914, 37.59733186361003, 0.0 ], [ 26.546872409789934, 37.597280468419399, 0.0 ], [ 26.546743868589584, 37.597174780711327, 0.0 ], [ 26.546704944438368, 37.597136046702673, 0.0 ], [ 26.546667749529437, 37.597085983436564, 0.0 ], [ 26.546636463236293, 37.597031342871922, 0.0 ], [ 26.546580376965657, 37.596917883770523, 0.0 ], [ 26.5465500838467, 37.596863868740634, 0.0 ], [ 26.546514452500642, 37.596815146771149, 0.0 ], [ 26.546470267925677, 37.596774746535289, 0.0 ], [ 26.546405063443338, 37.596741275488661, 0.0 ], [ 26.546328913144482, 37.596720954616238, 0.0 ] ] ] ] } },
{ "type": "Feature", "properties": { "Shape_Leng": 1672.1569908, "Shape_Area": 0.06324159985, "Region": "North Aegean", "Subregion": "Central Aegean Islands", "Methodolog": "Landsat-8/ Google Earth", "Year": 2015, "Pres_Pan": 1 }, "geometry": { "type": "MultiPolygon", "coordinates": [ [ [ [ 26.534439755191787, 37.597385268594437, 0.0 ], [ 26.534328954697688, 37.597297320036255, 0.0 ], [ 26.534266443871157, 37.597261318856802, 0.0 ], [ 26.534192613798965, 37.597237207805968, 0.0 ], [ 26.534110436429273, 37.597224025499727, 0.0 ], [ 26.534024335642869, 37.597220077396116, 0.0 ], [ 26.533938397803297, 37.597224469201549, 0.0 ], [ 26.533856669092426, 37.597237024788988, 0.0 ], [ 26.533783439907179, 37.597258223317539, 0.0 ], [ 26.533721474055628, 37.597287510721472, 0.0 ], [ 26.533666046685035, 37.597318246324519, 0.0 ], [ 26.533610871604601, 37.597342199157204, 0.0 ], [ 26.533566819981093, 37.597351190542959, 0.0 ], [ 26.533521991708628, 37.597351610916846, 0.0 ], [ 26.53347893088354, 37.597343238928396, 0.0 ], [ 26.533440265546314, 37.597325490078454, 0.0 ], [ 26.533398333426067, 37.597287126159671, 0.0 ], [ 26.533363997222867, 37.597236710606573, 0.0 ], [ 26.533299257455507, 37.59712106709641, 0.0 ], [ 26.533259450381639, 37.597065483032033, 0.0 ], [ 26.5332077985159, 37.597017818258649, 0.0 ], [ 26.533158511514905, 37.59698975430976, 0.0 ], [ 26.533101375362335, 37.596967509824772, 0.0 ], [ 26.533038317615446, 37.59694968270778, 0.0 ], [ 26.532971019909169, 37.596935032941595, 0.0 ], [ 26.532687974597735, 37.596886768543364, 0.0 ], [ 26.532598754939151, 37.596866647262814, 0.0 ], [ 26.532517795665836, 37.596840072260768, 0.0 ], [ 26.532449268777306, 37.596803764017771, 0.0 ], [ 26.532402911958382, 37.596762940047569, 0.0 ], [ 26.532365341274772, 37.596715235711969, 0.0 ], [ 26.532270677426716, 37.596558097616537, 0.0 ], [ 26.532234306151377, 37.59650955467572, 0.0 ], [ 26.532189913787107, 37.596467338565233, 0.0 ], [ 26.532134979571484, 37.596433426379399, 0.0 ], [ 26.532071705020449, 37.596406078541527, 0.0 ], [ 26.532003202612049, 37.596382833049155, 0.0 ], [ 26.531861888044556, 37.596339663163405, 0.0 ], [ 26.531794619337262, 37.596315356580661, 0.0 ], [ 26.531733487871129, 37.596286175636571, 0.0 ], [ 26.531672221264181, 37.596244153885735, 0.0 ], [ 26.531562422917801, 37.596149907525096, 0.0 ], [ 26.531474865664837, 37.59608324104655, 0.0 ], [ 26.531433323033394, 37.596048164337475, 0.0 ], [ 26.531397191663729, 37.596008880398117, 0.0 ], [ 26.531361003142546, 37.595947227347445, 0.0 ], [ 26.531336409259122, 37.595876785546189, 0.0 ], [ 26.531320540048441, 37.595800055923768, 0.0 ], [ 26.531311312287535, 37.595719027807462, 0.0 ], [ 26.531307301728344, 37.595635318636219, 0.0 ], [ 26.531307653043243, 37.595550290336739, 0.0 ], [ 26.531312011546508, 37.595465173341637, 0.0 ], [ 26.53132048727651, 37.595381176395883, 0.0 ], [ 26.531333642629775, 37.59529958954991, 0.0 ], [ 26.531352508683867, 37.595221898251339, 0.0 ], [ 26.531378617364567, 37.595149897096384, 0.0 ], [ 26.53141405169043, 37.595085802291386, 0.0 ], [ 26.531447480595844, 37.595043867626494, 0.0 ], [ 26.531519431904123, 37.594967070892288, 0.0 ], [ 26.531550445924697, 37.594926998376835, 0.0 ], [ 26.531576463742425, 37.594876446709904, 0.0 ], [ 26.531592576280577, 37.594822005717589, 0.0 ], [ 26.531599489978554, 37.594765672445433, 0.0 ], [ 26.531597343519202, 37.59470939935094, 0.0 ], [ 26.53158569164254, 37.594655184763269, 0.0 ], [ 26.531563478713153, 37.594605161760043, 0.0 ], [ 26.531528993323299, 37.594561695560259, 0.0 ], [ 26.531472040277752, 37.594521261690204, 0.0 ], [ 26.531402346173447, 37.594488627376457, 0.0 ], [ 26.531249387391409, 37.594429836023821, 0.0 ], [ 26.531177477704649, 37.594395545998069, 0.0 ], [ 26.531116348567004, 37.594352244080994, 0.0 ], [ 26.531070461701162, 37.59429658060558, 0.0 ], [ 26.531036962169157, 37.594230930025169, 0.0 ], [ 26.531011739330896, 37.594158642608853, 0.0 ], [ 26.530951684000396, 37.593930266014929, 0.0 ], [ 26.530926216007643, 37.593859527455223, 0.0 ], [ 26.530892202969923, 37.593796793057344, 0.0 ], [ 26.530845343281669, 37.593746193029233, 0.0 ], [ 26.530792337110345, 37.593715326941997, 0.0 ], [ 26.530729974127368, 37.593694978508893, 0.0 ], [ 26.530661673275393, 37.593683644288028, 0.0 ], [ 26.530590542210557, 37.593680426767747, 0.0 ], [ 26.530519536839513, 37.593684996701739, 0.0 ], [ 26.530451614858734, 37.593697579002054, 0.0 ], [ 26.53038988721363, 37.593718944082809, 0.0 ], [ 26.530342775123074, 37.593745185176303, 0.0 ], [ 26.530300413161068, 37.59377625619662, 0.0 ], [ 26.530220499740491, 37.59384240502348, 0.0 ], [ 26.530139324695856, 37.593903007422554, 0.0 ], [ 26.53010346965829, 37.593933472926864, 0.0 ], [ 26.530075303074902, 37.593966448043268, 0.0 ], [ 26.530054346516028, 37.594016058203692, 0.0 ], [ 26.530052047548875, 37.594068777154718, 0.0 ], [ 26.530068010174702, 37.594120068134309, 0.0 ], [ 26.530091670311762, 37.594155580280635, 0.0 ], [ 26.53015472346754, 37.59422524432798, 0.0 ], [ 26.530186383758206, 37.594263771221279, 0.0 ], [ 26.530214006257641, 37.594307163361186, 0.0 ], [ 26.530238143752921, 37.594354522189896, 0.0 ], [ 26.530303283263152, 37.594506483156174, 0.0 ], [ 26.530327188057903, 37.594556095252599, 0.0 ], [ 26.530354678446141, 37.594603002759392, 0.0 ], [ 26.530387448257422, 37.594645790623773, 0.0 ], [ 26.530426529219465, 37.594683590556421, 0.0 ], [ 26.530556704116748, 37.594786390502435, 0.0 ], [ 26.530595634529821, 37.594823987248773, 0.0 ], [ 26.530668492252634, 37.594902827639537, 0.0 ], [ 26.530706684208074, 37.594940719537043, 0.0 ], [ 26.530790483520153, 37.595010412116913, 0.0 ], [ 26.530830989748573, 37.59504624572066, 0.0 ], [ 26.530866478398025, 37.595085969870404, 0.0 ], [ 26.53090230509709, 37.595147899389822, 0.0 ], [ 26.530927061064233, 37.595218465780015, 0.0 ], [ 26.530943687465683, 37.595295365755092, 0.0 ], [ 26.530954474565814, 37.595376805607877, 0.0 ], [ 26.530961207508646, 37.595461391751584, 0.0 ], [ 26.53096529178918, 37.595548023498374, 0.0 ], [ 26.530976220716077, 37.595898542234821, 0.0 ], [ 26.530982485444316, 37.595983344773124, 0.0 ], [ 26.530992490335699, 37.59606519068042, 0.0 ], [ 26.531007862467188, 37.59614279969469, 0.0 ], [ 26.531030674586724, 37.596214541365967, 0.0 ], [ 26.531063561928043, 37.596278339732891, 0.0 ], [ 26.531107801921728, 37.596333190561168, 0.0 ], [ 26.531157161194422, 37.596384005337761, 0.0 ], [ 26.531203714267004, 37.596437028581455, 0.0 ], [ 26.531232847617318, 37.596481348622824, 0.0 ], [ 26.531257572042119, 37.596529141569491, 0.0 ], [ 26.531342068127312, 37.596731649367889, 0.0 ], [ 26.531366706576932, 37.596779507211203, 0.0 ], [ 26.531395725308958, 37.596823913470715, 0.0 ], [ 26.531429930690699, 37.596864233570365, 0.0 ], [ 26.531503050548391, 37.59694116368636, 0.0 ], [ 26.531535301431379, 37.59698302426272, 0.0 ], [ 26.531568069790431, 37.597046897113763, 0.0 ], [ 26.531590906200613, 37.597118594880371, 0.0 ], [ 26.531606559450207, 37.597195950852367, 0.0 ], [ 26.531617256649945, 37.597277211412589, 0.0 ], [ 26.531644710758062, 37.597614333366259, 0.0 ], [ 26.531655590055507, 37.597695449433701, 0.0 ], [ 26.531671695776367, 37.597772448745488, 0.0 ], [ 26.53169548559022, 37.597843395208407, 0.0 ], [ 26.531730041510318, 37.597905860830551, 0.0 ], [ 26.531764458259069, 37.59794601407863, 0.0 ], [ 26.53180385652513, 37.597982242345218, 0.0 ], [ 26.531885594005995, 37.598052382908911, 0.0 ], [ 26.531983023566838, 37.598155006285474, 0.0 ], [ 26.53203517949596, 37.598203606944914, 0.0 ], [ 26.532079691898776, 37.598235806361068, 0.0 ], [ 26.532222595635965, 37.598325027806062, 0.0 ], [ 26.532309206195357, 37.598391330105777, 0.0 ], [ 26.532353908597575, 37.598423381155797, 0.0 ], [ 26.532403593615737, 37.598451506267622, 0.0 ], [ 26.53248130501979, 37.598479974915726, 0.0 ], [ 26.532570071519253, 37.598499734720662, 0.0 ], [ 26.532666963337967, 37.598513094156083, 0.0 ], [ 26.53276971248324, 37.598521838359957, 0.0 ], [ 26.532876562894245, 37.598527352200307, 0.0 ], [ 26.532986135669784, 37.598530720488618, 0.0 ], [ 26.533320550327606, 37.598536339177265, 0.0 ], [ 26.533430619496436, 37.598539316117694, 0.0 ], [ 26.533538023713373, 37.59854439393564, 0.0 ], [ 26.533641074069141, 37.59855289931938, 0.0 ], [ 26.533737464210585, 37.598566653424044, 0.0 ], [ 26.533823984160428, 37.598588182574424, 0.0 ], [ 26.533900681218167, 37.598625521964934, 0.0 ], [ 26.533957415271409, 37.598674820890849, 0.0 ], [ 26.534006592136489, 37.598735908388754, 0.0 ], [ 26.534050719659042, 37.598803422093098, 0.0 ], [ 26.53413335245973, 37.598936666168115, 0.0 ], [ 26.534175705117235, 37.598992588096579, 0.0 ], [ 26.534220084301523, 37.599035804832269, 0.0 ], [ 26.534259582795794, 37.599061318478938, 0.0 ], [ 26.534295920349066, 37.599075953220328, 0.0 ], [ 26.534325126961249, 37.599080565716079, 0.0 ], [ 26.534344452640259, 37.599075051954685, 0.0 ], [ 26.534343334653027, 37.598953680697498, 0.0 ], [ 26.534345393680521, 37.598773683697232, 0.0 ], [ 26.534354138408236, 37.598559656427291, 0.0 ], [ 26.534362402329744, 37.598451995976987, 0.0 ], [ 26.534374101865289, 37.59835046051267, 0.0 ], [ 26.534389889400298, 37.598260023716179, 0.0 ], [ 26.534410373437261, 37.598185434030412, 0.0 ], [ 26.53443699000313, 37.598121117808979, 0.0 ], [ 26.534471696530481, 37.598063783550565, 0.0 ], [ 26.53450635700661, 37.598022946175668, 0.0 ], [ 26.534579785719025, 37.597947048521277, 0.0 ], [ 26.534610954252926, 37.597906538463285, 0.0 ], [ 26.534634185748434, 37.597861518530614, 0.0 ], [ 26.534649770493743, 37.597812833147415, 0.0 ], [ 26.534658509685801, 37.597761897881099, 0.0 ], [ 26.534660834332445, 37.597710032623468, 0.0 ], [ 26.534656825162951, 37.597658514329453, 0.0 ], [ 26.534646212106832, 37.597608628391946, 0.0 ], [ 26.534628376158157, 37.597561723570152, 0.0 ], [ 26.534602338699081, 37.597519264483225, 0.0 ], [ 26.534567620848055, 37.597482190470352, 0.0 ], [ 26.53452686986677, 37.597448882100061, 0.0 ], [ 26.534439755191787, 37.597385268594437, 0.0 ] ] ] ] } },
{ "type": "Feature", "properties": { "Shape_Leng": 349.91724258300002, "Shape_Area": 0.00592856178, "Region": "North Aegean", "Subregion": "Central Aegean Islands", "Methodolog": "Landsat-8/ Google Earth", "Year": 2015, "Pres_Pan": 1 }, "geometry": { "type": "MultiPolygon", "coordinates": [ [ [ [ 26.4319896173145, 37.598345113736997, 0.0 ], [ 26.431698257481848, 37.598343653444864, 0.0 ], [ 26.431508875577755, 37.598348118676121, 0.0 ], [ 26.431418105946612, 37.598353406762968, 0.0 ], [ 26.431331727788862, 37.598361980831228, 0.0 ], [ 26.431251733683055, 37.598375279491478, 0.0 ], [ 26.43118089298736, 37.598395293066488, 0.0 ], [ 26.431123027163903, 37.598424740848863, 0.0 ], [ 26.431085036247207, 37.598461270162353, 0.0 ], [ 26.431058939227373, 37.598505513196628, 0.0 ], [ 26.43104276362725, 37.598555013555867, 0.0 ], [ 26.431035317457059, 37.598607562788786, 0.0 ], [ 26.431036406322384, 37.598661120220477, 0.0 ], [ 26.431053429088319, 37.598715364855515, 0.0 ], [ 26.431090357652163, 37.59876695451112, 0.0 ], [ 26.431147621382785, 37.598811195301849, 0.0 ], [ 26.431224017265667, 37.598844775078128, 0.0 ], [ 26.431313214114077, 37.5988685262827, 0.0 ], [ 26.431407800291623, 37.598884221901407, 0.0 ], [ 26.431500558856293, 37.598893527298046, 0.0 ], [ 26.431584420312603, 37.598897975055472, 0.0 ], [ 26.43165232863246, 37.598898989361089, 0.0 ], [ 26.43169708243197, 37.598897912702746, 0.0 ], [ 26.431710939343748, 37.598895890557252, 0.0 ], [ 26.431703018451262, 37.598879727925166, 0.0 ], [ 26.431708478044079, 37.598850633879366, 0.0 ], [ 26.431728265072657, 37.598813551464055, 0.0 ], [ 26.431764832223674, 37.598774240648218, 0.0 ], [ 26.431826138760943, 37.598734948778265, 0.0 ], [ 26.431907088893613, 37.598701752713261, 0.0 ], [ 26.432002310191695, 37.598674946106946, 0.0 ], [ 26.432105503845921, 37.598654093779025, 0.0 ], [ 26.432209922898409, 37.59863845801479, 0.0 ], [ 26.432308601257247, 37.598627214626227, 0.0 ], [ 26.432395525975767, 37.59861914221738, 0.0 ], [ 26.432474770030787, 37.598609484425502, 0.0 ], [ 26.432545684781651, 37.598596095515731, 0.0 ], [ 26.43260484144195, 37.5985775350035, 0.0 ], [ 26.432647826237801, 37.598552060113661, 0.0 ], [ 26.432669451242333, 37.598521837853461, 0.0 ], [ 26.432674704945775, 37.598488104449586, 0.0 ], [ 26.432664284639344, 37.598454637512262, 0.0 ], [ 26.432637662488599, 37.598425120059112, 0.0 ], [ 26.432588664308536, 37.598400229997551, 0.0 ], [ 26.432523774964384, 37.598382428850549, 0.0 ], [ 26.432447650160579, 37.598369795784023, 0.0 ], [ 26.432363692553693, 37.598360883675056, 0.0 ], [ 26.432274366801376, 37.59835462069848, 0.0 ], [ 26.432181447346, 37.598350233125224, 0.0 ], [ 26.4319896173145, 37.598345113736997, 0.0 ] ] ] ] } },
{ "type": "Feature", "properties": { "Shape_Leng": 566.72334739099995, "Shape_Area": 0.01185698172, "Region": "North Aegean", "Subregion": "Central Aegean Islands", "Methodolog": "Landsat-8/ Google Earth", "Year": 2015, "Pres_Pan": 1 }, "geometry": { "type": "MultiPolygon", "coordinates": [ [ [ [ 26.425829962297055, 37.597319466420579, 0.0 ], [ 26.425781235525331, 37.597315184161879, 0.0 ], [ 26.425732264801834, 37.597319395630912, 0.0 ], [ 26.4256855765409, 37.597332266051296, 0.0 ], [ 26.425642894780619, 37.597353665355485, 0.0 ], [ 26.425602615481722, 37.597381072702134, 0.0 ], [ 26.42551970524914, 37.597442432021438, 0.0 ], [ 26.425375857947081, 37.59752981471059, 0.0 ], [ 26.425330393447357, 37.597561890143275, 0.0 ], [ 26.425277128464245, 37.597610166213215, 0.0 ], [ 26.425180731126005, 37.597709537795886, 0.0 ], [ 26.42510600844302, 37.597772147798537, 0.0 ], [ 26.42507345018965, 37.59780188157935, 0.0 ], [ 26.425048983551115, 37.597833029604452, 0.0 ], [ 26.425035885310635, 37.597866786110835, 0.0 ], [ 26.425034482173494, 37.597901632274024, 0.0 ], [ 26.425044762818789, 37.597935370448297, 0.0 ], [ 26.425067240576702, 37.597965741734932, 0.0 ], [ 26.425107922724337, 37.597994285229461, 0.0 ], [ 26.425160446919804, 37.598017629887742, 0.0 ], [ 26.425342280192677, 37.598077021691488, 0.0 ], [ 26.425396235133771, 37.598099918697329, 0.0 ], [ 26.425439001863491, 37.598127953324571, 0.0 ], [ 26.425463770290232, 37.598157988167138, 0.0 ], [ 26.42547675714485, 37.598191630104608, 0.0 ], [ 26.425478506712626, 37.598226737656759, 0.0 ], [ 26.425469070137815, 37.598261224536728, 0.0 ], [ 26.425448897345326, 37.598293705451503, 0.0 ], [ 26.425391269525054, 37.598359250596545, 0.0 ], [ 26.425362209319761, 37.598396994851178, 0.0 ], [ 26.425332812711204, 37.598451791963527, 0.0 ], [ 26.425310139852094, 37.598514531342644, 0.0 ], [ 26.425292860726916, 37.598583283062915, 0.0 ], [ 26.425279915979488, 37.598656500023424, 0.0 ], [ 26.425270508591613, 37.598732936115965, 0.0 ], [ 26.425265031637245, 37.598813290653823, 0.0 ], [ 26.42526739787445, 37.59890250614103, 0.0 ], [ 26.425278115464344, 37.598996629645164, 0.0 ], [ 26.425297253372563, 37.599090704381545, 0.0 ], [ 26.425324885797668, 37.599179830228181, 0.0 ], [ 26.425360975087695, 37.599259255345764, 0.0 ], [ 26.425405089816429, 37.599324588335399, 0.0 ], [ 26.425455863628315, 37.599372188745882, 0.0 ], [ 26.425499378101311, 37.599396615119609, 0.0 ], [ 26.425539656658913, 37.599409634712799, 0.0 ], [ 26.425571282788695, 37.599412871918631, 0.0 ], [ 26.425589727321164, 37.599407060585847, 0.0 ], [ 26.425587784682634, 37.599266462472556, 0.0 ], [ 26.425590431803506, 37.599174487356514, 0.0 ], [ 26.425597138180066, 37.599071078023179, 0.0 ], [ 26.425609476024338, 37.598962970598002, 0.0 ], [ 26.425629158116436, 37.598857010056321, 0.0 ], [ 26.425658007650508, 37.598760128313913, 0.0 ], [ 26.425697828379128, 37.598679251374882, 0.0 ], [ 26.425734943146267, 37.598632434549749, 0.0 ], [ 26.425814354949136, 37.598557516386748, 0.0 ], [ 26.425850687823573, 37.598517489467611, 0.0 ], [ 26.425885254188803, 37.598466037278271, 0.0 ], [ 26.42591408490885, 37.598409870225254, 0.0 ], [ 26.425990363903495, 37.598232949759876, 0.0 ], [ 26.426019537393653, 37.59817719376079, 0.0 ], [ 26.426054071749512, 37.598126089120207, 0.0 ], [ 26.426102050183179, 37.598073398614517, 0.0 ], [ 26.426151789929687, 37.598023434757025, 0.0 ], [ 26.426194828928075, 37.597970145619676, 0.0 ], [ 26.426224350750644, 37.597909117952703, 0.0 ], [ 26.426240847475349, 37.597842250257258, 0.0 ], [ 26.426245754300314, 37.597772756218781, 0.0 ], [ 26.426239424577048, 37.597703702355872, 0.0 ], [ 26.426221146091358, 37.597638230267592, 0.0 ], [ 26.426189125711751, 37.597579781331703, 0.0 ], [ 26.426142498500987, 37.597530700968306, 0.0 ], [ 26.426031802413135, 37.597445703175886, 0.0 ], [ 26.425955479751366, 37.597382047451042, 0.0 ], [ 26.425917220154311, 37.597354131182421, 0.0 ], [ 26.425875889462862, 37.597332467080939, 0.0 ], [ 26.425829962297055, 37.597319466420579, 0.0 ] ] ] ] } },
{ "type": "Feature", "properties": { "Shape_Leng": 733.96296279499995, "Shape_Area": 0.02464862766, "Region": "North Aegean", "Subregion": "Central Aegean Islands", "Methodolog": "Landsat-8/ Google Earth", "Year": 2015, "Pres_Pan": 1 }, "geometry": { "type": "MultiPolygon", "coordinates": [ [ [ [ 26.446167986392254, 37.599231260436774, 0.0 ], [ 26.446067159573829, 37.599231669748519, 0.0 ], [ 26.445982094605235, 37.599234146458969, 0.0 ], [ 26.445986046028391, 37.599214744178383, 0.0 ], [ 26.445987342312467, 37.599165766717604, 0.0 ], [ 26.445982537094892, 37.599095721969334, 0.0 ], [ 26.445967764117924, 37.599013264405528, 0.0 ], [ 26.445938908790755, 37.59892717709878, 0.0 ], [ 26.44589153526918, 37.598846462443021, 0.0 ], [ 26.445833843252103, 37.598787575450409, 0.0 ], [ 26.44580414357317, 37.598767061423281, 0.0 ], [ 26.445617490723389, 37.598704655533119, 0.0 ], [ 26.445273242643253, 37.598567619456148, 0.0 ], [ 26.445030699868621, 37.598447209815674, 0.0 ], [ 26.444964750646367, 37.598444515339203, 0.0 ], [ 26.444877595788803, 37.59844944779838, 0.0 ], [ 26.444794008866776, 37.598463213072328, 0.0 ], [ 26.444717648190821, 37.598486957291385, 0.0 ], [ 26.444666655413375, 37.598511760827748, 0.0 ], [ 26.444570499248119, 37.598569399605466, 0.0 ], [ 26.444519027269092, 37.598596624449392, 0.0 ], [ 26.444453337709394, 37.598622833645933, 0.0 ], [ 26.444381891426826, 37.598644896120334, 0.0 ], [ 26.444231613747277, 37.598684053711928, 0.0 ], [ 26.444157514594345, 37.598704793184439, 0.0 ], [ 26.444087366514097, 37.598728841720906, 0.0 ], [ 26.444023877544662, 37.598758312254766, 0.0 ], [ 26.443960305866064, 37.598801106861714, 0.0 ], [ 26.44384719606759, 37.598896976460765, 0.0 ], [ 26.443731084893329, 37.598986208186702, 0.0 ], [ 26.443683342750685, 37.599035609855456, 0.0 ], [ 26.443657725835312, 37.599078274948667, 0.0 ], [ 26.443640790794028, 37.599124837824725, 0.0 ], [ 26.443631786636978, 37.599173668570344, 0.0 ], [ 26.443630387015681, 37.599223204168872, 0.0 ], [ 26.443636691761451, 37.599271891697363, 0.0 ], [ 26.443651232627321, 37.599318121523538, 0.0 ], [ 26.443674999578899, 37.599360165483539, 0.0 ], [ 26.443709464791485, 37.599396114205064, 0.0 ], [ 26.443773535378703, 37.59943239848139, 0.0 ], [ 26.443854117210538, 37.599457724366957, 0.0 ], [ 26.443946548980055, 37.599475011662037, 0.0 ], [ 26.444047331655767, 37.599486495562594, 0.0 ], [ 26.444153867106696, 37.599493872651941, 0.0 ], [ 26.444264240010469, 37.599498419861781, 0.0 ], [ 26.444377041401548, 37.599501105361774, 0.0 ], [ 26.444834710521707, 37.599506169431102, 0.0 ], [ 26.445058239784668, 37.599512514884196, 0.0 ], [ 26.445166182404787, 37.599518693115165, 0.0 ], [ 26.445270176973739, 37.599528022356743, 0.0 ], [ 26.445368767166503, 37.599541683559735, 0.0 ], [ 26.445460055979332, 37.599561200235186, 0.0 ], [ 26.445541585280857, 37.59958853016461, 0.0 ], [ 26.44559534290314, 37.599614937227635, 0.0 ], [ 26.445695654830459, 37.599673658882935, 0.0 ], [ 26.445749295742392, 37.599700371976105, 0.0 ], [ 26.445823946696958, 37.599726479099814, 0.0 ], [ 26.445906989740923, 37.599745899658473, 0.0 ], [ 26.445996353094969, 37.599760077860495, 0.0 ], [ 26.446090305384725, 37.599770096714096, 0.0 ], [ 26.446187360439158, 37.599776710639865, 0.0 ], [ 26.446286181881948, 37.599780371779232, 0.0 ], [ 26.446385478136666, 37.599781240282361, 0.0 ], [ 26.446483896841944, 37.599779176585024, 0.0 ], [ 26.446579899700989, 37.599773724179947, 0.0 ], [ 26.446671615808057, 37.599764057690081, 0.0 ], [ 26.446756667339464, 37.599748917097834, 0.0 ], [ 26.446831963683525, 37.59972651198995, 0.0 ], [ 26.446893439140148, 37.599694397235595, 0.0 ], [ 26.446934835429541, 37.599654139988196, 0.0 ], [ 26.446962373056039, 37.599605992410204, 0.0 ], [ 26.446977781710203, 37.599552864441137, 0.0 ], [ 26.446981896209213, 37.599497489032501, 0.0 ], [ 26.446974634967791, 37.599442594712983, 0.0 ], [ 26.446954732070186, 37.599391058932369, 0.0 ], [ 26.44691123715539, 37.599345144499118, 0.0 ], [ 26.446824650015898, 37.599303000336711, 0.0 ], [ 26.44670840859737, 37.599272779545629, 0.0 ], [ 26.446573765257781, 37.599252449089562, 0.0 ], [ 26.446431731383388, 37.599239984572783, 0.0 ], [ 26.446292989800636, 37.599233496423928, 0.0 ], [ 26.446167986392254, 37.599231260436774, 0.0 ] ] ] ] } },
{ "type": "Feature", "properties": { "Shape_Leng": 335.70244759299999, "Shape_Area": 0.008003144, "Region": "North Aegean", "Subregion": "Central Aegean Islands", "Methodolog": "Landsat-8/ Google Earth", "Year": 2015, "Pres_Pan": 1 }, "geometry": { "type": "MultiPolygon", "coordinates": [ [ [ [ 26.436862434353998, 37.599460432160051, 0.0 ], [ 26.436823079641943, 37.599455582411196, 0.0 ], [ 26.436804414956409, 37.599461109872813, 0.0 ], [ 26.436811101552255, 37.599445937171467, 0.0 ], [ 26.436806112453446, 37.599415079869914, 0.0 ], [ 26.436788211456765, 37.599374837219628, 0.0 ], [ 26.436754895957591, 37.599331988800891, 0.0 ], [ 26.436704172013798, 37.599292762996157, 0.0 ], [ 26.436638166400666, 37.599260103120713, 0.0 ], [ 26.436561135140852, 37.599235321604816, 0.0 ], [ 26.436478099591163, 37.599219236574164, 0.0 ], [ 26.436394460537283, 37.599212493422364, 0.0 ], [ 26.436315774156895, 37.599215710017816, 0.0 ], [ 26.436247588501157, 37.599229498103306, 0.0 ], [ 26.436192160668259, 37.599253333479659, 0.0 ], [ 26.436145618025154, 37.599285157744944, 0.0 ], [ 26.436104484970183, 37.599321924752722, 0.0 ], [ 26.436064774213861, 37.599360178987737, 0.0 ], [ 26.436022889288381, 37.599396814609733, 0.0 ], [ 26.43597669082034, 37.59942988968978, 0.0 ], [ 26.435929072471357, 37.599461484668517, 0.0 ], [ 26.435884164167145, 37.599494601557168, 0.0 ], [ 26.435846274940577, 37.599532281929164, 0.0 ], [ 26.435818882858072, 37.599576744661711, 0.0 ], [ 26.43580112869671, 37.599626508913062, 0.0 ], [ 26.435791643875543, 37.599679408678369, 0.0 ], [ 26.435789758349628, 37.599733477996899, 0.0 ], [ 26.435795466923398, 37.599786820983475, 0.0 ], [ 26.435809438632333, 37.599837482771932, 0.0 ], [ 26.435833038515764, 37.599883318400515, 0.0 ], [ 26.435868398953641, 37.59992185346276, 0.0 ], [ 26.435920939653712, 37.599952783185515, 0.0 ], [ 26.43598589025364, 37.599974965192843, 0.0 ], [ 26.43605987642826, 37.599990646297044, 0.0 ], [ 26.436140319261174, 37.600001527921677, 0.0 ], [ 26.436225248154866, 37.600008863683065, 0.0 ], [ 26.436313138110293, 37.600013540247694, 0.0 ], [ 26.436402771142262, 37.600016134261914, 0.0 ], [ 26.436583224481936, 37.60001605564694, 0.0 ], [ 26.436672094035323, 37.600013231370326, 0.0 ], [ 26.436758572909067, 37.600007984593653, 0.0 ], [ 26.436841207676419, 37.599999473046886, 0.0 ], [ 26.436918075395834, 37.599986419001986, 0.0 ], [ 26.436986575649829, 37.599966983806013, 0.0 ], [ 26.437043174020204, 37.599938611878237, 0.0 ], [ 26.43708241322534, 37.59990174039423, 0.0 ], [ 26.437106493525178, 37.599852436407836, 0.0 ], [ 26.43711521776245, 37.599792882950361, 0.0 ], [ 26.437109712006581, 37.59972784179665, 0.0 ], [ 26.437091087262651, 37.599662064213966, 0.0 ], [ 26.437060458733789, 37.599600152691579, 0.0 ], [ 26.437019125614039, 37.599546378802458, 0.0 ], [ 26.436968995371934, 37.59950439238343, 0.0 ], [ 26.436914043089235, 37.599476163192399, 0.0 ], [ 26.436862434353998, 37.599460432160051, 0.0 ] ] ] ] } },
{ "type": "Feature", "properties": { "Shape_Leng": 374.14181354700003, "Shape_Area": 0.00739214592, "Region": "North Aegean", "Subregion": "Central Aegean Islands", "Methodolog": "Landsat-8/ Google Earth", "Year": 2015, "Pres_Pan": 1 }, "geometry": { "type": "MultiPolygon", "coordinates": [ [ [ [ 26.485438816213204, 37.602135393635535, 0.0 ], [ 26.485374607175316, 37.6021314794828, 0.0 ], [ 26.485309617798539, 37.602133486830368, 0.0 ], [ 26.485245921081976, 37.602141357581978, 0.0 ], [ 26.485185605890372, 37.602155408180984, 0.0 ], [ 26.485158979341222, 37.602165585113475, 0.0 ], [ 26.485074992921113, 37.602223446209429, 0.0 ], [ 26.484815863517021, 37.602499235678636, 0.0 ], [ 26.484802908137311, 37.602579030465797, 0.0 ], [ 26.484803656187143, 37.602580781820095, 0.0 ], [ 26.484830764222881, 37.602613893136571, 0.0 ], [ 26.484865878917919, 37.602644762278828, 0.0 ], [ 26.484944338538423, 37.602708455608649, 0.0 ], [ 26.484981087182451, 37.602745094459401, 0.0 ], [ 26.485052358117674, 37.602823450929286, 0.0 ], [ 26.48509140307694, 37.602860985746965, 0.0 ], [ 26.485135081259678, 37.602895276195106, 0.0 ], [ 26.485226403784964, 37.602961394497115, 0.0 ], [ 26.485269055264506, 37.603000190539312, 0.0 ], [ 26.485309252508706, 37.603049436394429, 0.0 ], [ 26.485347035449131, 37.603106758552826, 0.0 ], [ 26.485456943219631, 37.603293102864463, 0.0 ], [ 26.48549595995269, 37.603348829206617, 0.0 ], [ 26.485537372210725, 37.603396218281652, 0.0 ], [ 26.485581114700686, 37.603432798767876, 0.0 ], [ 26.485625536671691, 37.603457331254241, 0.0 ], [ 26.485665970136456, 37.603470926978595, 0.0 ], [ 26.485697343011797, 37.603474976940149, 0.0 ], [ 26.485715512817233, 37.603470012700207, 0.0 ], [ 26.485715913368264, 37.603410838895158, 0.0 ], [ 26.485726804025305, 37.60314606882703, 0.0 ], [ 26.485734091784636, 37.602915795967618, 0.0 ], [ 26.485736446996608, 37.602692362080326, 0.0 ], [ 26.48573417539253, 37.602596844411352, 0.0 ], [ 26.485728711290452, 37.602514299075089, 0.0 ], [ 26.485719238256376, 37.602435579704341, 0.0 ], [ 26.485704297295211, 37.602361565005793, 0.0 ], [ 26.485681931379347, 37.602294095771299, 0.0 ], [ 26.485649582077677, 37.602235625614782, 0.0 ], [ 26.485603939977995, 37.602189389028304, 0.0 ], [ 26.485556023786518, 37.602163230621422, 0.0 ], [ 26.485500079783236, 37.602145684024784, 0.0 ], [ 26.485438816213204, 37.602135393635535, 0.0 ] ] ] ] } },
{ "type": "Feature", "properties": { "Shape_Leng": 495.902517859, "Shape_Area": 0.01047729391, "Region": "North Aegean", "Subregion": "Central Aegean Islands", "Methodolog": "Landsat-8/ Google Earth", "Year": 2015, "Pres_Pan": 1 }, "geometry": { "type": "MultiPolygon", "coordinates": [ [ [ [ 26.484339272760661, 37.605897629184966, 0.0 ], [ 26.484354860717179, 37.605900458414155, 0.0 ], [ 26.484385244813929, 37.605896992502124, 0.0 ], [ 26.48442680927387, 37.605886644367608, 0.0 ], [ 26.484475321008141, 37.605868316378128, 0.0 ], [ 26.484526985599423, 37.605841261216021, 0.0 ], [ 26.48458077712575, 37.605806951303997, 0.0 ], [ 26.484697104690547, 37.605727658972128, 0.0 ], [ 26.484761265324217, 37.605688575346299, 0.0 ], [ 26.484889916667122, 37.605613627076245, 0.0 ], [ 26.484946144191905, 37.605575708929535, 0.0 ], [ 26.48499218692692, 37.605536707706335, 0.0 ], [ 26.485067342298954, 37.605459623305649, 0.0 ], [ 26.485106672893398, 37.605422668438948, 0.0 ], [ 26.48523652045693, 37.605320833775799, 0.0 ], [ 26.485274904887206, 37.605282748950998, 0.0 ], [ 26.48531623381286, 37.605223863514162, 0.0 ], [ 26.485349466371989, 37.605158239714534, 0.0 ], [ 26.485408051360711, 37.60501994730852, 0.0 ], [ 26.48544067739239, 37.604953154885514, 0.0 ], [ 26.485480271799148, 37.604891816125836, 0.0 ], [ 26.485528588693608, 37.604837451208397, 0.0 ], [ 26.485579495407823, 37.604785316957155, 0.0 ], [ 26.485624925238856, 37.604729223200053, 0.0 ], [ 26.485658495351515, 37.604664498737165, 0.0 ], [ 26.485681234598335, 37.604592652011554, 0.0 ], [ 26.48569531382303, 37.604516424469608, 0.0 ], [ 26.485702085985441, 37.604438316166927, 0.0 ], [ 26.485702142739431, 37.604360788232107, 0.0 ], [ 26.48569534626052, 37.604286470357259, 0.0 ], [ 26.485680824561715, 37.604218394288857, 0.0 ], [ 26.485656918767734, 37.604160247253716, 0.0 ], [ 26.485621100875321, 37.604116657545866, 0.0 ], [ 26.485571929277754, 37.604091885427927, 0.0 ], [ 26.485515238920023, 37.604085204173025, 0.0 ], [ 26.485458273512734, 37.604095778078786, 0.0 ], [ 26.485406010014081, 37.604122591234109, 0.0 ], [ 26.485361624520042, 37.604154897454258, 0.0 ], [ 26.485358204594718, 37.604181933067558, 0.0 ], [ 26.485125778253323, 37.604430142044627, 0.0 ], [ 26.484866676262492, 37.604642851208503, 0.0 ], [ 26.484717575378383, 37.604765277216359, 0.0 ], [ 26.484717547365552, 37.604765354402382, 0.0 ], [ 26.484702395341618, 37.604822242801696, 0.0 ], [ 26.48468592740355, 37.604900920260228, 0.0 ], [ 26.484656659066165, 37.605060694036879, 0.0 ], [ 26.484638897747949, 37.605137846089299, 0.0 ], [ 26.484615242291781, 37.605210139059572, 0.0 ], [ 26.484579664113152, 37.605280925972018, 0.0 ], [ 26.484542844446832, 37.605334456290755, 0.0 ], [ 26.484459591306081, 37.605445919553233, 0.0 ], [ 26.484422453389648, 37.60550673945562, 0.0 ], [ 26.484389429556057, 37.605581149111877, 0.0 ], [ 26.484365869444055, 37.605657032822336, 0.0 ], [ 26.484350196479131, 37.605729695580322, 0.0 ], [ 26.484340946811031, 37.605794528313197, 0.0 ], [ 26.484336779887606, 37.605847019374984, 0.0 ], [ 26.484336492126417, 37.605882756962707, 0.0 ], [ 26.484339272760661, 37.605897629184966, 0.0 ] ] ] ] } },
{ "type": "Feature", "properties": { "Shape_Leng": 883.52052944699994, "Shape_Area": 0.03195498066, "Region": "North Aegean", "Subregion": "Central Aegean Islands", "Methodolog": "Landsat-8/ Google Earth", "Year": 2015, "Pres_Pan": 1 }, "geometry": { "type": "MultiPolygon", "coordinates": [ [ [ [ 26.484339272760661, 37.605897629184966, 0.0 ], [ 26.48361072632181, 37.605888983953847, 0.0 ], [ 26.483198929009976, 37.605886804608033, 0.0 ], [ 26.482977400121275, 37.605889939906305, 0.0 ], [ 26.482869476266309, 37.605893802252737, 0.0 ], [ 26.482764450612088, 37.605900005903571, 0.0 ], [ 26.48266339623925, 37.605909415891553, 0.0 ], [ 26.482567727238724, 37.605923172128385, 0.0 ], [ 26.482479277925339, 37.605942755323291, 0.0 ], [ 26.482400396916468, 37.60597005709392, 0.0 ], [ 26.482331963022773, 37.60600578887842, 0.0 ], [ 26.482267225275059, 37.606044527400933, 0.0 ], [ 26.482197790564221, 37.606079527729065, 0.0 ], [ 26.482117218770515, 37.606105619535221, 0.0 ], [ 26.482026729743538, 37.60612378909434, 0.0 ], [ 26.481928872740024, 37.60613610219535, 0.0 ], [ 26.481825591668894, 37.606144132739509, 0.0 ], [ 26.481718346279369, 37.606149064719723, 0.0 ], [ 26.481608218276332, 37.606151783703986, 0.0 ], [ 26.481382317101581, 37.606153033631308, 0.0 ], [ 26.48069159183451, 37.606148215512626, 0.0 ], [ 26.480470065566049, 37.606151834462821, 0.0 ], [ 26.480365313963432, 37.606156895697424, 0.0 ], [ 26.480267232379354, 37.6061654256021, 0.0 ], [ 26.480178755515698, 37.60617882051104, 0.0 ], [ 26.480103838031084, 37.60619893652175, 0.0 ], [ 26.48004775171232, 37.606228203997674, 0.0 ], [ 26.480021275428118, 37.606257323766215, 0.0 ], [ 26.480007714822197, 37.606290801064482, 0.0 ], [ 26.48000615054227, 37.606326294269721, 0.0 ], [ 26.480016236914317, 37.606361580356733, 0.0 ], [ 26.480037306998028, 37.606395164856096, 0.0 ], [ 26.48009740640066, 37.606462895196998, 0.0 ], [ 26.480128457914486, 37.606501019651141, 0.0 ], [ 26.480159660974333, 37.606550660037087, 0.0 ], [ 26.480187328908013, 37.606605105673815, 0.0 ], [ 26.480241056852758, 37.606718849070589, 0.0 ], [ 26.480272004286554, 37.606773472632426, 0.0 ], [ 26.480309400716205, 37.606823306243314, 0.0 ], [ 26.480356579955671, 37.606865563789121, 0.0 ], [ 26.480427212695609, 37.606902606187475, 0.0 ], [ 26.480511621606048, 37.606928716498743, 0.0 ], [ 26.480606026254346, 37.606946807348329, 0.0 ], [ 26.480707555290202, 37.606959095503115, 0.0 ], [ 26.480814051692512, 37.606967240234397, 0.0 ], [ 26.480923906605376, 37.606972455847519, 0.0 ], [ 26.481149180326302, 37.606977266534201, 0.0 ], [ 26.481376692430256, 37.60697734563405, 0.0 ], [ 26.481489773962938, 37.60697590288639, 0.0 ], [ 26.481711531379126, 37.606969080817812, 0.0 ], [ 26.48181864611211, 37.606962738607294, 0.0 ], [ 26.481921843142135, 37.60695340679068, 0.0 ], [ 26.482019668608817, 37.606939942703015, 0.0 ], [ 26.482110225684082, 37.606920826421501, 0.0 ], [ 26.482191070097638, 37.60689408456642, 0.0 ], [ 26.482244349364308, 37.606868227348507, 0.0 ], [ 26.482343663807491, 37.606810946739948, 0.0 ], [ 26.482396718557347, 37.606785153654009, 0.0 ], [ 26.482471762591178, 37.606760023250203, 0.0 ], [ 26.482555371757083, 37.606741870185466, 0.0 ], [ 26.482645506637393, 37.606729041444481, 0.0 ], [ 26.48274053514417, 37.606720211563768, 0.0 ], [ 26.48283915002807, 37.606714320387148, 0.0 ], [ 26.483043129467209, 37.60670809082454, 0.0 ], [ 26.483354341963921, 37.606703179812762, 0.0 ], [ 26.48345655189587, 37.606700352859811, 0.0 ], [ 26.48355651722537, 37.6066957329774, 0.0 ], [ 26.48365300890655, 37.606688330479898, 0.0 ], [ 26.483744413760363, 37.606676844775244, 0.0 ], [ 26.483828587991397, 37.606659551204977, 0.0 ], [ 26.483902691726652, 37.606634162151281, 0.0 ], [ 26.483953156256749, 37.606606762141602, 0.0 ], [ 26.483997957624588, 37.606574809027457, 0.0 ], [ 26.484040285628907, 37.606540316342098, 0.0 ], [ 26.484150491134187, 37.606441879239036, 0.0 ], [ 26.484214823739546, 37.606374885248755, 0.0 ], [ 26.484268664057041, 37.606297640206002, 0.0 ], [ 26.484305665555642, 37.606210479650287, 0.0 ], [ 26.48432780640282, 37.606120429477862, 0.0 ], [ 26.48433879209507, 37.606035911087936, 0.0 ], [ 26.484342120764744, 37.605965173621449, 0.0 ], [ 26.484339272760661, 37.605897629184966, 0.0 ] ] ] ] } },
{ "type": "Feature", "properties": { "Shape_Leng": 3722.9968327500001, "Shape_Area": 0.12997024423, "Region": "North Aegean", "Subregion": "Central Aegean Islands", "Methodolog": "Landsat-8/ Google Earth", "Year": 2015, "Pres_Pan": 1 }, "geometry": { "type": "MultiPolygon", "coordinates": [ [ [ [ 26.479921213129074, 37.606658471741362, 0.0 ], [ 26.479921333334858, 37.60656249090129, 0.0 ], [ 26.479917181631336, 37.606419028393098, 0.0 ], [ 26.479901269250178, 37.606415671928602, 0.0 ], [ 26.479870313334576, 37.606421918781351, 0.0 ], [ 26.479828170778461, 37.606436374906437, 0.0 ], [ 26.479779320383823, 37.606458466729535, 0.0 ], [ 26.479727801149764, 37.606487372205393, 0.0 ], [ 26.479620426982745, 37.606552354407093, 0.0 ], [ 26.479563638546647, 37.606579423245755, 0.0 ], [ 26.479504261776817, 37.606596769221824, 0.0 ], [ 26.479445375308654, 37.606602447860126, 0.0 ], [ 26.479391338891624, 37.606595470893069, 0.0 ], [ 26.479346756166311, 37.606575065710516, 0.0 ], [ 26.479307776579635, 37.606527640434457, 0.0 ], [ 26.479284934121818, 37.606464826194966, 0.0 ], [ 26.47926853486447, 37.606393260824078, 0.0 ], [ 26.479228261678326, 37.606160556379301, 0.0 ], [ 26.479209155351516, 37.606085815546599, 0.0 ], [ 26.479182627292175, 37.606016619456248, 0.0 ], [ 26.479145295862931, 37.605955780414178, 0.0 ], [ 26.479095155144186, 37.605904970712821, 0.0 ], [ 26.478979643924998, 37.605815389608495, 0.0 ], [ 26.478898420736563, 37.605744079975672, 0.0 ], [ 26.478856150150779, 37.605709781958645, 0.0 ], [ 26.478809173914041, 37.605679218873213, 0.0 ], [ 26.478747304082475, 37.605650765609923, 0.0 ], [ 26.478678630359102, 37.605627702567801, 0.0 ], [ 26.478458177140443, 37.605570049927017, 0.0 ], [ 26.478387911953583, 37.605548344813116, 0.0 ], [ 26.478323308897, 37.605522200674628, 0.0 ], [ 26.478272663082009, 37.605494706220981, 0.0 ], [ 26.478177666139715, 37.605434780173681, 0.0 ], [ 26.478127042864323, 37.60540727887399, 0.0 ], [ 26.478051151882465, 37.605377210323823, 0.0 ], [ 26.477968251241858, 37.605352646198291, 0.0 ], [ 26.477796903712981, 37.605307825431069, 0.0 ], [ 26.477716047327501, 37.605281578126757, 0.0 ], [ 26.47764386033046, 37.605248468589679, 0.0 ], [ 26.477597376866878, 37.605217576557756, 0.0 ], [ 26.477555510829031, 37.605183018145652, 0.0 ], [ 26.477474788257144, 37.605111406815837, 0.0 ], [ 26.477387581916101, 37.605044693176175, 0.0 ], [ 26.477345436228244, 37.605010098206272, 0.0 ], [ 26.477307840652706, 37.60497185630534, 0.0 ], [ 26.477267756445748, 37.604912853274456, 0.0 ], [ 26.477236041761699, 37.604847133153591, 0.0 ], [ 26.477182015672682, 37.604712375688891, 0.0 ], [ 26.477160176054902, 37.604678791487302, 0.0 ], [ 26.477159055944739, 37.604664149130343, 0.0 ], [ 26.477148882915682, 37.604643032143564, 0.0 ], [ 26.477108703881381, 37.604583687712619, 0.0 ], [ 26.477071030138866, 37.604545195955431, 0.0 ], [ 26.477028814962743, 37.604510439218437, 0.0 ], [ 26.476941561340706, 37.604444110100999, 0.0 ], [ 26.476861105154569, 37.604374988857685, 0.0 ], [ 26.47683554346769, 37.604355355638063, 0.0 ], [ 26.476644139544305, 37.604338187333006, 0.0 ], [ 26.476297437335255, 37.604471625548499, 0.0 ], [ 26.476139633093055, 37.604601097430965, 0.0 ], [ 26.476132197767381, 37.604606817092311, 0.0 ], [ 26.476100923152522, 37.604645175985446, 0.0 ], [ 26.47605938806165, 37.604681528073712, 0.0 ], [ 26.475990405547122, 37.604718160741925, 0.0 ], [ 26.475985504624731, 37.604719665776983, 0.0 ], [ 26.475922868557348, 37.604767850132745, 0.0 ], [ 26.475778727851008, 37.604860992252888, 0.0 ], [ 26.47554921791637, 37.60485680258099, 0.0 ], [ 26.475319076548573, 37.604726467555103, 0.0 ], [ 26.475284252132642, 37.60467348653038, 0.0 ], [ 26.475253893037682, 37.604645250528463, 0.0 ], [ 26.47521845520815, 37.604595424594429, 0.0 ], [ 26.475189180852169, 37.604540391444537, 0.0 ], [ 26.475173119625641, 37.6045044093486, 0.0 ], [ 26.475032793667211, 37.604290916973909, 0.0 ], [ 26.475022533997912, 37.60425332895791, 0.0 ], [ 26.474967270476522, 37.604195365419962, 0.0 ], [ 26.474932867553299, 37.604153785542202, 0.0 ], [ 26.474894968910935, 37.604092101802358, 0.0 ], [ 26.474863278953041, 37.604025583882041, 0.0 ], [ 26.474833450120396, 37.60395770314274, 0.0 ], [ 26.474801150471787, 37.603891957647519, 0.0 ], [ 26.474761776268725, 37.603832119693749, 0.0 ], [ 26.474710141414061, 37.603782502753184, 0.0 ], [ 26.474642226245695, 37.603746628952464, 0.0 ], [ 26.474561135028182, 37.603722575910254, 0.0 ], [ 26.47447107213755, 37.603707781797134, 0.0 ], [ 26.47437553855837, 37.603700538501108, 0.0 ], [ 26.474277576776611, 37.603699896377158, 0.0 ], [ 26.474180003251838, 37.603705604401128, 0.0 ], [ 26.474085638507411, 37.603718081012538, 0.0 ], [ 26.47399752128824, 37.603738416831376, 0.0 ], [ 26.473919137495276, 37.603768413110217, 0.0 ], [ 26.473868340410014, 37.603798072260361, 0.0 ], [ 26.473822218263233, 37.603831816387952, 0.0 ], [ 26.473732418466525, 37.603901230403423, 0.0 ], [ 26.473683979532691, 37.603932535046013, 0.0 ], [ 26.473584748691593, 37.603990484310849, 0.0 ], [ 26.473538651836311, 37.604020007807407, 0.0 ], [ 26.473434591496087, 37.604100258466801, 0.0 ], [ 26.473383829675857, 37.604129421952656, 0.0 ], [ 26.473342919155076, 37.604140964507152, 0.0 ], [ 26.473301588970646, 37.604143053079873, 0.0 ], [ 26.473262903561924, 37.604135637832485, 0.0 ], [ 26.47323009757087, 37.604118233720477, 0.0 ], [ 26.473199580753615, 37.604079427519217, 0.0 ], [ 26.473182823772333, 37.604027435825941, 0.0 ], [ 26.473177963699861, 37.603967430544884, 0.0 ], [ 26.47318418527821, 37.603903796549488, 0.0 ], [ 26.473201669914321, 37.603840438236347, 0.0 ], [ 26.473231576334246, 37.603781050269163, 0.0 ], [ 26.473262546785332, 37.603740654731908, 0.0 ], [ 26.473333551923176, 37.603662764445382, 0.0 ], [ 26.47336619480242, 37.603620169298374, 0.0 ], [ 26.473398119444436, 37.603560441597175, 0.0 ], [ 26.473421860568511, 37.603493734122388, 0.0 ], [ 26.473439249048628, 37.603421771997667, 0.0 ], [ 26.473451760038028, 37.60334590212009, 0.0 ], [ 26.473460569922572, 37.603267171266261, 0.0 ], [ 26.473466611516336, 37.603186385311218, 0.0 ], [ 26.473473204410311, 37.603021005908424, 0.0 ], [ 26.473477305384076, 37.602799312157799, 0.0 ], [ 26.473428036101669, 37.602711544330148, 0.0 ], [ 26.473413729483291, 37.602450519244236, 0.0 ], [ 26.473443533131544, 37.602260655111934, 0.0 ], [ 26.473578323411303, 37.602145360294003, 0.0 ], [ 26.473582386400032, 37.602138770732324, 0.0 ], [ 26.473618711802885, 37.602099800136898, 0.0 ], [ 26.473660469292675, 37.602065208649286, 0.0 ], [ 26.473748994774667, 37.602000057640439, 0.0 ], [ 26.473862684375888, 37.601909640075249, 0.0 ], [ 26.473927772393843, 37.60187101684182, 0.0 ], [ 26.474005536522395, 37.601842545671694, 0.0 ], [ 26.474093762134075, 37.601822437388634, 0.0 ], [ 26.474188975535405, 37.601807889325151, 0.0 ], [ 26.474488952351631, 37.601775394582802, 0.0 ], [ 26.474585475293718, 37.60176167840708, 0.0 ], [ 26.474675931170843, 37.60174308636347, 0.0 ], [ 26.474757186408766, 37.601717169155521, 0.0 ], [ 26.474810722700589, 37.601691884827474, 0.0 ], [ 26.474909033369681, 37.601634859511506, 0.0 ], [ 26.474960015800637, 37.601608319359023, 0.0 ], [ 26.475034807380748, 37.601579270085679, 0.0 ], [ 26.475114440028797, 37.601555562009558, 0.0 ], [ 26.475269752595072, 37.601512354919478, 0.0 ], [ 26.475313275293505, 37.601495546565403, 0.0 ], [ 26.475358012813277, 37.601310360870571, 0.0 ], [ 26.475364854495155, 37.601260264047227, 0.0 ], [ 26.475350434392432, 37.60124315322053, 0.0 ], [ 26.475321438628466, 37.601200411936979, 0.0 ], [ 26.475306066579559, 37.601151543627459, 0.0 ], [ 26.475306109670893, 37.601099647538561, 0.0 ], [ 26.475322320983587, 37.601049231540671, 0.0 ], [ 26.475354525748767, 37.6010031901208, 0.0 ], [ 26.475395496607597, 37.600958031668256, 0.0 ], [ 26.475436677699637, 37.600908625368056, 0.0 ], [ 26.475467115608868, 37.600859854528032, 0.0 ], [ 26.475546427331771, 37.600695684736152, 0.0 ], [ 26.475576992151893, 37.600642752489378, 0.0 ], [ 26.475614167426279, 37.600594760267995, 0.0 ], [ 26.475661236886594, 37.600554485817575, 0.0 ], [ 26.475725806725933, 37.600522125431219, 0.0 ], [ 26.475802355650693, 37.600499321481593, 0.0 ], [ 26.475887697232338, 37.600483566298777, 0.0 ], [ 26.475979259768845, 37.600472822322047, 0.0 ], [ 26.47607492490063, 37.600465402932869, 0.0 ], [ 26.476369233187043, 37.600449186044237, 0.0 ], [ 26.476464362261851, 37.600441417141582, 0.0 ], [ 26.476555018036493, 37.600430042041374, 0.0 ], [ 26.476638952898323, 37.600413234496123, 0.0 ], [ 26.476713402554395, 37.60038875197661, 0.0 ], [ 26.47677492304264, 37.600353802122648, 0.0 ], [ 26.476813305509879, 37.600316008407127, 0.0 ], [ 26.476842687073081, 37.600270901772227, 0.0 ], [ 26.476865030461653, 37.600220051330275, 0.0 ], [ 26.476881967834498, 37.600164757386239, 0.0 ], [ 26.476898462109194, 37.60008596496548, 0.0 ], [ 26.476910380602718, 37.60000327662015, 0.0 ], [ 26.476938790455648, 37.599747917080364, 0.0 ], [ 26.47695159219175, 37.599665089430154, 0.0 ], [ 26.476969004514292, 37.599585911860189, 0.0 ], [ 26.476993110796908, 37.599512245608985, 0.0 ], [ 26.477026377560303, 37.599446371903447, 0.0 ], [ 26.47705824131187, 37.599403075727871, 0.0 ], [ 26.477127610979458, 37.599323681140952, 0.0 ], [ 26.47715776592376, 37.599282512347287, 0.0 ], [ 26.477186613721646, 37.599222084110167, 0.0 ], [ 26.477203088776019, 37.599157680391635, 0.0 ], [ 26.477208358975421, 37.599092993831398, 0.0 ], [ 26.477202621812896, 37.599031928484294, 0.0 ], [ 26.477185085230794, 37.598978875968605, 0.0 ], [ 26.47715392454997, 37.598939021852843, 0.0 ], [ 26.477120761901087, 37.598920859420431, 0.0 ], [ 26.47708186857777, 37.598912737862022, 0.0 ], [ 26.477040535561212, 37.598914205984812, 0.0 ], [ 26.476999897808163, 37.598925264639469, 0.0 ], [ 26.476950095531535, 37.598954119299265, 0.0 ], [ 26.476851300083013, 37.599035918601395, 0.0 ], [ 26.47673604676827, 37.599120987552439, 0.0 ], [ 26.476683024875907, 37.59917007339169, 0.0 ], [ 26.476645722572385, 37.599219419401031, 0.0 ], [ 26.476614329203134, 37.599273864287163, 0.0 ], [ 26.476558107739944, 37.599388316744992, 0.0 ], [ 26.476527821483593, 37.599443705277253, 0.0 ], [ 26.47649226839658, 37.599494713145035, 0.0 ], [ 26.476448249922232, 37.59953874015013, 0.0 ], [ 26.476393413967887, 37.599573882012663, 0.0 ], [ 26.476330010963427, 37.599601948702798, 0.0 ], [ 26.476261130624898, 37.599625434554611, 0.0 ], [ 26.476117887056397, 37.599667523565621, 0.0 ], [ 26.476048678544227, 37.599690304290796, 0.0 ], [ 26.475984547600248, 37.599717055108606, 0.0 ], [ 26.475933934178983, 37.599744803566807, 0.0 ], [ 26.475838383584293, 37.599804668907844, 0.0 ], [ 26.475787353118374, 37.599831900698895, 0.0 ], [ 26.475710911809035, 37.59986138064864, 0.0 ], [ 26.475627453868146, 37.59988514866204, 0.0 ], [ 26.475454907637765, 37.599928000548807, 0.0 ], [ 26.475373394006635, 37.599953198225535, 0.0 ], [ 26.475300507507971, 37.599985306704546, 0.0 ], [ 26.475238985251782, 37.600026536710921, 0.0 ], [ 26.475129880071407, 37.600120160207183, 0.0 ], [ 26.475043284579222, 37.600186509878419, 0.0 ], [ 26.475002055451917, 37.600221342170073, 0.0 ], [ 26.474965918130749, 37.60026026687926, 0.0 ], [ 26.474932069510448, 37.600314630382854, 0.0 ], [ 26.474906770930911, 37.600375867632266, 0.0 ], [ 26.474887345064943, 37.600441828839394, 0.0 ], [ 26.474841974854851, 37.600650083080268, 0.0 ], [ 26.47482426267425, 37.600717416788228, 0.0 ], [ 26.474801629473863, 37.600780790543034, 0.0 ], [ 26.474771508336541, 37.600838140540759, 0.0 ], [ 26.474730879593892, 37.600887035800184, 0.0 ], [ 26.47468039875152, 37.600924119365011, 0.0 ], [ 26.474621104623715, 37.600954113880256, 0.0 ], [ 26.474556543876492, 37.600979870898797, 0.0 ], [ 26.474424501808119, 37.601029042782983, 0.0 ], [ 26.474363283100562, 37.601057496059731, 0.0 ], [ 26.47430962688038, 37.601092038207575, 0.0 ], [ 26.474259413862892, 37.601142307624919, 0.0 ], [ 26.474218689227072, 37.60120021873103, 0.0 ], [ 26.474144998728985, 37.601322314935203, 0.0 ], [ 26.474101873360055, 37.60137832901524, 0.0 ], [ 26.474047232131639, 37.601425095715619, 0.0 ], [ 26.473976668480955, 37.601459072282843, 0.0 ], [ 26.473892843749493, 37.601482403432257, 0.0 ], [ 26.473799490006719, 37.601498100841567, 0.0 ], [ 26.473699595500808, 37.601508570016129, 0.0 ], [ 26.473279317309562, 37.601534297307985, 0.0 ], [ 26.473179092583571, 37.601544785582547, 0.0 ], [ 26.473085366752354, 37.601560574936663, 0.0 ], [ 26.473001230294379, 37.601584149890876, 0.0 ], [ 26.472930576296093, 37.601618632366836, 0.0 ], [ 26.472876297907959, 37.601666328104265, 0.0 ], [ 26.472834325696194, 37.601723920669961, 0.0 ], [ 26.472799522288501, 37.601787207668394, 0.0 ], [ 26.472733885769006, 37.601916263923499, 0.0 ], [ 26.472694972521523, 37.601975122383735, 0.0 ], [ 26.472660659595288, 37.602014545234738, 0.0 ], [ 26.472589456756449, 37.602088870788251, 0.0 ], [ 26.472559392396303, 37.602128676744158, 0.0 ], [ 26.472534455035614, 37.602179588890472, 0.0 ], [ 26.4725190569681, 37.602235096890574, 0.0 ], [ 26.472512114527987, 37.602293292340271, 0.0 ], [ 26.472513074169918, 37.602352405309013, 0.0 ], [ 26.472521891884433, 37.602410729977557, 0.0 ], [ 26.472539029501732, 37.602466547218732, 0.0 ], [ 26.472565453258994, 37.602518047129344, 0.0 ], [ 26.472596472425987, 37.602558714634931, 0.0 ], [ 26.472667757569123, 37.602636252159691, 0.0 ], [ 26.472700609650261, 37.602678396913902, 0.0 ], [ 26.472735128280824, 37.60274268173859, 0.0 ], [ 26.472760341660297, 37.602814911345675, 0.0 ], [ 26.472778567730046, 37.602893051958056, 0.0 ], [ 26.472791620872492, 37.602975528214003, 0.0 ], [ 26.472800887086365, 37.603061133281678, 0.0 ], [ 26.472807397046356, 37.603148943523486, 0.0 ], [ 26.4728148168345, 37.603328449030585, 0.0 ], [ 26.472816788225185, 37.603509615994795, 0.0 ], [ 26.472812508129479, 37.603688340384394, 0.0 ], [ 26.472806625367937, 37.603775106486196, 0.0 ], [ 26.472796807861251, 37.603858830857092, 0.0 ], [ 26.472781383780671, 37.603938110340835, 0.0 ], [ 26.472758049366806, 37.604011065713756, 0.0 ], [ 26.472723705399726, 37.604075191919037, 0.0 ], [ 26.472674244524601, 37.604127194911349, 0.0 ], [ 26.47261217297531, 37.604162037983258, 0.0 ], [ 26.472537025250954, 37.604186424468153, 0.0 ], [ 26.472452252319037, 37.604203152103906, 0.0 ], [ 26.472360597620401, 37.604214448631886, 0.0 ], [ 26.472264263514745, 37.604222107081902, 0.0 ], [ 26.471964254816136, 37.604237068182542, 0.0 ], [ 26.471865543784247, 37.604243341521524, 0.0 ], [ 26.471770035478482, 37.604252237537324, 0.0 ], [ 26.471679570668929, 37.604265131538547, 0.0 ], [ 26.471596381217857, 37.6042836483673, 0.0 ], [ 26.471523231269245, 37.604309753158581, 0.0 ], [ 26.471472686663507, 37.604337499209763, 0.0 ], [ 26.471428119742814, 37.604369202112245, 0.0 ], [ 26.471346684737657, 37.604434636309129, 0.0 ], [ 26.47126726341661, 37.604492130754622, 0.0 ], [ 26.471233555434942, 37.604519943881556, 0.0 ], [ 26.471208538220569, 37.604549260935613, 0.0 ], [ 26.47119539235668, 37.604581008332502, 0.0 ], [ 26.471194406086951, 37.604613388589677, 0.0 ], [ 26.47120557115003, 37.604643893133179, 0.0 ], [ 26.47122944661454, 37.604669906880538, 0.0 ], [ 26.471266296284398, 37.604689304838125, 0.0 ], [ 26.471313482251677, 37.604702430624393, 0.0 ], [ 26.471367967091393, 37.604710048046165, 0.0 ], [ 26.471427075806961, 37.604712680828698, 0.0 ], [ 26.471508910189105, 37.604708916976726, 0.0 ], [ 26.471589288120281, 37.604696912111088, 0.0 ], [ 26.471662898852692, 37.604676162048399, 0.0 ], [ 26.471711162481071, 37.604654917608272, 0.0 ], [ 26.471796939880104, 37.604609836107954, 0.0 ], [ 26.471839182939846, 37.60459299184339, 0.0 ], [ 26.471883180272432, 37.604584181323553, 0.0 ], [ 26.471926899848164, 37.604584018448094, 0.0 ], [ 26.471967365381559, 37.604592786368855, 0.0 ], [ 26.472001416132741, 37.604611149681013, 0.0 ], [ 26.472032883020638, 37.604650850030488, 0.0 ], [ 26.472049911283495, 37.604703494032023, 0.0 ], [ 26.472054509892757, 37.604764042820491, 0.0 ], [ 26.472047645233822, 37.604828159730076, 0.0 ], [ 26.472029320688684, 37.60489191125469, 0.0 ], [ 26.471998618567813, 37.604951494027432, 0.0 ], [ 26.471967270774666, 37.604991782707167, 0.0 ], [ 26.471896923410327, 37.605068203985269, 0.0 ], [ 26.471865864756303, 37.605109018246246, 0.0 ], [ 26.471839399752689, 37.605160836355971, 0.0 ], [ 26.471822640374871, 37.605216755766698, 0.0 ], [ 26.471815112286322, 37.605274559729679, 0.0 ], [ 26.471816921390577, 37.60533207520421, 0.0 ], [ 26.471828801038487, 37.605387059227382, 0.0 ], [ 26.471852162690418, 37.605437087012511, 0.0 ], [ 26.471889165431861, 37.605479427937105, 0.0 ], [ 26.471947127151459, 37.605514517964572, 0.0 ], [ 26.472019980368326, 37.605539763713736, 0.0 ], [ 26.4721037946567, 37.605557626517232, 0.0 ], [ 26.47219552923081, 37.605570001181611, 0.0 ], [ 26.472292844611708, 37.605578309145812, 0.0 ], [ 26.472393929929495, 37.605583585003963, 0.0 ], [ 26.472497373801122, 37.605586544992995, 0.0 ], [ 26.472706951092906, 37.60558704478904, 0.0 ], [ 26.472811227590981, 37.605584775812147, 0.0 ], [ 26.472913970435709, 37.605580591554883, 0.0 ], [ 26.473014197182621, 37.605574035020723, 0.0 ], [ 26.473110753952657, 37.605564397791156, 0.0 ], [ 26.473202230419318, 37.605550683961106, 0.0 ], [ 26.473286874437967, 37.605531563268549, 0.0 ], [ 26.473362490412413, 37.605505311949329, 0.0 ], [ 26.473415526860403, 37.60547841847248, 0.0 ], [ 26.473512867288768, 37.605417877675322, 0.0 ], [ 26.473563800327263, 37.60538955038961, 0.0 ], [ 26.473639554007956, 37.605358198315642, 0.0 ], [ 26.473722068653537, 37.605332388728272, 0.0 ], [ 26.47389353975732, 37.605286220377458, 0.0 ], [ 26.473975830121415, 37.605260518047217, 0.0 ], [ 26.474051165776661, 37.605229378135469, 0.0 ], [ 26.474101616636993, 37.60520131034788, 0.0 ], [ 26.474197353389449, 37.605141691147779, 0.0 ], [ 26.474249138083607, 37.605115561584682, 0.0 ], [ 26.47431946797224, 37.605091521979936, 0.0 ], [ 26.474397382625693, 37.605074708880792, 0.0 ], [ 26.474480634931439, 37.605063791586026, 0.0 ], [ 26.474567279864701, 37.605057839471783, 0.0 ], [ 26.47465556940098, 37.605056295359724, 0.0 ], [ 26.474743866820209, 37.605058952984166, 0.0 ], [ 26.474830543229746, 37.605065944745, 0.0 ], [ 26.474913888237008, 37.605077746285005, 0.0 ], [ 26.474992016303151, 37.605095187466127, 0.0 ], [ 26.475062775807665, 37.605119476805918, 0.0 ], [ 26.475115187740879, 37.6051454171985, 0.0 ], [ 26.475213602289859, 37.605203217663757, 0.0 ], [ 26.475266539543551, 37.60522942090666, 0.0 ], [ 26.475347005043009, 37.6052566819681, 0.0 ], [ 26.475437210783145, 37.605276303336396, 0.0 ], [ 26.475534629057307, 37.605290210587526, 0.0 ], [ 26.475637269654001, 37.60529993774626, 0.0 ], [ 26.475743564441753, 37.605306699094264, 0.0 ], [ 26.47585226151558, 37.605311476097093, 0.0 ], [ 26.476291688487009, 37.605326085502931, 0.0 ], [ 26.476398045215472, 37.605332321402074, 0.0 ], [ 26.476500719002846, 37.605341405504603, 0.0 ], [ 26.47659808957901, 37.605354618102368, 0.0 ], [ 26.476688094177568, 37.60537359211353, 0.0 ], [ 26.476768098062944, 37.605400405013661, 0.0 ], [ 26.476820428706745, 37.605426534677768, 0.0 ], [ 26.476916575095963, 37.605485462676363, 0.0 ], [ 26.47696708133936, 37.605512998499051, 0.0 ], [ 26.477031202843978, 37.605539424741444, 0.0 ], [ 26.477100824654872, 37.605561516348757, 0.0 ], [ 26.477320310517264, 37.605619402728074, 0.0 ], [ 26.477389769649751, 37.605641604813101, 0.0 ], [ 26.477453539504829, 37.605668280610878, 0.0 ], [ 26.477503481027917, 37.605696230864325, 0.0 ], [ 26.477597185848939, 37.605756989306123, 0.0 ], [ 26.477647241168615, 37.605784849696754, 0.0 ], [ 26.47772247615546, 37.605815314360733, 0.0 ], [ 26.477804865398191, 37.605840155227504, 0.0 ], [ 26.477975637315463, 37.605885136741101, 0.0 ], [ 26.478056388129026, 37.605911286046798, 0.0 ], [ 26.478128536047866, 37.605944216812347, 0.0 ], [ 26.478189301571696, 37.605986115017387, 0.0 ], [ 26.47829703011373, 37.606080831958046, 0.0 ], [ 26.478382829941363, 37.60614800337629, 0.0 ], [ 26.478423655090708, 37.606183251084339, 0.0 ], [ 26.478459310624885, 37.606222589494124, 0.0 ], [ 26.478492395532108, 37.606277466908892, 0.0 ], [ 26.478516675544888, 37.606339319339313, 0.0 ], [ 26.478534751551198, 37.606406107851456, 0.0 ], [ 26.478548838176305, 37.606476099899069, 0.0 ], [ 26.478586012839049, 37.606690556063995, 0.0 ], [ 26.478602714920047, 37.606758841370777, 0.0 ], [ 26.478624833883302, 37.606822974884217, 0.0 ], [ 26.478654717666789, 37.606881110409539, 0.0 ], [ 26.478686663040879, 37.606924100584145, 0.0 ], [ 26.478759050993709, 37.607003589024579, 0.0 ], [ 26.478793021753255, 37.607045147063026, 0.0 ], [ 26.478830692661841, 37.607106546780471, 0.0 ], [ 26.478922947377896, 37.607305393823175, 0.0 ], [ 26.478960551534879, 37.607364639396387, 0.0 ], [ 26.479009370405013, 37.607413271851982, 0.0 ], [ 26.479073177078892, 37.607447337019515, 0.0 ], [ 26.479148384971349, 37.607468253843621, 0.0 ], [ 26.479230043363085, 37.607477942139028, 0.0 ], [ 26.479313593655341, 37.607477236641067, 0.0 ], [ 26.479394524379501, 37.607465901467158, 0.0 ], [ 26.479468013865361, 37.607442579955794, 0.0 ], [ 26.479515871009919, 37.607416445945219, 0.0 ], [ 26.479559245334922, 37.607384970546732, 0.0 ], [ 26.479643230880423, 37.607316314173062, 0.0 ], [ 26.479734349307165, 37.60725070678815, 0.0 ], [ 26.479778525709445, 37.60721569463994, 0.0 ], [ 26.479818462137612, 37.607169831016215, 0.0 ], [ 26.479859977016588, 37.60708808188987, 0.0 ], [ 26.479888695125869, 37.606988546788934, 0.0 ], [ 26.479906963398005, 37.60687879451843, 0.0 ], [ 26.479917086639567, 37.60676631907009, 0.0 ], [ 26.479921213129074, 37.606658471741362, 0.0 ] ] ] ] } },
{ "type": "Feature", "properties": { "Shape_Leng": 714.73742224, "Shape_Area": 0.02703132119, "Region": "North Aegean", "Subregion": "Central Aegean Islands", "Methodolog": "Landsat-8/ Google Earth", "Year": 2015, "Pres_Pan": 1 }, "geometry": { "type": "MultiPolygon", "coordinates": [ [ [ [ 26.527087685316484, 37.629608061993679, 0.0 ], [ 26.527038794871785, 37.629598982951016, 0.0 ], [ 26.527014263177502, 37.629601372165133, 0.0 ], [ 26.527022679061695, 37.629579995731589, 0.0 ], [ 26.527008459284527, 37.629540187208505, 0.0 ], [ 26.526968992771124, 37.629492228420943, 0.0 ], [ 26.526909013274143, 37.629450498863918, 0.0 ], [ 26.526827985859533, 37.62941388987921, 0.0 ], [ 26.526730613085462, 37.629383888430823, 0.0 ], [ 26.52662251056746, 37.629361308616787, 0.0 ], [ 26.526509766516437, 37.629346701212455, 0.0 ], [ 26.526398711979034, 37.629340561350084, 0.0 ], [ 26.526295777414113, 37.629343409089522, 0.0 ], [ 26.526207068751798, 37.629355683154522, 0.0 ], [ 26.526200900255354, 37.629357245372965, 0.0 ], [ 26.526019831250316, 37.629486651679009, 0.0 ], [ 26.525934164841537, 37.629695734761327, 0.0 ], [ 26.525994309896138, 37.629861904717806, 0.0 ], [ 26.526067794964529, 37.629882826083531, 0.0 ], [ 26.526147587301235, 37.62990902349889, 0.0 ], [ 26.526220269267736, 37.629941958550567, 0.0 ], [ 26.526267701784452, 37.629972686073906, 0.0 ], [ 26.526310768238872, 37.630007077341808, 0.0 ], [ 26.526393902584811, 37.630078515684254, 0.0 ], [ 26.526482329237073, 37.630145799065183, 0.0 ], [ 26.526524133760059, 37.630181262584514, 0.0 ], [ 26.526560443469577, 37.63022098445353, 0.0 ], [ 26.526596847484956, 37.630283290799532, 0.0 ], [ 26.526621851644141, 37.630354447061428, 0.0 ], [ 26.526638665707765, 37.630431941543591, 0.0 ], [ 26.526649850659023, 37.630513777468494, 0.0 ], [ 26.526676491033477, 37.630854986071128, 0.0 ], [ 26.526687131600639, 37.630937204009847, 0.0 ], [ 26.526703211337246, 37.631015223339311, 0.0 ], [ 26.526727321450032, 37.631087034912191, 0.0 ], [ 26.526762719777064, 37.631150106162174, 0.0 ], [ 26.526798246944882, 37.631190456570437, 0.0 ], [ 26.526839306911487, 37.631226562192737, 0.0 ], [ 26.526926747525561, 37.63129495398087, 0.0 ], [ 26.52703988502477, 37.63138964020375, 0.0 ], [ 26.527105417908867, 37.631430191833985, 0.0 ], [ 26.527177844767071, 37.631458282814798, 0.0 ], [ 26.527260186874635, 37.631478478322549, 0.0 ], [ 26.52734980493311, 37.631492638940699, 0.0 ], [ 26.527444542757095, 37.631502136410703, 0.0 ], [ 26.527542595716021, 37.631507916826571, 0.0 ], [ 26.527642379849208, 37.6315105502973, 0.0 ], [ 26.527742412702736, 37.631510258732312, 0.0 ], [ 26.527841185660616, 37.631506926687862, 0.0 ], [ 26.527937033370709, 37.63150009335309, 0.0 ], [ 26.528028003540243, 37.631488922000237, 0.0 ], [ 26.528111694388407, 37.631472151205358, 0.0 ], [ 26.52818508806288, 37.63144802723194, 0.0 ], [ 26.528244354928713, 37.631414212708485, 0.0 ], [ 26.52828898972453, 37.631364760303498, 0.0 ], [ 26.528315815010277, 37.631305407988734, 0.0 ], [ 26.528327792443118, 37.631240396010107, 0.0 ], [ 26.528326503119203, 37.631173448129346, 0.0 ], [ 26.528312247000773, 37.631108030819355, 0.0 ], [ 26.528284093140623, 37.631047598192126, 0.0 ], [ 26.528253481559037, 37.631007048233833, 0.0 ], [ 26.528180683398727, 37.630930696634081, 0.0 ], [ 26.528145772757178, 37.630890000920743, 0.0 ], [ 26.528106834818661, 37.630828999256572, 0.0 ], [ 26.528074653780834, 37.630762229748214, 0.0 ], [ 26.528017138791252, 37.630623039888263, 0.0 ], [ 26.527985016623827, 37.630556263682223, 0.0 ], [ 26.527945648628709, 37.630495400937811, 0.0 ], [ 26.527909611841928, 37.630455032064248, 0.0 ], [ 26.527830827291712, 37.630379973705097, 0.0 ], [ 26.527794569394061, 37.630340164621991, 0.0 ], [ 26.527760152468083, 37.630289281883108, 0.0 ], [ 26.527731876019338, 37.630233700645711, 0.0 ], [ 26.527660256093956, 37.630057236341294, 0.0 ], [ 26.527632535778753, 37.630001444008229, 0.0 ], [ 26.527592685735332, 37.629947536376463, 0.0 ], [ 26.52754475303766, 37.629902999678805, 0.0 ], [ 26.527488220858519, 37.629860472941736, 0.0 ], [ 26.527367123377275, 37.629776551242664, 0.0 ], [ 26.527255163490135, 37.629693650991541, 0.0 ], [ 26.527202376264846, 37.629658447432114, 0.0 ], [ 26.527151125556777, 37.62963090466048, 0.0 ], [ 26.527087685316484, 37.629608061993679, 0.0 ] ] ] ] } },
{ "type": "Feature", "properties": { "Shape_Leng": 2112.5891456, "Shape_Area": 0.07163946399, "Region": "North Aegean", "Subregion": "Central Aegean Islands", "Methodolog": "Landsat-8/ Google Earth", "Year": 2015, "Pres_Pan": 1 }, "geometry": { "type": "MultiPolygon", "coordinates": [ [ [ [ 26.496233358826782, 37.625503875483631, 0.0 ], [ 26.496275235793508, 37.625494030084816, 0.0 ], [ 26.496319419384346, 37.625493831932673, 0.0 ], [ 26.496363122748587, 37.625502983172638, 0.0 ], [ 26.496404479846095, 37.625520940279927, 0.0 ], [ 26.496487492698851, 37.625571397665716, 0.0 ], [ 26.496534279989387, 37.625597576064152, 0.0 ], [ 26.496606311131455, 37.625628329390942, 0.0 ], [ 26.496768923859538, 37.625682359432574, 0.0 ], [ 26.496850535470159, 37.625711078687438, 0.0 ], [ 26.496926435609577, 37.625744936269598, 0.0 ], [ 26.496991798807041, 37.625787447818418, 0.0 ], [ 26.497036595245561, 37.625832870201251, 0.0 ], [ 26.497073461909469, 37.625884583607721, 0.0 ], [ 26.497137077533903, 37.625995850831934, 0.0 ], [ 26.497170307559976, 37.626050138223157, 0.0 ], [ 26.497208885683708, 37.626099902257394, 0.0 ], [ 26.497256410926653, 37.626142117340088, 0.0 ], [ 26.497307622406478, 37.626170846529284, 0.0 ], [ 26.497366591525118, 37.626192607030852, 0.0 ], [ 26.497431435803271, 37.626208531762181, 0.0 ], [ 26.497500494228287, 37.626219465099652, 0.0 ], [ 26.497596541950372, 37.62622723606377, 0.0 ], [ 26.497694096315588, 37.626227792186661, 0.0 ], [ 26.497789867718971, 37.626221015707351, 0.0 ], [ 26.497880325862422, 37.626205995578694, 0.0 ], [ 26.497961406674865, 37.626180970596721, 0.0 ], [ 26.498028196488104, 37.626143236065118, 0.0 ], [ 26.498072562465072, 37.626096503897919, 0.0 ], [ 26.498103897450704, 37.626040043486412, 0.0 ], [ 26.498124763228375, 37.625976835555548, 0.0 ], [ 26.498136912720728, 37.625909389551119, 0.0 ], [ 26.498141364387283, 37.625839901564625, 0.0 ], [ 26.498138438780071, 37.62577039864086, 0.0 ], [ 26.498127776895046, 37.625702880767136, 0.0 ], [ 26.498108317493919, 37.625639455620409, 0.0 ], [ 26.498078256612065, 37.625582482702526, 0.0 ], [ 26.498034960283988, 37.625534707652157, 0.0 ], [ 26.497969032415877, 37.625494798475223, 0.0 ], [ 26.497888411124112, 37.625465986030484, 0.0 ], [ 26.497797910876546, 37.625444766575086, 0.0 ], [ 26.49770143072638, 37.625428246001341, 0.0 ], [ 26.497503245594949, 37.625399612723243, 0.0 ], [ 26.49743080706105, 37.625387525429623, 0.0 ], [ 26.497361254011896, 37.625373232312263, 0.0 ], [ 26.497295879796226, 37.625355703037712, 0.0 ], [ 26.497236109055457, 37.625333801766651, 0.0 ], [ 26.497165873409752, 37.625297184140415, 0.0 ], [ 26.497100443000114, 37.62525678363339, 0.0 ], [ 26.497032063047495, 37.625218669514879, 0.0 ], [ 26.496954890158626, 37.625187424262592, 0.0 ], [ 26.496870860702376, 37.625161529019046, 0.0 ], [ 26.496696515567091, 37.625114760931517, 0.0 ], [ 26.496613110992083, 37.625088709894307, 0.0 ], [ 26.496537092194338, 37.625057375950604, 0.0 ], [ 26.496486544226677, 37.625029381193833, 0.0 ], [ 26.496392084024013, 37.624970848749406, 0.0 ], [ 26.496341947778756, 37.624945979320486, 0.0 ], [ 26.496278225318168, 37.624925246156053, 0.0 ], [ 26.496209276612984, 37.624912505707847, 0.0 ], [ 26.496137734381403, 37.624907140842033, 0.0 ], [ 26.496066168389934, 37.624909023271037, 0.0 ], [ 26.495997209310485, 37.624918524449036, 0.0 ], [ 26.495933669542886, 37.624936537345086, 0.0 ], [ 26.495878681653156, 37.624964516766561, 0.0 ], [ 26.495828119786442, 37.62501090706423, 0.0 ], [ 26.495788511953123, 37.625068221426162, 0.0 ], [ 26.495755075374184, 37.625131904976385, 0.0 ], [ 26.495723568165811, 37.625198026677268, 0.0 ], [ 26.495690017365717, 37.625263006640189, 0.0 ], [ 26.495650478435525, 37.62532336980226, 0.0 ], [ 26.495602848924918, 37.625377161957481, 0.0 ], [ 26.495552898128409, 37.625428759418227, 0.0 ], [ 26.49550847559501, 37.625484167871875, 0.0 ], [ 26.495478614258435, 37.625541314633843, 0.0 ], [ 26.49545773742301, 37.625604493528414, 0.0 ], [ 26.495444177462982, 37.625671878126617, 0.0 ], [ 26.495436782908246, 37.625741898708945, 0.0 ], [ 26.495434874915262, 37.625813160283677, 0.0 ], [ 26.495438218426603, 37.625884359393417, 0.0 ], [ 26.495447008470922, 37.625954213216339, 0.0 ], [ 26.495461871800885, 37.626021373023349, 0.0 ], [ 26.495483879383183, 37.626084357230233, 0.0 ], [ 26.495514580007359, 37.626141472287948, 0.0 ], [ 26.495559343061117, 37.626197262471621, 0.0 ], [ 26.495608533685939, 37.626249965407915, 0.0 ], [ 26.495653598227673, 37.626306025817655, 0.0 ], [ 26.495687816769355, 37.626370483524042, 0.0 ], [ 26.495712067617983, 37.626442398099648, 0.0 ], [ 26.495728613149176, 37.626519698649567, 0.0 ], [ 26.49573912243585, 37.626600698094862, 0.0 ], [ 26.495744739292309, 37.62668399351162, 0.0 ], [ 26.495746138934855, 37.626768364907726, 0.0 ], [ 26.495743561047146, 37.626852679905681, 0.0 ], [ 26.495736830210166, 37.626935793285554, 0.0 ], [ 26.495725343800437, 37.627016456227743, 0.0 ], [ 26.495708044748067, 37.627093213259791, 0.0 ], [ 26.495683376180406, 37.627164299586433, 0.0 ], [ 26.49564922673822, 37.627227530506339, 0.0 ], [ 26.495604891841573, 37.627281826958573, 0.0 ], [ 26.495557244616407, 37.627332111401145, 0.0 ], [ 26.495515043513951, 37.627384661344536, 0.0 ], [ 26.495488840579654, 37.627435290359024, 0.0 ], [ 26.495471902776227, 37.627490273979568, 0.0 ], [ 26.495463278113412, 37.627547808481495, 0.0 ], [ 26.495462498598446, 37.627606197943045, 0.0 ], [ 26.495469572195166, 37.627663783227632, 0.0 ], [ 26.49548498625586, 37.627718875227856, 0.0 ], [ 26.495509714259203, 37.627769685335998, 0.0 ], [ 26.495550275716045, 37.627822552854838, 0.0 ], [ 26.495596321450318, 37.627873233517185, 0.0 ], [ 26.495639041648957, 37.627927971106878, 0.0 ], [ 26.495671563780782, 37.627991684320762, 0.0 ], [ 26.495694705701816, 37.628063386250325, 0.0 ], [ 26.495710771379496, 37.628141028548981, 0.0 ], [ 26.495721579382657, 37.628223022800647, 0.0 ], [ 26.495728551608448, 37.628308149431859, 0.0 ], [ 26.495732799954897, 37.628395472974923, 0.0 ], [ 26.495739876114747, 37.628843342717722, 0.0 ], [ 26.495743039951883, 37.628931538063597, 0.0 ], [ 26.495748616375359, 37.629017814320427, 0.0 ], [ 26.495757788900402, 37.629101208370827, 0.0 ], [ 26.495772103302873, 37.629180443048114, 0.0 ], [ 26.495793585362659, 37.629253822816416, 0.0 ], [ 26.495824881779985, 37.6293191109378, 0.0 ], [ 26.495869405997581, 37.62937338400593, 0.0 ], [ 26.495920074340876, 37.629409327933061, 0.0 ], [ 26.495979192063409, 37.629437629898433, 0.0 ], [ 26.496042706742561, 37.629461079033959, 0.0 ], [ 26.496167467483353, 37.629503292523474, 0.0 ], [ 26.496220740490912, 37.629526731268307, 0.0 ], [ 26.496262035260045, 37.629554912942695, 0.0 ], [ 26.496285140695448, 37.629584829526848, 0.0 ], [ 26.496296303081337, 37.62961820511989, 0.0 ], [ 26.496296226656593, 37.629652993686591, 0.0 ], [ 26.496285134397706, 37.629687225158015, 0.0 ], [ 26.496263649260381, 37.629719640992427, 0.0 ], [ 26.496204652823142, 37.629785777894497, 0.0 ], [ 26.496175444280745, 37.629824100958587, 0.0 ], [ 26.496145685004205, 37.629880604113382, 0.0 ], [ 26.496122929056572, 37.629945235833951, 0.0 ], [ 26.496105671108577, 37.630015944591392, 0.0 ], [ 26.496092702582185, 37.630091115926, 0.0 ], [ 26.496083091652796, 37.6301694827593, 0.0 ], [ 26.496076143263746, 37.630250047843056, 0.0 ], [ 26.496071381786052, 37.630332005728931, 0.0 ], [ 26.496067523242974, 37.630497489403261, 0.0 ], [ 26.496068466983203, 37.630579830252515, 0.0 ], [ 26.496071707364742, 37.63066108619681, 0.0 ], [ 26.496077838824068, 37.630740533667471, 0.0 ], [ 26.496087759568585, 37.630817283166962, 0.0 ], [ 26.496102745057293, 37.630890206524285, 0.0 ], [ 26.496124537862141, 37.630957845781062, 0.0 ], [ 26.496155456746536, 37.631018320769186, 0.0 ], [ 26.496187859068314, 37.631060655383777, 0.0 ], [ 26.496261546108407, 37.631138257385139, 0.0 ], [ 26.496295609278707, 37.631179194312246, 0.0 ], [ 26.496331619180271, 37.631241124024207, 0.0 ], [ 26.496358233352534, 37.631310385012824, 0.0 ], [ 26.496435849570435, 37.631576220330381, 0.0 ], [ 26.49646956592899, 37.631669344949565, 0.0 ], [ 26.496509449907499, 37.631753981070858, 0.0 ], [ 26.496556232134019, 37.631824164909716, 0.0 ], [ 26.49660940572171, 37.631874908663114, 0.0 ], [ 26.496651317516914, 37.631898664309986, 0.0 ], [ 26.49669011116541, 37.631911453516736, 0.0 ], [ 26.496720846900548, 37.63191487944168, 0.0 ], [ 26.49673959243216, 37.631909738137061, 0.0 ], [ 26.496736597090184, 37.631894791558523, 0.0 ], [ 26.496736092432702, 37.631858391485544, 0.0 ], [ 26.496739358685193, 37.631805069591024, 0.0 ], [ 26.496748032109107, 37.631739602323449, 0.0 ], [ 26.496763876730252, 37.631666859845446, 0.0 ], [ 26.496788793608847, 37.631591812144343, 0.0 ], [ 26.496824824541076, 37.631519537963619, 0.0 ], [ 26.496881826007591, 37.631444047892032, 0.0 ], [ 26.496947994236955, 37.631377675893305, 0.0 ], [ 26.497013210061624, 37.631317752634089, 0.0 ], [ 26.497120459804492, 37.631212783332884, 0.0 ], [ 26.497175464690851, 37.631165427899091, 0.0 ], [ 26.497221721262555, 37.63113391200288, 0.0 ], [ 26.497318904397698, 37.631074660590691, 0.0 ], [ 26.497364495413841, 37.631042694656415, 0.0 ], [ 26.497405439491956, 37.63100710007641, 0.0 ], [ 26.497480579951841, 37.630931097610073, 0.0 ], [ 26.497519283715697, 37.630894516851491, 0.0 ], [ 26.497602626145593, 37.63082792313466, 0.0 ], [ 26.497641856759895, 37.630794018325645, 0.0 ], [ 26.497675145272254, 37.630756651091119, 0.0 ], [ 26.497706250994, 37.630698933172269, 0.0 ], [ 26.497723633857472, 37.630634568166869, 0.0 ], [ 26.497729209592588, 37.630566829832034, 0.0 ], [ 26.497723791170866, 37.630498678258355, 0.0 ], [ 26.497707167721583, 37.630432951039651, 0.0 ], [ 26.497678135984508, 37.630372558149809, 0.0 ], [ 26.497647808033644, 37.63033195792859, 0.0 ], [ 26.497578204183743, 37.630254432517404, 0.0 ], [ 26.497546360001078, 37.630212265789595, 0.0 ], [ 26.497513306930891, 37.630148002995973, 0.0 ], [ 26.497489569517683, 37.630075984280417, 0.0 ], [ 26.497472645848255, 37.629998404604457, 0.0 ], [ 26.497460471934318, 37.629917036036723, 0.0 ], [ 26.497435835797539, 37.629663994482193, 0.0 ], [ 26.497426554379885, 37.629580723653902, 0.0 ], [ 26.497414045827632, 37.629500117302811, 0.0 ], [ 26.497396312879207, 37.62942373972205, 0.0 ], [ 26.497370908829481, 37.629353504444396, 0.0 ], [ 26.497334778708968, 37.629291803761213, 0.0 ], [ 26.497299240812858, 37.62925222390183, 0.0 ], [ 26.497258813807509, 37.629216531380948, 0.0 ], [ 26.497175505975044, 37.629147182529962, 0.0 ], [ 26.497137708515108, 37.629109517593768, 0.0 ], [ 26.497065893626253, 37.629031281719236, 0.0 ], [ 26.497027598248483, 37.628994071542415, 0.0 ], [ 26.496913504106118, 37.628904334065467, 0.0 ], [ 26.496861462255122, 37.628855556117557, 0.0 ], [ 26.496829549712512, 37.628813380708131, 0.0 ], [ 26.496802888869468, 37.628767079593757, 0.0 ], [ 26.496779728820577, 37.628718028917831, 0.0 ], [ 26.496716692242487, 37.628569791552614, 0.0 ], [ 26.496564634059386, 37.628573010828873, 0.0 ], [ 26.496421520278581, 37.628422845139823, 0.0 ], [ 26.496473190478703, 37.628203749808883, 0.0 ], [ 26.496465629268332, 37.628180438325913, 0.0 ], [ 26.49644949245743, 37.628103436544372, 0.0 ], [ 26.496439132201473, 37.628030849627237, 0.0 ], [ 26.496431306231003, 37.627956257226131, 0.0 ], [ 26.496411736574249, 37.627729310031157, 0.0 ], [ 26.496402978645062, 37.62765537354602, 0.0 ], [ 26.496391200482321, 37.62758378263846, 0.0 ], [ 26.496375031934893, 37.627515609812825, 0.0 ], [ 26.496352843267598, 37.627452126808663, 0.0 ], [ 26.496322681451989, 37.627394864521776, 0.0 ], [ 26.496290635564673, 37.62735253497145, 0.0 ], [ 26.496219417132156, 37.627273319893959, 0.0 ], [ 26.496187271716884, 37.627230890593019, 0.0 ], [ 26.496154089374354, 37.627166579628366, 0.0 ], [ 26.496130476298216, 37.627094581373498, 0.0 ], [ 26.496113966484423, 37.627016807949538, 0.0 ], [ 26.496102649472252, 37.626934742495649, 0.0 ], [ 26.496095060698746, 37.626849514482181, 0.0 ], [ 26.496090103523596, 37.626761973451863, 0.0 ], [ 26.496085063070865, 37.626582346587973, 0.0 ], [ 26.496083509175698, 37.626307342214325, 0.0 ], [ 26.49608501581757, 37.626123840703947, 0.0 ], [ 26.496090134313768, 37.625944027633523, 0.0 ], [ 26.496095282566859, 37.625857308989978, 0.0 ], [ 26.496103291079869, 37.625774266763287, 0.0 ], [ 26.496115425516891, 37.625696632255398, 0.0 ], [ 26.496133401991944, 37.625626766129763, 0.0 ], [ 26.496159502266146, 37.625567850614281, 0.0 ], [ 26.496196720751911, 37.625524117976745, 0.0 ], [ 26.496233358826782, 37.625503875483631, 0.0 ] ] ] ] } },
{ "type": "Feature", "properties": { "Shape_Leng": 1591.3593177, "Shape_Area": 0.04059369586, "Region": "North Aegean", "Subregion": "Central Aegean Islands", "Methodolog": "Landsat-8/ Google Earth", "Year": 2015, "Pres_Pan": 1 }, "geometry": { "type": "MultiPolygon", "coordinates": [ [ [ [ 26.499690274040105, 37.63544583436255, 0.0 ], [ 26.499468583254188, 37.635416155889239, 0.0 ], [ 26.499450088591665, 37.635413013714043, 0.0 ], [ 26.499379939046989, 37.63543399278138, 0.0 ], [ 26.498904913878171, 37.635227786696916, 0.0 ], [ 26.498733675018254, 37.635042178060949, 0.0 ], [ 26.498661600547702, 37.634962614270798, 0.0 ], [ 26.498561139875619, 37.634838584100549, 0.0 ], [ 26.498432572869664, 37.634679108078906, 0.0 ], [ 26.498225933315851, 37.634389671701463, 0.0 ], [ 26.498160471224736, 37.634375312352446, 0.0 ], [ 26.498067117214433, 37.634364045362922, 0.0 ], [ 26.497969624042071, 37.634359105350825, 0.0 ], [ 26.497870536645244, 37.634359782380351, 0.0 ], [ 26.497772226745628, 37.634365946009922, 0.0 ], [ 26.49767707001461, 37.634378023516781, 0.0 ], [ 26.497587622981541, 37.634397004259753, 0.0 ], [ 26.497506785826594, 37.63442446236337, 0.0 ], [ 26.497452975921675, 37.634451226343685, 0.0 ], [ 26.497351664162188, 37.634510884336748, 0.0 ], [ 26.497297333246401, 37.634538030543887, 0.0 ], [ 26.497215189843327, 37.634566450577942, 0.0 ], [ 26.497123586291082, 37.634587025671145, 0.0 ], [ 26.497025171984699, 37.634601520866106, 0.0 ], [ 26.496922143436731, 37.634611204371886, 0.0 ], [ 26.496832379219541, 37.634616021117012, 0.0 ], [ 26.496720464142456, 37.634688334072472, 0.0 ], [ 26.496475605186252, 37.634756597723396, 0.0 ], [ 26.496202848539934, 37.634627189211926, 0.0 ], [ 26.496044280629839, 37.634396260293549, 0.0 ], [ 26.495873586748587, 37.634120519961947, 0.0 ], [ 26.495874238244259, 37.633886219744497, 0.0 ], [ 26.496014311182673, 37.633547581377016, 0.0 ], [ 26.49601313838145, 37.633537829022814, 0.0 ], [ 26.49599828594004, 37.633467036729137, 0.0 ], [ 26.495976106037315, 37.633408032120727, 0.0 ], [ 26.49594409423192, 37.633365511687764, 0.0 ], [ 26.495912638914366, 37.633347406194751, 0.0 ], [ 26.495877538949355, 37.633341165418642, 0.0 ], [ 26.495842310226603, 37.633346516694075, 0.0 ], [ 26.495810464945354, 37.633363754243824, 0.0 ], [ 26.495777528781769, 37.633405176672127, 0.0 ], [ 26.495754024509257, 37.633463126104608, 0.0 ], [ 26.495737517575073, 37.633532875420201, 0.0 ], [ 26.495726080448534, 37.633610864531057, 0.0 ], [ 26.495718186290055, 37.633694435001203, 0.0 ], [ 26.495694199245534, 37.634139989945751, 0.0 ], [ 26.495685899613118, 37.634227021190654, 0.0 ], [ 26.495673825563312, 37.634311003619814, 0.0 ], [ 26.495656352687377, 37.634390630741379, 0.0 ], [ 26.495631418243939, 37.634464262912203, 0.0 ], [ 26.495596401868283, 37.634529816319862, 0.0 ], [ 26.495550033850154, 37.634586290547368, 0.0 ], [ 26.495498496124846, 37.634638655107636, 0.0 ], [ 26.495449664921026, 37.634693208867738, 0.0 ], [ 26.495414733005841, 37.634745479693443, 0.0 ], [ 26.495385267461852, 37.634801992658566, 0.0 ], [ 26.495309050882113, 37.634978387226575, 0.0 ], [ 26.495281427500505, 37.635033237361291, 0.0 ], [ 26.495249621831384, 37.635082671033381, 0.0 ], [ 26.495217711853268, 37.635120250836771, 0.0 ], [ 26.495155216984024, 37.635186249503846, 0.0 ], [ 26.49513259721402, 37.635218745916816, 0.0 ], [ 26.495119173103799, 37.635264260906453, 0.0 ], [ 26.495125878822492, 37.635308388455933, 0.0 ], [ 26.495153885248047, 37.635345414999854, 0.0 ], [ 26.495203993856972, 37.635370575549274, 0.0 ], [ 26.495270462052599, 37.635384650315892, 0.0 ], [ 26.495346843883766, 37.635389106637369, 0.0 ], [ 26.495427631887523, 37.635384539541796, 0.0 ], [ 26.495507869733217, 37.635370710583999, 0.0 ], [ 26.495582804754125, 37.635346559703805, 0.0 ], [ 26.495649610193031, 37.635311827740566, 0.0 ], [ 26.49571332815259, 37.635272026491009, 0.0 ], [ 26.495780986362927, 37.635233864756948, 0.0 ], [ 26.495846374320095, 37.635206487007764, 0.0 ], [ 26.495917283580749, 37.635183399745536, 0.0 ], [ 26.496138837318512, 37.635123730755367, 0.0 ], [ 26.496207826756727, 37.635101959047759, 0.0 ], [ 26.496270247749063, 37.635076674102386, 0.0 ], [ 26.496318103612907, 37.635051048658895, 0.0 ], [ 26.496404130891591, 37.634999740513827, 0.0 ], [ 26.496448002936322, 37.634980115225673, 0.0 ], [ 26.496495384569734, 37.634968150851869, 0.0 ], [ 26.496544935053755, 37.634964008238789, 0.0 ], [ 26.496594515940782, 37.634967475839282, 0.0 ], [ 26.496642004074296, 37.634978663486628, 0.0 ], [ 26.496686094521191, 37.634997312255557, 0.0 ], [ 26.496773322637402, 37.635045747961748, 0.0 ], [ 26.496822457543761, 37.635069297404016, 0.0 ], [ 26.496898827798983, 37.63509470315541, 0.0 ], [ 26.496985307076379, 37.635114200602338, 0.0 ], [ 26.497078582616883, 37.63512969906504, 0.0 ], [ 26.497372574749427, 37.635168926522482, 0.0 ], [ 26.497467308386774, 37.635185057019889, 0.0 ], [ 26.497556250315789, 37.635205776972974, 0.0 ], [ 26.497636444281518, 37.635233354056794, 0.0 ], [ 26.497706460734612, 37.635268883695453, 0.0 ], [ 26.497772540345789, 37.635307444252419, 0.0 ], [ 26.497842750174453, 37.635342687660398, 0.0 ], [ 26.497923336034784, 37.635369711064364, 0.0 ], [ 26.498012873042914, 37.635389648502844, 0.0 ], [ 26.498108403966441, 37.635404840641186, 0.0 ], [ 26.49840582838231, 37.635441892264524, 0.0 ], [ 26.498500433633751, 37.63545786063758, 0.0 ], [ 26.498588151164313, 37.635479287893531, 0.0 ], [ 26.498665455870448, 37.635508947603824, 0.0 ], [ 26.49871490051742, 37.635537927046791, 0.0 ], [ 26.498759116702431, 37.635571023650371, 0.0 ], [ 26.498842960870238, 37.635640758123273, 0.0 ], [ 26.498931095100851, 37.6357067700974, 0.0 ], [ 26.498972580522061, 37.635741519473314, 0.0 ], [ 26.499008429395406, 37.635780381158561, 0.0 ], [ 26.499043803451567, 37.63584121953761, 0.0 ], [ 26.49906694486825, 37.635910391205911, 0.0 ], [ 26.49908049390303, 37.635985160278842, 0.0 ], [ 26.49908619461144, 37.636063233388676, 0.0 ], [ 26.499084985511832, 37.6361425910574, 0.0 ], [ 26.499077057773373, 37.636221330570358, 0.0 ], [ 26.499061859973114, 37.636297503673518, 0.0 ], [ 26.499038080297353, 37.636368957451737, 0.0 ], [ 26.499003568368668, 37.636433165672116, 0.0 ], [ 26.498969717995692, 37.636475458102296, 0.0 ], [ 26.498893557722798, 37.636553770178594, 0.0 ], [ 26.498858589370212, 37.636595334734643, 0.0 ], [ 26.498825006300738, 37.636651526667237, 0.0 ], [ 26.49879992352799, 37.636713724658719, 0.0 ], [ 26.498781867838744, 37.636780233384229, 0.0 ], [ 26.49876980757989, 37.636849515768084, 0.0 ], [ 26.498763158035739, 37.63692008293399, 0.0 ], [ 26.498762314699182, 37.636990481102714, 0.0 ], [ 26.498771515282353, 37.637058572223346, 0.0 ], [ 26.498792048577311, 37.637119362901238, 0.0 ], [ 26.498824311682405, 37.637167524493748, 0.0 ], [ 26.498868326261135, 37.637198056208987, 0.0 ], [ 26.498912639918295, 37.637207619680453, 0.0 ], [ 26.498959187801688, 37.637203748724836, 0.0 ], [ 26.499002961133055, 37.637188329206204, 0.0 ], [ 26.499039602594461, 37.637163581923119, 0.0 ], [ 26.499066230706241, 37.637132756119023, 0.0 ], [ 26.499082696291538, 37.637101205821502, 0.0 ], [ 26.499089199992046, 37.637074511933349, 0.0 ], [ 26.49908503931449, 37.637057341834861, 0.0 ], [ 26.49907814001617, 37.637042341105278, 0.0 ], [ 26.499083645351767, 37.63701885744527, 0.0 ], [ 26.499101586753731, 37.636989316907261, 0.0 ], [ 26.499133179179371, 37.63695704050113, 0.0 ], [ 26.499197774693403, 37.636914768632671, 0.0 ], [ 26.499283503796509, 37.636874746754778, 0.0 ], [ 26.49945935739181, 37.636806474712998, 0.0 ], [ 26.49952117843247, 37.636780828598837, 0.0 ], [ 26.499592545122148, 37.636664012795322, 0.0 ], [ 26.499649680095395, 37.636509625406816, 0.0 ], [ 26.49975152599264, 37.636399320101617, 0.0 ], [ 26.499895507190647, 37.636279115622756, 0.0 ], [ 26.499970072449216, 37.636244966450072, 0.0 ], [ 26.500005987535673, 37.636209120743572, 0.0 ], [ 26.500039478861357, 37.636167158237967, 0.0 ], [ 26.500065755213093, 37.636120014956568, 0.0 ], [ 26.500085337568247, 37.636068392645257, 0.0 ], [ 26.500099292620252, 37.636013520348641, 0.0 ], [ 26.500108365982335, 37.635956479825786, 0.0 ], [ 26.500113330321948, 37.635889898840851, 0.0 ], [ 26.500112733965647, 37.635823169022494, 0.0 ], [ 26.500106341501933, 37.635757683989844, 0.0 ], [ 26.500093437718334, 37.635694924129261, 0.0 ], [ 26.500072791020042, 37.635636548382749, 0.0 ], [ 26.500042611065108, 37.635584482553739, 0.0 ], [ 26.500000468231669, 37.635541018333903, 0.0 ], [ 26.499952194096082, 37.635511512697768, 0.0 ], [ 26.499894989800822, 37.635488764638573, 0.0 ], [ 26.499831062187734, 37.635471137780542, 0.0 ], [ 26.499762286132363, 37.635457233475776, 0.0 ], [ 26.499690274040105, 37.63544583436255, 0.0 ] ] ] ] } },
{ "type": "Feature", "properties": { "Shape_Leng": 551.18082250500004, "Shape_Area": 0.01471298702, "Region": "North Aegean", "Subregion": "Central Aegean Islands", "Methodolog": "Landsat-8/ Google Earth", "Year": 2015, "Pres_Pan": 1 }, "geometry": { "type": "MultiPolygon", "coordinates": [ [ [ [ 26.518115423533136, 37.652300005717279, 0.0 ], [ 26.518031355966226, 37.652296956824493, 0.0 ], [ 26.517949125891665, 37.652304752310897, 0.0 ], [ 26.51787360669595, 37.652324530743101, 0.0 ], [ 26.51781024829388, 37.65235862768521, 0.0 ], [ 26.5177649867851, 37.652406760496646, 0.0 ], [ 26.517732633184135, 37.652467138653698, 0.0 ], [ 26.517709898637563, 37.652536446004639, 0.0 ], [ 26.517694240964758, 37.652612165056269, 0.0 ], [ 26.517683719661573, 37.652692411564416, 0.0 ], [ 26.517676868594556, 37.65277578947066, 0.0 ], [ 26.517672595961958, 37.652861281301121, 0.0 ], [ 26.517668782270654, 37.653035880121401, 0.0 ], [ 26.517668725661203, 37.653389599179356, 0.0 ], [ 26.517672514461179, 37.65382916293261, 0.0 ], [ 26.517679297526737, 37.653923159485203, 0.0 ], [ 26.51769331011819, 37.654021773059185, 0.0 ], [ 26.517714921883741, 37.654119908056067, 0.0 ], [ 26.517744517159912, 37.654212467661054, 0.0 ], [ 26.517782350248439, 37.654294465067679, 0.0 ], [ 26.517828240453358, 37.65436125617056, 0.0 ], [ 26.51788094017893, 37.654409025246657, 0.0 ], [ 26.517924275626434, 37.654432032477139, 0.0 ], [ 26.517964305620264, 37.654444056297137, 0.0 ], [ 26.517995708284008, 37.654446959439539, 0.0 ], [ 26.518014054103332, 37.654441843964037, 0.0 ], [ 26.518010864659924, 37.654426848127486, 0.0 ], [ 26.518010986804864, 37.654390947760611, 0.0 ], [ 26.518015227202508, 37.654338326637507, 0.0 ], [ 26.518024836694771, 37.654273467226638, 0.0 ], [ 26.518041224991144, 37.654200958538894, 0.0 ], [ 26.518065937896282, 37.654125493008323, 0.0 ], [ 26.518100651284865, 37.654051855806635, 0.0 ], [ 26.518154181411518, 37.653973158822332, 0.0 ], [ 26.518269678778857, 37.653833086043171, 0.0 ], [ 26.518311850569411, 37.653766757018964, 0.0 ], [ 26.518343977260081, 37.653700434390984, 0.0 ], [ 26.518402097950304, 37.653562396268413, 0.0 ], [ 26.518435210048189, 37.653496428332268, 0.0 ], [ 26.518475605373922, 37.653436233248669, 0.0 ], [ 26.51851197746107, 37.653395970275199, 0.0 ], [ 26.518588818266572, 37.653319019818078, 0.0 ], [ 26.518622340028056, 37.653276953292504, 0.0 ], [ 26.51865600404189, 37.653212703648691, 0.0 ], [ 26.518678646472988, 37.65314089299661, 0.0 ], [ 26.518692538719151, 37.653064105878528, 0.0 ], [ 26.518699069409472, 37.652984528475606, 0.0 ], [ 26.518698827566766, 37.652904128858324, 0.0 ], [ 26.51869164904198, 37.652824823602394, 0.0 ], [ 26.51867660733172, 37.652748641988246, 0.0 ], [ 26.518651975313656, 37.652677901633794, 0.0 ], [ 26.518615135771547, 37.652615378011845, 0.0 ], [ 26.518578230275558, 37.652575216081502, 0.0 ], [ 26.518535758945401, 37.652539183002467, 0.0 ], [ 26.518446093951869, 37.652470915851218, 0.0 ], [ 26.518361926422632, 37.652400079263607, 0.0 ], [ 26.518318346235766, 37.65236731470727, 0.0 ], [ 26.518270338442907, 37.652339627878725, 0.0 ], [ 26.518196677598048, 37.652313874872256, 0.0 ], [ 26.518115423533136, 37.652300005717279, 0.0 ] ] ] ] } },
{ "type": "Feature", "properties": { "Shape_Leng": 2015.8379856700001, "Shape_Area": 0.09540651407, "Region": "North Aegean", "Subregion": "Central Aegean Islands", "Methodolog": "Landsat-8/ Google Earth", "Year": 2015, "Pres_Pan": 1 }, "geometry": { "type": "MultiPolygon", "coordinates": [ [ [ [ 26.524173690976326, 37.653371209702797, 0.0 ], [ 26.524168065113727, 37.653293950501961, 0.0 ], [ 26.524168764941582, 37.653215695303025, 0.0 ], [ 26.524175899548446, 37.653138293561931, 0.0 ], [ 26.52419017702022, 37.653063611646054, 0.0 ], [ 26.524212944122919, 37.652993667150966, 0.0 ], [ 26.524246224640521, 37.652930756937913, 0.0 ], [ 26.524278865081417, 37.652889105109359, 0.0 ], [ 26.524351786438157, 37.652810902147806, 0.0 ], [ 26.524384949326198, 37.652768817382608, 0.0 ], [ 26.524419614020061, 37.652704819575654, 0.0 ], [ 26.524444800925146, 37.652633045324414, 0.0 ], [ 26.524462916579132, 37.652555479625256, 0.0 ], [ 26.524475837660248, 37.652473655643966, 0.0 ], [ 26.524484994326102, 37.652388739439616, 0.0 ], [ 26.524496042978779, 37.652212925086431, 0.0 ], [ 26.524501586240408, 37.652032742861643, 0.0 ], [ 26.524504306567071, 37.651760218926221, 0.0 ], [ 26.524501749123818, 37.651580386764749, 0.0 ], [ 26.524498050217101, 37.651492196325577, 0.0 ], [ 26.524491747000656, 37.651405983728047, 0.0 ], [ 26.524481716210854, 37.651322648907211, 0.0 ], [ 26.52446642371693, 37.65124340877631, 0.0 ], [ 26.524443813338422, 37.651169894223706, 0.0 ], [ 26.524411174814421, 37.65110426738017, 0.0 ], [ 26.52436498725136, 37.651049351124158, 0.0 ], [ 26.524312528172462, 37.651012515738493, 0.0 ], [ 26.524251145947165, 37.650982898271835, 0.0 ], [ 26.524051331072066, 37.650909207158257, 0.0 ], [ 26.523991714266899, 37.650881013367425, 0.0 ], [ 26.523942190586563, 37.650846546179963, 0.0 ], [ 26.523901398236415, 37.650795980162599, 0.0 ], [ 26.523877094688988, 37.650737071867518, 0.0 ], [ 26.523866959134697, 37.650673612417599, 0.0 ], [ 26.52386991929697, 37.650609079647474, 0.0 ], [ 26.523886105737187, 37.65054686165908, 0.0 ], [ 26.523916835299435, 37.650490470740195, 0.0 ], [ 26.523950049638373, 37.65045360785934, 0.0 ], [ 26.523989207235292, 37.650419825708468, 0.0 ], [ 26.524072108815755, 37.650352558770884, 0.0 ], [ 26.52411040089196, 37.650315309595825, 0.0 ], [ 26.524183868591646, 37.650237173445326, 0.0 ], [ 26.524223108847544, 37.650199814724289, 0.0 ], [ 26.524353766325067, 37.650097842349524, 0.0 ], [ 26.524392946229316, 37.650060379435132, 0.0 ], [ 26.524430124238648, 37.650011527821498, 0.0 ], [ 26.524460916175396, 37.64995763242095, 0.0 ], [ 26.524540568077342, 37.649786216240848, 0.0 ], [ 26.524571034875926, 37.64973236291781, 0.0 ], [ 26.524607743229417, 37.649683572670099, 0.0 ], [ 26.524660346492301, 37.649634549281934, 0.0 ], [ 26.52477536068232, 37.649544433990968, 0.0 ], [ 26.524826491319157, 37.649494232769015, 0.0 ], [ 26.524875100175855, 37.649441955293028, 0.0 ], [ 26.524926364895308, 37.649391734937495, 0.0 ], [ 26.525056011319467, 37.649289794272292, 0.0 ], [ 26.525094985301337, 37.64925223011106, 0.0 ], [ 26.525132019399734, 37.649203136261647, 0.0 ], [ 26.52516272654832, 37.649148802755413, 0.0 ], [ 26.525241450143419, 37.648974007894047, 0.0 ], [ 26.525270772992442, 37.6489178909654, 0.0 ], [ 26.525305428722831, 37.648865941906898, 0.0 ], [ 26.525341205097256, 37.648824826374977, 0.0 ], [ 26.52541721668522, 37.648746389888117, 0.0 ], [ 26.525450697784443, 37.648703897022123, 0.0 ], [ 26.525484641016398, 37.64863945479145, 0.0 ], [ 26.525507637541168, 37.648567787600683, 0.0 ], [ 26.525521678041404, 37.64849148767577, 0.0 ], [ 26.525527917756133, 37.648412907416144, 0.0 ], [ 26.525526712641824, 37.648334323525496, 0.0 ], [ 26.525517613293186, 37.648258125475486, 0.0 ], [ 26.525499326540228, 37.648187019980213, 0.0 ], [ 26.525469627489237, 37.64812424464106, 0.0 ], [ 26.525425241132375, 37.648073820088733, 0.0 ], [ 26.525373436937794, 37.648043219445313, 0.0 ], [ 26.525311758953208, 37.648023208408375, 0.0 ], [ 26.525243825080061, 37.648012260480932, 0.0 ], [ 26.525172999992154, 37.648009470058163, 0.0 ], [ 26.524941011510002, 37.648153862619964, 0.0 ], [ 26.524703801876171, 37.648228851778661, 0.0 ], [ 26.52466117120856, 37.648255446434561, 0.0 ], [ 26.524598828768731, 37.648298533652067, 0.0 ], [ 26.524556983428461, 37.648334766007736, 0.0 ], [ 26.524478511916286, 37.648411157725377, 0.0 ], [ 26.524436783892561, 37.648447176666558, 0.0 ], [ 26.524390772324082, 37.648479626976119, 0.0 ], [ 26.524292798098379, 37.648539375319153, 0.0 ], [ 26.524245408724259, 37.648570365527917, 0.0 ], [ 26.524129455093657, 37.648660928442517, 0.0 ], [ 26.524066094163654, 37.648701702398775, 0.0 ], [ 26.524003200151895, 37.648729693011838, 0.0 ], [ 26.52393390060773, 37.648752496022908, 0.0 ], [ 26.523713600434093, 37.648810847090736, 0.0 ], [ 26.523644397493342, 37.648833696525926, 0.0 ], [ 26.523581766471359, 37.648861830873244, 0.0 ], [ 26.523533925043871, 37.648892036594304, 0.0 ], [ 26.523490668510753, 37.64892591082836, 0.0 ], [ 26.523407567571194, 37.64899626523885, 0.0 ], [ 26.523291354696781, 37.649084910815667, 0.0 ], [ 26.523242005259213, 37.649135492283563, 0.0 ], [ 26.523206338374678, 37.649196118512712, 0.0 ], [ 26.523182782800454, 37.649265034426193, 0.0 ], [ 26.523168721168183, 37.649339444913693, 0.0 ], [ 26.523162391329535, 37.649416977204723, 0.0 ], [ 26.52316278570861, 37.64949551992185, 0.0 ], [ 26.523169572112312, 37.649573059872488, 0.0 ], [ 26.523183056656965, 37.649647524245928, 0.0 ], [ 26.52320415817195, 37.649716627069843, 0.0 ], [ 26.523234414129323, 37.649777709585308, 0.0 ], [ 26.523273931457332, 37.649829209665612, 0.0 ], [ 26.523315110404141, 37.649875456710078, 0.0 ], [ 26.523348343647505, 37.649922039600682, 0.0 ], [ 26.523362848336905, 37.649959843653555, 0.0 ], [ 26.523367741244034, 37.649999254655015, 0.0 ], [ 26.523363207914304, 37.650038623198142, 0.0 ], [ 26.523349064388782, 37.650076298771062, 0.0 ], [ 26.523316291012357, 37.650122609256783, 0.0 ], [ 26.523275423119919, 37.65016857933437, 0.0 ], [ 26.523235896760038, 37.650219964326929, 0.0 ], [ 26.52320714470973, 37.650276228951299, 0.0 ], [ 26.523185701439623, 37.650339956987665, 0.0 ], [ 26.523170088076217, 37.650409210250018, 0.0 ], [ 26.523159183570179, 37.65048240964714, 0.0 ], [ 26.523152193669713, 37.650558255647702, 0.0 ], [ 26.523148624303044, 37.650635645046791, 0.0 ], [ 26.523148271243407, 37.650713599999214, 0.0 ], [ 26.523151214243285, 37.650791195154596, 0.0 ], [ 26.523157820472921, 37.650867491802508, 0.0 ], [ 26.52316877051771, 37.65094146883095, 0.0 ], [ 26.523185085538465, 37.651011954561383, 0.0 ], [ 26.523208172582169, 37.651077559095476, 0.0 ], [ 26.523239872035024, 37.651136603011935, 0.0 ], [ 26.523284590667338, 37.651192409020162, 0.0 ], [ 26.523333380300361, 37.651244764918061, 0.0 ], [ 26.523377687841528, 37.651300107501939, 0.0 ], [ 26.523410713758672, 37.651363408682151, 0.0 ], [ 26.523433177735374, 37.65143359785845, 0.0 ], [ 26.523447097219126, 37.65150840159626, 0.0 ], [ 26.523453784753862, 37.651585849001016, 0.0 ], [ 26.523453895991135, 37.651664149942519, 0.0 ], [ 26.523447452723317, 37.651741572010927, 0.0 ], [ 26.523433844520213, 37.651816321534383, 0.0 ], [ 26.523411798411018, 37.651886418071456, 0.0 ], [ 26.523379331822934, 37.651949576469683, 0.0 ], [ 26.523335730648242, 37.652004723457246, 0.0 ], [ 26.523287695797229, 37.652056894318342, 0.0 ], [ 26.523243633902212, 37.652112597209204, 0.0 ], [ 26.523210086872574, 37.652176924003321, 0.0 ], [ 26.523186002478827, 37.652248923122606, 0.0 ], [ 26.523168851355557, 37.652326494137071, 0.0 ], [ 26.523156550270947, 37.652407926260132, 0.0 ], [ 26.523122935929504, 37.652745558241321, 0.0 ], [ 26.523110614929749, 37.652826672689145, 0.0 ], [ 26.523093024084751, 37.652903513284244, 0.0 ], [ 26.523067614527356, 37.652974041280771, 0.0 ], [ 26.523031165334732, 37.653035683532359, 0.0 ], [ 26.522995028232994, 37.653074841674737, 0.0 ], [ 26.522953486406024, 37.653109659449903, 0.0 ], [ 26.52286532855257, 37.6531752457933, 0.0 ], [ 26.522780909417104, 37.653243907776762, 0.0 ], [ 26.522736072349478, 37.653276171941293, 0.0 ], [ 26.522685717613257, 37.653304040465791, 0.0 ], [ 26.522611908948168, 37.653330212085969, 0.0 ], [ 26.522527863371504, 37.653348243042508, 0.0 ], [ 26.522436172474801, 37.653360228828092, 0.0 ], [ 26.522338874365566, 37.653367818115221, 0.0 ], [ 26.522237571346803, 37.653372307558406, 0.0 ], [ 26.522133545179845, 37.653374732141955, 0.0 ], [ 26.521710137235214, 37.653379550334478, 0.0 ], [ 26.521607330404454, 37.653383209934582, 0.0 ], [ 26.521508183655989, 37.653389594536137, 0.0 ], [ 26.521414477693938, 37.653399915011626, 0.0 ], [ 26.521328523541339, 37.653415714222383, 0.0 ], [ 26.521253339266508, 37.653438965065973, 0.0 ], [ 26.521192843085551, 37.653472183492063, 0.0 ], [ 26.521148170807709, 37.65352056719933, 0.0 ], [ 26.521121483226967, 37.653578872364449, 0.0 ], [ 26.521109885053466, 37.65364279140249, 0.0 ], [ 26.521111924670038, 37.653708477858444, 0.0 ], [ 26.521127503872208, 37.653772290621013, 0.0 ], [ 26.521157843964335, 37.653830528818368, 0.0 ], [ 26.521190900203948, 37.653868847435945, 0.0 ], [ 26.521230003256676, 37.65390405404009, 0.0 ], [ 26.521313116226192, 37.653973738698404, 0.0 ], [ 26.521427044578374, 37.654090302603613, 0.0 ], [ 26.521468233102372, 37.654126909911852, 0.0 ], [ 26.5215141728292, 37.654159764268982, 0.0 ], [ 26.521612849985903, 37.654219896513304, 0.0 ], [ 26.521660814222049, 37.654250879146964, 0.0 ], [ 26.521749161397359, 37.654318434832923, 0.0 ], [ 26.521794464819607, 37.654351134177922, 0.0 ], [ 26.5218445877858, 37.654379923200892, 0.0 ], [ 26.521916228465464, 37.654407374232825, 0.0 ], [ 26.521997269118149, 37.654427274643339, 0.0 ], [ 26.522085301453345, 37.654441539438849, 0.0 ], [ 26.522178378535052, 37.654451716919844, 0.0 ], [ 26.522274913358412, 37.65445907285153, 0.0 ], [ 26.52267050591626, 37.65448030872728, 0.0 ], [ 26.522765723145021, 37.654488381801258, 0.0 ], [ 26.522856521045089, 37.654499897009707, 0.0 ], [ 26.52294085695846, 37.65451652008224, 0.0 ], [ 26.523023684180199, 37.654542277543946, 0.0 ], [ 26.523113522407414, 37.654582019794063, 0.0 ], [ 26.523206181160681, 37.654626698292198, 0.0 ], [ 26.523306147415838, 37.654667403191297, 0.0 ], [ 26.523414624718498, 37.654697804511891, 0.0 ], [ 26.523524247587343, 37.6547183203093, 0.0 ], [ 26.523625806717909, 37.65473081477424, 0.0 ], [ 26.523691273601155, 37.654735942880691, 0.0 ], [ 26.523743449809935, 37.654738148390642, 0.0 ], [ 26.523778748688127, 37.654737983889738, 0.0 ], [ 26.523793933281588, 37.654735718734031, 0.0 ], [ 26.523790777670921, 37.654716770057519, 0.0 ], [ 26.523804564927282, 37.654679067830294, 0.0 ], [ 26.523835957990244, 37.654629203027483, 0.0 ], [ 26.523871634944076, 37.654587795386234, 0.0 ], [ 26.523962886822119, 37.654496114248495, 0.0 ], [ 26.524009960289046, 37.654443839341425, 0.0 ], [ 26.524057947404273, 37.654377314448624, 0.0 ], [ 26.524098785880046, 37.654306265799285, 0.0 ], [ 26.524133191269517, 37.654234920529831, 0.0 ], [ 26.524187298805856, 37.654109009032808, 0.0 ], [ 26.524213851397111, 37.654055618977907, 0.0 ], [ 26.524244991864279, 37.654007781579658, 0.0 ], [ 26.524276610516676, 37.653971452887404, 0.0 ], [ 26.524338931374182, 37.653906005997953, 0.0 ], [ 26.524361834353904, 37.653872092355606, 0.0 ], [ 26.524374721238129, 37.653835024803641, 0.0 ], [ 26.52437758626338, 37.653796004654794, 0.0 ], [ 26.524370860091999, 37.653756837533848, 0.0 ], [ 26.524354542803575, 37.653719265292388, 0.0 ], [ 26.52432911051319, 37.65368432753106, 0.0 ], [ 26.524265983378012, 37.65361487223673, 0.0 ], [ 26.524236532507228, 37.653575594217642, 0.0 ], [ 26.524206492146028, 37.653514527234968, 0.0 ], [ 26.524186131937569, 37.653445491687457, 0.0 ], [ 26.524173690976326, 37.653371209702797, 0.0 ] ] ] ] } },
{ "type": "Feature", "properties": { "Shape_Leng": 707.351147266, "Shape_Area": 0.01583593049, "Region": "North Aegean", "Subregion": "Central Aegean Islands", "Methodolog": "Landsat-8/ Google Earth", "Year": 2015, "Pres_Pan": 1 }, "geometry": { "type": "MultiPolygon", "coordinates": [ [ [ [ 26.501247236045586, 37.593113655521641, 0.0 ], [ 26.501449334587686, 37.593082333627905, 0.0 ], [ 26.501523845043266, 37.593082553135517, 0.0 ], [ 26.501526766932606, 37.593079039859312, 0.0 ], [ 26.501585097243808, 37.593042118282192, 0.0 ], [ 26.501656838088937, 37.59301601235606, 0.0 ], [ 26.501738667771704, 37.592998045868484, 0.0 ], [ 26.501827964122768, 37.592986107201291, 0.0 ], [ 26.501922651784053, 37.592978519202646, 0.0 ], [ 26.502135856587227, 37.592966016704032, 0.0 ], [ 26.502255251043245, 37.592955615515962, 0.0 ], [ 26.502375005292183, 37.592941115461002, 0.0 ], [ 26.50248877475213, 37.592921691433681, 0.0 ], [ 26.502590430087253, 37.592896689505416, 0.0 ], [ 26.502674301772718, 37.592865828088307, 0.0 ], [ 26.502735667544119, 37.592829584079638, 0.0 ], [ 26.502767339705496, 37.59279782775868, 0.0 ], [ 26.502784312468922, 37.592767762926044, 0.0 ], [ 26.502788488645379, 37.592743215949831, 0.0 ], [ 26.502780545573909, 37.59272702903116, 0.0 ], [ 26.5027583219393, 37.592728479161345, 0.0 ], [ 26.502696802558301, 37.592728805739938, 0.0 ], [ 26.502604308230033, 37.592727383418449, 0.0 ], [ 26.50248910308806, 37.592723382590179, 0.0 ], [ 26.502359468356243, 37.592715875078568, 0.0 ], [ 26.502223773070771, 37.592703815528516, 0.0 ], [ 26.502090517262626, 37.592686045905182, 0.0 ], [ 26.501968297338536, 37.592661343989853, 0.0 ], [ 26.501865685360297, 37.592628538576996, 0.0 ], [ 26.501805705883381, 37.592598765040698, 0.0 ], [ 26.501707886271166, 37.592537107406258, 0.0 ], [ 26.501654821265653, 37.592510260895281, 0.0 ], [ 26.501573730607443, 37.592483395916489, 0.0 ], [ 26.501483207813898, 37.592465359181858, 0.0 ], [ 26.501386647546713, 37.592454243993615, 0.0 ], [ 26.501286878533524, 37.592448896389662, 0.0 ], [ 26.501186405411577, 37.592448832517931, 0.0 ], [ 26.501087630275411, 37.592454192486244, 0.0 ], [ 26.50099307775416, 37.592465731985563, 0.0 ], [ 26.500905599884611, 37.592484853090063, 0.0 ], [ 26.500828595772202, 37.592513670789707, 0.0 ], [ 26.500779313623749, 37.592542670312447, 0.0 ], [ 26.500735123332603, 37.592576110759879, 0.0 ], [ 26.500650844987462, 37.59264696602348, 0.0 ], [ 26.500561760967056, 37.592714424923741, 0.0 ], [ 26.500519603847923, 37.592750115561373, 0.0 ], [ 26.50048286963953, 37.592790122976119, 0.0 ], [ 26.50044579407859, 37.592852849614466, 0.0 ], [ 26.500420153497679, 37.592924352336482, 0.0 ], [ 26.500403070758885, 37.593002005875277, 0.0 ], [ 26.500392514449238, 37.59308371942447, 0.0 ], [ 26.500387171475598, 37.593167784346939, 0.0 ], [ 26.500386361623026, 37.593252723696367, 0.0 ], [ 26.500389982079835, 37.593337157323425, 0.0 ], [ 26.500398507806633, 37.593419677512536, 0.0 ], [ 26.50041300732639, 37.593498711675466, 0.0 ], [ 26.500435221178343, 37.593572396332242, 0.0 ], [ 26.500467650873102, 37.593638426538099, 0.0 ], [ 26.500513702497862, 37.593693914063245, 0.0 ], [ 26.500575777248326, 37.593736839029482, 0.0 ], [ 26.500649162614273, 37.593770847244031, 0.0 ], [ 26.500806508317744, 37.59383043098132, 0.0 ], [ 26.500879432171558, 37.593864720072183, 0.0 ], [ 26.500940789890169, 37.593908136737326, 0.0 ], [ 26.500985960539364, 37.593964355536926, 0.0 ], [ 26.501017481982785, 37.594031414096172, 0.0 ], [ 26.501038963380626, 37.594106503689019, 0.0 ], [ 26.501053213415542, 37.594187430002179, 0.0 ], [ 26.501062406656686, 37.594272474441901, 0.0 ], [ 26.501065378136136, 37.594317143358211, 0.0 ], [ 26.501129736168306, 37.594170466751045, 0.0 ], [ 26.501230339572935, 37.593898003796866, 0.0 ], [ 26.501217652710466, 37.593582875817567, 0.0 ], [ 26.501188886164304, 37.593421283885213, 0.0 ], [ 26.501176597149936, 37.593223300207356, 0.0 ], [ 26.501247236045586, 37.593113655521641, 0.0 ] ] ] ] } },
{ "type": "Feature", "properties": { "Shape_Leng": 92.282955709199996, "Shape_Area": 0.00042612921, "Region": "North Aegean", "Subregion": "Central Aegean Islands", "Methodolog": "Landsat-8/ Google Earth", "Year": 2015, "Pres_Pan": 1 }, "geometry": { "type": "MultiPolygon", "coordinates": [ [ [ [ 26.501243394563506, 37.594879943084379, 0.0 ], [ 26.501085226409675, 37.594747044648535, 0.0 ], [ 26.501089489807772, 37.594799955805925, 0.0 ], [ 26.501099897603286, 37.594878450326895, 0.0 ], [ 26.501115552882268, 37.594948845999966, 0.0 ], [ 26.501138455721229, 37.595007594132582, 0.0 ], [ 26.501171130317289, 37.595049989585142, 0.0 ], [ 26.501203049789471, 37.59506807783653, 0.0 ], [ 26.501238593233374, 37.595074362879409, 0.0 ], [ 26.501274246310413, 37.595069110268426, 0.0 ], [ 26.501306497124808, 37.595052015998654, 0.0 ], [ 26.501339933214584, 37.595010832908955, 0.0 ], [ 26.501352442926652, 37.594980673677441, 0.0 ], [ 26.501243394563506, 37.594879943084379, 0.0 ] ] ] ] } },
{ "type": "Feature", "properties": { "Shape_Leng": 817.74664728100004, "Shape_Area": 0.03328031435, "Region": "North Aegean", "Subregion": "Central Aegean Islands", "Methodolog": "Landsat-8/ Google Earth", "Year": 2015, "Pres_Pan": 1 }, "geometry": { "type": "MultiPolygon", "coordinates": [ [ [ [ 26.510215629559923, 37.585398595437653, 0.0 ], [ 26.510306031228588, 37.585187196973948, 0.0 ], [ 26.510582066777001, 37.585117819652794, 0.0 ], [ 26.510647580237812, 37.584918210157497, 0.0 ], [ 26.510658200206805, 37.583295832903431, 0.0 ], [ 26.508619580924353, 37.583287363938638, 0.0 ], [ 26.508617803972626, 37.583557759497701, 0.0 ], [ 26.508354890784634, 37.583614000395642, 0.0 ], [ 26.508435792731358, 37.583732972599535, 0.0 ], [ 26.508616025962354, 37.583828155970437, 0.0 ], [ 26.508614249126364, 37.584098552408271, 0.0 ], [ 26.508854578266714, 37.584013749696098, 0.0 ], [ 26.509149630766746, 37.584194588088252, 0.0 ], [ 26.509106800780906, 37.584784695038515, 0.0 ], [ 26.509349506195374, 37.585113060280158, 0.0 ], [ 26.509626475064614, 37.585184376178098, 0.0 ], [ 26.509706269094792, 37.585455110713347, 0.0 ], [ 26.510215629559923, 37.585398595437653, 0.0 ] ] ] ] } },
{ "type": "Feature", "properties": { "Shape_Leng": 360.21067008799997, "Shape_Area": 0.00630481784, "Region": "North Aegean", "Subregion": "Central Aegean Islands", "Methodolog": "Landsat-8/ Google Earth", "Year": 2015, "Pres_Pan": 1 }, "geometry": { "type": "MultiPolygon", "coordinates": [ [ [ [ 26.50725693725694, 37.583822490983898, 0.0 ], [ 26.507258719059301, 37.583552094378412, 0.0 ], [ 26.507598490627039, 37.583553511896518, 0.0 ], [ 26.507600271271418, 37.583283116219867, 0.0 ], [ 26.506241191900681, 37.583277439164767, 0.0 ], [ 26.506237620807543, 37.583818230820519, 0.0 ], [ 26.506577392632913, 37.583819652162759, 0.0 ], [ 26.50725693725694, 37.583822490983898, 0.0 ] ] ] ] } },
{ "type": "Feature", "properties": { "Shape_Leng": 1380.8388805, "Shape_Area": 0.0306236232, "Region": "North Aegean", "Subregion": "Central Aegean Islands", "Methodolog": "Landsat-8/ Google Earth", "Year": 2015, "Pres_Pan": 1 }, "geometry": { "type": "MultiPolygon", "coordinates": [ [ [ [ 26.546974393196919, 37.589930489506315, 0.0 ], [ 26.546982588032289, 37.58857850264566, 0.0 ], [ 26.547322383470057, 37.588579805579997, 0.0 ], [ 26.547325659266345, 37.588039011200614, 0.0 ], [ 26.546985865128715, 37.588037707309688, 0.0 ], [ 26.546989143535168, 37.587496911905951, 0.0 ], [ 26.54596977056622, 37.587492995864956, 0.0 ], [ 26.545966485873603, 37.588033790585406, 0.0 ], [ 26.546306279013447, 37.58803509744007, 0.0 ], [ 26.546304637399405, 37.588305494755978, 0.0 ], [ 26.545625048612731, 37.588302880147374, 0.0 ], [ 26.545621760593487, 37.588843674907707, 0.0 ], [ 26.545961558603128, 37.588844982596989, 0.0 ], [ 26.545963200227675, 37.588574585286914, 0.0 ], [ 26.546302995829947, 37.588575892061108, 0.0 ], [ 26.546299713956291, 37.589116686614325, 0.0 ], [ 26.545620117782253, 37.58911407224722, 0.0 ], [ 26.545618473884002, 37.589384469600262, 0.0 ], [ 26.545958273224567, 37.589385777233481, 0.0 ], [ 26.545956630602134, 37.589656174535506, 0.0 ], [ 26.546636231642804, 37.58965878768241, 0.0 ], [ 26.546632951456839, 37.590199582092858, 0.0 ], [ 26.54697275435754, 37.590200886665855, 0.0 ], [ 26.546971115562773, 37.590471283814558, 0.0 ], [ 26.547990528853465, 37.590475192409535, 0.0 ], [ 26.547993799068973, 37.589934397442569, 0.0 ], [ 26.546974393196919, 37.589930489506315, 0.0 ] ] ] ] } },
{ "type": "Feature", "properties": { "Shape_Leng": 3178.8001462900002, "Shape_Area": 0.12487244924, "Region": "North Aegean", "Subregion": "Central Aegean Islands", "Methodolog": "Landsat-8/ Google Earth", "Year": 2015, "Pres_Pan": 1 }, "geometry": { "type": "MultiPolygon", "coordinates": [ [ [ [ 26.487218876671644, 37.560239704287405, 0.0 ], [ 26.487226286871351, 37.559158117911942, 0.0 ], [ 26.487565944556149, 37.559159592755272, 0.0 ], [ 26.48756779540053, 37.558889195734608, 0.0 ], [ 26.487569646316626, 37.558618799603572, 0.0 ], [ 26.487229991120522, 37.558617325583477, 0.0 ], [ 26.487231843277783, 37.558346928502452, 0.0 ], [ 26.486892189269277, 37.558345453465066, 0.0 ], [ 26.486894042727574, 37.558075057235065, 0.0 ], [ 26.48655438990663, 37.558073581180324, 0.0 ], [ 26.48655624463597, 37.557803184900862, 0.0 ], [ 26.486216594133783, 37.557801707804998, 0.0 ], [ 26.486218450104221, 37.55753131057557, 0.0 ], [ 26.485878799658465, 37.557529832486267, 0.0 ], [ 26.485884370466444, 37.556718643342364, 0.0 ], [ 26.485544723666788, 37.556717164158627, 0.0 ], [ 26.485548440959761, 37.556176371248675, 0.0 ], [ 26.485550299668741, 37.555905974777453, 0.0 ], [ 26.485554016080645, 37.55536518182624, 0.0 ], [ 26.484535095060586, 37.55536073960176, 0.0 ], [ 26.484538817882918, 37.554819946399469, 0.0 ], [ 26.483519904994093, 37.554815495112607, 0.0 ], [ 26.483518038713722, 37.555085890958132, 0.0 ], [ 26.483178400158831, 37.555084405569495, 0.0 ], [ 26.483182132927269, 37.554543612937678, 0.0 ], [ 26.482842496759154, 37.554542125592896, 0.0 ], [ 26.48282941971323, 37.556434901330064, 0.0 ], [ 26.482150130044147, 37.556431924243974, 0.0 ], [ 26.482146388219938, 37.556972717002587, 0.0 ], [ 26.481467093467906, 37.556969736156013, 0.0 ], [ 26.481470839107804, 37.556428944167742, 0.0 ], [ 26.481131194128029, 37.556427452199557, 0.0 ], [ 26.481138691923526, 37.555345867014651, 0.0 ], [ 26.480459411702931, 37.555342880735232, 0.0 ], [ 26.480457534443289, 37.555613276905483, 0.0 ], [ 26.480117893056622, 37.555611782786599, 0.0 ], [ 26.480116844689686, 37.555762719700994, 0.0 ], [ 26.480354762036388, 37.55597009681162, 0.0 ], [ 26.480453781209317, 37.556154070090123, 0.0 ], [ 26.480718819409237, 37.556248493110843, 0.0 ], [ 26.480897279816233, 37.556541166910868, 0.0 ], [ 26.481125707528385, 37.556776733829622, 0.0 ], [ 26.481218506743094, 37.556983746727326, 0.0 ], [ 26.481246941461858, 37.557239173798841, 0.0 ], [ 26.481465220174496, 37.557240133046243, 0.0 ], [ 26.481463346892681, 37.55751052902513, 0.0 ], [ 26.482482297465193, 37.55751499857233, 0.0 ], [ 26.482484167029316, 37.557244601808407, 0.0 ], [ 26.482823815530804, 37.557246089746606, 0.0 ], [ 26.482825683937076, 37.556975693910815, 0.0 ], [ 26.483504979458154, 37.556978666004035, 0.0 ], [ 26.483501247663998, 37.557519459311614, 0.0 ], [ 26.484520198619784, 37.557523911219171, 0.0 ], [ 26.484522059677097, 37.557253514710268, 0.0 ], [ 26.484861709060233, 37.557254996752782, 0.0 ], [ 26.484857987153585, 37.557795788829722, 0.0 ], [ 26.484518336443042, 37.557794306840535, 0.0 ], [ 26.484514611143105, 37.558335099875542, 0.0 ], [ 26.484854265443442, 37.558336581763768, 0.0 ], [ 26.48485240465082, 37.558606978214513, 0.0 ], [ 26.485531714484029, 37.558609939902084, 0.0 ], [ 26.485529856191771, 37.558880336264835, 0.0 ], [ 26.48586951282584, 37.55888181513977, 0.0 ], [ 26.485867655804654, 37.559152211453082, 0.0 ], [ 26.486207313626416, 37.559153689310769, 0.0 ], [ 26.486203601066631, 37.559694482751894, 0.0 ], [ 26.486543261305503, 37.559695959553608, 0.0 ], [ 26.486541405737029, 37.559966355780993, 0.0 ], [ 26.486881067193547, 37.559967832465873, 0.0 ], [ 26.486879214027418, 37.560238228619902, 0.0 ], [ 26.487218876671644, 37.560239704287405, 0.0 ] ] ] ] } },
{ "type": "Feature", "properties": { "Shape_Leng": 420.22873657999997, "Shape_Area": 0.00900675984, "Region": "North Aegean", "Subregion": "Central Aegean Islands", "Methodolog": "Landsat-8/ Google Earth", "Year": 2015, "Pres_Pan": 1 }, "geometry": { "type": "MultiPolygon", "coordinates": [ [ [ [ 26.436804414956409, 37.599461109872813, 0.0 ], [ 26.436806453011499, 37.599190717639949, 0.0 ], [ 26.436466614892588, 37.599189095556298, 0.0 ], [ 26.436126776734451, 37.599187472492559, 0.0 ], [ 26.436124736215767, 37.59945786479976, 0.0 ], [ 26.43578489678659, 37.599456240793089, 0.0 ], [ 26.435780812271524, 37.599997025472625, 0.0 ], [ 26.437140180768488, 37.600003516198434, 0.0 ], [ 26.437142217513223, 37.599733124024468, 0.0 ], [ 26.437144254267846, 37.599462730939145, 0.0 ], [ 26.436804414956409, 37.599461109872813, 0.0 ] ] ] ] } },
{ "type": "Feature", "properties": { "Shape_Leng": 420.22762755799999, "Shape_Area": 0.00630472282, "Region": "North Aegean", "Subregion": "Central Aegean Islands", "Methodolog": "Landsat-8/ Google Earth", "Year": 2015, "Pres_Pan": 1 }, "geometry": { "type": "MultiPolygon", "coordinates": [ [ [ [ 26.431710939343748, 37.598895890557252, 0.0 ], [ 26.431712995953706, 37.598625497745893, 0.0 ], [ 26.432732502183264, 37.598630402489874, 0.0 ], [ 26.43273455516637, 37.598360010679315, 0.0 ], [ 26.431035383703374, 37.598351831028182, 0.0 ], [ 26.43103126661995, 37.598892615886079, 0.0 ], [ 26.431710939343748, 37.598895890557252, 0.0 ] ] ] ] } },
{ "type": "Feature", "properties": { "Shape_Leng": 900.49463402399999, "Shape_Area": 0.02611963859, "Region": "North Aegean", "Subregion": "Central Aegean Islands", "Methodolog": "Landsat-8/ Google Earth", "Year": 2015, "Pres_Pan": 1 }, "geometry": { "type": "MultiPolygon", "coordinates": [ [ [ [ 26.445982094605235, 37.599234146458969, 0.0 ], [ 26.445986105361108, 37.598693361250739, 0.0 ], [ 26.445306431615599, 37.598690168973015, 0.0 ], [ 26.445308440067773, 37.598419775815742, 0.0 ], [ 26.444628768627037, 37.598416579542828, 0.0 ], [ 26.444626758843182, 37.598686972751523, 0.0 ], [ 26.443947087043941, 37.59868377258617, 0.0 ], [ 26.4439450736749, 37.598954164981691, 0.0 ], [ 26.443605236484093, 37.598952563466291, 0.0 ], [ 26.443603223054687, 37.59922295586486, 0.0 ], [ 26.443601209664902, 37.599493348252594, 0.0 ], [ 26.445640250451078, 37.599502943925394, 0.0 ], [ 26.445638243389432, 37.599773337001814, 0.0 ], [ 26.446997609169085, 37.599779714041148, 0.0 ], [ 26.447001612345748, 37.599238928200577, 0.0 ], [ 26.445982094605235, 37.599234146458969, 0.0 ] ] ] ] } },
{ "type": "Feature", "properties": { "Shape_Leng": 704.93796961600003, "Shape_Area": 0.02033258782, "Region": "North Aegean", "Subregion": "Central Aegean Islands", "Methodolog": "Landsat-8/ Google Earth", "Year": 2015, "Pres_Pan": 1 }, "geometry": { "type": "MultiPolygon", "coordinates": [ [ [ [ 26.455279957220604, 37.582512461286775, 0.0 ], [ 26.45529177785032, 37.580890097336095, 0.0 ], [ 26.455221467651025, 37.58046207722947, 0.0 ], [ 26.454955964184148, 37.580347741164402, 0.0 ], [ 26.454953993218673, 37.580618134780764, 0.0 ], [ 26.45461423775031, 37.580616565737742, 0.0 ], [ 26.454612265594331, 37.580886959380948, 0.0 ], [ 26.454272509986662, 37.580885389372668, 0.0 ], [ 26.454270535508616, 37.58115578306623, 0.0 ], [ 26.454264614607929, 37.581966964935212, 0.0 ], [ 26.453924854037265, 37.581965394098198, 0.0 ], [ 26.453922878488974, 37.58223578778599, 0.0 ], [ 26.453920904112373, 37.58250618143942, 0.0 ], [ 26.454600430195811, 37.582509323784187, 0.0 ], [ 26.455279957220604, 37.582512461286775, 0.0 ] ] ] ] } },
{ "type": "Feature", "properties": { "Shape_Leng": 480.26662767699997, "Shape_Area": 0.01080815511, "Region": "North Aegean", "Subregion": "Central Aegean Islands", "Methodolog": "Landsat-8/ Google Earth", "Year": 2015, "Pres_Pan": 1 }, "geometry": { "type": "MultiPolygon", "coordinates": [ [ [ [ 26.455262225013019, 37.584946006111736, 0.0 ], [ 26.45526419523647, 37.584675612683355, 0.0 ], [ 26.455603969115987, 37.584677180102055, 0.0 ], [ 26.455611845428859, 37.583595604629785, 0.0 ], [ 26.454932308608292, 37.58359246848751, 0.0 ], [ 26.454930336993272, 37.583862861997041, 0.0 ], [ 26.454590566726086, 37.583861292506008, 0.0 ], [ 26.454588593949939, 37.584131686942897, 0.0 ], [ 26.454584648458905, 37.58467247398309, 0.0 ], [ 26.454924422448354, 37.584674044261533, 0.0 ], [ 26.454922449862394, 37.584944437751147, 0.0 ], [ 26.455262225013019, 37.584946006111736, 0.0 ] ] ] ] } },
{ "type": "Feature", "properties": { "Shape_Leng": 900.50133206800001, "Shape_Area": 0.02792106578, "Region": "North Aegean", "Subregion": "Central Aegean Islands", "Methodolog": "Landsat-8/ Google Earth", "Year": 2015, "Pres_Pan": 1 }, "geometry": { "type": "MultiPolygon", "coordinates": [ [ [ [ 26.45872066030379, 37.57657941796532, 0.0 ], [ 26.458724575220401, 37.576038629449314, 0.0 ], [ 26.459064309256991, 37.576040186481229, 0.0 ], [ 26.459066264979711, 37.575769792256565, 0.0 ], [ 26.459068220713188, 37.57549939712051, 0.0 ], [ 26.458728489137357, 37.575497840012936, 0.0 ], [ 26.45873631751477, 37.574416262810864, 0.0 ], [ 26.458056864084661, 37.574413145355329, 0.0 ], [ 26.458060783436618, 37.573872356537848, 0.0 ], [ 26.457721059121628, 37.573870796265645, 0.0 ], [ 26.457713215657826, 37.574952374008319, 0.0 ], [ 26.457373486381336, 37.574950812908021, 0.0 ], [ 26.457365637509568, 37.576032390651619, 0.0 ], [ 26.457705371707505, 37.57603395160077, 0.0 ], [ 26.457703411103534, 37.576304345965845, 0.0 ], [ 26.458043146491548, 37.576305905897875, 0.0 ], [ 26.458041187158308, 37.576576300214299, 0.0 ], [ 26.45872066030379, 37.57657941796532, 0.0 ] ] ] ] } },
{ "type": "Feature", "properties": { "Shape_Leng": 960.54014511000003, "Shape_Area": 0.02972244082, "Region": "North Aegean", "Subregion": "Central Aegean Islands", "Methodolog": "Landsat-8/ Google Earth", "Year": 2015, "Pres_Pan": 1 }, "geometry": { "type": "MultiPolygon", "coordinates": [ [ [ [ 26.467588475787785, 37.571859558242267, 0.0 ], [ 26.467590400193664, 37.571589163019667, 0.0 ], [ 26.468609542199992, 37.571593754786868, 0.0 ], [ 26.468613384884826, 37.571052964513974, 0.0 ], [ 26.46861722773302, 37.570512174197674, 0.0 ], [ 26.46827751794779, 37.570510644751323, 0.0 ], [ 26.468283284549173, 37.569699460017141, 0.0 ], [ 26.468289051488252, 37.56888827428471, 0.0 ], [ 26.467949350173622, 37.568886743607045, 0.0 ], [ 26.467947426589802, 37.56915713890011, 0.0 ], [ 26.467607722873058, 37.569155607305142, 0.0 ], [ 26.467601949778039, 37.569966792309316, 0.0 ], [ 26.467262242330495, 37.569965259849482, 0.0 ], [ 26.467254539022736, 37.571046840187066, 0.0 ], [ 26.466914826614143, 37.57104530690038, 0.0 ], [ 26.466909044732294, 37.571856491952254, 0.0 ], [ 26.467588475787785, 37.571859558242267, 0.0 ] ] ] ] } },
{ "type": "Feature", "properties": { "Shape_Leng": 1020.58211527, "Shape_Area": 0.03242463457, "Region": "North Aegean", "Subregion": "Central Aegean Islands", "Methodolog": "Landsat-8/ Google Earth", "Year": 2015, "Pres_Pan": 1 }, "geometry": { "type": "MultiPolygon", "coordinates": [ [ [ [ 26.484339272760661, 37.605897629184966, 0.0 ], [ 26.48230004527403, 37.605888701150313, 0.0 ], [ 26.482298171251117, 37.606159095305735, 0.0 ], [ 26.479919064268447, 37.606148634880121, 0.0 ], [ 26.479917181631336, 37.606419028393098, 0.0 ], [ 26.480257054605367, 37.606420525659352, 0.0 ], [ 26.480253291979551, 37.606961314376981, 0.0 ], [ 26.482292548299291, 37.606970277730639, 0.0 ], [ 26.482294422197821, 37.606699883607781, 0.0 ], [ 26.483993798186123, 37.606707326387067, 0.0 ], [ 26.483995665934774, 37.606436931545254, 0.0 ], [ 26.484335539573202, 37.606438417923634, 0.0 ], [ 26.484339272760661, 37.605897629184966, 0.0 ] ] ] ] } },
{ "type": "Feature", "properties": { "Shape_Leng": 453.61925610700001, "Shape_Area": 0.00796064696, "Region": "North Aegean", "Subregion": "Central Aegean Islands", "Methodolog": "Landsat-8/ Google Earth", "Year": 2015, "Pres_Pan": 1 }, "geometry": { "type": "MultiPolygon", "coordinates": [ [ [ [ 26.485715512817233, 37.603470012700207, 0.0 ], [ 26.485724820362343, 37.602118041467506, 0.0 ], [ 26.485384965532475, 37.602116560218782, 0.0 ], [ 26.485104464061447, 37.602159757136945, 0.0 ], [ 26.484990249214224, 37.602331078099596, 0.0 ], [ 26.484758269641929, 37.602384227709415, 0.0 ], [ 26.484754610720604, 37.602654614448113, 0.0 ], [ 26.485041383471462, 37.602655865930167, 0.0 ], [ 26.485039519969092, 37.60292626078455, 0.0 ], [ 26.485379377404811, 37.602927742921729, 0.0 ], [ 26.485377515176072, 37.603198137726714, 0.0 ], [ 26.485375652958989, 37.603468531620351, 0.0 ], [ 26.485715512817233, 37.603470012700207, 0.0 ] ] ] ] } },
{ "type": "Feature", "properties": { "Shape_Leng": 621.94660639699998, "Shape_Area": 0.01094049308, "Region": "North Aegean", "Subregion": "Central Aegean Islands", "Methodolog": "Landsat-8/ Google Earth", "Year": 2015, "Pres_Pan": 1 }, "geometry": { "type": "MultiPolygon", "coordinates": [ [ [ [ 26.484339272760661, 37.605897629184966, 0.0 ], [ 26.484679143863044, 37.60589911375947, 0.0 ], [ 26.484681009301873, 37.605628719862622, 0.0 ], [ 26.485020880262347, 37.605630203471449, 0.0 ], [ 26.485022743348718, 37.605359808725609, 0.0 ], [ 26.485362613035388, 37.605361291392619, 0.0 ], [ 26.485366339162255, 37.604820502798283, 0.0 ], [ 26.485706205211077, 37.604821984585847, 0.0 ], [ 26.485711789870248, 37.604010801302159, 0.0 ], [ 26.485371927547813, 37.604009320299447, 0.0 ], [ 26.485307412579328, 37.604198955057157, 0.0 ], [ 26.485188439450454, 37.604401209457599, 0.0 ], [ 26.485028336312975, 37.604548626152443, 0.0 ], [ 26.484873160006781, 37.60472838485893, 0.0 ], [ 26.484686605837908, 37.604817537206451, 0.0 ], [ 26.484682874752334, 37.605358325054411, 0.0 ], [ 26.484343006114372, 37.605356840402912, 0.0 ], [ 26.484339272760661, 37.605897629184966, 0.0 ] ] ] ] } },
{ "type": "Feature", "properties": { "Shape_Leng": 4648.8826699600004, "Shape_Area": 0.12673134478, "Region": "North Aegean", "Subregion": "Central Aegean Islands", "Methodolog": "Landsat-8/ Google Earth", "Year": 2015, "Pres_Pan": 1 }, "geometry": { "type": "MultiPolygon", "coordinates": [ [ [ [ 26.479917181631336, 37.606419028393098, 0.0 ], [ 26.479671559900346, 37.606497118007439, 0.0 ], [ 26.479575423685933, 37.606687924611315, 0.0 ], [ 26.479235549396954, 37.606686425422666, 0.0 ], [ 26.47924120467189, 37.605875243752934, 0.0 ], [ 26.478901334038344, 37.605873743468841, 0.0 ], [ 26.478903219293013, 37.60560334894231, 0.0 ], [ 26.478223480366449, 37.605600345356301, 0.0 ], [ 26.478225369288616, 37.605329951618934, 0.0 ], [ 26.477545631559376, 37.605326944959145, 0.0 ], [ 26.477417020460667, 37.605146773865343, 0.0 ], [ 26.477207655843859, 37.605055045833403, 0.0 ], [ 26.477131485109481, 37.60467088106391, 0.0 ], [ 26.476871576567238, 37.604512751716605, 0.0 ], [ 26.47676861721855, 37.604421038540899, 0.0 ], [ 26.476334365420787, 37.604409140921398, 0.0 ], [ 26.476251084546917, 37.604581651568473, 0.0 ], [ 26.476189950594257, 37.604780130960393, 0.0 ], [ 26.475170353404803, 37.604775601114817, 0.0 ], [ 26.475049455996711, 37.604450781011465, 0.0 ], [ 26.474834288879439, 37.604233301521027, 0.0 ], [ 26.474838090717817, 37.603692514085225, 0.0 ], [ 26.473818508952316, 37.603687971993295, 0.0 ], [ 26.473816603765261, 37.603958366293419, 0.0 ], [ 26.473476742229888, 37.60395685003234, 0.0 ], [ 26.473474835851786, 37.604227244359869, 0.0 ], [ 26.473134973043258, 37.604225727156702, 0.0 ], [ 26.473138787202657, 37.603684939338656, 0.0 ], [ 26.473478647547001, 37.603686456618227, 0.0 ], [ 26.473486270298036, 37.60260488102837, 0.0 ], [ 26.473299065851343, 37.602266139090489, 0.0 ], [ 26.473490082485728, 37.602064093156429, 0.0 ], [ 26.473667691483172, 37.602064885976482, 0.0 ], [ 26.473831839739407, 37.601795215332587, 0.0 ], [ 26.474595728689934, 37.601798617800178, 0.0 ], [ 26.474853297392215, 37.601529362154118, 0.0 ], [ 26.475196685743704, 37.6015939409805, 0.0 ], [ 26.475256172484372, 37.601373840622621, 0.0 ], [ 26.475195048303782, 37.601260480593389, 0.0 ], [ 26.475196946710025, 37.600990086385096, 0.0 ], [ 26.475381093697518, 37.600790873297434, 0.0 ], [ 26.475540592325455, 37.600450808821229, 0.0 ], [ 26.476899976416099, 37.600456841874013, 0.0 ], [ 26.476901869918088, 37.600186447800809, 0.0 ], [ 26.476907549539554, 37.599375265539813, 0.0 ], [ 26.47724739079235, 37.599376770824513, 0.0 ], [ 26.477251174571833, 37.598835982680818, 0.0 ], [ 26.476911335782656, 37.598834477319471, 0.0 ], [ 26.476909442074621, 37.599104871446968, 0.0 ], [ 26.476569601982572, 37.599103364243305, 0.0 ], [ 26.476565813358228, 37.599644152518565, 0.0 ], [ 26.475886128153132, 37.599641136224562, 0.0 ], [ 26.475884232004965, 37.599911530410623, 0.0 ], [ 26.47520454417149, 37.599908510272599, 0.0 ], [ 26.475202645600749, 37.600178904524327, 0.0 ], [ 26.474862800375529, 37.600177392573073, 0.0 ], [ 26.474857098920914, 37.600988574524898, 0.0 ], [ 26.474177402087587, 37.600985547887674, 0.0 ], [ 26.474173595631139, 37.601526335669845, 0.0 ], [ 26.472814191646027, 37.601520271839405, 0.0 ], [ 26.472810375468281, 37.602061058983338, 0.0 ], [ 26.472470522463947, 37.602059540414587, 0.0 ], [ 26.472466704016092, 37.602600328491981, 0.0 ], [ 26.472806559484425, 37.602601846984378, 0.0 ], [ 26.472795110223533, 37.604224209873735, 0.0 ], [ 26.471435657343175, 37.60421812916163, 0.0 ], [ 26.471433744715402, 37.604488522783164, 0.0 ], [ 26.471093880428871, 37.604486999736338, 0.0 ], [ 26.471091965478006, 37.60475739340886, 0.0 ], [ 26.471431830996696, 37.604758916417509, 0.0 ], [ 26.471771696444637, 37.604760437545345, 0.0 ], [ 26.471773608931183, 37.604490043949141, 0.0 ], [ 26.472113473135835, 37.604491565035332, 0.0 ], [ 26.472109650667967, 37.605032352140555, 0.0 ], [ 26.471769783999026, 37.605030831130719, 0.0 ], [ 26.471765960392375, 37.605571619145593, 0.0 ], [ 26.47346530675112, 37.605579213085527, 0.0 ], [ 26.473467212924024, 37.605308818812311, 0.0 ], [ 26.474146949407046, 37.605311849948258, 0.0 ], [ 26.474148852024754, 37.605041455764358, 0.0 ], [ 26.475168453280773, 37.605045994318083, 0.0 ], [ 26.475166553227741, 37.605316388411019, 0.0 ], [ 26.476865894767194, 37.605323933453747, 0.0 ], [ 26.476864002048128, 37.605594327320674, 0.0 ], [ 26.477543741304707, 37.605597338749433, 0.0 ], [ 26.477541849959387, 37.605867732552603, 0.0 ], [ 26.478221591515442, 37.605870739983345, 0.0 ], [ 26.478219702675833, 37.606141133699005, 0.0 ], [ 26.4785595746242, 37.606142635905471, 0.0 ], [ 26.478553912079619, 37.606953817772826, 0.0 ], [ 26.4788937876835, 37.606955318883855, 0.0 ], [ 26.478890015304867, 37.607496106064069, 0.0 ], [ 26.479569772479742, 37.607499106068204, 0.0 ], [ 26.479571656183776, 37.607228712560257, 0.0 ], [ 26.479911532895997, 37.607230210691753, 0.0 ], [ 26.479917181631336, 37.606419028393098, 0.0 ] ] ] ] } },
{ "type": "Feature", "properties": { "Shape_Leng": 1034.7867364000001, "Shape_Area": 0.03585873671, "Region": "North Aegean", "Subregion": "Central Aegean Islands", "Methodolog": "Landsat-8/ Google Earth", "Year": 2015, "Pres_Pan": 1 }, "geometry": { "type": "MultiPolygon", "coordinates": [ [ [ [ 26.495012366713901, 37.585663564981381, 0.0 ], [ 26.495016019707741, 37.585122774482365, 0.0 ], [ 26.495695574998066, 37.585125679623616, 0.0 ], [ 26.495699223206401, 37.584584888336074, 0.0 ], [ 26.495019672839927, 37.584581983039442, 0.0 ], [ 26.495023326140512, 37.584041191553148, 0.0 ], [ 26.495363099463777, 37.584042645207212, 0.0 ], [ 26.495370399383614, 37.582961062307575, 0.0 ], [ 26.494351097542872, 37.582956700570328, 0.0 ], [ 26.494011329046931, 37.582955244722726, 0.0 ], [ 26.49400949906536, 37.583225640168941, 0.0 ], [ 26.493764126574714, 37.583224587737448, 0.0 ], [ 26.493667899257655, 37.583494578830788, 0.0 ], [ 26.49400607933757, 37.583730983646447, 0.0 ], [ 26.494000348686839, 37.584577618161724, 0.0 ], [ 26.493660573864961, 37.584576160642889, 0.0 ], [ 26.49365788607621, 37.584972976434408, 0.0 ], [ 26.493996688138846, 37.585118408937028, 0.0 ], [ 26.494142054322499, 37.58538943569004, 0.0 ], [ 26.494334635834857, 37.585390260743154, 0.0 ], [ 26.494332807462769, 37.585660656052909, 0.0 ], [ 26.495012366713901, 37.585663564981381, 0.0 ] ] ] ] } },
{ "type": "Feature", "properties": { "Shape_Leng": 801.47983532499995, "Shape_Area": 0.01952301111, "Region": "North Aegean", "Subregion": "Central Aegean Islands", "Methodolog": "Landsat-8/ Google Earth", "Year": 2015, "Pres_Pan": 1 }, "geometry": { "type": "MultiPolygon", "coordinates": [ [ [ [ 26.488525097888761, 37.590232487244499, 0.0 ], [ 26.488530649498053, 37.589421301542529, 0.0 ], [ 26.488870446006615, 37.589422773984296, 0.0 ], [ 26.48887599316669, 37.588611588324468, 0.0 ], [ 26.48955557977278, 37.588614529576255, 0.0 ], [ 26.48956111879053, 37.587803344074594, 0.0 ], [ 26.488541751611525, 37.587798930793817, 0.0 ], [ 26.488201962478257, 37.587797458040932, 0.0 ], [ 26.488200110031009, 37.588067853097321, 0.0 ], [ 26.488052319052983, 37.5881210856164, 0.0 ], [ 26.488030904061002, 37.588563665657716, 0.0 ], [ 26.488196407555019, 37.588608644030273, 0.0 ], [ 26.488122513165496, 37.588964605084357, 0.0 ], [ 26.488265280859192, 37.589523777800125, 0.0 ], [ 26.488185297644666, 37.59023101393889, 0.0 ], [ 26.488525097888761, 37.590232487244499, 0.0 ] ] ] ] } },
{ "type": "Feature", "properties": { "Shape_Leng": 960.56045878299994, "Shape_Area": 0.02972269752, "Region": "North Aegean", "Subregion": "Central Aegean Islands", "Methodolog": "Landsat-8/ Google Earth", "Year": 2015, "Pres_Pan": 1 }, "geometry": { "type": "MultiPolygon", "coordinates": [ [ [ [ 26.502780545573909, 37.59272702903116, 0.0 ], [ 26.503120358483816, 37.592728459781242, 0.0 ], [ 26.503122155948006, 37.59245806391683, 0.0 ], [ 26.503461967614165, 37.592459494626567, 0.0 ], [ 26.503460170219569, 37.592729889575423, 0.0 ], [ 26.504479608596938, 37.592734173907033, 0.0 ], [ 26.50447781496938, 37.59300456962832, 0.0 ], [ 26.505157442814532, 37.593007421171762, 0.0 ], [ 26.505159233979182, 37.592737025528642, 0.0 ], [ 26.505838859191112, 37.592739873230656, 0.0 ], [ 26.505840646773606, 37.592469476778469, 0.0 ], [ 26.506180458099305, 37.592470899648951, 0.0 ], [ 26.506184030959538, 37.591930107690821, 0.0 ], [ 26.505164604333693, 37.591925838606329, 0.0 ], [ 26.505166394537028, 37.591655442943875, 0.0 ], [ 26.50482658680793, 37.591654017916831, 0.0 ], [ 26.50380716449693, 37.591649736932482, 0.0 ], [ 26.503805369337858, 37.59192013185082, 0.0 ], [ 26.50312575103403, 37.591917273056033, 0.0 ], [ 26.50312395348487, 37.592187668942117, 0.0 ], [ 26.502784143037804, 37.592186238113904, 0.0 ], [ 26.502780545573909, 37.59272702903116, 0.0 ] ] ] ] } },
{ "type": "Feature", "properties": { "Shape_Leng": 1020.5934154, "Shape_Area": 0.02161649338, "Region": "North Aegean", "Subregion": "Central Aegean Islands", "Methodolog": "Landsat-8/ Google Earth", "Year": 2015, "Pres_Pan": 1 }, "geometry": { "type": "MultiPolygon", "coordinates": [ [ [ [ 26.502780545573909, 37.59272702903116, 0.0 ], [ 26.50176110882256, 37.592722729952889, 0.0 ], [ 26.501762911212492, 37.592452333932371, 0.0 ], [ 26.500743477803841, 37.592448026818417, 0.0 ], [ 26.500741671689457, 37.592718422055455, 0.0 ], [ 26.500401858482594, 37.592716984445964, 0.0 ], [ 26.50039462839117, 37.593798565465441, 0.0 ], [ 26.50107426238111, 37.593801440341117, 0.0 ], [ 26.501065236115124, 37.595153417824505, 0.0 ], [ 26.501405059219341, 37.595154854047664, 0.0 ], [ 26.501419492133735, 37.592991690431326, 0.0 ], [ 26.502778746890566, 37.592997424023253, 0.0 ], [ 26.502780545573909, 37.59272702903116, 0.0 ] ] ] ] } },
{ "type": "Feature", "properties": { "Shape_Leng": 1741.0166294799999, "Shape_Area": 0.03963028324, "Region": "North Aegean", "Subregion": "Central Aegean Islands", "Methodolog": "Landsat-8/ Google Earth", "Year": 2015, "Pres_Pan": 1 }, "geometry": { "type": "MultiPolygon", "coordinates": [ [ [ [ 26.506833315070498, 37.596529674866815, 0.0 ], [ 26.506836884018686, 37.595988884243063, 0.0 ], [ 26.508536021893836, 37.595995971503484, 0.0 ], [ 26.508537800273757, 37.595725576371194, 0.0 ], [ 26.507178494532887, 37.595719908375798, 0.0 ], [ 26.507182061243626, 37.595179116864806, 0.0 ], [ 26.506842237730737, 37.595177697325596, 0.0 ], [ 26.506502414175198, 37.595176276806342, 0.0 ], [ 26.506500628320172, 37.595446672195344, 0.0 ], [ 26.506160802388891, 37.595445251659783, 0.0 ], [ 26.506164376574556, 37.59490445989222, 0.0 ], [ 26.504465264132627, 37.594897338401069, 0.0 ], [ 26.504463470845455, 37.595167734035563, 0.0 ], [ 26.504123648123429, 37.595166306632329, 0.0 ], [ 26.504121853647195, 37.595436702295096, 0.0 ], [ 26.503782028519325, 37.595435273974921, 0.0 ], [ 26.503780232854027, 37.595705669665868, 0.0 ], [ 26.503440406452036, 37.595704240404793, 0.0 ], [ 26.502760754652286, 37.595701378918584, 0.0 ], [ 26.50276255401247, 37.595430983110461, 0.0 ], [ 26.502082904536255, 37.595428118526577, 0.0 ], [ 26.502081102682691, 37.595698513512247, 0.0 ], [ 26.502420929254573, 37.595699946693401, 0.0 ], [ 26.502419128705242, 37.595970342529704, 0.0 ], [ 26.504458092370911, 37.595978920849973, 0.0 ], [ 26.504459885530437, 37.595708525248021, 0.0 ], [ 26.505479363094217, 37.595712801295086, 0.0 ], [ 26.505475784207547, 37.596253592253589, 0.0 ], [ 26.505815612817489, 37.596255015556324, 0.0 ], [ 26.505817401007864, 37.595984620121627, 0.0 ], [ 26.506157229475249, 37.595986042459444, 0.0 ], [ 26.506155441384813, 37.59625643787907, 0.0 ], [ 26.506495271041221, 37.596257859197721, 0.0 ], [ 26.506493484225071, 37.596528254567339, 0.0 ], [ 26.506833315070498, 37.596529674866815, 0.0 ] ] ] ] } },
{ "type": "Feature", "properties": { "Shape_Leng": 1224.6005386700001, "Shape_Area": 0.03755356527, "Region": "North Aegean", "Subregion": "Central Aegean Islands", "Methodolog": "Landsat-8/ Google Earth", "Year": 2015, "Pres_Pan": 1 }, "geometry": { "type": "MultiPolygon", "coordinates": [ [ [ [ 26.49678042901083, 37.575395779342394, 0.0 ], [ 26.496785887494916, 37.574584591278175, 0.0 ], [ 26.496446158603618, 37.57458314195884, 0.0 ], [ 26.496248193648412, 37.574712198341167, 0.0 ], [ 26.496183948126728, 37.574933488239907, 0.0 ], [ 26.495855583067073, 37.574954903584299, 0.0 ], [ 26.495763052822422, 37.575121034201963, 0.0 ], [ 26.495761228934551, 37.575391430645261, 0.0 ], [ 26.49575940619016, 37.575661826153258, 0.0 ], [ 26.496099140087253, 37.575663277275694, 0.0 ], [ 26.49643887504352, 37.575664726494381, 0.0 ], [ 26.496433412243082, 37.576475914568952, 0.0 ], [ 26.497792365370152, 37.576481703909302, 0.0 ], [ 26.497790549075749, 37.576752100065008, 0.0 ], [ 26.498130288772785, 37.57675354513195, 0.0 ], [ 26.498211100870364, 37.577024292191517, 0.0 ], [ 26.498468215767783, 37.577025385262658, 0.0 ], [ 26.498553740190093, 37.577296152111906, 0.0 ], [ 26.498806144092338, 37.577297224349209, 0.0 ], [ 26.499485628082272, 37.577300106571393, 0.0 ], [ 26.499489248239485, 37.57675931468183, 0.0 ], [ 26.499491057250172, 37.576488918744758, 0.0 ], [ 26.499151318952723, 37.576487477556242, 0.0 ], [ 26.499153130367581, 37.576217081545423, 0.0 ], [ 26.498473656106682, 37.576214196152449, 0.0 ], [ 26.4984754688933, 37.575943800076836, 0.0 ], [ 26.497795998085667, 37.575940911565276, 0.0 ], [ 26.497797813375385, 37.575670515400951, 0.0 ], [ 26.497458078587925, 37.575669070099494, 0.0 ], [ 26.497459896281701, 37.575398673861464, 0.0 ], [ 26.49678042901083, 37.575395779342394, 0.0 ] ] ] ] } },
{ "type": "Feature", "properties": { "Shape_Leng": 2161.2609463600002, "Shape_Area": 0.04863713364, "Region": "North Aegean", "Subregion": "Central Aegean Islands", "Methodolog": "Landsat-8/ Google Earth", "Year": 2015, "Pres_Pan": 1 }, "geometry": { "type": "MultiPolygon", "coordinates": [ [ [ [ 26.506244764265709, 37.582736646541136, 0.0 ], [ 26.506248335700015, 37.58219585479862, 0.0 ], [ 26.506588100110058, 37.582197275475259, 0.0 ], [ 26.506589884630188, 37.581926878726428, 0.0 ], [ 26.506250121450947, 37.581925458010609, 0.0 ], [ 26.506251907274724, 37.58165506211224, 0.0 ], [ 26.505912145283617, 37.581653640377795, 0.0 ], [ 26.505913932380793, 37.581383244429446, 0.0 ], [ 26.505574171577805, 37.581381821676302, 0.0 ], [ 26.505579535655652, 37.580570632772307, 0.0 ], [ 26.505239778532438, 37.580569209822798, 0.0 ], [ 26.505241567099883, 37.580298812876343, 0.0 ], [ 26.505581323022593, 37.580300236765474, 0.0 ], [ 26.505586687611849, 37.5794890477313, 0.0 ], [ 26.504907183137998, 37.579486199639348, 0.0 ], [ 26.504910764309368, 37.578945407347526, 0.0 ], [ 26.504571013353456, 37.578943982228445, 0.0 ], [ 26.504576388555932, 37.578132793604048, 0.0 ], [ 26.504236642380629, 37.5781313673642, 0.0 ], [ 26.504234849750475, 37.578401763614302, 0.0 ], [ 26.503555354780929, 37.578398907374115, 0.0 ], [ 26.503566125996571, 37.576776530142467, 0.0 ], [ 26.503226385846222, 37.57677510076909, 0.0 ], [ 26.503224589311849, 37.577045497190625, 0.0 ], [ 26.502884849019939, 37.577044066852956, 0.0 ], [ 26.502879455950186, 37.577855255269185, 0.0 ], [ 26.502539710792824, 37.577853824093339, 0.0 ], [ 26.502534314413769, 37.578665012529079, 0.0 ], [ 26.502874062161528, 37.578666444512287, 0.0 ], [ 26.503213810968102, 37.578667874591616, 0.0 ], [ 26.503893308453698, 37.578670731811961, 0.0 ], [ 26.503889719813529, 37.579211524360069, 0.0 ], [ 26.504229470983912, 37.579212952323431, 0.0 ], [ 26.504225884975146, 37.579753744749958, 0.0 ], [ 26.504565638534089, 37.579755170755234, 0.0 ], [ 26.504563847389917, 37.580025566901085, 0.0 ], [ 26.504903602167136, 37.580026992788305, 0.0 ], [ 26.504898230419229, 37.580838181091615, 0.0 ], [ 26.504892857923064, 37.581649369321305, 0.0 ], [ 26.505232620042026, 37.581650793994342, 0.0 ], [ 26.505230831657407, 37.581921189986076, 0.0 ], [ 26.505570594964535, 37.581922613640451, 0.0 ], [ 26.505568806721826, 37.582193009606264, 0.0 ], [ 26.505908571217137, 37.58219443224197, 0.0 ], [ 26.50590499735139, 37.582735224963251, 0.0 ], [ 26.506244764265709, 37.582736646541136, 0.0 ] ] ] ] } },
{ "type": "Feature", "properties": { "Shape_Leng": 2284.7374205900001, "Shape_Area": 0.05545953317, "Region": "North Aegean", "Subregion": "Central Aegean Islands", "Methodolog": "Landsat-8/ Google Earth", "Year": 2015, "Pres_Pan": 1 }, "geometry": { "type": "MultiPolygon", "coordinates": [ [ [ [ 26.544062986861551, 37.595449915009063, 0.0 ], [ 26.544222998352321, 37.595327967649673, 0.0 ], [ 26.544453218311915, 37.595211968712725, 0.0 ], [ 26.544564472769061, 37.595058882858815, 0.0 ], [ 26.544738753454197, 37.594907397421117, 0.0 ], [ 26.544738753070611, 37.594402952113676, 0.0 ], [ 26.54456941627042, 37.594247691014559, 0.0 ], [ 26.544462735753992, 37.593984166704445, 0.0 ], [ 26.544572712191147, 37.59370689729797, 0.0 ], [ 26.544691164253493, 37.592270954809642, 0.0 ], [ 26.544583261153182, 37.591975882566636, 0.0 ], [ 26.544062986713868, 37.591909276531879, 0.0 ], [ 26.543902976088599, 37.592081889930398, 0.0 ], [ 26.543563164136845, 37.592080575919717, 0.0 ], [ 26.543561513339924, 37.592350973394844, 0.0 ], [ 26.543221700112266, 37.592349658444405, 0.0 ], [ 26.543220046996701, 37.592620055973256, 0.0 ], [ 26.542880233624789, 37.592618740058718, 0.0 ], [ 26.542878579322192, 37.592889137616872, 0.0 ], [ 26.542701935278828, 37.592975275249003, 0.0 ], [ 26.542537109184718, 37.593158218350048, 0.0 ], [ 26.542406881599927, 37.593298882043506, 0.0 ], [ 26.542195636553586, 37.593427297272278, 0.0 ], [ 26.542193979921159, 37.59369769487828, 0.0 ], [ 26.541950254285492, 37.593696748431896, 0.0 ], [ 26.541852503639859, 37.593966772919302, 0.0 ], [ 26.541512682801248, 37.593965453310034, 0.0 ], [ 26.541511023763793, 37.594235850074149, 0.0 ], [ 26.540831381753758, 37.594233207947156, 0.0 ], [ 26.54049156068227, 37.594231885413691, 0.0 ], [ 26.540027226563531, 37.594500479113222, 0.0 ], [ 26.539130608339452, 37.594496982513895, 0.0 ], [ 26.539128940769604, 37.59476737953694, 0.0 ], [ 26.540148411772023, 37.59477135571678, 0.0 ], [ 26.540145084185301, 37.595312150390392, 0.0 ], [ 26.540824736225332, 37.595314796116597, 0.0 ], [ 26.540826397548628, 37.595044399315569, 0.0 ], [ 26.541845872713132, 37.595048360650708, 0.0 ], [ 26.541847530385933, 37.594777963959217, 0.0 ], [ 26.542187353743255, 37.594779282492496, 0.0 ], [ 26.542190666728136, 37.594238488256849, 0.0 ], [ 26.542870309514949, 37.594241122519556, 0.0 ], [ 26.54287196362619, 37.593970725916044, 0.0 ], [ 26.543211783155609, 37.593972041629783, 0.0 ], [ 26.543218395026557, 37.592890452566465, 0.0 ], [ 26.544237840833336, 37.592894394261315, 0.0 ], [ 26.544224647328754, 37.595057570349731, 0.0 ], [ 26.543884821874681, 37.595056257761044, 0.0 ], [ 26.543881521503025, 37.595597052430513, 0.0 ], [ 26.544062986861551, 37.595449915009063, 0.0 ] ] ] ] } },
{ "type": "Feature", "properties": { "Shape_Leng": 2638.08950611, "Shape_Area": 0.07048297347, "Region": "North Aegean", "Subregion": "Central Aegean Islands", "Methodolog": "Landsat-8/ Google Earth", "Year": 2015, "Pres_Pan": 1 }, "geometry": { "type": "MultiPolygon", "coordinates": [ [ [ [ 26.496524528910136, 37.632145169860124, 0.0 ], [ 26.496528175691516, 37.631604383053784, 0.0 ], [ 26.496868163534899, 37.631605832763249, 0.0 ], [ 26.496869985755009, 37.631335439382646, 0.0 ], [ 26.497209973454694, 37.631336888125681, 0.0 ], [ 26.497211793350914, 37.631066494797039, 0.0 ], [ 26.497551779774675, 37.631067942597689, 0.0 ], [ 26.497555418328211, 37.630527155061074, 0.0 ], [ 26.497215435504216, 37.630525707158782, 0.0 ], [ 26.497222719214761, 37.629444132676348, 0.0 ], [ 26.496882740181317, 37.629442684561845, 0.0 ], [ 26.496884562738625, 37.629172291094399, 0.0 ], [ 26.496544585998762, 37.62917084103541, 0.0 ], [ 26.49654640869965, 37.628900447542236, 0.0 ], [ 26.496548231442667, 37.628630054038204, 0.0 ], [ 26.496208257158084, 37.628628603820871, 0.0 ], [ 26.496210082278946, 37.6283582093427, 0.0 ], [ 26.496215554588023, 37.627547028616434, 0.0 ], [ 26.495875585195655, 37.627545577262666, 0.0 ], [ 26.495876468960127, 37.625463787838605, 0.0 ], [ 26.496221015525062, 37.625448559067756, 0.0 ], [ 26.496603632406533, 37.625897801254112, 0.0 ], [ 26.49690642416973, 37.625927566200581, 0.0 ], [ 26.497082062777864, 37.62631791925142, 0.0 ], [ 26.497242745813985, 37.626469801879047, 0.0 ], [ 26.497922674351205, 37.626472696067424, 0.0 ], [ 26.49792812901282, 37.625661514795482, 0.0 ], [ 26.497248206744224, 37.6256586203979, 0.0 ], [ 26.496908246142862, 37.625657172616023, 0.0 ], [ 26.496910066995852, 37.625386778144076, 0.0 ], [ 26.496230148103411, 37.625383878658951, 0.0 ], [ 26.49623197262769, 37.625113484975003, 0.0 ], [ 26.495552054901399, 37.62511058151204, 0.0 ], [ 26.495548402093466, 37.625651369000437, 0.0 ], [ 26.495208441251357, 37.625649915412765, 0.0 ], [ 26.495202958088672, 37.626461096692324, 0.0 ], [ 26.495542922631174, 37.626462550163559, 0.0 ], [ 26.49553561576116, 37.627544124927766, 0.0 ], [ 26.495195646284607, 37.627542671611707, 0.0 ], [ 26.495191990635014, 37.628083459006277, 0.0 ], [ 26.495531962578713, 37.628084912244717, 0.0 ], [ 26.495521000644882, 37.629707274006989, 0.0 ], [ 26.496200959239761, 37.629710177975106, 0.0 ], [ 26.496199135431603, 37.62998057147454, 0.0 ], [ 26.495859154906459, 37.629979119569654, 0.0 ], [ 26.495850025799808, 37.631331087193949, 0.0 ], [ 26.49619001249367, 37.6313325389048, 0.0 ], [ 26.496184538556978, 37.632143719247047, 0.0 ], [ 26.496524528910136, 37.632145169860124, 0.0 ] ] ] ] } },
{ "type": "Feature", "properties": { "Shape_Leng": 1978.0164586599999, "Shape_Area": 0.04126206221, "Region": "North Aegean", "Subregion": "Central Aegean Islands", "Methodolog": "Landsat-8/ Google Earth", "Year": 2015, "Pres_Pan": 1 }, "geometry": { "type": "MultiPolygon", "coordinates": [ [ [ [ 26.49908503931449, 37.637057341834861, 0.0 ], [ 26.499232684240997, 37.636787567143024, 0.0 ], [ 26.499426868188269, 37.636788391215191, 0.0 ], [ 26.499650694686395, 37.636789340832301, 0.0 ], [ 26.499770506534652, 37.636249046808658, 0.0 ], [ 26.499965176147885, 37.636020964955129, 0.0 ], [ 26.500112328147846, 37.635980094412112, 0.0 ], [ 26.500115950844805, 37.635439306865869, 0.0 ], [ 26.499774819554666, 37.635554589880869, 0.0 ], [ 26.49950831963627, 37.635545072413187, 0.0 ], [ 26.499095931466552, 37.635434981279431, 0.0 ], [ 26.498994356695246, 37.635269054935442, 0.0 ], [ 26.49875774109201, 37.635163143813642, 0.0 ], [ 26.498760480469855, 37.634755246141282, 0.0 ], [ 26.498421370316048, 37.63462091218463, 0.0 ], [ 26.49842318859092, 37.634350518156175, 0.0 ], [ 26.497403183417411, 37.634346178282733, 0.0 ], [ 26.497401361410414, 37.63461657152731, 0.0 ], [ 26.49674814524532, 37.634755091536995, 0.0 ], [ 26.496395984735255, 37.634707502408851, 0.0 ], [ 26.496041350435604, 37.634610769612564, 0.0 ], [ 26.495910575506514, 37.634050770552243, 0.0 ], [ 26.496046829126044, 37.633799589428278, 0.0 ], [ 26.496050481072139, 37.633258803500944, 0.0 ], [ 26.49571048440794, 37.633257350825005, 0.0 ], [ 26.49570500286524, 37.634068530266404, 0.0 ], [ 26.495701347601674, 37.634609317130689, 0.0 ], [ 26.495361344725641, 37.634607863667398, 0.0 ], [ 26.495357688264583, 37.635148649641394, 0.0 ], [ 26.49501768287849, 37.635147195274357, 0.0 ], [ 26.495015852359799, 37.635417588758052, 0.0 ], [ 26.495695865588111, 37.635420497333698, 0.0 ], [ 26.49569769363875, 37.635150103927543, 0.0 ], [ 26.496377703098354, 37.635153008679147, 0.0 ], [ 26.496379528723047, 37.634882615339805, 0.0 ], [ 26.496719532706752, 37.634884065820096, 0.0 ], [ 26.496717708316059, 37.635154459120635, 0.0 ], [ 26.497737724908948, 37.635158806333664, 0.0 ], [ 26.497735904262473, 37.635429199506824, 0.0 ], [ 26.49875592414763, 37.635433536870181, 0.0 ], [ 26.498754108407965, 37.635703930792332, 0.0 ], [ 26.499094115798457, 37.635705374286225, 0.0 ], [ 26.499088670240294, 37.636516555018488, 0.0 ], [ 26.4987486591174, 37.636515110740739, 0.0 ], [ 26.498743209074579, 37.637326290615476, 0.0 ], [ 26.498870374079882, 37.637326830834709, 0.0 ], [ 26.49908503931449, 37.637057341834861, 0.0 ] ] ] ] } },
{ "type": "Feature", "properties": { "Shape_Leng": 720.43760034299999, "Shape_Area": 0.02071597836, "Region": "North Aegean", "Subregion": "Central Aegean Islands", "Methodolog": "Landsat-8/ Google Earth", "Year": 2015, "Pres_Pan": 1 }, "geometry": { "type": "MultiPolygon", "coordinates": [ [ [ [ 26.545902411746116, 37.59857928112865, 0.0 ], [ 26.545904055161479, 37.598308884135406, 0.0 ], [ 26.546923575022564, 37.598312802573346, 0.0 ], [ 26.546926854596162, 37.597772008795801, 0.0 ], [ 26.547266691997084, 37.59777331306212, 0.0 ], [ 26.547268330588295, 37.597502915296914, 0.0 ], [ 26.546928493318163, 37.597501611915298, 0.0 ], [ 26.546930133185743, 37.597231214099004, 0.0 ], [ 26.546590298234474, 37.597229909672542, 0.0 ], [ 26.546593579496641, 37.596689115752305, 0.0 ], [ 26.545913914325851, 37.59668650199724, 0.0 ], [ 26.545912271774853, 37.596956899031049, 0.0 ], [ 26.545572437921596, 37.596955591624123, 0.0 ], [ 26.545570793051724, 37.59722598871177, 0.0 ], [ 26.545562570471475, 37.598577973062639, 0.0 ], [ 26.545902411746116, 37.59857928112865, 0.0 ] ] ] ] } },
{ "type": "Feature", "properties": { "Shape_Leng": 512.03748962099996, "Shape_Area": 0.01138254979, "Region": "North Aegean", "Subregion": "Central Aegean Islands", "Methodolog": "Landsat-8/ Google Earth", "Year": 2015, "Pres_Pan": 1 }, "geometry": { "type": "MultiPolygon", "coordinates": [ [ [ [ 26.544942167866019, 37.588841057416928, 0.0 ], [ 26.544945459678587, 37.588300262520093, 0.0 ], [ 26.545285254183259, 37.588301572273856, 0.0 ], [ 26.545290189108215, 37.587490379955803, 0.0 ], [ 26.544610607472066, 37.587487760127644, 0.0 ], [ 26.544608960713926, 37.587758156741565, 0.0 ], [ 26.543929376437475, 37.587755533074812, 0.0 ], [ 26.544091540246622, 37.588397192481644, 0.0 ], [ 26.544604017403827, 37.588569349292818, 0.0 ], [ 26.544602370854367, 37.588839746763853, 0.0 ], [ 26.544942167866019, 37.588841057416928, 0.0 ] ] ] ] } },
{ "type": "Feature", "properties": { "Shape_Leng": 540.30690578899998, "Shape_Area": 0.01080819446, "Region": "North Aegean", "Subregion": "Central Aegean Islands", "Methodolog": "Landsat-8/ Google Earth", "Year": 2015, "Pres_Pan": 1 }, "geometry": { "type": "MultiPolygon", "coordinates": [ [ [ [ 26.477829025489502, 37.564767720353188, 0.0 ], [ 26.477830912892713, 37.564497324213299, 0.0 ], [ 26.478170596216518, 37.564498826157923, 0.0 ], [ 26.478172482431312, 37.564228430045532, 0.0 ], [ 26.477832800337207, 37.56422692806256, 0.0 ], [ 26.477834687852845, 37.563956532801463, 0.0 ], [ 26.477495008078392, 37.563955029777425, 0.0 ], [ 26.477498784531747, 37.563414238269225, 0.0 ], [ 26.476819428676254, 37.56341123005538, 0.0 ], [ 26.476811864936145, 37.564492812458454, 0.0 ], [ 26.477491230658874, 37.564495821266014, 0.0 ], [ 26.477489342025944, 37.56476621744428, 0.0 ], [ 26.477829025489502, 37.564767720353188, 0.0 ] ] ] ] } },
{ "type": "Feature", "properties": { "Shape_Leng": 840.47479232700005, "Shape_Area": 0.0171129746, "Region": "North Aegean", "Subregion": "Central Aegean Islands", "Methodolog": "Landsat-8/ Google Earth", "Year": 2015, "Pres_Pan": 1 }, "geometry": { "type": "MultiPolygon", "coordinates": [ [ [ [ 26.472699458919401, 37.569612191559813, 0.0 ], [ 26.472710896091037, 37.567989819368925, 0.0 ], [ 26.472371197252297, 37.567988302234902, 0.0 ], [ 26.47237310499974, 37.567717906489406, 0.0 ], [ 26.472033407320115, 37.56771638743767, 0.0 ], [ 26.472037224296297, 37.567175596761928, 0.0 ], [ 26.471357834894647, 37.567172556445371, 0.0 ], [ 26.471354012998944, 37.567713347273859, 0.0 ], [ 26.471693709629243, 37.567714868307391, 0.0 ], [ 26.471691800523537, 37.567985263205031, 0.0 ], [ 26.472031498342773, 37.567986783221343, 0.0 ], [ 26.472023863915172, 37.56906836442279, 0.0 ], [ 26.471684161176167, 37.569066844559302, 0.0 ], [ 26.471682251173849, 37.56933724032686, 0.0 ], [ 26.472021955142853, 37.569338760152185, 0.0 ], [ 26.472020046381743, 37.569609154970237, 0.0 ], [ 26.472699458919401, 37.569612191559813, 0.0 ] ] ] ] } },
{ "type": "Feature", "properties": { "Shape_Leng": 900.51735436900003, "Shape_Area": 0.02071574776, "Region": "North Aegean", "Subregion": "Central Aegean Islands", "Methodolog": "Landsat-8/ Google Earth", "Year": 2015, "Pres_Pan": 1 }, "geometry": { "type": "MultiPolygon", "coordinates": [ [ [ [ 26.489465018718398, 37.552109598850357, 0.0 ], [ 26.489470552324953, 37.551298408486673, 0.0 ], [ 26.489476085177234, 37.550487218049206, 0.0 ], [ 26.488796845863799, 37.550484279240088, 0.0 ], [ 26.488791304507114, 37.551295469933571, 0.0 ], [ 26.488451681666497, 37.551293999165452, 0.0 ], [ 26.488449833759386, 37.55156439547202, 0.0 ], [ 26.488110208516975, 37.551562923788012, 0.0 ], [ 26.488113906800876, 37.55102213018624, 0.0 ], [ 26.487774285105534, 37.551020657422583, 0.0 ], [ 26.487776135524093, 37.550750260116523, 0.0 ], [ 26.487436515015858, 37.550748786335781, 0.0 ], [ 26.487430959007863, 37.551559976560235, 0.0 ], [ 26.487770584363808, 37.551561451101662, 0.0 ], [ 26.487768732909608, 37.551831847498534, 0.0 ], [ 26.488108359422757, 37.551833320122348, 0.0 ], [ 26.488106510400289, 37.552103717346355, 0.0 ], [ 26.489465018718398, 37.552109598850357, 0.0 ] ] ] ] } },
{ "type": "Feature", "properties": { "Shape_Leng": 1125.7074408399999, "Shape_Area": 0.05100342993, "Region": "North Aegean", "Subregion": "Central Aegean Islands", "Methodolog": "Landsat-8/ Google Earth", "Year": 2015, "Pres_Pan": 1 }, "geometry": { "type": "MultiPolygon", "coordinates": [ [ [ [ 26.496691738764554, 37.538079554157761, 0.0 ], [ 26.49465435497909, 37.538070853161813, 0.0 ], [ 26.494650705065162, 37.538611648013514, 0.0 ], [ 26.494648879620978, 37.538882045885309, 0.0 ], [ 26.494988447395084, 37.538883498980006, 0.0 ], [ 26.494986624352052, 37.539153896778181, 0.0 ], [ 26.495326192151317, 37.539155347979381, 0.0 ], [ 26.495324370378611, 37.539425745727854, 0.0 ], [ 26.495663940524782, 37.539427196788758, 0.0 ], [ 26.495662118891616, 37.539697594511381, 0.0 ], [ 26.496001690193772, 37.539699043654849, 0.0 ], [ 26.495996230362863, 37.540510236617038, 0.0 ], [ 26.496335805337605, 37.540511685566308, 0.0 ], [ 26.496333986329656, 37.540782083167734, 0.0 ], [ 26.49633216739398, 37.541052481658852, 0.0 ], [ 26.497350899434569, 37.541056822404514, 0.0 ], [ 26.497352714685377, 37.540786424030173, 0.0 ], [ 26.497365883274664, 37.538824796740109, 0.0 ], [ 26.497027669911116, 37.538621796708824, 0.0 ], [ 26.497029485669575, 37.538351399122362, 0.0 ], [ 26.496689920604879, 37.538349951817935, 0.0 ], [ 26.496691738764554, 37.538079554157761, 0.0 ] ] ] ] } },
{ "type": "Feature", "properties": { "Shape_Leng": 660.38347068899998, "Shape_Area": 0.01170892856, "Region": "North Aegean", "Subregion": "Central Aegean Islands", "Methodolog": "Landsat-8/ Google Earth", "Year": 2015, "Pres_Pan": 1 }, "geometry": { "type": "MultiPolygon", "coordinates": [ [ [ [ 26.498416725624843, 37.534030809165685, 0.0 ], [ 26.498077180407329, 37.534029366050333, 0.0 ], [ 26.498075367686621, 37.534299764593989, 0.0 ], [ 26.498073556108952, 37.534570162202364, 0.0 ], [ 26.498413103782244, 37.53457160523979, 0.0 ], [ 26.498411293474774, 37.534842002798321, 0.0 ], [ 26.498750842333678, 37.534843444818918, 0.0 ], [ 26.499090392281023, 37.5348448858377, 0.0 ], [ 26.499088583340949, 37.535115283331372, 0.0 ], [ 26.499428134473892, 37.535116723333282, 0.0 ], [ 26.499767684433685, 37.535118162381252, 0.0 ], [ 26.499765878021911, 37.535388560686592, 0.0 ], [ 26.500105430268, 37.535389997793189, 0.0 ], [ 26.500110844845928, 37.534578803886092, 0.0 ], [ 26.499092200102599, 37.534574487456617, 0.0 ], [ 26.499094009097306, 37.534304089040738, 0.0 ], [ 26.49841491523275, 37.534301206745951, 0.0 ], [ 26.498416725624843, 37.534030809165685, 0.0 ] ] ] ] } },
{ "type": "Feature", "properties": { "Shape_Leng": 4022.33525964, "Shape_Area": 0.11708925906000001, "Region": "North Aegean", "Subregion": "Central Aegean Islands", "Methodolog": "Landsat-8/ Google Earth", "Year": 2015, "Pres_Pan": 1 }, "geometry": { "type": "MultiPolygon", "coordinates": [ [ [ [ 26.49810073739766, 37.530514190562911, 0.0 ], [ 26.498102548479125, 37.530243792815824, 0.0 ], [ 26.498442077578655, 37.530245234651815, 0.0 ], [ 26.498445698513919, 37.529704438278607, 0.0 ], [ 26.498106171869662, 37.529702996364662, 0.0 ], [ 26.498107984178706, 37.529432597660616, 0.0 ], [ 26.497768459850459, 37.529431154706096, 0.0 ], [ 26.497772084819257, 37.528890358135897, 0.0 ], [ 26.498790652603066, 37.528894685152821, 0.0 ], [ 26.498797889448486, 37.527813092325999, 0.0 ], [ 26.498458372540082, 37.527811650192497, 0.0 ], [ 26.498460182817109, 37.527541252375904, 0.0 ], [ 26.497441633319227, 37.527536921841531, 0.0 ], [ 26.497443447321011, 37.527266523897246, 0.0 ], [ 26.497782963002003, 37.527267968117144, 0.0 ], [ 26.497784775818602, 37.526997570200955, 0.0 ], [ 26.498124289099174, 37.526999013506106, 0.0 ], [ 26.498122477510041, 37.527269411383351, 0.0 ], [ 26.49880150752983, 37.527272294958991, 0.0 ], [ 26.498799698467984, 37.527542693647923, 0.0 ], [ 26.499139215207194, 37.527544133918354, 0.0 ], [ 26.49981824742785, 37.527547011550347, 0.0 ], [ 26.499821859389819, 37.527006215272181, 0.0 ], [ 26.500500886531064, 37.527009089149765, 0.0 ], [ 26.500502689540362, 37.526738690634211, 0.0 ], [ 26.501181715187698, 37.526741560655545, 0.0 ], [ 26.501183515754494, 37.526471161306738, 0.0 ], [ 26.500844004209558, 37.526469727646322, 0.0 ], [ 26.500845806076299, 37.526199329148135, 0.0 ], [ 26.500506295686254, 37.526197893570583, 0.0 ], [ 26.500504492592096, 37.526468292107829, 0.0 ], [ 26.49914644682886, 37.526462540154093, 0.0 ], [ 26.499148254832662, 37.526192141460783, 0.0 ], [ 26.49880874426071, 37.526190701895857, 0.0 ], [ 26.498810553534256, 37.525920303152709, 0.0 ], [ 26.499489571080392, 37.525923182307416, 0.0 ], [ 26.499498603608611, 37.524571190667906, 0.0 ], [ 26.499159101543722, 37.524569750922105, 0.0 ], [ 26.49915729328578, 37.524840149680479, 0.0 ], [ 26.498478285473734, 37.524837268258771, 0.0 ], [ 26.498480095055655, 37.524566869446332, 0.0 ], [ 26.498819598335881, 37.52456831112324, 0.0 ], [ 26.498823216302771, 37.524027513519933, 0.0 ], [ 26.49848371550717, 37.524026072665578, 0.0 ], [ 26.498481905840588, 37.524296471499653, 0.0 ], [ 26.498142403745316, 37.524295028806286, 0.0 ], [ 26.498138780923881, 37.524835825643322, 0.0 ], [ 26.497120269341863, 37.524831493684999, 0.0 ], [ 26.49712208383303, 37.524561094716731, 0.0 ], [ 26.496782581502014, 37.524559649028852, 0.0 ], [ 26.49678439729276, 37.524289250911316, 0.0 ], [ 26.496444896116753, 37.52428780330645, 0.0 ], [ 26.496437626066733, 37.525369396815599, 0.0 ], [ 26.496098119969279, 37.525367949289453, 0.0 ], [ 26.496096300762151, 37.525638347465389, 0.0 ], [ 26.496435808116988, 37.525639795853138, 0.0 ], [ 26.496433991310102, 37.525910193955369, 0.0 ], [ 26.497113008317797, 37.525913086819877, 0.0 ], [ 26.497111194037959, 37.526183485733917, 0.0 ], [ 26.497450703690802, 37.526184930210626, 0.0 ], [ 26.497445261365066, 37.526996125942127, 0.0 ], [ 26.496766234592535, 37.526993234443772, 0.0 ], [ 26.496768051103697, 37.526722835499392, 0.0 ], [ 26.496428537780854, 37.526721389169332, 0.0 ], [ 26.496424902285806, 37.527262185324062, 0.0 ], [ 26.496085387566485, 37.52726073716979, 0.0 ], [ 26.496081749785379, 37.527801533358996, 0.0 ], [ 26.497779337525721, 37.527808764817486, 0.0 ], [ 26.497777523735358, 37.528079163625549, 0.0 ], [ 26.498117043056528, 37.528080606750954, 0.0 ], [ 26.498113419158351, 37.528621403332217, 0.0 ], [ 26.497094855934122, 37.528617070308499, 0.0 ], [ 26.497098487197487, 37.528076273493525, 0.0 ], [ 26.496758967749482, 37.528074827435226, 0.0 ], [ 26.496751701582273, 37.529156420253123, 0.0 ], [ 26.497430749155729, 37.529159312005035, 0.0 ], [ 26.497427120685611, 37.529700108655405, 0.0 ], [ 26.49776664628375, 37.529701552548609, 0.0 ], [ 26.497764832789379, 37.529971951280807, 0.0 ], [ 26.497085779035512, 37.529969060793512, 0.0 ], [ 26.497082147232998, 37.530509857480624, 0.0 ], [ 26.49810073739766, 37.530514190562911, 0.0 ] ] ] ] } },
{ "type": "Feature", "properties": { "Shape_Leng": 540.31403709599999, "Shape_Area": 0.00810618216, "Region": "North Aegean", "Subregion": "Central Aegean Islands", "Methodolog": "Landsat-8/ Google Earth", "Year": 2015, "Pres_Pan": 1 }, "geometry": { "type": "MultiPolygon", "coordinates": [ [ [ [ 26.498859388508887, 37.518619540863412, 0.0 ], [ 26.498863004947296, 37.51807874285479, 0.0 ], [ 26.499541952359404, 37.518081621546202, 0.0 ], [ 26.49954556408969, 37.517540824550778, 0.0 ], [ 26.498866621585158, 37.517537945703346, 0.0 ], [ 26.49886481326007, 37.517808344734739, 0.0 ], [ 26.498525340717382, 37.517806903884122, 0.0 ], [ 26.498523531177714, 37.518077302043203, 0.0 ], [ 26.497844584642078, 37.518074417464113, 0.0 ], [ 26.497842772720951, 37.51834481659079, 0.0 ], [ 26.498521721710418, 37.518347701091898, 0.0 ], [ 26.498519912285452, 37.518618100129764, 0.0 ], [ 26.498859388508887, 37.518619540863412, 0.0 ] ] ] ] } },
{ "type": "Feature", "properties": { "Shape_Leng": 900.52157232599995, "Shape_Area": 0.01891442093, "Region": "North Aegean", "Subregion": "Central Aegean Islands", "Methodolog": "Landsat-8/ Google Earth", "Year": 2015, "Pres_Pan": 1 }, "geometry": { "type": "MultiPolygon", "coordinates": [ [ [ [ 26.495800467053144, 37.519147334946695, 0.0 ], [ 26.495802286239162, 37.518876936519376, 0.0 ], [ 26.497160194909149, 37.518882725656638, 0.0 ], [ 26.497163823562289, 37.518341928180504, 0.0 ], [ 26.496824349484822, 37.518340482497457, 0.0 ], [ 26.496822532764618, 37.518610880853529, 0.0 ], [ 26.496483057417958, 37.518609434232133, 0.0 ], [ 26.496484874204519, 37.518339034960498, 0.0 ], [ 26.495805925838372, 37.518336138707888, 0.0 ], [ 26.495807745151019, 37.51806574024809, 0.0 ], [ 26.495468271001005, 37.518064290640844, 0.0 ], [ 26.495464629964093, 37.518605087627435, 0.0 ], [ 26.494785678890906, 37.518602185588854, 0.0 ], [ 26.494787501842129, 37.5183317870232, 0.0 ], [ 26.49410855305419, 37.51832888099765, 0.0 ], [ 26.494103076965327, 37.519140076895326, 0.0 ], [ 26.495800467053144, 37.519147334946695, 0.0 ] ] ] ] } },
{ "type": "Feature", "properties": { "Shape_Leng": 2041.1792196700001, "Shape_Area": 0.07475689858, "Region": "North Aegean", "Subregion": "Central Aegean Islands", "Methodolog": "Landsat-8/ Google Earth", "Year": 2015, "Pres_Pan": 1 }, "geometry": { "type": "MultiPolygon", "coordinates": [ [ [ [ 26.494110378501411, 37.518058482343385, 0.0 ], [ 26.494115855095743, 37.517247286315538, 0.0 ], [ 26.494794794068582, 37.517250192652114, 0.0 ], [ 26.494796617230584, 37.516979794032252, 0.0 ], [ 26.495136085426918, 37.516981245773543, 0.0 ], [ 26.49513790737425, 37.516710846281171, 0.0 ], [ 26.495477374301597, 37.516712297084126, 0.0 ], [ 26.495484655434428, 37.515630701911221, 0.0 ], [ 26.495145193444234, 37.515629251853191, 0.0 ], [ 26.495143372428736, 37.515899650464512, 0.0 ], [ 26.494464444707805, 37.51589674661804, 0.0 ], [ 26.49446626930736, 37.515626347905055, 0.0 ], [ 26.494126807160708, 37.515624894014906, 0.0 ], [ 26.494119506369241, 37.516706488909463, 0.0 ], [ 26.493780039303292, 37.516705035098099, 0.0 ], [ 26.493778212388673, 37.516975432944903, 0.0 ], [ 26.49343874405378, 37.516973978195139, 0.0 ], [ 26.493440572165241, 37.516703579408926, 0.0 ], [ 26.493101104985129, 37.516702122742579, 0.0 ], [ 26.493099275646824, 37.516972521567624, 0.0 ], [ 26.492759808328326, 37.516971063938932, 0.0 ], [ 26.492761637762925, 37.516700665098959, 0.0 ], [ 26.492082704352846, 37.516697747756673, 0.0 ], [ 26.492079038327315, 37.517238544728286, 0.0 ], [ 26.491739569655856, 37.517237084206748, 0.0 ], [ 26.49174323700452, 37.516696287181375, 0.0 ], [ 26.491403770774667, 37.516694826505415, 0.0 ], [ 26.491405606289106, 37.516424427475485, 0.0 ], [ 26.491066140113556, 37.516422965807401, 0.0 ], [ 26.491067976896776, 37.516152566727847, 0.0 ], [ 26.490728511906031, 37.51615110404375, 0.0 ], [ 26.490726674996573, 37.516421502237726, 0.0 ], [ 26.490387208707141, 37.516420037714681, 0.0 ], [ 26.489708278293399, 37.516417106589699, 0.0 ], [ 26.489697230011895, 37.518039497243223, 0.0 ], [ 26.492413013059807, 37.51805119995872, 0.0 ], [ 26.492414844683609, 37.517780801099406, 0.0 ], [ 26.493433261072447, 37.517785173564235, 0.0 ], [ 26.493431433129341, 37.518055572307041, 0.0 ], [ 26.494110378501411, 37.518058482343385, 0.0 ] ] ] ] } },
{ "type": "Feature", "properties": { "Shape_Leng": 660.38561428399998, "Shape_Area": 0.01621238167, "Region": "North Aegean", "Subregion": "Central Aegean Islands", "Methodolog": "Landsat-8/ Google Earth", "Year": 2015, "Pres_Pan": 1 }, "geometry": { "type": "MultiPolygon", "coordinates": [ [ [ [ 26.503956899700619, 37.517829840148423, 0.0 ], [ 26.503960479556717, 37.517289042346363, 0.0 ], [ 26.504299950066461, 37.517290466714286, 0.0 ], [ 26.504301738846603, 37.517020068286371, 0.0 ], [ 26.503622800178007, 37.517017216693972, 0.0 ], [ 26.503619217782983, 37.51755801459602, 0.0 ], [ 26.502940275167123, 37.517555159227086, 0.0 ], [ 26.502933101072749, 37.518636755214018, 0.0 ], [ 26.504291005794876, 37.518642462317153, 0.0 ], [ 26.504296372694235, 37.517831265338565, 0.0 ], [ 26.503956899700619, 37.517829840148423, 0.0 ] ] ] ] } },
{ "type": "Feature", "properties": { "Shape_Leng": 720.43747291299997, "Shape_Area": 0.01801389085, "Region": "North Aegean", "Subregion": "Central Aegean Islands", "Methodolog": "Landsat-8/ Google Earth", "Year": 2015, "Pres_Pan": 1 }, "geometry": { "type": "MultiPolygon", "coordinates": [ [ [ [ 26.544046087802858, 37.512853669794104, 0.0 ], [ 26.544051022956211, 37.512042467199656, 0.0 ], [ 26.54439047170257, 37.512043776884866, 0.0 ], [ 26.544398689842424, 37.51069177288641, 0.0 ], [ 26.544059247228731, 37.510690462999818, 0.0 ], [ 26.544060892204627, 37.510420061767206, 0.0 ], [ 26.543721450772903, 37.510418750863316, 0.0 ], [ 26.543716512268762, 37.511229953749066, 0.0 ], [ 26.543377068243398, 37.511228641964557, 0.0 ], [ 26.543375420948053, 37.511499043245202, 0.0 ], [ 26.543367183916757, 37.512851046809068, 0.0 ], [ 26.544046087802858, 37.512853669794104, 0.0 ] ] ] ] } },
{ "type": "Feature", "properties": { "Shape_Leng": 660.39811749700004, "Shape_Area": 0.01080831836, "Region": "North Aegean", "Subregion": "Central Aegean Islands", "Methodolog": "Landsat-8/ Google Earth", "Year": 2015, "Pres_Pan": 1 }, "geometry": { "type": "MultiPolygon", "coordinates": [ [ [ [ 26.536211924066826, 37.517149679932679, 0.0 ], [ 26.536213597383512, 37.516879279813033, 0.0 ], [ 26.536553067000614, 37.516880612199742, 0.0 ], [ 26.536556411312777, 37.516339812008034, 0.0 ], [ 26.536216944149331, 37.516338479541261, 0.0 ], [ 26.536218617567993, 37.516068078488608, 0.0 ], [ 26.535539684462375, 37.516065411467999, 0.0 ], [ 26.535536332700904, 37.516606211921562, 0.0 ], [ 26.535875802309938, 37.516607546278536, 0.0 ], [ 26.535870777548787, 37.517418746781878, 0.0 ], [ 26.536549722895657, 37.517421413248599, 0.0 ], [ 26.536548049763706, 37.517691813330792, 0.0 ], [ 26.536887524178297, 37.517693145496239, 0.0 ], [ 26.536889194922377, 37.5174227445779, 0.0 ], [ 26.53689086574111, 37.517152344549167, 0.0 ], [ 26.536211924066826, 37.517149679932679, 0.0 ] ] ] ] } },
{ "type": "Feature", "properties": { "Shape_Leng": 1400.6359615, "Shape_Area": 0.03607733033, "Region": "North Aegean", "Subregion": "Central Aegean Islands", "Methodolog": "Landsat-8/ Google Earth", "Year": 2015, "Pres_Pan": 1 }, "geometry": { "type": "MultiPolygon", "coordinates": [ [ [ [ 26.504871674337235, 37.533517237548445, 0.0 ], [ 26.505038022336187, 37.533389685880493, 0.0 ], [ 26.505454427382237, 37.53339563398545, 0.0 ], [ 26.505892090117349, 37.533251105026004, 0.0 ], [ 26.506019549465048, 37.532901895970092, 0.0 ], [ 26.506236980978215, 37.532441330086669, 0.0 ], [ 26.506242328304566, 37.53163013527984, 0.0 ], [ 26.50658186368317, 37.531631554331106, 0.0 ], [ 26.506580082436152, 37.531901952871863, 0.0 ], [ 26.507090307404855, 37.532045290107895, 0.0 ], [ 26.507260934312225, 37.53163438950029, 0.0 ], [ 26.506921399019053, 37.531632972404587, 0.0 ], [ 26.50693207890129, 37.530010581191654, 0.0 ], [ 26.506592550931515, 37.530009162882969, 0.0 ], [ 26.506588989098365, 37.530549960059723, 0.0 ], [ 26.506249458630581, 37.530548540851697, 0.0 ], [ 26.506247675985033, 37.530818939474983, 0.0 ], [ 26.505908144246863, 37.53081751932843, 0.0 ], [ 26.505906360416329, 37.531087917980074, 0.0 ], [ 26.505566828538505, 37.531086496870913, 0.0 ], [ 26.505563258550019, 37.531627294220058, 0.0 ], [ 26.505223723013252, 37.531625871335009, 0.0 ], [ 26.505221936855261, 37.53189627003249, 0.0 ], [ 26.50521479148885, 37.532977863837445, 0.0 ], [ 26.504875249800691, 37.532976441070929, 0.0 ], [ 26.504878825404511, 37.532435643649571, 0.0 ], [ 26.504539286129312, 37.532434219826918, 0.0 ], [ 26.504532131251413, 37.53351581295793, 0.0 ], [ 26.504871674337235, 37.533517237548445, 0.0 ] ] ] ] } },
{ "type": "Feature", "properties": { "Shape_Leng": 840.49283921899996, "Shape_Area": 0.02792134434, "Region": "North Aegean", "Subregion": "Central Aegean Islands", "Methodolog": "Landsat-8/ Google Earth", "Year": 2015, "Pres_Pan": 1 }, "geometry": { "type": "MultiPolygon", "coordinates": [ [ [ [ 26.50921131252451, 37.544892388094013, 0.0 ], [ 26.50921308528606, 37.54462199031542, 0.0 ], [ 26.509552680451424, 37.544623401359011, 0.0 ], [ 26.509559765850735, 37.543541809416922, 0.0 ], [ 26.509899354928375, 37.543543219663455, 0.0 ], [ 26.509901125416935, 37.543272821008728, 0.0 ], [ 26.508203184672201, 37.543265761623019, 0.0 ], [ 26.507524008533146, 37.543262931191968, 0.0 ], [ 26.507522229415219, 37.543533329220956, 0.0 ], [ 26.507520450340049, 37.543803727239066, 0.0 ], [ 26.507860040902969, 37.543805143315502, 0.0 ], [ 26.507858264229952, 37.544075541259552, 0.0 ], [ 26.50751867243855, 37.544074125222345, 0.0 ], [ 26.507515114501935, 37.544614921204385, 0.0 ], [ 26.508873491208767, 37.544620578269608, 0.0 ], [ 26.508871717218703, 37.54489097608743, 0.0 ], [ 26.50921131252451, 37.544892388094013, 0.0 ] ] ] ] } },
{ "type": "Feature", "properties": { "Shape_Leng": 840.49316778900004, "Shape_Area": 0.01260963448, "Region": "North Aegean", "Subregion": "Central Aegean Islands", "Methodolog": "Landsat-8/ Google Earth", "Year": 2015, "Pres_Pan": 1 }, "geometry": { "type": "MultiPolygon", "coordinates": [ [ [ [ 26.511243590999221, 37.545712033882943, 0.0 ], [ 26.511245356260805, 37.545441636372637, 0.0 ], [ 26.509886963688412, 37.545436005416512, 0.0 ], [ 26.509888733907172, 37.545165607738149, 0.0 ], [ 26.509549137458478, 37.545164197727289, 0.0 ], [ 26.509547366011148, 37.54543459544491, 0.0 ], [ 26.508528571591452, 37.545430359684701, 0.0 ], [ 26.508526796501229, 37.545700757509266, 0.0 ], [ 26.508187197424128, 37.545699343663905, 0.0 ], [ 26.508185421148102, 37.545969741516856, 0.0 ], [ 26.508525021453803, 37.545971155322988, 0.0 ], [ 26.509204221936823, 37.545973980000383, 0.0 ], [ 26.509205994527065, 37.54570358226519, 0.0 ], [ 26.509545593475721, 37.545704993175725, 0.0 ], [ 26.510564392356759, 37.545709220890231, 0.0 ], [ 26.510903991133972, 37.54571062788775, 0.0 ], [ 26.510902224686735, 37.545981025426535, 0.0 ], [ 26.511241824679853, 37.545982432306957, 0.0 ], [ 26.511581425730796, 37.545983837284552, 0.0 ], [ 26.511583189690612, 37.545713438923947, 0.0 ], [ 26.511243590999221, 37.545712033882943, 0.0 ] ] ] ] } },
{ "type": "Feature", "properties": { "Shape_Leng": 960.55875674399999, "Shape_Area": 0.01981512105, "Region": "North Aegean", "Subregion": "Central Aegean Islands", "Methodolog": "Landsat-8/ Google Earth", "Year": 2015, "Pres_Pan": 1 }, "geometry": { "type": "MultiPolygon", "coordinates": [ [ [ [ 26.501970060845345, 37.561356768424787, 0.0 ], [ 26.501973660835592, 37.560815975068678, 0.0 ], [ 26.502313328465998, 37.560817407060938, 0.0 ], [ 26.502318724470584, 37.560006215723838, 0.0 ], [ 26.501979060528612, 37.560004783614424, 0.0 ], [ 26.501977260965539, 37.560275180768677, 0.0 ], [ 26.50095826629757, 37.560270877760473, 0.0 ], [ 26.500960069579151, 37.560000481389586, 0.0 ], [ 26.500620405437317, 37.559999044464661, 0.0 ], [ 26.500622209990752, 37.559728648043901, 0.0 ], [ 26.500282548197234, 37.559727210977705, 0.0 ], [ 26.500277129874686, 37.560538401248841, 0.0 ], [ 26.500956461957347, 37.560541275044976, 0.0 ], [ 26.500954658790715, 37.560811672294648, 0.0 ], [ 26.501294326548447, 37.560813107223275, 0.0 ], [ 26.501290721640146, 37.561353900735533, 0.0 ], [ 26.501630390713437, 37.561355335531793, 0.0 ], [ 26.501628590133119, 37.561625732670876, 0.0 ], [ 26.501626788433946, 37.561896128922612, 0.0 ], [ 26.50196646105509, 37.561897562638002, 0.0 ], [ 26.502306133603643, 37.56189899447407, 0.0 ], [ 26.502309730964935, 37.561358201239436, 0.0 ], [ 26.501970060845345, 37.561356768424787, 0.0 ] ] ] ] } },
{ "type": "Feature", "properties": { "Shape_Leng": 1622.61673997, "Shape_Area": 0.05106263366, "Region": "North Aegean", "Subregion": "Central Aegean Islands", "Methodolog": "Landsat-8/ Google Earth", "Year": 2015, "Pres_Pan": 1 }, "geometry": { "type": "MultiPolygon", "coordinates": [ [ [ [ 26.500239198841726, 37.566216734303069, 0.0 ], [ 26.500244617858129, 37.56540554374287, 0.0 ], [ 26.500584306664848, 37.565406981767111, 0.0 ], [ 26.500587916320548, 37.56486618749971, 0.0 ], [ 26.500927602625332, 37.564867624622956, 0.0 ], [ 26.500929406287014, 37.564597227512024, 0.0 ], [ 26.50160877624964, 37.56460009709879, 0.0 ], [ 26.501614180141029, 37.563788906835484, 0.0 ], [ 26.501953861369568, 37.56379034027762, 0.0 ], [ 26.502293541424407, 37.563791772764809, 0.0 ], [ 26.502297139322263, 37.563250979658036, 0.0 ], [ 26.500598747526599, 37.563243807114738, 0.0 ], [ 26.499059405676935, 37.563237284997314, 0.0 ], [ 26.498898544550691, 37.563507007474676, 0.0 ], [ 26.498896733311213, 37.563777403962433, 0.0 ], [ 26.498992604763913, 37.564121217582567, 0.0 ], [ 26.499234603810212, 37.564049242598131, 0.0 ], [ 26.499292416533486, 37.564235431585907, 0.0 ], [ 26.499572477869741, 37.564321079241687, 0.0 ], [ 26.499620782680982, 37.564525726362632, 0.0 ], [ 26.500250037286012, 37.564594353985562, 0.0 ], [ 26.500246425055924, 37.565135147452125, 0.0 ], [ 26.499982460228075, 37.565175318665311, 0.0 ], [ 26.499904930170427, 37.565404105616231, 0.0 ], [ 26.49963981767629, 37.565475130764028, 0.0 ], [ 26.499563432825358, 37.565673062868541, 0.0 ], [ 26.499223743793053, 37.565671621922483, 0.0 ], [ 26.499221934151954, 37.565942019184995, 0.0 ], [ 26.499561624383961, 37.565943459191573, 0.0 ], [ 26.499559814883757, 37.566213856428234, 0.0 ], [ 26.49955826349699, 37.566445787048274, 0.0 ], [ 26.499897699176344, 37.566485691679254, 0.0 ], [ 26.499895892121934, 37.566756088831262, 0.0 ], [ 26.500235585958752, 37.566757526762991, 0.0 ], [ 26.500233779045288, 37.567027923889128, 0.0 ], [ 26.500573475230983, 37.567029361679346, 0.0 ], [ 26.500577085539383, 37.566488568418627, 0.0 ], [ 26.500237392944676, 37.566487130526468, 0.0 ], [ 26.500239198841726, 37.566216734303069, 0.0 ] ] ] ] } },
{ "type": "Feature", "properties": { "Shape_Leng": 480.28546279800003, "Shape_Area": 0.00720553943, "Region": "North Aegean", "Subregion": "Central Aegean Islands", "Methodolog": "Landsat-8/ Google Earth", "Year": 2015, "Pres_Pan": 1 }, "geometry": { "type": "MultiPolygon", "coordinates": [ [ [ [ 26.522222047113566, 37.585909977608573, 0.0 ], [ 26.522227232103358, 37.585098787736278, 0.0 ], [ 26.521547673394604, 37.585096034882092, 0.0 ], [ 26.521545942559257, 37.585366431596142, 0.0 ], [ 26.52052660104356, 37.585362295074056, 0.0 ], [ 26.520524866558549, 37.585632691895988, 0.0 ], [ 26.521883994171155, 37.585638205125129, 0.0 ], [ 26.521882264653616, 37.58590860177793, 0.0 ], [ 26.522222047113566, 37.585909977608573, 0.0 ] ] ] ] } },
{ "type": "Feature", "properties": { "Shape_Leng": 1380.81536467, "Shape_Area": 0.03062346692, "Region": "North Aegean", "Subregion": "Central Aegean Islands", "Methodolog": "Landsat-8/ Google Earth", "Year": 2015, "Pres_Pan": 1 }, "geometry": { "type": "MultiPolygon", "coordinates": [ [ [ [ 26.516881287279165, 37.584416890924047, 0.0 ], [ 26.516891774379072, 37.582794511521186, 0.0 ], [ 26.51621223851366, 37.582791727977813, 0.0 ], [ 26.516210487900441, 37.583062124504835, 0.0 ], [ 26.51619298413992, 37.585766089179003, 0.0 ], [ 26.516532765649689, 37.585767481457033, 0.0 ], [ 26.518571454994017, 37.585775816328926, 0.0 ], [ 26.518574938136592, 37.585235023132718, 0.0 ], [ 26.518235159347928, 37.585233636653776, 0.0 ], [ 26.518236902199899, 37.584963239549701, 0.0 ], [ 26.517217569267618, 37.584959074116462, 0.0 ], [ 26.517221062547705, 37.584418281439923, 0.0 ], [ 26.516881287279165, 37.584416890924047, 0.0 ] ], [ [ 26.516881287279165, 37.584416890924047, 0.0 ], [ 26.516874294836263, 37.585498476415658, 0.0 ], [ 26.516534514600661, 37.58549708507784, 0.0 ], [ 26.516541511967478, 37.584415499428481, 0.0 ], [ 26.516881287279165, 37.584416890924047, 0.0 ] ] ] ] } },
{ "type": "Feature", "properties": { "Shape_Leng": 1358.2387133699999, "Shape_Area": 0.03794317824, "Region": "North Aegean", "Subregion": "Central Aegean Islands", "Methodolog": "Landsat-8/ Google Earth", "Year": 2015, "Pres_Pan": 1 }, "geometry": { "type": "MultiPolygon", "coordinates": [ [ [ [ 26.52385240988999, 37.592273109665271, 0.0 ], [ 26.52385585461775, 37.591732317278833, 0.0 ], [ 26.524195664463221, 37.59173368733601, 0.0 ], [ 26.524200828156509, 37.590922497893466, 0.0 ], [ 26.523861023136771, 37.590921127693157, 0.0 ], [ 26.523866190915612, 37.590109938034104, 0.0 ], [ 26.523526389546365, 37.590108566735069, 0.0 ], [ 26.523529837432548, 37.58956777409589, 0.0 ], [ 26.523190037350773, 37.589566401762013, 0.0 ], [ 26.523193487873368, 37.589025609000224, 0.0 ], [ 26.523198662821191, 37.588214418899945, 0.0 ], [ 26.52320211264681, 37.58767362605397, 0.0 ], [ 26.523203837059015, 37.587403229626801, 0.0 ], [ 26.52286404794539, 37.587401856872503, 0.0 ], [ 26.522860595570545, 37.587942649819396, 0.0 ], [ 26.522676867537712, 37.588163529765517, 0.0 ], [ 26.522517349287789, 37.588482069147318, 0.0 ], [ 26.522503530108057, 37.590645240692922, 0.0 ], [ 26.522843334070327, 37.590646614852233, 0.0 ], [ 26.5228381543082, 37.591457803926502, 0.0 ], [ 26.523517769490496, 37.591460549067968, 0.0 ], [ 26.523512598669821, 37.592271738683273, 0.0 ], [ 26.52385240988999, 37.592273109665271, 0.0 ] ] ] ] } },
{ "type": "Feature", "properties": { "Shape_Leng": 240.14276973400001, "Shape_Area": 0.00360276409, "Region": "North Aegean", "Subregion": "Central Aegean Islands", "Methodolog": "Landsat-8/ Google Earth", "Year": 2015, "Pres_Pan": 1 }, "geometry": { "type": "MultiPolygon", "coordinates": [ [ [ [ 26.524530312424911, 37.592546246588249, 0.0 ], [ 26.523850686490128, 37.592543506766937, 0.0 ], [ 26.523847240891662, 37.593084299112554, 0.0 ], [ 26.524526871752304, 37.593087038775316, 0.0 ], [ 26.524530312424911, 37.592546246588249, 0.0 ] ] ] ] } },
{ "type": "Feature", "properties": { "Shape_Leng": 2134.0300963700001, "Shape_Area": 0.06192017038, "Region": "North Aegean", "Subregion": "Central Aegean Islands", "Methodolog": "Landsat-8/ Google Earth", "Year": 2015, "Pres_Pan": 1 }, "geometry": { "type": "MultiPolygon", "coordinates": [ [ [ [ 26.534344452640259, 37.599075051954685, 0.0 ], [ 26.534351194016317, 37.597993466657009, 0.0 ], [ 26.534691031994285, 37.597994806295496, 0.0 ], [ 26.534692715077156, 37.597724409783119, 0.0 ], [ 26.534694399335727, 37.597454013235541, 0.0 ], [ 26.534354563821285, 37.597452673517203, 0.0 ], [ 26.534356249355618, 37.597182276918893, 0.0 ], [ 26.533676580627695, 37.597179593561613, 0.0 ], [ 26.533674892599329, 37.597449989339275, 0.0 ], [ 26.533335056952954, 37.597448646680675, 0.0 ], [ 26.533338434324325, 37.596907853258074, 0.0 ], [ 26.532998602229174, 37.596906509515271, 0.0 ], [ 26.532318935613148, 37.5969038182376, 0.0 ], [ 26.532322320550517, 37.596363024532415, 0.0 ], [ 26.531642659847968, 37.596360330051219, 0.0 ], [ 26.531644354279987, 37.596089933114776, 0.0 ], [ 26.531304525660413, 37.596088584352145, 0.0 ], [ 26.531311308814825, 37.595006998139617, 0.0 ], [ 26.531651133639528, 37.595008347037343, 0.0 ], [ 26.531654523016638, 37.594467553945741, 0.0 ], [ 26.5309748793814, 37.59446485498664, 0.0 ], [ 26.530979970048907, 37.593653665503403, 0.0 ], [ 26.530300334759257, 37.593650962361231, 0.0 ], [ 26.5302986350063, 37.593921359554507, 0.0 ], [ 26.529958816064248, 37.593920006553276, 0.0 ], [ 26.529957115093069, 37.594190402875057, 0.0 ], [ 26.530296935266666, 37.594191755836484, 0.0 ], [ 26.530295235570815, 37.594462152107639, 0.0 ], [ 26.530293535918766, 37.594732548367936, 0.0 ], [ 26.530633359643364, 37.594733900245473, 0.0 ], [ 26.530631660165554, 37.59500429737988, 0.0 ], [ 26.530971485077931, 37.595005648237596, 0.0 ], [ 26.530962998939412, 37.596357630749381, 0.0 ], [ 26.531302828834498, 37.596358980452216, 0.0 ], [ 26.531301133214626, 37.596629377417649, 0.0 ], [ 26.531431895047263, 37.596805414911373, 0.0 ], [ 26.531639269953249, 37.596901123015336, 0.0 ], [ 26.532010104762733, 37.597040981478862, 0.0 ], [ 26.53163342668751, 37.597833396471636, 0.0 ], [ 26.531853059627014, 37.598083184977156, 0.0 ], [ 26.531970633863029, 37.598254453162191, 0.0 ], [ 26.532310473410956, 37.598255800522104, 0.0 ], [ 26.532588053588622, 37.598527302288687, 0.0 ], [ 26.53332830157526, 37.598530232519593, 0.0 ], [ 26.5337946999223, 37.598411550488208, 0.0 ], [ 26.53388036062163, 37.598725639491434, 0.0 ], [ 26.534004609691017, 37.59907371149572, 0.0 ], [ 26.534344452640259, 37.599075051954685, 0.0 ] ] ] ] } },
{ "type": "Feature", "properties": { "Shape_Leng": 660.389786157, "Shape_Area": 0.01531173835, "Region": "North Aegean", "Subregion": "Central Aegean Islands", "Methodolog": "Landsat-8/ Google Earth", "Year": 2015, "Pres_Pan": 1 }, "geometry": { "type": "MultiPolygon", "coordinates": [ [ [ [ 26.518014054103332, 37.654441843964037, 0.0 ], [ 26.518017549027203, 37.653901057350332, 0.0 ], [ 26.518357641384473, 37.653902446667601, 0.0 ], [ 26.518361134010625, 37.653361660089296, 0.0 ], [ 26.5187012238544, 37.653363048503373, 0.0 ], [ 26.518706458830515, 37.652551868234674, 0.0 ], [ 26.518366373824676, 37.652550479678155, 0.0 ], [ 26.518368119780931, 37.652280086802513, 0.0 ], [ 26.517687951007808, 37.652277307589266, 0.0 ], [ 26.51767395926294, 37.654440454643989, 0.0 ], [ 26.518014054103332, 37.654441843964037, 0.0 ] ] ] ] } },
{ "type": "Feature", "properties": { "Shape_Leng": 2581.5316252399998, "Shape_Area": 0.09637396203, "Region": "North Aegean", "Subregion": "Central Aegean Islands", "Methodolog": "Landsat-8/ Google Earth", "Year": 2015, "Pres_Pan": 1 }, "geometry": { "type": "MultiPolygon", "coordinates": [ [ [ [ 26.523793933281588, 37.654735718734031, 0.0 ], [ 26.523795660231059, 37.654465325652438, 0.0 ], [ 26.524135754322664, 37.654466698195357, 0.0 ], [ 26.524139205851029, 37.65392591117832, 0.0 ], [ 26.524479298561381, 37.653927282794079, 0.0 ], [ 26.524481022007727, 37.653656888882871, 0.0 ], [ 26.524140931665126, 37.653655517203305, 0.0 ], [ 26.524146108266024, 37.652844336137832, 0.0 ], [ 26.524486194903197, 37.652845707936187, 0.0 ], [ 26.524498264616152, 37.650952951754434, 0.0 ], [ 26.523818107517673, 37.650950208446694, 0.0 ], [ 26.523821560380551, 37.650409421116912, 0.0 ], [ 26.524161635915299, 37.650410793353039, 0.0 ], [ 26.52416336116168, 37.650140399261218, 0.0 ], [ 26.524503436550511, 37.650141770530759, 0.0 ], [ 26.524506884734269, 37.649600983294263, 0.0 ], [ 26.524846956477241, 37.649602353685282, 0.0 ], [ 26.524848679384149, 37.649331959640122, 0.0 ], [ 26.525188750981247, 37.649333329064589, 0.0 ], [ 26.52519219332325, 37.648792541045175, 0.0 ], [ 26.525532262407037, 37.648793909566976, 0.0 ], [ 26.52553742310802, 37.647982727563239, 0.0 ], [ 26.52485729233652, 37.647979990200518, 0.0 ], [ 26.524855570344666, 37.648250384275691, 0.0 ], [ 26.524515503643595, 37.648249013710895, 0.0 ], [ 26.524513780460378, 37.648519407814824, 0.0 ], [ 26.524173712511494, 37.64851803720822, 0.0 ], [ 26.524171986973897, 37.648788430464641, 0.0 ], [ 26.523491849578033, 37.648785685460233, 0.0 ], [ 26.523490121614142, 37.649056078784987, 0.0 ], [ 26.523150052197675, 37.649054705287611, 0.0 ], [ 26.523144866024754, 37.649865886191648, 0.0 ], [ 26.523484939176424, 37.649867260470792, 0.0 ], [ 26.523483211386196, 37.650137653752139, 0.0 ], [ 26.523143137030072, 37.650136280413022, 0.0 ], [ 26.523136220261371, 37.651217854512844, 0.0 ], [ 26.523476300720475, 37.651219228569964, 0.0 ], [ 26.523471117059767, 37.652030410043913, 0.0 ], [ 26.523131034028065, 37.652029036081231, 0.0 ], [ 26.523124117342039, 37.653110609901553, 0.0 ], [ 26.522784028193978, 37.653109235139297, 0.0 ], [ 26.52278229845448, 37.653379628369585, 0.0 ], [ 26.52108185032689, 37.65337273722708, 0.0 ], [ 26.52107837636126, 37.653913524098719, 0.0 ], [ 26.52141846832944, 37.653914904577341, 0.0 ], [ 26.521416733779347, 37.654185297933175, 0.0 ], [ 26.521756826939413, 37.654186677390264, 0.0 ], [ 26.521755092535244, 37.654457070719928, 0.0 ], [ 26.523115470784976, 37.65446257764458, 0.0 ], [ 26.52311374139553, 37.654732971705741, 0.0 ], [ 26.523453837941798, 37.654734346149041, 0.0 ], [ 26.523793933281588, 37.654735718734031, 0.0 ] ] ] ] } },
{ "type": "Feature", "properties": { "Shape_Leng": 827.85405837799999, "Shape_Area": 0.02650955702, "Region": "North Aegean", "Subregion": "Central Aegean Islands", "Methodolog": "Landsat-8/ Google Earth", "Year": 2015, "Pres_Pan": 1 }, "geometry": { "type": "MultiPolygon", "coordinates": [ [ [ [ 26.527014263177502, 37.629601372165133, 0.0 ], [ 26.527015977371562, 37.629330977652202, 0.0 ], [ 26.526242996518675, 37.629327875449611, 0.0 ], [ 26.5259943185164, 37.629597279620242, 0.0 ], [ 26.526123812733545, 37.629868200336297, 0.0 ], [ 26.526332584240446, 37.629869039048209, 0.0 ], [ 26.526451088438534, 37.630051441948801, 0.0 ], [ 26.526670852462424, 37.630140798305206, 0.0 ], [ 26.526665494086036, 37.630985607979056, 0.0 ], [ 26.527003981254293, 37.631223740767332, 0.0 ], [ 26.527153029418972, 37.631395837353487, 0.0 ], [ 26.527890662931433, 37.63156834859911, 0.0 ], [ 26.528362228351199, 37.631499579467231, 0.0 ], [ 26.528365646271492, 37.630958789999504, 0.0 ], [ 26.528025657992021, 37.630957430338405, 0.0 ], [ 26.528029078554553, 37.630416640747875, 0.0 ], [ 26.52768909272951, 37.630415280926599, 0.0 ], [ 26.527692515934127, 37.629874491213286, 0.0 ], [ 26.527352532502402, 37.629873129430869, 0.0 ], [ 26.527354245419147, 37.629602734968458, 0.0 ], [ 26.527014263177502, 37.629601372165133, 0.0 ] ] ] ] } },
{ "type": "Feature", "properties": { "Shape_Leng": 600.36269261999996, "Shape_Area": 0.01351040279, "Region": "North Aegean", "Subregion": "Central Aegean Islands", "Methodolog": "Landsat-8/ Google Earth", "Year": 2015, "Pres_Pan": 1 }, "geometry": { "type": "MultiPolygon", "coordinates": [ [ [ [ 26.540851318096923, 37.590988443396419, 0.0 ], [ 26.540852978997577, 37.590718046446398, 0.0 ], [ 26.541192783985213, 37.590719367620821, 0.0 ], [ 26.541199423075099, 37.589637778972353, 0.0 ], [ 26.541201082966055, 37.589367382008277, 0.0 ], [ 26.540521485259514, 37.589364738278526, 0.0 ], [ 26.540514836141917, 37.590446327291168, 0.0 ], [ 26.539835228407789, 37.59044367996281, 0.0 ], [ 26.539831898042475, 37.590984474138615, 0.0 ], [ 26.540851318096923, 37.590988443396419, 0.0 ] ] ] ] } },
{ "type": "Feature", "properties": { "Shape_Leng": 660.379452539, "Shape_Area": 0.01260958706, "Region": "North Aegean", "Subregion": "Central Aegean Islands", "Methodolog": "Landsat-8/ Google Earth", "Year": 2015, "Pres_Pan": 1 }, "geometry": { "type": "MultiPolygon", "coordinates": [ [ [ [ 26.488534821062167, 37.539126128368302, 0.0 ], [ 26.48819525352404, 37.539124656682219, 0.0 ], [ 26.488178617540925, 37.541558232742176, 0.0 ], [ 26.488857776945625, 37.541561174392157, 0.0 ], [ 26.48886700596486, 37.540209188498338, 0.0 ], [ 26.488527433555721, 37.540207717945087, 0.0 ], [ 26.488534821062167, 37.539126128368302, 0.0 ] ] ] ] } },
{ "type": "Feature", "properties": { "Shape_Leng": 360.207051831, "Shape_Area": 0.00720548701, "Region": "North Aegean", "Subregion": "Central Aegean Islands", "Methodolog": "Landsat-8/ Google Earth", "Year": 2015, "Pres_Pan": 1 }, "geometry": { "type": "MultiPolygon", "coordinates": [ [ [ [ 26.490201967394803, 37.593484577733918, 0.0 ], [ 26.489182521672866, 37.593480170090459, 0.0 ], [ 26.489178824861494, 37.594020960429035, 0.0 ], [ 26.489518642219736, 37.594022430253929, 0.0 ], [ 26.489516795659114, 37.594292824906091, 0.0 ], [ 26.48985661423707, 37.594294294612865, 0.0 ], [ 26.490196433874843, 37.5942957624153, 0.0 ], [ 26.490201967394803, 37.593484577733918, 0.0 ] ] ] ] } },
{ "type": "Feature", "properties": { "Shape_Leng": 360.20697424999997, "Shape_Area": 0.00630480318, "Region": "North Aegean", "Subregion": "Central Aegean Islands", "Methodolog": "Landsat-8/ Google Earth", "Year": 2015, "Pres_Pan": 1 }, "geometry": { "type": "MultiPolygon", "coordinates": [ [ [ [ 26.488827909419673, 37.595641857933856, 0.0 ], [ 26.488488084558476, 37.595640385480408, 0.0 ], [ 26.488486233422279, 37.595910780207298, 0.0 ], [ 26.488484382327819, 37.596181174923345, 0.0 ], [ 26.488482531305166, 37.596451570529013, 0.0 ], [ 26.488822359861267, 37.596453042866514, 0.0 ], [ 26.488820510082029, 37.596723437522201, 0.0 ], [ 26.489160340959735, 37.596724908817137, 0.0 ], [ 26.489167734239082, 37.595643329407274, 0.0 ], [ 26.488827909419673, 37.595641857933856, 0.0 ] ] ] ] } },
{ "type": "Feature", "properties": { "Shape_Leng": 780.41960946300003, "Shape_Area": 0.01260942087, "Region": "North Aegean", "Subregion": "Central Aegean Islands", "Methodolog": "Landsat-8/ Google Earth", "Year": 2015, "Pres_Pan": 1 }, "geometry": { "type": "MultiPolygon", "coordinates": [ [ [ [ 26.425589727321164, 37.599407060585847, 0.0 ], [ 26.425595963725051, 37.598595885591706, 0.0 ], [ 26.425935798364762, 37.598597539158916, 0.0 ], [ 26.425939953668284, 37.598056754948331, 0.0 ], [ 26.426279785805825, 37.598058407609244, 0.0 ], [ 26.426283938800953, 37.597517623428949, 0.0 ], [ 26.425944108024257, 37.597515971618073, 0.0 ], [ 26.425946185826266, 37.597245579924994, 0.0 ], [ 26.425606357345004, 37.597243926173356, 0.0 ], [ 26.425604278311354, 37.59751431790334, 0.0 ], [ 26.425264448559723, 37.597512663208562, 0.0 ], [ 26.425262368362361, 37.597783055865051, 0.0 ], [ 26.424922537340333, 37.597781400227092, 0.0 ], [ 26.424920457052554, 37.598051791985789, 0.0 ], [ 26.425600121521274, 37.598055102207887, 0.0 ], [ 26.425598042603795, 37.598325493905236, 0.0 ], [ 26.425258209157082, 37.598323839321075, 0.0 ], [ 26.42524988894743, 37.599405406149174, 0.0 ], [ 26.425589727321164, 37.599407060585847, 0.0 ] ] ] ] } },
{ "type": "Feature", "properties": { "Shape_Leng": 1020.53579104, "Shape_Area": 0.02972205815, "Region": "North Aegean", "Subregion": "Central Aegean Islands", "Methodolog": "Landsat-8/ Google Earth", "Year": 2015, "Pres_Pan": 1 }, "geometry": { "type": "MultiPolygon", "coordinates": [ [ [ [ 26.40332236127697, 37.579016425656249, 0.0 ], [ 26.403330991941523, 37.577934859104715, 0.0 ], [ 26.402991251846377, 37.577933141550766, 0.0 ], [ 26.403004205790143, 37.576310791190991, 0.0 ], [ 26.402664473039817, 37.576309072440132, 0.0 ], [ 26.402662312898791, 37.576579463776099, 0.0 ], [ 26.401643113022875, 37.576574302611007, 0.0 ], [ 26.40163445809922, 37.57765586918152, 0.0 ], [ 26.401630130848467, 37.57819665195121, 0.0 ], [ 26.401969871222029, 37.578198374309906, 0.0 ], [ 26.401972033569191, 37.577927982066164, 0.0 ], [ 26.402311773777253, 37.577929702558151, 0.0 ], [ 26.402309611529024, 37.578200094788698, 0.0 ], [ 26.402649352929931, 37.578201814265086, 0.0 ], [ 26.402647191949818, 37.578472206448517, 0.0 ], [ 26.402307450421009, 37.57847048608474, 0.0 ], [ 26.402303127215237, 37.579011269567815, 0.0 ], [ 26.40264287230767, 37.57901298893546, 0.0 ], [ 26.40332236127697, 37.579016425656249, 0.0 ] ] ] ] } },
{ "type": "Feature", "properties": { "Shape_Leng": 1620.8487641, "Shape_Area": 0.04503338106, "Region": "North Aegean", "Subregion": "Central Aegean Islands", "Methodolog": "Landsat-8/ Google Earth", "Year": 2015, "Pres_Pan": 1 }, "geometry": { "type": "MultiPolygon", "coordinates": [ [ [ [ 26.400001532194512, 37.527082080206085, 0.0 ], [ 26.400003697806117, 37.526811685905813, 0.0 ], [ 26.40034320456498, 37.526813410212306, 0.0 ], [ 26.400345368986812, 37.526543015937392, 0.0 ], [ 26.400684875611468, 37.526544739279572, 0.0 ], [ 26.400691365449447, 37.525733557398873, 0.0 ], [ 26.400351862535601, 37.525731834848514, 0.0 ], [ 26.400358355263073, 37.524920652784154, 0.0 ], [ 26.400018857095304, 37.524918928224004, 0.0 ], [ 26.400023187855403, 37.524378140362096, 0.0 ], [ 26.399344195214159, 37.524374689088098, 0.0 ], [ 26.399346362525201, 37.524104294629609, 0.0 ], [ 26.399006867955237, 37.524102567929006, 0.0 ], [ 26.399011206303836, 37.523561779784551, 0.0 ], [ 26.399350698419447, 37.523563506557572, 0.0 ], [ 26.399352867002676, 37.523293112944025, 0.0 ], [ 26.399013374983504, 37.523291386157773, 0.0 ], [ 26.399015543671851, 37.523020991619561, 0.0 ], [ 26.398676053972981, 37.523019263796719, 0.0 ], [ 26.39868256400219, 37.522208081809367, 0.0 ], [ 26.3983430779471, 37.522206352900525, 0.0 ], [ 26.398334391934444, 37.523287928729438, 0.0 ], [ 26.398673884028653, 37.523289657470521, 0.0 ], [ 26.398663032666001, 37.524641627523721, 0.0 ], [ 26.399002529756736, 37.524643356029934, 0.0 ], [ 26.399000360133993, 37.524913749625313, 0.0 ], [ 26.399339859545169, 37.524915477094879, 0.0 ], [ 26.399335522895605, 37.525456265081147, 0.0 ], [ 26.398996022160656, 37.525454537660998, 0.0 ], [ 26.39898300572014, 37.527076900675397, 0.0 ], [ 26.400001532194512, 37.527082080206085, 0.0 ] ] ] ] } }
]
}
